<?xml version="1.0"?>
<bhangDamia>
  <hamalTekedyeNovial bromiosRclameMotific="oblatedFaunule" gremioHeliaeaUpdry="huskersFordyNiduses9" squattyEasted="7460" subfile="tattles353" />
  <rennins spilly="bardessOrchisDrang6">
    <falernTorta>
      <aedesThunnus>toolmen</aedesThunnus>
      <barsacInhold abutaHostel="spirlie">
        <twasomeCallasGradus>curitisTrigone</twasomeCallasGradus>
      </barsacInhold>
      <wedgedResolve mantasHyssops="46" depraveGeist="9737404">
        <palacedLindseyPricky>taffetaRenail</palacedLindseyPricky>
      </wedgedResolve>
      <sighterTourersTaxiway metherBungyPatches="spinedVaranusThereto" wimplesCurterMirled="swisserFaqirs">
        <ostitis>karanda</ostitis>
      </sighterTourersTaxiway>
      <nickleAirbusAnadems fletaExuvia="fugateSeniorStable" horny="dash">
        <wakikisBoldos>16665630</wakikisBoldos>
      </nickleAirbusAnadems>
      <vibistSicularTuques airampo="meritsUsagesChookie7" stagierScaff="yoginiEphebea" bibbedWheaten="37580860" crux="undikedTranse">
        <sicily>ormoluTegmenPortail</sicily>
      </vibistSicularTuques>
      <drearly nayarCredaJunks="spheryKatikMoments">
        <feistyQuanta>stowpsSchwarzMilky</feistyQuanta>
      </drearly>
      <reenactWagandaBirsy dialsKeepersMishits="trainyViewingNibbled328" steelerZincidDayment="bemeSchnook" cuspuleAnaManter="torts">
        <sleevedForbids>diallyl</sleevedForbids>
      </reenactWagandaBirsy>
      <pommeeDishome rosarioPodialAllness="wry" hedericBumpkinFoiler="incisalGuaraKapur" solyma="salung" tirederOleins="soever">
        <howks>cackles</howks>
      </pommeeDishome>
      <strungEntice>
        <banjoesPph>sanzen</banjoesPph>
      </strungEntice>
      <yakimaStreak mergers="spondylDiquat" tiderip="97634538">
        <unlaced>aloedMagneto</unlaced>
      </yakimaStreak>
      <caduacSelly cattilyTakhaarDigress="pedant" chadri="oleousZincedImmures5626">
        <cremeBarmierJnanas>bloHambone65</cremeBarmierJnanas>
      </caduacSelly>
      <athymy gurkhaCaelianSobbers="74" shay="24" lysol="856816827" modifBravi="tuskarBavoso">
        <ileusMewedAscebc>soffitsLinosTrush6148</ileusMewedAscebc>
      </athymy>
      <heald>
        <cloggy>helved</cloggy>
      </heald>
      <orthronEgoizeHalper jobberMalady="tubfishInanersInvitee">
        <hervati>kantenPrepsUpscrew</hervati>
      </orthronEgoizeHalper>
      <capmanDorps markerWavered="enlimn" heaveUrceusRedream="epylliaOftenerEnvault">
        <kail>berriesAbsorbs587</kail>
      </capmanDorps>
      <secancyManbotSennett>
        <celloid>piratyStragLentigo2848</celloid>
      </secancyManbotSennett>
      <cerates knetchHyppishMisima="warblerIsanderGuslee" gridderMandan="94">
        <redbone>potpies3182</redbone>
      </cerates>
    </falernTorta>
    <tiremenGoitralWauk>
      <decay>saintsXxx</decay>
      <walkoutCoverupSpicers gozzard="laridae1" marorAnuralPusgut="810824" pewyCuntsTarten="mantzuAdossedBharal981">
        <gaiting>proteic</gaiting>
      </walkoutCoverupSpicers>
    </tiremenGoitralWauk>
    <yieldsSok jecoralInurnsGriths="heptal" dwarfy="baddies" wefts="hazeSherdJerkers" tent="11359">
      <serific>hareFiances</serific>
      <uraeusLurry>
        <tsubaNektonFling>smirkleGaurLarunda</tsubaNektonFling>
      </uraeusLurry>
      <drubsAmbari caecity="foeship">
        <ephahs>bim</ephahs>
      </drubsAmbari>
      <gamilyCreedDogs nailery="52146546" depsidInhaledEssang="burlierShaheeDuali">
        <gasserLinerBlains>moustocAppeal</gasserLinerBlains>
      </gamilyCreedDogs>
      <oddnessOtaria muzhikSchloop="206928">
        <abeliteRelaced>5531437</abeliteRelaced>
      </oddnessOtaria>
      <fiz jaloppyAdenomaOdored="outvieGuillemWigless" navally="40916240" sepiost="cerotin" hunky="skullSunbeamSerose">
        <framUll>recrownOinked</framUll>
      </fiz>
      <narrowSoboles>
        <kilah>aspy1052</kilah>
      </narrowSoboles>
      <fenksBimebyCallets amositeTearingSconcer="harksYetaBarken" teresaPunletFeet="chromicCocotte">
        <engram>angledTheroidTongmen</engram>
      </fenksBimebyCallets>
      <sasse>
        <gelatedErodium>dong</gelatedErodium>
      </sasse>
      <cienagaRaper wankyDilleskRestung="sellingDiktatEaseful601" advise="15124246" vampedGrecqueGazi="replans">
        <ficche>unsteep</ficche>
      </cienagaRaper>
      <saddik withesNoddiSecours="pick" gurlyTritorBracts="9">
        <unnailSlur>ungatedMarried</unnailSlur>
      </saddik>
      <kiotomyCooja rod="outpace">
        <purgaKegsHicket>rekingMusculiFavel</purgaKegsHicket>
      </kiotomyCooja>
      <chadorsAtamansAmins>
        <inamour>90994699</inamour>
      </chadorsAtamansAmins>
    </yieldsSok>
    <retch dineDenudesDepass="bench" quadPetaryDowsed="arikaraJanapum" saber="4815">
      <gentler>7</gentler>
      <vervetsTrocheAsked karat="russel">
        <pyesRamnes>turningBoggin</pyesRamnes>
      </vervetsTrocheAsked>
      <sulkyVillotePourers>
        <musaeus>anchory</musaeus>
      </sulkyVillotePourers>
      <duendes>
        <caudadGloated>traitsHirundoStows79</caudadGloated>
      </duendes>
      <amastiaSavoredTartana trizoicSexiped="ebbet" mesityl="virosisGwagArry" nance="pyurias7952" malatiAgas="moonetEthnish3">
        <reminds>socmenDelimerEqual</reminds>
      </amastiaSavoredTartana>
      <avowersCheekyCsw>
        <innestWairedKimnel>chewing</innestWairedKimnel>
      </avowersCheekyCsw>
      <fatalsDipppy>
        <equalBucksaw>dissUpbye875</equalBucksaw>
      </fatalsDipppy>
      <clementTertii fiberedSpokesLyken="escharPty51" atheist="ateesPanmug" barit="redeyes9">
        <orlopRootage>nonegosOminaRosated</orlopRootage>
      </clementTertii>
      <bielbyGrocers>
        <dayside>thairm</dayside>
      </bielbyGrocers>
      <yuckyWell keekersCingula="leysBrumal" crayerParsec="toponymEthnicsTighter" neafCroup="megaton" lidarAwayJowler="8234">
        <hoggySteelerVicki>9</hoggySteelerVicki>
      </yuckyWell>
      <leewardPeeped dennisBoylike="wuzzy" nucleic="teagle" percy="beefer14">
        <baburdFixupAutere>524655</baburdFixupAutere>
      </leewardPeeped>
      <bankyMajagua>
        <ciliaryRaffeeDaikers>mermnadHestherBanba42</ciliaryRaffeeDaikers>
      </bankyMajagua>
      <weekwamFramesMeiji rarestHovels="vei" ghastlyBahooUnhands="widgetsWeeders774" beauti="pinguidMenskDavis" shohjiAsp="gaddis">
        <gurgeTate>daultMondays56</gurgeTate>
      </weekwamFramesMeiji>
      <skegsOxgoadMonest bourrGermen="128">
        <lawlessPoteyeAurochs>caribesZirkiteBusway</lawlessPoteyeAurochs>
      </skegsOxgoadMonest>
      <racistHemTis>
        <typonymRantockMediae>yaweyVisneAbush</typonymRantockMediae>
      </racistHemTis>
      <exhedra techedMongoyoFrasier="availedProtistArtiad">
        <noncomWaddly>96257</noncomWaddly>
      </exhedra>
    </retch>
    <coagent>
      <earnDeflesh>budgetsReflTug</earnDeflesh>
    </coagent>
    <midgutMetria>
      <bigae>miskalNantsPalster</bigae>
      <spinierAlanPrickly apologsPronota="sandixMolarsLegatos" lofting="milreis" agade="blawing">
        <sifakaTrollop>oriasKichelBaft</sifakaTrollop>
      </spinierAlanPrickly>
      <binocleGnosesCurnie>
        <bluer>grozartNappedUnscent</bluer>
      </binocleGnosesCurnie>
    </midgutMetria>
    <antiars>
      <nach>slew</nach>
    </antiars>
    <pistick durangoDomnBusking="3576562" apama="cheepedJeannie871">
      <fopsRetree>rameshOrgeat</fopsRetree>
    </pistick>
    <comicSoliped>
      <balkierInscapeAmplify>bewetUnvexed</balkierInscapeAmplify>
      <mahFestinRhonchi nentaMouzah="3984372">
        <veinedAmmeter>padFluxile</veinedAmmeter>
      </mahFestinRhonchi>
      <rolloAnimes mixtEndarch="16634">
        <snortle>spare</snortle>
      </rolloAnimes>
      <rotguts venieKissersWint="ciudad" prudelyPraters="cerevis" unmewsJunkers="garveys">
        <tenners>linon</tenners>
      </rotguts>
      <conesUrologyVanload>
        <crosetScrollsWinoes>coggly</crosetScrollsWinoes>
      </conesUrologyVanload>
      <prudySpasmsHijinks grotto="7" suffer="rashfulOrate" rebootFlem="77713904" cimlineMazedlySauteur="bonitaOswegan">
        <cullets>katrine</cullets>
      </prudySpasmsHijinks>
      <kathyContext>
        <laylandFictileProwar>pulseKalangFlavius</laylandFictileProwar>
      </kathyContext>
      <dowdiesCanzoni>
        <scutaBoist>435871142</scutaBoist>
      </dowdiesCanzoni>
      <cupsAnalyse citrineTinfuls="willersBipolar">
        <accuse>mynheer</accuse>
      </cupsAnalyse>
    </comicSoliped>
    <arilledRustled>
      <brigousTickie>puddled2</brigousTickie>
      <impawnAlbinalBlist>
        <prises>crayAubain1</prises>
      </impawnAlbinalBlist>
      <heister decoderTatesDiuron="phenolContendRecycle5">
        <clake>papionPremakeSudoral54</clake>
      </heister>
      <aporiaModern upgushPlainsPayment="gilpy" shiksasHanuman="westlinHinau" asmearJaggier="3" nutty="88131179">
        <cocoyam>5</cocoyam>
      </aporiaModern>
      <suneSejunct bycoket="1" knurry="swagersStoviesMiriest" vatsDecener="almanac" deleingImpeyan="equably5318">
        <dronersTipplesGloss>zygomasKendosInone305</dronersTipplesGloss>
      </suneSejunct>
      <seredAlbugo aeaean="skiingGroutsJiggly" stokersClad="zeke">
        <palmfulQuotidDaws>lackwit</palmfulQuotidDaws>
      </seredAlbugo>
      <noxaSpoleHasp plungyAbidal="stotterTiles500" pimperyLantakaBulbose="unseelTietick">
        <lapcock>bighornFetterTiptail</lapcock>
      </noxaSpoleHasp>
      <wriveSparidsSkelps malmingBiomesHerodii="273695127" encyst="ejam" mograbiTephras="umiaqKabayasScoup" cautivoFissateCaplan="40">
        <parolsSlushyFugatos>leadoutCutinCecil</parolsSlushyFugatos>
      </wriveSparidsSkelps>
      <gledyGurgoyl rammageCoil="snappe" govePedroArara="rapicScamCoggle">
        <clinicsAstralsNeuk>achageNymss</clinicsAstralsNeuk>
      </gledyGurgoyl>
      <tupikEjidos teeteeMensalKaruna="eucrasy" rabbetsBeswarmWaesome="pandiesSinism3" isthm="andasteTorpidsTalcing" boundlyTrommelRhizine="baraitaWadlike">
        <darking>selahs</darking>
      </tupikEjidos>
      <mahoes wormerUncial="trixyDolor" oximateWeevers="popifyRosetumAdmiral" argenolShawingSpicae="50">
        <seamusAmhranThymate>outlierOneidas87</seamusAmhranThymate>
      </mahoes>
    </arilledRustled>
    <depulseHubshiAbjurer>
      <lesseesOuttalkWrabill>6</lesseesOuttalkWrabill>
    </depulseHubshiAbjurer>
    <vulva>
      <timorMirex>codlinsCharqueKerflop103</timorMirex>
    </vulva>
    <haeminLoathed>
      <azidoFilicic>coverNeap</azidoFilicic>
      <rammiEyecupRepaid mangerNebula="2605116" chukka="483329485">
        <lambertPat>wrongsWuzzer</lambertPat>
      </rammiEyecupRepaid>
      <donnerdWoompSorbent acrita="wayment" backletPajamaNetlike="humhumBoniestRenegue" thornedSidearmSeamew="intombsMonacid" comdgChoise="yetis">
        <resents>eyeingLectionTremors</resents>
      </donnerdWoompSorbent>
      <propmen toccataEmbayedPepsins="bushwahPewterLeafage" event="kharif92" unracedAnda="scopusEmagram" blond="6384">
        <hova>fleshes</hova>
      </propmen>
      <tymbal>
        <tpkReboltGodwin>frisks</tpkReboltGodwin>
      </tymbal>
      <kaithi natronsStriverCustos="199731347" allis="53730674">
        <titmice>zoarcesLeery</titmice>
      </kaithi>
    </haeminLoathed>
    <nosilyFoodful danuriDaekonCobbs="wosTiturelSeck" sizal="abohmBisaltValerie" puffily="sealineShanker" citrine="prizerWollyLapsing" lanzonBagindaIsis="poeButanol">
      <plumpedVadyUnhairs>lavatic</plumpedVadyUnhairs>
      <rechase>
        <fairm>tammies</fairm>
      </rechase>
      <guaka myrciaBighorn="kyathoiCyaneanConred" asbolinPyreticThruv="9">
        <jowel>upprick84</jowel>
      </guaka>
      <fragile>
        <daypeep>sudoral7</daypeep>
      </fragile>
      <bucksMegara tulipsRazourBodice="ramraceSmyrna" sposh="picricSplashAwhirl" canvasGlaceedRecited="suberinMildewsAlecost">
        <ainalehRicker>obeyersCorbleu</ainalehRicker>
      </bucksMegara>
      <boronAugShouldn lucernsHiliImplete="warblySnuffed3">
        <winesopBullyPrater>moellonUnawarePoopsie</winesopBullyPrater>
      </boronAugShouldn>
      <lincolnCulotteDefrays>
        <nurture>459791361</nurture>
      </lincolnCulotteDefrays>
      <slurEstateTitres kenyansBoggardAsop="2" thokishBumpers="acutish" oaklingFlirter="picacho">
        <codwormPuelche>glazerSpaniel</codwormPuelche>
      </slurEstateTitres>
      <torso whirley="besonio" shareefCantala="oxygens">
        <izzardRannAurir>quirted</izzardRannAurir>
      </torso>
      <brines>
        <dietalCarnacCalumba>732028</dietalCarnacCalumba>
      </brines>
    </nosilyFoodful>
    <pignutsOutly>
      <familiaFogie>spetPredictFurors8</familiaFogie>
      <strikedDeaconsAndrea zoogeog="decarchVairsCored1502" repinerManis="cessingSherifiPredial">
        <piaster>sooth</piaster>
      </strikedDeaconsAndrea>
      <squatsRelaxerCurrach erectlyPipiest="416253">
        <amazesUnken>haitsaiBoke</amazesUnken>
      </squatsRelaxerCurrach>
      <tuneupArawakSurcoat kosseanKinooSkeen="drattedCheslep" lahore="morphon" unriperPanders="slurpedCharras8">
        <gusRewoundHistie>unsense</gusRewoundHistie>
      </tuneupArawakSurcoat>
      <malheurSpoofed>
        <bonallyGirningPugaree>almeryZogan</bonallyGirningPugaree>
      </malheurSpoofed>
      <lurefulPiasJebels>
        <mortify>bromiusInosine</mortify>
      </lurefulPiasJebels>
      <smocks>
        <nitricChangeAgada>eveseAndingDesirer</nitricChangeAgada>
      </smocks>
      <fusulasGammaAtalan>
        <blickieClipDulness>shittleSenateBottega</blickieClipDulness>
      </fusulasGammaAtalan>
      <ileum samiels="dallackDekares" magnify="vivat">
        <walersCuish>prepack3810</walersCuish>
      </ileum>
      <drusedOuphesScarer pyre="sheeredBoatmenCrosser" tegumenAsideThetch="challaRiddingBenign">
        <furlaneBalsa>aggieJoskinTall</furlaneBalsa>
      </drusedOuphesScarer>
      <spicalTelleeJock litotesLocos="daintDanes">
        <tubifexAlveolaTyphon>dataria</tubifexAlveolaTyphon>
      </spicalTelleeJock>
      <tataryOutcook gygis="80067">
        <shieldKiloCumol>philtraStodgerPoleax</shieldKiloCumol>
      </tataryOutcook>
      <skewersTwitchyFwd domineeDrudgerSiculi="dilos" cajonAvicideGhat="burrhelCarshopPnyx" antaBoseyIta="vuggyDandify237" sycheeHotpotEctal="urazine">
        <chorioMesteso>losingsFlecken</chorioMesteso>
      </skewersTwitchyFwd>
      <pimSignaAha kintraLaccaicBusy="yowlMogador" kiotome="4" aspUmbrielNight="exsertEclegmCaprate">
        <pitayaIridinAcorea>fasc</pitayaIridinAcorea>
      </pimSignaAha>
      <intakerTheeked opaledThyminDeers="gulsachAspout">
        <famed>spoolerSymbolJeany78</famed>
      </intakerTheeked>
      <oarsman plumperZonersMinding="pontPrisonWarlord" makeupsZealot="epigne" okieBells="gitksanCrateHepper299">
        <asaphia>serrulaCom</asaphia>
      </oarsman>
      <dehorsTampoonThapes calkageBoppedSalsa="84672268" swordsBourd="limbousDrawee">
        <shirtyChewed>handsetByss</shirtyChewed>
      </dehorsTampoonThapes>
      <starfulKoonti danaan="culpate" useablePeroba="scrikeRanineSilicic" sassyAbatic="815" modus="tubuliOsmin9">
        <nippingGlowUrazin>hawkedOcasMopani</nippingGlowUrazin>
      </starfulKoonti>
      <puttersFuses>
        <anlauteGuanos>hurliesLeaguer</anlauteGuanos>
      </puttersFuses>
    </pignutsOutly>
  </rennins>
  <lipopodSailage unnoisyAnam="proasCivilly" ingreve="6">
    <heirSfumato>
      <sabelliUnhasty>dogmanSalic</sabelliUnhasty>
    </heirSfumato>
    <harpinMerosArcheus>
      <dart>1001</dart>
      <sagital dawHasidimLatrant="6247" acuate="pasulUnderKnapped" bellaHinner="couthy">
        <eros>9398674</eros>
      </sagital>
      <besewRestage unpaleDatasetQuokka="odinicCrime">
        <brahmsFidoFotive>dallan</brahmsFidoFotive>
      </besewRestage>
      <tibChoil oxozonePavenStyrene="6" mottledCognise="acquentWestern">
        <strikenGarlion>30431715</strikenGarlion>
      </tibChoil>
    </harpinMerosArcheus>
  </lipopodSailage>
  <adnateSpydom shielsShipwayVisayan="stoterCornet" meum="minutesGrippy60" mushyButanalLocklet="turquetVicary2" gardantTenpins="briefly">
    <ambriesLain>
      <filterCluckyKidskin>gawmKitish</filterCluckyKidskin>
      <miswayGardnap baalim="carveNunnedCheders" hanBoostBeaufet="shahin691">
        <fogrum>keg</fogrum>
      </miswayGardnap>
      <thereasPerean plaintTernery="falcateCoshedDykes" jawansVenieHastive="2917">
        <aflowAleftAny>fadaiseRufter</aflowAleftAny>
      </thereasPerean>
      <punksAlick tamarinPaulCantara="gesanExplant" exesionReefOutwar="crinklyMochyCasalty" scraichUndullTapuyo="uncrossCoteful">
        <linedSpondil>293843025</linedSpondil>
      </punksAlick>
      <piplessAllodia hodaddy="justoBurnupOtidia" beatifyAeons="spunChucksTrivium" pollenOchringChildre="aldusTropeicSlidden6">
        <bletiaSithe>candEsprise</bletiaSithe>
      </piplessAllodia>
    </ambriesLain>
    <parlish>
      <caudadMobilTitled>empexaLumping</caudadMobilTitled>
    </parlish>
    <danke>
      <fecundEdgiest>snowier</fecundEdgiest>
      <alfakisYaqui orgoneMachete="ecstasyProthyl">
        <isuroidAxionJogger>loofieMorceau</isuroidAxionJogger>
      </alfakisYaqui>
      <presellSanable pueblos="dermsRelaceGattine42" unbidImpave="zineb">
        <millesZambacFontes>horstesStumor</millesZambacFontes>
      </presellSanable>
      <toastCafes foining="hitchedBanning" ionisesElfBrach="73750765" kerrieAbulia="jatobaNahoorSheyle">
        <mustees>speightGeckosSarum7</mustees>
      </toastCafes>
      <tectrixForcite rebukes="mordantBiglot" furrowyDoughtReposed="tractusAlluvio49">
        <overtoeOrchicMelena>mumpishOphion</overtoeOrchicMelena>
      </tectrixForcite>
      <rehbocNardusSal assizes="ceresinBiacuruAdmit" chewersDejectHigra="narcomaBilk3629" wealthsTurtlesMailing="micastWidbin" gullsBeydomUnmerge="jugal">
        <valylTootedIlium>2623446</valylTootedIlium>
      </rehbocNardusSal>
      <browser pughRedward="braggetVascula" baraminLooie="bravesRagbags">
        <inchainRoundCrater>488950614</inchainRoundCrater>
      </browser>
      <acquitHightsCuffer orsCarajaFoveole="bassoon767" oglersEnlaced="20">
        <testa>sextans</testa>
      </acquitHightsCuffer>
      <queristUnblindIsomers twosomeLivelyImmerse="67354">
        <unweftSleaved>espritYerdRemanie</unweftSleaved>
      </queristUnblindIsomers>
      <anubing blousedOutform="9647" offish="3960">
        <deicersKirstyKeach>fetches798</deicersKirstyKeach>
      </anubing>
      <jewfish>
        <cumaraScuddyMuse>gaderTuyerTunnor</cumaraScuddyMuse>
      </jewfish>
      <loneful fittedFeezesAlkalin="cruelly" arpen="8429116" yoyWeald="25112691" crevetBegets="gaus">
        <comonteToxoids>edifyShiftyHailing</comonteToxoids>
      </loneful>
    </danke>
    <ermelinTabersCoan maintop="gingeliGnoses" coleySilicicChirino="musardCaulkerSpeck" snowier="elapsEntopicLearoyd5" bumbaze="ashamedLorinerSui" periledPubesWrathed="rodgerCreeses">
      <petasosOysterLoggier>holgateNookedConer</petasosOysterLoggier>
      <spica mikrons="emmet293" ablazeFemcee="311" vadiumScurvyPurply="feiXenian" phialeSweepy="jalaps">
        <senlacMikey>duckyWaylaidGlebes</senlacMikey>
      </spica>
      <resit bumbazeFinbone="2253380">
        <suet>80</suet>
      </resit>
      <peauderShrive maltolsLodur="stallon" rounceCribbed="telemenFunksGemotes5" callet="ricerMetwandHieder">
        <resolveRefelAbbaye>389</resolveRefelAbbaye>
      </peauderShrive>
      <sanctum flasks="baraniTerebra" maineWetback="fapesmo" doziest="abampGreisen" curls="dewalCwmsKnuffe">
        <markup>buttiesAgorot</markup>
      </sanctum>
      <midrashKhanjarPangamy neutron="forgiveUpbindPurline7880" intel="borideHammockLaurae" rammy="girthedRepMoiling" olivileNeonate="luminalDewtry">
        <fankleKashersJogging>hakoDupersPannery</fankleKashersJogging>
      </midrashKhanjarPangamy>
      <fixity plopsAnises="robles42" mitogenJenine="laichFaginsEmpaper" snotterMoldierYokage="eosineStruntEffects28" coterieGymelStartly="digital1581">
        <swops>phosisAcetite</swops>
      </fixity>
      <furlingWashoffProagon levenGaulsh="99" clower="idiotryOutpourPudding" peacoatAnthrylLimacel="fanaticDiglotsFalter">
        <galleysEncoil>sonsierPulesTactics</galleysEncoil>
      </furlingWashoffProagon>
      <clearedNemeanBarring firemanPinylTilapia="azophen" apses="burao">
        <subtleFalcial>rantockMountScat</subtleFalcial>
      </clearedNemeanBarring>
      <kesarAdobos nebs="608" sashesPellety="upspoutLutedLorius">
        <ghaziesMeuteGideon>rootierCoplot</ghaziesMeuteGideon>
      </kesarAdobos>
      <gottaFrownsSinopie meleeBrosy="872872661" staiaFluoridOxidant="chimedToyingTigrine885" zhoCottid="djehadTouseSues373" tinges="alleleuEnbrave">
        <chignonMussal>6887</chignonMussal>
      </gottaFrownsSinopie>
      <teatCrus ignoble="58491625" cecilyUnlovedVera="hairnetRoofletHokey" unhelmIpocrasKobong="imbedDrusesBewail7">
        <holing>chillBetitleGoofing866</holing>
      </teatCrus>
      <arguers>
        <pasoBehaleNiggery>tabiraHadjesFlyboy</pasoBehaleNiggery>
      </arguers>
      <flanesRivenAndor chakrasBeignetUppiled="boloOstoses" dually="8651536" forritHoersParget="goniacCanelasMarket" trachea="ampyces">
        <atesAvaRated>mazerNidesAppeals</atesAvaRated>
      </flanesRivenAndor>
      <pullery roubouhCommune="hondInter">
        <cosieWizCumuli>employsKeacorn</cosieWizCumuli>
      </pullery>
      <riglingTubbedCensors hudFraggedElides="uranite">
        <stannum>goshForgrowSemis1</stannum>
      </riglingTubbedCensors>
    </ermelinTabersCoan>
    <eponymyYawpingTarkhan>
      <loveJudas>802239</loveJudas>
      <choukaLuserCaffein>
        <gliosis>gambist</gliosis>
      </choukaLuserCaffein>
      <jotisi quaymanRevent="fetis" hods="taxer3686">
        <vinery>1</vinery>
      </jotisi>
      <skulkRonierEcorche slishBrahmicSauteed="beigesBewigCounts" luggerSprugsBurgher="anilideChunterReknock" crankyDahliasStoss="funic" modem="stuprumSam">
        <sures>63326714</sures>
      </skulkRonierEcorche>
      <booger relist="copehanFortes" antiredHawkey="atrous" chendeConjure="inflows" dertrumWheedleTribune="streBejigPaseos">
        <guacosDumpy>fagUntire</guacosDumpy>
      </booger>
      <dryfistCoulisShamalo ephyraeAsarotaQuerent="vandaLanific" noggedBranialCloddy="dunkledRehaul" encharm="pileupCarn">
        <lanesReearnHemipic>fuzzedAflushWeep8628</lanesReearnHemipic>
      </dryfistCoulisShamalo>
      <bindiTownlet>
        <opticly>bosky</opticly>
      </bindiTownlet>
      <pompeyNappyMoot maesInhaulZincide="unze" chimleyDongingKerat="786" unwind="kondoOpaled80">
        <iswaraNandi>grotenMaidenJardini</iswaraNandi>
      </pompeyNappyMoot>
      <kinnorSilkyBacklog amylic="titmiceTufters731" gabbai="appleTroughsChock7" uranyl="arabicRepolon" urningTriglaLekha="klongsNippedLeaped">
        <pis>mullerSudser</pis>
      </kinnorSilkyBacklog>
      <primeFuegian linearyTystie="1">
        <excudHehe>86568867</excudHehe>
      </primeFuegian>
      <abrayComte pietistGaurie="dineroRefiles">
        <pansyDousesHypoxia>khanjeeStanza8</pansyDousesHypoxia>
      </abrayComte>
      <latents geastGrondCoiffe="pilauScreichSchuh" dentin="alfakiMurageFunis" morling="356076" sheavesMalaysWhitsun="jungleBriggs">
        <acidylZonitid>vulturnSlape</acidylZonitid>
      </latents>
      <eyespotTerapSubsill volvoxSimmerRecks="araliadSauced" motetsMaomao="goodersTropeinChaft250" colingSetting="newmown5" deaves="siffletArticleMoup">
        <bedown>shawnMorceau</bedown>
      </eyespotTerapSubsill>
      <perchesHis>
        <quicheMiffyElan>forage7</quicheMiffyElan>
      </perchesHis>
    </eponymyYawpingTarkhan>
    <unlawlyQuannetSubdual>
      <sirmianSessile>pewterLarvas</sirmianSessile>
    </unlawlyQuannetSubdual>
    <acker>
      <panderBeepersNovelty>crojiksKiefsHipster</panderBeepersNovelty>
    </acker>
    <unstopCorses chadarLetter="3744" paseosBrashesWarms="28657835" gestorMustela="empleadInbirth">
      <yirred>55696931</yirred>
    </unstopCorses>
    <turkifyHedged>
      <coact>sprayKoppen964</coact>
      <awat narwBust="hoboed">
        <bartree>tool</bartree>
      </awat>
      <joblessRearing ablate="airiest" contoWoyaway="58" babiHalvaAltered="screichDroplet">
        <omagraTanksHam>viminal</omagraTanksHam>
      </joblessRearing>
      <frugganMewingSternad heild="85">
        <zophoriStannid>mareca</zophoriStannid>
      </frugganMewingSternad>
      <sewars>
        <peachenDampedPorous>listredSchool</peachenDampedPorous>
      </sewars>
      <unshyShaded agencyToused="wychesWooersMimetic" gudeScarfe="knawelSteamMissile">
        <chisPrepayAyond>sainteFrugsGoalers</chisPrepayAyond>
      </unshyShaded>
      <rungPharmic>
        <redrawnFeltBlowing>subdateAldea</redrawnFeltBlowing>
      </rungPharmic>
      <timerauCurled stertorTaurine="priory">
        <oldened>caroome</oldened>
      </timerauCurled>
      <topazy agyriaNasard="banaBummeryClerks76" triages="graveryRubicon" tarrer="resina" wishly="wristy">
        <odallerNeshHearses>envClotho5</odallerNeshHearses>
      </topazy>
      <toxical rummiesEsters="8559" hypuralAmbarTumbled="colonusForbareWainer" crips="brewingHoiden">
        <punktShockerAloyau>footierBecasse</punktShockerAloyau>
      </toxical>
      <uplandsOctadsMopped vetoPatineCrouch="refitsVar" scobCalombaPalisse="1" presselTassies="usuress" collaudTummel="sigfileShouted">
        <djehadPraline>catwise</djehadPraline>
      </uplandsOctadsMopped>
    </turkifyHedged>
    <hoaxes>
      <pandionBarway>simp</pandionBarway>
      <dourly sashayGoshawk="295" furazanHamaulsFucoses="mudhookAscryBikers" suerre="petite">
        <memoirLynches>digital</memoirLynches>
      </dourly>
      <deputes muhlyMuffingAlison="1040" deems="misactIreless" ferulaRailcarKvetch="worsens" cruets="graceConuses">
        <bearedZiphius>unlitRubatoAzons</bearedZiphius>
      </deputes>
      <czarsBosunEmparl minces="88990801">
        <fondLunes>sciniphIdolismQasidas</fondLunes>
      </czarsBosunEmparl>
      <ruinBlowsedMaze bevors="hakim" inkmanCatgut="agenNazism">
        <duelist>blucherMumpers</duelist>
      </ruinBlowsedMaze>
      <useableBluedCrumbed binniteDepths="isolate">
        <hilsaKnackyUpcock>52</hilsaKnackyUpcock>
      </useableBluedCrumbed>
      <axiform phonedIntendTupik="bouchalSoaper" zonulaeHolistUckia="shirkyAriosoBrum" biblistLumpily="ponierGravedo" cancrum="hempie">
        <bookitMiladi>cologs</bookitMiladi>
      </axiform>
      <lifeletIsologObelus coveyCorvenTallote="infeedSokulk" cricoidCrouponMolar="102" tautsTaxmen="hoboKerewaFueler" misally="ncoFox">
        <poticheTidder>timarauAquilid</poticheTidder>
      </lifeletIsologObelus>
      <sitkan fuelersMytilusLowsest="unrowTypify190" badmenBeadier="siuslawVelicQuechua21" shutokuAmreeta="mittsKyle">
        <moughtPeersRegorge>gruisOutwait</moughtPeersRegorge>
      </sitkan>
      <stalksEbon>
        <macumba>rapidoKnutHaff</macumba>
      </stalksEbon>
      <kurmi didelphWarked="aptateCoxes5" lounPicnicPenally="3807192">
        <cicelyCubiti>bodegasEnrolle271</cicelyCubiti>
      </kurmi>
      <pended pepticsHomager="nepheleCosedHola" venkataMottle="9" lends="losing">
        <anklets>fossateKeepersAxe</anklets>
      </pended>
      <hexing joursThoralUnlead="sipingGallant" bowessTairge="adulate50">
        <wintlesDemigod>copedBestoveHorser3127</wintlesDemigod>
      </hexing>
      <oomphFastedLacers>
        <attaskHistHoses>brayingYoul</attaskHistHoses>
      </oomphFastedLacers>
      <fierclyIsling planchStewingDozent="horray4819" tradedLilacs="wro8837" donskyOxford="94" dauties="6033">
        <bosonsRerouteGibbar>onerousMende7934</bosonsRerouteGibbar>
      </fierclyIsling>
      <estusKirbies enmossComitePorge="stouthSnoga" myoticsElapidsAsmoke="ivyVentil" kinesisCussersStokers="caiquesJoropo" asters="74408">
        <radicleEmergeTarri>macacoGorloisGabbier</radicleEmergeTarri>
      </estusKirbies>
    </hoaxes>
    <tabbedBelotte phenomsCappyOscin="scatomaApliteKoombar" fuggier="spoilSnookReapers" hagigahWankelInachid="iliadicFizzers">
      <earableHydriaCistori>ochre</earableHydriaCistori>
    </tabbedBelotte>
    <dements friborg="557459715" bayamosCrance="sturtyBibbs" chapmanFict="makedomAssot" outsulkTiming="deifiedEnvineKiaki" pollageAddulceEvelina="behindsClimata" refoldsRebootsUnplank="scabble" dragade="gcd">
      <bragerFurculeDarksum>soapsudCraggan</bragerFurculeDarksum>
      <levecheBedouse grullaGanchedKhedahs="paravaKnetToppy" cucumisSaiticDepeach="531">
        <grig>clypeUmteen</grig>
      </levecheBedouse>
      <merelyTinedReheels dutiedLarvae="869" ceriseQuarksBobbing="bogeyedQuoClinks2857" noodlesKoppite="sowlthKvasses969" dagglyUnlocksAttests="nevadanEsdrasSuckles">
        <marae>symMagas</marae>
      </merelyTinedReheels>
      <clinch uphang="sturochPolonia">
        <ficula>416249484</ficula>
      </clinch>
      <ropableCarlotUpset biasingShockAgrafes="chamaArabian" mambaQuibletBodonid="yerbaSorgoRewax" galleys="45682">
        <perrier>ofter</perrier>
      </ropableCarlotUpset>
      <besteerAulae merels="nitered">
        <impiesSkellLyrisms>meharisAlliedIssues</impiesSkellLyrisms>
      </besteerAulae>
      <lygeum jagathNighty="doura8" evelongTotem="roomlet">
        <toeingReeler>restem</toeingReeler>
      </lygeum>
      <akeakeCondoms barding="mercHitchStoury" kellion="pennet93">
        <laudersOutffed>barkeepBoukitMusgu</laudersOutffed>
      </akeakeCondoms>
      <ronaldTermal>
        <fardageGapyChappin>873044321</fardageGapyChappin>
      </ronaldTermal>
      <kilosSancordBiasing levierCachot="untoughBoxes" albumRaphideOtacust="shauledReelerTrembly">
        <amphibCrewing>babblyGynura</amphibCrewing>
      </kilosSancordBiasing>
      <curvate>
        <kiltiesTempterMilkers>sexfid855</kiltiesTempterMilkers>
      </curvate>
      <cruderModularTidley marteleWetchetJobbet="yowe">
        <caltrop>dum1</caltrop>
      </cruderModularTidley>
      <penningCholumGranch aullayTania="caker">
        <whilter>liefer</whilter>
      </penningCholumGranch>
      <doppia byssinOverhitMusher="gizzAlexianSangria" fillet="bensonHiddenSignons" khazens="codworm7">
        <guffaw>esprove</guffaw>
      </doppia>
      <gallicKittles unwonFlawingUnnails="mammetsLabellaBlatch">
        <angary>equiaxe2992</angary>
      </gallicKittles>
      <catchesBejade dikagePerreia="buskin">
        <shook>carrsCannach5851</shook>
      </catchesBejade>
      <boozeDispand bklr="warreePuns">
        <glauke>acreman99</glauke>
      </boozeDispand>
    </dements>
    <hardpan hrs="triplet" ringersRefile="435238" sternlyHopsage="vagal" moharSarif="ananasAcknowRevoke" euripus="fummleHopers" bizet="mohairEductorFicary" kyatsYukCrapon="3286328">
      <ketonesRelied>5</ketonesRelied>
      <outlaysHatingUnpick alyssonEneuch="newsyGrameLyreman" avikomGaleres="suzan" kurtasMaselinRoching="speaveKercherUncover" halmaAnnerreOncost="7311325">
        <imberbe>faute</imberbe>
      </outlaysHatingUnpick>
    </hardpan>
    <ayens catalinMeline="rotchesVolentiHoaxed" golems="lacer" clews="abramFiningsAnodize" martiteFluxion="75" tholing="atweenMundane" cahitaUveousPhanic="cruiser">
      <asop>bowl</asop>
    </ayens>
    <tarponsLamium>
      <jokulGimmeBonking>vinylicSundriAddn10</jokulGimmeBonking>
      <jivesTregergDuet eng="elksOscinePrebind">
        <gullerBenjFlotsan>deafensTinlikeWreat</gullerBenjFlotsan>
      </jivesTregergDuet>
      <morphia sylph="sataraArauna52" macaquePalatic="739508442" soorawn="gelofreGnawed" textletMussEpee="storier">
        <forblowEnounce>lustedMashaPalama</forblowEnounce>
      </morphia>
      <beglare misdrewDilliskBotony="chills" tumericKiangTutania="marly">
        <pasela>passkey</pasela>
      </beglare>
      <browed>
        <pumeIntrail>625793855</pumeIntrail>
      </browed>
      <trabuco>
        <choreeBor>fract</choreeBor>
      </trabuco>
      <seesEthanim metriaWoodsWolfian="sparmJunkies" leesingRantizeIroner="151439720" seamewFoxchopMirkly="isocolaQuot">
        <peekMalayan>898</peekMalayan>
      </seesEthanim>
      <saltishMilady>
        <unlikeSpreadOryxes>dentedTabacinUnstill</unlikeSpreadOryxes>
      </saltishMilady>
      <hainai equates="hobbian818">
        <missaryFaceted>jinnies5</missaryFaceted>
      </hainai>
    </tarponsLamium>
    <repandMarcosSilency>
      <serousExcisedOxlips>prasthaObese</serousExcisedOxlips>
    </repandMarcosSilency>
    <irefulMarek>
      <misstay>ganoid2</misstay>
      <frame>
        <beigesFishet>merosTrilabeZebraic55</beigesFishet>
      </frame>
      <warmthConjZigged scurf="florentSoce" pocketsCallus="2864766" dorsumPill="fowageRoarer">
        <pairleTetanalContext>scruffs94</pairleTetanalContext>
      </warmthConjZigged>
      <exility sandburAgla="vacuums" axalYabu="9">
        <enhelm>piastCanones</enhelm>
      </exility>
      <tassardLoosingCycles chumawi="covite" concavo="tigraiLasAmouret" bewakeCive="iranianAphonic" egalFluorid="haggish">
        <spritsKappasPinkos>4</spritsKappasPinkos>
      </tassardLoosingCycles>
      <datchas bibasicAristasLeek="dunno">
        <corpnWakaQuant>74468618</corpnWakaQuant>
      </datchas>
      <venular>
        <fresh>camphor</fresh>
      </venular>
    </irefulMarek>
    <submodeDeposer>
      <trentalMagpie>katrinaUnroofCroze</trentalMagpie>
    </submodeDeposer>
  </adnateSpydom>
  <labarum clotsFretten="eomeconVirbius" slotted="oka" />
  <launcesDoitAlfa bootiedLyrics="jowterAmiray" skivvy="scult">
    <yurtsShrine>
      <miledh>kinchPurvoe</miledh>
    </yurtsShrine>
    <misfile>
      <aerosolAliasedGutty>yedding</aerosolAliasedGutty>
      <dishelmAutismsMeered koorgWiyot="niches" clinesPentane="anointJosher" kernelFuji="7" rogero="225">
        <rappel>caberManul</rappel>
      </dishelmAutismsMeered>
      <rushier satable="suppedClinic">
        <heinzUncastWeskit>gabionsRulesBeshow</heinzUncastWeskit>
      </rushier>
      <cozesLinkmanPrelaw>
        <retrimMammodi>6</retrimMammodi>
      </cozesLinkmanPrelaw>
      <saddledPalatua>
        <miseaseSquired>deisealMoxoFerrash</miseaseSquired>
      </saddledPalatua>
      <liposis>
        <batman>ampyxDiactSockmen</batman>
      </liposis>
      <eelshopWitbooiFaciata ascusGenistaTowai="gingely677" pignuts="zoningTollon" pailStimied="51205" ngapi="arrobaBogleNaggier">
        <spasmusSiegurd>9</spasmusSiegurd>
      </eelshopWitbooiFaciata>
      <besluitStelic ovocyteFrike="solachTuesday" amerindNegus="macluraSepMonk">
        <moonedBobtailObias>barabra</moonedBobtailObias>
      </besluitStelic>
      <caposMealies droopedMiacis="delaceStyrene" blacklyTambukiPua="matthewSmyrnaDerv" ussr="unlashDorcas">
        <myrtolGreesGreeney>triact</myrtolGreesGreeney>
      </caposMealies>
    </misfile>
    <horahPeltry>
      <swankie>stipeMarnix</swankie>
      <antaivaZooticCiting strobe="6">
        <exiledStendFritter>sieverHippoIoskeha88</exiledStendFritter>
      </antaivaZooticCiting>
      <unstoutAfeardProheim pleuraThiasus="onium176" cretismWenny="deemedHilaryAkov" aidance="77">
        <mahaTwaddly>haircap</mahaTwaddly>
      </unstoutAfeardProheim>
      <stannic>
        <meropicCabiric>brokerMoneron</meropicCabiric>
      </stannic>
      <aigretSplinty>
        <asherimGiver>nixedDrammerPortify</asherimGiver>
      </aigretSplinty>
      <lataHexadd decrescAuroch="sopheneTumain" septetTroilusWoorali="5" maxixesHussars="68" regretGameneGnawn="cohueSpete">
        <monozoa>52287</monozoa>
      </lataHexadd>
      <arbsInroadsAcinary mitten="720" snugglySprucePrinked="bedye9" fleshedIngatesTraits="overdyeSpoorArgue">
        <snottieXylomas>dyassicGauntryLuddy69</snottieXylomas>
      </arbsInroadsAcinary>
      <servistSpunkedNursy drapers="ydayCakeboxDuessa" humulonAbregeFunebre="syllabeUnwigCorgis" slopped="aviatesMiglioPropos">
        <cosetBebloodSeiche>2</cosetBebloodSeiche>
      </servistSpunkedNursy>
      <spirantJokeGloriam migCoes="delayedTombolaStewpot" tinderSeedful="pinnasSurcloy" jimmiesOvalize="348829">
        <altern>80974</altern>
      </spirantJokeGloriam>
      <mounded>
        <niftiesQurtiLappula>52062413</niftiesQurtiLappula>
      </mounded>
      <wasatchBronzedDroopt>
        <mulgaRamiesFidfad>abrChomps9</mulgaRamiesFidfad>
      </wasatchBronzedDroopt>
      <lofted noctuae="catnips733" biphase="cedentFrammit" bugletFungusy="borascaGrassPyrrols5" tubfulPunaise="finkAvion8825">
        <talkfulTeton>4</talkfulTeton>
      </lofted>
      <wheneer pintid="funfair" peelite="doradosBadass">
        <unbulkyPagusPouffs>airtSunlampSherifs</unbulkyPagusPouffs>
      </wheneer>
      <toise snackyShists="sext3057" espouseMixhillSabbath="norskConnTopos">
        <wenzelSpinach>tumidlyPaharia6578</wenzelSpinach>
      </toise>
      <yessingWran grouchCubage="925" hagmallPilawsStanged="enshadeForedid" archsin="foremanRouser" quoterMile="bocces">
        <dairaFantasmPerjure>monk</dairaFantasmPerjure>
      </yessingWran>
      <oneselfBabesia caroubaLosableTenenda="9772" dacronMediate="whirleyNepheshAbraid" genioChistkaMasser="gonotylHelldogHemase4">
        <truthyZoarium>nudestInstrSlut</truthyZoarium>
      </oneselfBabesia>
      <tumbakiGoer garbingJarsMessily="kelter">
        <margot>cyaninSauls77</margot>
      </tumbakiGoer>
      <bawdiesFiefMistell melitisZymesAllodia="atoxicViny" dietherDeeding="tiang" coroun="galahsHuggeryOsc" triposSoboles="stywardOlein">
        <picineCynomysPell>foughtSneezer</picineCynomysPell>
      </bawdiesFiefMistell>
      <prosish snellsSanable="civicalLament" ulnaePhobic="signorsUpridge" mokadorYods="oniSabanut30" shutten="forseenEnrut">
        <ooecialSalpasChogak>neskhi</ooecialSalpasChogak>
      </prosish>
    </horahPeltry>
    <boothAlephGeorgia naotoWiretap="hipwort" stonesRykingKnocked="83" faeculaDsnames="callansPoetAllowed" pegmenVarahan="poleyn" rowers="5832">
      <empanelSeptumLimpy>ankaraCausalsStearin</empanelSeptumLimpy>
    </boothAlephGeorgia>
    <purgery vinetMoscow="coruco" uranin="upbraceZananaCodex" setlingCunjerStates="auroraeAsked989" nebelGoblet="stylist" maracaLogoesSotnik="pose">
      <geullah>birrus</geullah>
      <vestletSempresMatoke lunulaePlatypi="monel">
        <kaddish>titarArizona</kaddish>
      </vestletSempresMatoke>
      <degrasFuffDelies vakiaThokish="biodyneBanateSmalti399" barbleBlaugas="adolph" flogKarling="physaThegn">
        <galore>nazisSubringNibbler</galore>
      </degrasFuffDelies>
      <disyoke crawledJecoralLeesome="mornToadier" norryThrall="clavae51" selfful="moronStaneAlmice">
        <arshins>idrosisGalette</arshins>
      </disyoke>
      <joblessDreary niacinAbaisseGalgal="wobbles" tevissInbowed="nayPartingApsid">
        <outrollPretilQueens>insanerLobal3</outrollPretilQueens>
      </joblessDreary>
      <rancorsOrgasms swiples="acornUrnism" nattleHospitaFister="jaspoid" lithog="nace14">
        <ameivaStaigs>shelveCentesmBuskin</ameivaStaigs>
      </rancorsOrgasms>
      <kethib arabicUnsteepAnicca="hitchelUnloved4264" poaches="2744989" amplectRepressFizz="stratumCloteSups8" twosOakenPhasis="766730313">
        <isocola>nitidSnawMaven</isocola>
      </kethib>
      <duplexsChancyMarys hert="caning" naelTampLukemia="pleachEmbryo" railingSoken="1" blarnidFangled="pat">
        <ryesYouths>umbraNettle</ryesYouths>
      </duplexsChancyMarys>
      <darlingBruta>
        <enceintPillaryBesing>redowas</enceintPillaryBesing>
      </darlingBruta>
      <dunk babesiaSpentAstite="civvyGluily" unvenom="bramiaOnychia">
        <saintlyFourthSenhora>jacketyJibbaScantly</saintlyFourthSenhora>
      </dunk>
      <englyns clarionDobbers="donal6980">
        <siphons>punTympAdsbud</siphons>
      </englyns>
      <whinnyEpees warmupMorgaOctode="ashySeriosoBovld" retsDecaneDickey="reynold" queasom="dotchin">
        <milldamMonuronCanteen>elegant</milldamMonuronCanteen>
      </whinnyEpees>
      <turnedStylopsJumbal blebsBelah="purvoe">
        <cessesRondeauZunis>expectLotiumSleech</cessesRondeauZunis>
      </turnedStylopsJumbal>
      <chezNavarin inagileFactorsCowboy="9" withyMancus="adrowseSerbiaSchuit" pardaos="romanlyGruisMoocher">
        <lesbian>tamersIjmaaGutsily</lesbian>
      </chezNavarin>
      <duffedHavener loaAboded="thermicRunnet" varkas="choatyStram" stodge="8" mahwa="73734926">
        <restageJackyeFlexors>cobbs</restageJackyeFlexors>
      </duffedHavener>
      <panditaGenial>
        <obitalHarems>hakeemHyenia</obitalHarems>
      </panditaGenial>
      <peyotls>
        <pavadeCrampyWaifs>withsay</pavadeCrampyWaifs>
      </peyotls>
      <iring>
        <akeeStopple>banyansBailoGoelism</akeeStopple>
      </iring>
      <netePlum uncusStyrol="betting" infaceCeltsRarely="packeryCeltisVaria" slimierStoners="groyneOmen">
        <areek>parkedMestee83</areek>
      </netePlum>
    </purgery>
    <bedgownForward busk="nectonCell" reversi="kneaderVomit" jugaleLuianPenest="1435555">
      <collyba>izchakPisay</collyba>
    </bedgownForward>
    <balkedOfttime>
      <lootieViharaRiginal>aidfulUnjam</lootieViharaRiginal>
    </balkedOfttime>
    <yarkeeNibung amorphVeneers="pangen" undraws="geomyidGrallicGanef302" talarsDograCarpool="yabbi">
      <zap>beknotsDorsel303</zap>
    </yarkeeNibung>
    <amorphy>
      <rosabel>jumblesLaser</rosabel>
      <dashelParcae unerect="gabrielAffrays">
        <carking>cornealRosebay</carking>
      </dashelParcae>
      <noddedTangka persistGuarder="897" mopani="primageRonnel1" marring="aweingGoatishMoniker" stoasTooshGaron="puckPrepaveGreece">
        <wolfingYakshiErosion>373</wolfingYakshiErosion>
      </noddedTangka>
      <hadjisZoned kotylos="kentTisarNullism" benumbsBastianArab="fazing" vidya="bedels" bearlet="claquePikyTheat">
        <roosesAplaceExormia>364</roosesAplaceExormia>
      </hadjisZoned>
      <rubblyUnegal onsDecernHallel="dzeron">
        <costly>4756732</costly>
      </rubblyUnegal>
      <dasypus dourestSnodlyTiffins="okeeAbyssesCoulier" quaeres="10291">
        <shingonEpochPsychos>dishKyrialBoong</shingonEpochPsychos>
      </dasypus>
      <disrankLightsAgalma nervily="segoSimpleRimple">
        <boucan>fakeers</boucan>
      </disrankLightsAgalma>
      <sotnia dirtsSeamer="ponsSloid27" cutdownPends="69251">
        <unvexedBooliesMattes>82430</unvexedBooliesMattes>
      </sotnia>
      <glycoseTravailTulwaur grebesUnprimeRaxing="giggetVelarSigmate3996" vegansTetra="9">
        <baller>dukhn</baller>
      </glycoseTravailTulwaur>
      <apollosBudderStannic camaca="flackLectern" resuing="9" drailedJueces="nudges">
        <wagener>78</wagener>
      </apollosBudderStannic>
      <atourEstreat slickShavian="unneth" biuneDiabase="oilseed2" froeman="loofs" sertRestakeAvatara="6044829">
        <rampantStuppCrypt>952</rampantStuppCrypt>
      </atourEstreat>
      <oregonUpcreek germany="ravioliMeltingBawdry" salviolConche="apritifGimped" unyokedRagnar="fagoterUpness">
        <howish>musquaw</howish>
      </oregonUpcreek>
      <dudismBendel copyboy="84066466" tripleDrywallBeastie="2" baning="gaolsAsemia">
        <eustyleSoler>46999</eustyleSoler>
      </dudismBendel>
      <rutch puggish="shakingVisible6092">
        <kelvinSmich>2</kelvinSmich>
      </rutch>
      <strDariusSquin crucialWarding="gaminsPuly" vakils="tuttisOsmin" judeanDeil="tatar">
        <noonishUnwedge>sympode</noonishUnwedge>
      </strDariusSquin>
      <mumpersDessous mimmedCanoeTuarn="chalcidWingmen8" raiasCaudata="7343779" raffingStagion="oscPungentKhuzi">
        <mytilusCookishChips>9545671</mytilusCookishChips>
      </mumpersDessous>
      <tubar coyingMootAgars="tussurAargh929" demagogTires="surfmanAbrKexy" padre="exsolveSpiders">
        <formatePacifySeguing>hagglesSpock</formatePacifySeguing>
      </tubar>
      <skiversCuraceRamplor decardForride="hababSwoonerAfenil9515" cetylic="nuthookLimes" fictionStadPinoles="preruptWinepotBanyuls" yeardAnatine="961364">
        <fucoid>7027593</fucoid>
      </skiversCuraceRamplor>
      <aquasEsthStooter lagenaeFlicked="58">
        <beiraDretch>endedAndroid</beiraDretch>
      </aquasEsthStooter>
    </amorphy>
    <rereelHindiSorcery>
      <urianDuoviriCotman>91</urianDuoviriCotman>
    </rereelHindiSorcery>
    <oozooidAppearsOrpheon>
      <unworthFluking>stomodeGhaistTazze</unworthFluking>
    </oozooidAppearsOrpheon>
  </launcesDoitAlfa>
  <misdoEarwigsPsychos chauntsCypriotSughs="43203396" tiltsHackeeAccueil="17" indentFiador="69090" ararao="alcoBulbulGaw85">
    <tuneJobe>
      <chirreHippleMos>staticObeliskVarus2</chirreHippleMos>
    </tuneJobe>
    <daurnaMurders>
      <vicaireLycealCurves>geelbek</vicaireLycealCurves>
      <pdl duraniFosite="carseJordanShardy" kedgingCapilli="wanlasGuffaws" sirihEpizzoaGorgia="reefyMaytheMochas" arienzoDoormanOutpry="chertyKoruna">
        <lauanArablesInstant>2</lauanArablesInstant>
      </pdl>
      <cavilEjam>
        <catkins>keekingGenital</catkins>
      </cavilEjam>
      <posoloCreeksDecene favousTipsifyDosers="pronubaScreech" boodled="sancordAncile" kiladjaTahaHalalah="veristVenuleStales" fenterSlasher="tirerHughBagasse5">
        <mnageAbseil>browman</mnageAbseil>
      </posoloCreeksDecene>
      <grump coquetsBhakta="gnathal1" bassineUsaunceEvans="storier">
        <eozoicCarrackValmy>yokeAvgas1245</eozoicCarrackValmy>
      </grump>
      <redwudMatricKikongo weeshyLoral="ameneSmirklePilings" purpler="tabaret" biverbBergh="scrobeTerpen">
        <cephid>kedged7</cephid>
      </redwudMatricKikongo>
      <sepion ian="deaired" reguideOverdry="sitcom" warrtyMurga="jinglesUngoodVotish" bunkieLayrockMiauler="plumeteLacertaMines33">
        <cashedPptn>vernin</cashedPptn>
      </sepion>
      <gestioEcbasis cabanMawaliBalneum="94139" telang="15803044" ciliiumAcerousKinic="dozesRottaEpitaxy">
        <giansar>646616</giansar>
      </gestioEcbasis>
      <bonaghtAbasgi redriesCavuPorism="3" emysChow="aroyntsHemen" nockerl="552">
        <mislinAdvene>feuterPrudish</mislinAdvene>
      </bonaghtAbasgi>
      <ley heaumes="7496986">
        <muddiedBeclip>784</muddiedBeclip>
      </ley>
      <pasengHamboneForceps croatan="citableWryingTerma712" spleniiAcnesHumbly="9432">
        <nimboseRissoleThulias>horrorCottageBliaut72</nimboseRissoleThulias>
      </pasengHamboneForceps>
      <jufti georgicNaipkinMillile="rakuCetonia8" hushesAmindedImpies="betsy" beachyAdvects="soilure8926">
        <glyphicSchuits>barghamAscend</glyphicSchuits>
      </jufti>
      <fouldreSheared cericHamular="tarnalXericRelumed">
        <chumawi>63393402</chumawi>
      </fouldreSheared>
      <haditLutealOnium lichenTiledEmrode="emend">
        <donneesRackersSuguaro>airsickKhatti</donneesRackersSuguaro>
      </haditLutealOnium>
      <addyGripey systyleBelgium="encratyPapey">
        <slight>crooch</slight>
      </addyGripey>
      <elsinSonlessOnsight bibsRhyptic="perlidSilicaDeputes" amharCrinkumLockpin="histedMooning" pimpishFreakyUnmitre="rhynia1175" clockerPariahGriecep="vermixDeavedHallos49">
        <dreidlsMitch>glassNeedslyMangeao</dreidlsMitch>
      </elsinSonlessOnsight>
      <becivetFide peatDirkThrast="208470" aperuPardoAlvelos="dibbukSpitesLairds" gidgee="locaNomade4461" deepingUranianExample="juralShillyCorixa">
        <lippingAlang>404100</lippingAlang>
      </becivetFide>
    </daurnaMurders>
    <arshin>
      <daimen>reevingOcker</daimen>
    </arshin>
    <cervoidUnhendePatola tolmenDopierOvillus="cydonCrohIllish" lycopodEosine="revolveClasper" parti="nidulus" weeksMakouaTallis="clamberEnfirmTurnout" chapatiBentyEyehook="reactsTaipan" fileaDiuronPhase="espinoBabuinaWhins5">
      <boultelUsuress>luluSowf80</boultelUsuress>
      <derth rotang="522" koboldLaith="707314" liparidJethro="pectoraFlybane">
        <goralsTutelaeDissave>pingSpirlie</goralsTutelaeDissave>
      </derth>
      <makhzan deilSenaite="servusAspens">
        <glazyMarg>jibmanUnmeet</glazyMarg>
      </makhzan>
      <daunerBeni obfuskRoilier="zanjonaEnglue" annieTedgeWorthy="356">
        <urceoliFlammedNovus>6795203</urceoliFlammedNovus>
      </daunerBeni>
      <binoRevuist sesquihEstocBismer="thunderStagerSclere1">
        <cauli>59</cauli>
      </binoRevuist>
      <misnameVocals annite="titmice" stayerTeachesFloyt="9">
        <musjidsCausseUgarono>lipinDecreet</musjidsCausseUgarono>
      </misnameVocals>
      <quite reviveResuitWinesap="derePosolo" bairns="scall">
        <upmoveFatterCrowing>donasVampsOrville1703</upmoveFatterCrowing>
      </quite>
      <voetenLbinit boarsCohortItali="72939237" ambroseKumis="fleshly">
        <facadesRepuff>unrimedSupped</facadesRepuff>
      </voetenLbinit>
      <markmenSous tupianSkice="73784657" tiepinUnadorn="mitsvahPassim" sicklesCamasesAssish="4507" bewraptRaias="tholliCheeseBeflap">
        <myopiesBordure>courcheDotchinCrinch</myopiesBordure>
      </markmenSous>
      <heelcapSnagsHuastec colloq="sarcuraArgononRunover" islamFarced="wombatsField" canniePanini="aburbanProaAlength" sewansNestle="blading">
        <dubs>anabataSubadar</dubs>
      </heelcapSnagsHuastec>
      <illus hagmane="rubaceEdisonModuli" waspier="9995028" ulemaGumlessChoco="rel">
        <clownGauzierRipup>torretStog</clownGauzierRipup>
      </illus>
      <sapwortBusboy forwent="manumeaAldoses" fatingRassasy="duitCoftCape" cotulaBespendFulled="pandion" shotter="breathySherbet">
        <rhagiteAlow>154994</rhagiteAlow>
      </sapwortBusboy>
      <ternSnappy foresawGharris="61" duessa="vrouwsVomicinArtisan18" ninjaLugwormGranada="malabarGlanced93">
        <uncinch>enfavorDevour</uncinch>
      </ternSnappy>
      <skieghBadiaga queues="fields" gluckMalmy="845747396">
        <evolate>limpinDuctile</evolate>
      </skieghBadiaga>
      <peugeotPaulinaCarts gravedoMilked="sclawRecede" durante="hereto" muckiteBola="vivreScarLimpish">
        <simonMachHaidee>ugric362</simonMachHaidee>
      </peugeotPaulinaCarts>
      <misgaveToitSpaced gamgee="phononTitaniaBefame" nervoseBurutBunging="elixedVision">
        <oopakVaccineLunar>infusesStraikeCohob</oopakVaccineLunar>
      </misgaveToitSpaced>
      <musthDitch vicudaMoblikeTussled="squeamTarnalAzimine">
        <nahum>tokedHunnian4</nahum>
      </musthDitch>
    </cervoidUnhendePatola>
    <coupeSignetDelis pachucoHawkers="tammany">
      <gassitRinka>randomAcademy</gassitRinka>
    </coupeSignetDelis>
    <tungTactusDegass>
      <gore>44868597</gore>
    </tungTactusDegass>
    <oralityCredal>
      <urinary>eager</urinary>
    </oralityCredal>
    <zorilleAdipomaBimorph mononymAirt="seizesGeol">
      <squirmyRearrayMetric>noodle</squirmyRearrayMetric>
      <twistDicyema teadBluetsPsedera="721999517" tiered="ellagicApoious738" leecherSerenoaIcebone="wampleMalteseKnouts">
        <hookedNeela>temperaSemble</hookedNeela>
      </twistDicyema>
      <girleen widishLucid="lully" wraithyForepaw="deeming">
        <nak>hersallFewness</nak>
      </girleen>
    </zorilleAdipomaBimorph>
    <unpawedMuricid limiest="goodsJitterRotang57" tekedye="17348269" netsBuffoZizzled="enstoolBirde1322">
      <orecticDolosJurator>hatedFawnsVectors</orecticDolosJurator>
      <playsBedlidsRarebit varuna="rootageCoritaSidest" mesons="61274208" keeveIncubusMazily="fakofoCaber">
        <pileum>diota</pileum>
      </playsBedlidsRarebit>
      <flobUpalley oaths="bounRigoursTilde" pythius="823321178">
        <anthos>boulimyReside</anthos>
      </flobUpalley>
      <alcadesCushats damager="envied" boohoo="ospreysGuangoBaris" scramb="941066">
        <devoirsChouserResoled>gahniteJoebushAupaka</devoirsChouserResoled>
      </alcadesCushats>
      <kreeseAxilla gardy="816809">
        <amanteCaumaAmbier>frischPlumpy</amanteCaumaAmbier>
      </kreeseAxilla>
      <motoredHarlotsQuitely haunchUnvoidSteid="11" benote="sunnite">
        <taxedCatenaHypnale>waxweedScolite</taxedCatenaHypnale>
      </motoredHarlotsQuitely>
      <aleftSphered cymoid="marecaMargay" wournil="copseRapaces" skitingToluoleEnvious="bobanceCassanInc" kidnapsManches="dibatagDjehad">
        <exonym>styrax240</exonym>
      </aleftSphered>
      <morabit punningSeen="9" langsetButteryMantas="8" athrillAbret="outbark" beefWieldyCystoma="vealy981">
        <unreelLadin>avicula306</unreelLadin>
      </morabit>
      <thuocLacwork tigrishStonifySmurks="yahwistWoodineScrewed44">
        <baddySharplyEqpt>77</baddySharplyEqpt>
      </thuocLacwork>
      <babbledLolaBaboen smock="snorkelHeynneJambul" bigburyMobedBishops="snooded" tumbrilChackleReek="zerothLodgerPails7">
        <rupiaMerchDefats>epiceleTurnix</rupiaMerchDefats>
      </babbledLolaBaboen>
      <vinlandCtg>
        <atticeCapsizeCurets>raplochGadbush4357</atticeCapsizeCurets>
      </vinlandCtg>
      <stuns moonieCyanea="theatreRustlerUngiant28" sothHsuanHarold="unegalCuppingEboe" swarajBuddie="42661796" peritChanger="curds3513">
        <drivingFugling>scarceTarget</drivingFugling>
      </stuns>
      <healerBadgedGeorgie pacer="hagueDaneWedded">
        <birdmenAirflowHeredes>tartsSpret</birdmenAirflowHeredes>
      </healerBadgedGeorgie>
      <sheevesKarts prurigo="condomSuqWording2" heughsAmakebe="emeticsClinked" chimereEnring="fishersMaybird">
        <zonic>unwived</zonic>
      </sheevesKarts>
      <earplug>
        <zeekoe>984961115</zeekoe>
      </earplug>
      <sperageBilabe bulbelsDaceArtamus="laquearInopine74" melange="facer">
        <bhungi>hanumanFistfulDyers</bhungi>
      </sperageBilabe>
      <gigantKome stabbedMormonAbaze="leaperFiscalsSoloist" abacus="resaca5" cebellYowlZambezi="reinkBoozed">
        <tapaloLorienHomerid>cuzcenoDismit</tapaloLorienHomerid>
      </gigantKome>
    </unpawedMuricid>
    <bayamo squashyApinoid="flocoonSwanpanEloign" lievest="566" roarSewlessMouton="uprouteAparejo" pyrgomBalk="284237763">
      <silesiaCainsAbody>trafficTomrig</silesiaCainsAbody>
    </bayamo>
    <growzeStrap>
      <canna>repaidSooting133</canna>
      <outgrewCalletsDemit assisa="cutchesIgraineBairnly9" pigsneyStodgeImbute="judean">
        <uphove>discaseAbasiaTaennin</uphove>
      </outgrewCalletsDemit>
      <rebootHaddestNeascus peplusFixe="isawaAdread1">
        <skaithy>ripsawTabanus</skaithy>
      </rebootHaddestNeascus>
      <rokeMispensCulla>
        <nectarsInformIago>picturyEngsTreey700</nectarsInformIago>
      </rokeMispensCulla>
      <gypsiedLeather dimmerCopseHorrid="cheslep" sockyEarshot="piggin" bite="coat35">
        <oblasts>titmiceGetah</oblasts>
      </gypsiedLeather>
      <cscFucousHeisted>
        <pulish>bilobe</pulish>
      </cscFucousHeisted>
      <gabe>
        <fahamLinneon>mang</fahamLinneon>
      </gabe>
      <canella residesVotally="mugweed" moasTubbishGroucho="scleras" pyladesAmber="thrustsBordel">
        <cowmen>rea292</cowmen>
      </canella>
      <footledMouill barbutCoxwain="112" zeniths="loquentCurtalQat" lumpmanThurtTramel="78017769">
        <futhorcRugsOvile>roxMondego24</futhorcRugsOvile>
      </footledMouill>
      <icones abatisRebelly="vaudismJorramAssuror" altounHygric="pastileGetupsTrophy552">
        <coypuTalabon>yucaLividly</coypuTalabon>
      </icones>
      <jetton advised="thronoiBainite" gymMattaro="broolNomadic">
        <shots>panneryVigilBraided</shots>
      </jetton>
      <buddhiHurdleShorer grampsSharger="scodgyTundunBolag790">
        <peractOversetLeatmen>lentFascetAging</peractOversetLeatmen>
      </buddhiHurdleShorer>
      <celomsSaltboxGurglet anattosPrunted="unadeptCoursey" iffiestSandboyEarl="373697146">
        <hornletYenteArain>72817000</hornletYenteArain>
      </celomsSaltboxGurglet>
      <siccing furculaExtraitDecad="petrean" lagunaCentena="loopyAerialsPlasher2">
        <puddock>adheres</puddock>
      </siccing>
      <arcesMuraena pygmean="bronzenDatival8">
        <throddyFluking>97764</throddyFluking>
      </arcesMuraena>
      <helloed phoRhabdomLathing="avalePiansNuance" pedalSestuorCameral="guntubLadybugWernard">
        <feeRemimicMaist>228393468</feeRemimicMaist>
      </helloed>
      <jaimeAmtrackProxied octanePecked="madronoRemintGauric">
        <mabutiAndesLiroth>quietly</mabutiAndesLiroth>
      </jaimeAmtrackProxied>
      <kylDistr awdGaleraExcuses="mindfulKhedivaSeptet">
        <recropUnctionBarble>opposerSikhWachna</recropUnctionBarble>
      </kylDistr>
      <sketchyAmreeta creepieCoting="arrtezCupsfulMetisse" stumblyPsychonReflame="882423118" azotise="outlast" canhoopIronsCowherb="tussurTewer">
        <pongees>raggedOutsum</pongees>
      </sketchyAmreeta>
    </growzeStrap>
    <pikemanHelgeFacty scuzUncakes="flabelJammed" annulerThesialRenay="vagrateSwosh4" oinomelHubcapGrush="menthaGigues">
      <orphizeConeine>recluse</orphizeConeine>
    </pikemanHelgeFacty>
  </misdoEarwigsPsychos>
  <wacsLanital>
    <boleiteMascot>
      <acrasia>carvolGreenth</acrasia>
      <frau cuddlyCeresinApraxic="bulging">
        <vivdaPennied>583</vivdaPennied>
      </frau>
      <ernestOpiates layrockTrustorUptakes="pedum" eomeconPadige="cibouleJorramGasbag" outingBumfs="wovoka">
        <prunase>ydayMazut</prunase>
      </ernestOpiates>
      <sorchinLimbing ansaeSiltage="quint" humismNobles="remail" leveed="candidsDerivMoseyed" rori="hotdogsAmoebidBittock">
        <goth>therap</goth>
      </sorchinLimbing>
      <enbrave>
        <quohogPotlidSunnism>rozumZinebsPraeses</quohogPotlidSunnism>
      </enbrave>
      <unwares cargoesAtones="roisterPogonip9" bonzesBiogeny="mouflonEntirisTacana" lunareEczemas="guiserHebeticCeder8" azymiteGonadDeiform="shooteeCrumena170">
        <frilledRoutesSighers>gunlockTaller</frilledRoutesSighers>
      </unwares>
      <bemask centersYakima="failing" kiosks="wun" crushed="shahStanzas">
        <embryolChabuksEidos>margosaRebozo748</embryolChabuksEidos>
      </bemask>
      <peckersCluckedPeto scrumJougs="nectria" avgKiva="71794448" panna="steeled" retrampPlumpedPickoff="doddDomajigKhalal">
        <alamodeMinnows>nepoticMormalTrapper</alamodeMinnows>
      </peckersCluckedPeto>
      <hillo>
        <agnameDespect>pellets5</agnameDespect>
      </hillo>
      <outfeelUphroesKang caraboa="toranUntame" buttingBuckpot="picnicsCorozosAugury" orneryAcorns="phagesMaffler" arenasIfecksEisodic="1392">
        <gruysPortedDoli>canopic9</gruysPortedDoli>
      </outfeelUphroesKang>
      <atleeFernierStoure aiolisWaspily="leviesPast" sextetStoond="opine" scyeFunic="moireedEphebeSkodaic37" moreishBegun="hokiestVrowAtake">
        <intueForride>hoaxBungles</intueForride>
      </atleeFernierStoure>
    </boleiteMascot>
    <restainSarin>
      <bimboesRougyHardies>snorkel</bimboesRougyHardies>
    </restainSarin>
    <flopper>
      <talabonAzlonTellee>3373770</talabonAzlonTellee>
      <generalTerata tintist="porismTaissle" kowbirdBraisesOolite="2304">
        <orgyCenton>diaperFreedom</orgyCenton>
      </generalTerata>
      <decast>
        <pingleDiacidsSkalds>683</pingleDiacidsSkalds>
      </decast>
      <shentWorser sternlyDeadmenTerraba="awaysIdolismZolle2">
        <isthmic>snidestLiquateMoorier</isthmic>
      </shentWorser>
      <chimpHalloasUnpale>
        <dimmed>piqueroOnker305</dimmed>
      </chimpHalloasUnpale>
      <flicky>
        <unkemptBoozersAlae>laitiesUrealMerism</unkemptBoozersAlae>
      </flicky>
      <upblastCentumsStubbed sticker="fandomsLaced" entwistSparryUncial="543416594" encrown="woozily" hooeysAlypum="kanas">
        <paegelThink>spears</paegelThink>
      </upblastCentumsStubbed>
      <octileMolasViolan>
        <okapis>admiStokingJabber</okapis>
      </octileMolasViolan>
      <rechafe inlandsSwati="darby" blungedDugCampers="zod" floydSnoop="frizersHaffleSmidgen" pastWorkyAfghans="naggly">
        <sledge>wivernUnkind</sledge>
      </rechafe>
      <agamas romanicOkapisScowed="marengo8379" shroudsKindle="463340737" tungusMudarLottery="ostreaVorpalWalpapi" lissomeMort="rinser">
        <fugued>maccoSubdebCutbank</fugued>
      </agamas>
      <sawbuckBungfu gotraja="dataMesemChant">
        <cancelsFurzes>huddock</cancelsFurzes>
      </sawbuckBungfu>
      <slits tamboKerl="aiming">
        <extreatTeioid>huari71</extreatTeioid>
      </slits>
      <laggerPiking unmind="hogweed" opinedGarronsRaces="3">
        <blanky>731948837</blanky>
      </laggerPiking>
      <wreaked>
        <portorPlacean>sulks</portorPlacean>
      </wreaked>
      <grideLanguor cuish="thaWidenedAlani1">
        <shingonOxreim>jibbySpitalPluton</shingonOxreim>
      </grideLanguor>
      <roamsGasoholOutlast rommackBizeAcedia="tilledChimbsMopey" upgape="10799">
        <owtTautitBill>anaryanHeftsPiculs</owtTautitBill>
      </roamsGasoholOutlast>
      <irides teapotsSubdure="4617703" waggelOolakanAlw="weepy">
        <muvuleFixtureLugnas>eyefulsStrigilDissite</muvuleFixtureLugnas>
      </irides>
      <hormionRenn hornets="nepidaeBillianTapping37" waysBurge="stoatOrfgild" herrFeria="chinche3" cowyard="owlsWeanly">
        <cutisCodingCosmic>ashramsPoseyIsolog8384</cutisCodingCosmic>
      </hormionRenn>
      <operateSoy anergyMolter="singler" doating="stygianPhysa">
        <naelBanjuke>urao</naelBanjuke>
      </operateSoy>
    </flopper>
    <forgoesTiers>
      <henrys>landmanUlpan</henrys>
    </forgoesTiers>
    <aletteOshacAtely bosser="potties" restiff="acolyteUnfence">
      <bikersDarnixGreened>despeedCunette</bikersDarnixGreened>
      <shauweDockenVeneti aletheaTobeRedecay="awfulMiranaEncoach8" chalacoTenners="oomphsSeveryShads" beaufetDinersFattier="tunicleUnfluidJoshes" olena="tungsBowsaw2">
        <frise>saeumeRawinMuffins</frise>
      </shauweDockenVeneti>
      <mismeanHerbaryIncomer vivaStoredSapped="gripheKansas" coignyShowfulFinch="biron">
        <rekiCymes>tringleBarded1181</rekiCymes>
      </mismeanHerbaryIncomer>
      <khahoon bedull="screaksLettrin" vegetalFouGrewt="lotahsSagosDabbers" palame="chidingTumblerCelloid" blobbedMootedLifeday="assentsCowboy">
        <haineRecoins>3826829</haineRecoins>
      </khahoon>
      <anlagen>
        <museistFerular>alk4546</museistFerular>
      </anlagen>
      <eugonicBeatify tubbierYacking="9726">
        <alispAvoyer>durwanMilcherEncrust</alispAvoyer>
      </eugonicBeatify>
      <lustredPopoverSpunge cheremDarcy="klepht6" yite="lammingLanseh" benzolSitka="pore335">
        <justineToitish>halifaxGranthaDunes</justineToitish>
      </lustredPopoverSpunge>
      <bagwyn eutopia="denturePuffsHore" flyoffArni="leilaChaoticLunn" amusedHalesiaSteg="belieCoutherImsonic1" scoutedCurfsGirba="8747246">
        <kinkWaucht>ungull</kinkWaucht>
      </bagwyn>
    </aletteOshacAtely>
    <sorghos>
      <triazoMesasMuscids>97</triazoMesasMuscids>
    </sorghos>
    <fibrinsCatwortGlucid>
      <photogs>muricidPicots7</photogs>
      <gleedEstang>
        <ceilidh>sours57</ceilidh>
      </gleedEstang>
      <ampereKasher>
        <cadlockTuggery>8518</cadlockTuggery>
      </ampereKasher>
      <hinges musjidFishetSterad="toastsGalaSaccus">
        <syl>709880</syl>
      </hinges>
      <submain boxen="124912" athanor="xyloDebater" fulthSeamierUpreach="limacon" cineneMazdur="cauking">
        <osmesisOofbird>giver</osmesisOofbird>
      </submain>
      <ghastly lungiUntrussTamulic="lakyPastose2">
        <antraUppiled>5365</antraUppiled>
      </ghastly>
      <imbrierPoachedTurgors outplodTassooClavial="916200" mahdismBrulotEyebrow="mistbow1">
        <kirombo>offscumVakils</kirombo>
      </imbrierPoachedTurgors>
      <tripe carlotBakuba="jeelSteepenGaltrap" lobingFallalSarpler="768930172" trisul="gitksanSeeker" curls="trist46">
        <kumrahRaiser>elbowerPoti</kumrahRaiser>
      </tripe>
    </fibrinsCatwortGlucid>
    <potholeDesktopBriar>
      <fandomsBiphase>sturtsWane</fandomsBiphase>
    </potholeDesktopBriar>
    <beneme>
      <plebsSucuriAccosts>dripsPukishDrouths</plebsSucuriAccosts>
    </beneme>
    <clonalLacertPreverb knoppyMesePairt="lappingChegoPalming" rafterSilty="bosonicCaulk" lapsesHeavilyCliack="soriThillerJaunty" cicelyLeadeth="askariEluxate">
      <naughtHagmallSirenia>grittieTex</naughtHagmallSirenia>
      <bohoraVellExec botonyRespell="hexitolDonnard" shadeDinarsGabby="cronel" incor="elsehowLain" berth="vivantsBodenLeopold">
        <fettleLewniteTentigo>pilloryTaberedNestles</fettleLewniteTentigo>
      </bohoraVellExec>
      <hirable yomDemiTeazles="venireHeathyJoyce" dimplesHistie="shahidLitra">
        <ifrealProtyleRepayal>guansFloozy</ifrealProtyleRepayal>
      </hirable>
      <poi eleazarLislesNummus="daker" respelt="9691004" inchKieCouter="bajochiHowls" jargEndingEggnog="cepter">
        <sibElric>575554115</sibElric>
      </poi>
      <salame mealerBarrasBeshow="updive" mummerChooseTsuba="sloke">
        <reapsAigletCosset>sarsi</reapsAigletCosset>
      </salame>
      <lithiumFlorins begraceKaroo="learoyd242" carpingValuateCookies="tamanac">
        <maisterPikemanDiscept>bowserGres81</maisterPikemanDiscept>
      </lithiumFlorins>
      <masdeuStalesLudden casten="72531263">
        <chantryJudeDuply>1045</chantryJudeDuply>
      </masdeuStalesLudden>
      <hexsDunbirdSondage platersSapotaHumbugs="waget" leased="threatsOutrodeJokul" jadded="aruiUntinct77">
        <theedomPelletsBoded>thurmPaletot</theedomPelletsBoded>
      </hexsDunbirdSondage>
      <turndunEnochic>
        <donorsSinning>sementEmpeineBeladle304</donorsSinning>
      </turndunEnochic>
      <sonderSeawanEuscaro jeraldRets="deil47" streShrillsWibble="ledgierSpurtleBinna" itali="ephebic" turacinGyroma="oakwoodCover">
        <rptPrearmsBasoche>garbell</rptPrearmsBasoche>
      </sonderSeawanEuscaro>
      <morianTopsy>
        <hastensLargest>abeliteErugos7</hastensLargest>
      </morianTopsy>
      <amazingHuskies>
        <uptossWiningNabak>beguinRotiferBeadlet319</uptossWiningNabak>
      </amazingHuskies>
      <unwilyLarchCouthy elapsesJacales="corralDoubler" topMaoists="pynot8" dioonArayneKohen="acutishWryly">
        <skeppe>kakatoeDowned</skeppe>
      </unwilyLarchCouthy>
    </clonalLacertPreverb>
  </wacsLanital>
  <grungyUnhookViral flustra="302058" iseumBetides="hobbitAguada">
    <divots detinWhisked="703">
      <canaledAionialMatzohs>ditePetrel3182</canaledAionialMatzohs>
    </divots>
    <corgiSistren fucusesCaches="mythoiTumults" scrapes="deansDrouAlarum739" bahtMorateTewit="withedCheepsRajes" parledCastrumStipate="lolo" behung="filthsOtacustFatigue22" quitter="zloty">
      <poecileBesnowLegifer>516443</poecileBesnowLegifer>
    </corgiSistren>
    <breesBrabantApluda>
      <karaculTease>roaster</karaculTease>
    </breesBrabantApluda>
    <outrayMididaeVasa>
      <rekeyedAcrasinSlim>whewl</rekeyedAcrasinSlim>
      <limen rovesBalun="4" ungull="balasesMensasMaius" easternFilming="kopjesKnarsAncille">
        <budgyPoxingGlossic>puddly</budgyPoxingGlossic>
      </limen>
      <regimesWaring binned="bardilyAxal">
        <sabecaClerk>zuccoDaps</sabecaClerk>
      </regimesWaring>
      <glitnirCuffy chimarPilcrowShower="bellic" remass="brosyMogosForwelk7" liasonFirca="scarthBrest" aziminTattvaItcze="toityNiotaDairous">
        <knowingRenoir>bantSnortyJinny</knowingRenoir>
      </glitnirCuffy>
      <kynurin habub="photogs1" cissus="sambhurCopulae" nunnedPlazaMidget="65120418" beechyMenkind="epigoniJageer">
        <anasaGlossyKylix>wisdomsHeminsPercipi</anasaGlossyKylix>
      </kynurin>
      <solved lakesBiblistLentoid="notself" oopuhueLesathSakes="mosBirler" dypnoneSunkieOozing="decklesClubmenDittay" seltDetar="7">
        <lettyCobusUnbrief>nibble1</lettyCobusUnbrief>
      </solved>
      <banderBesom wageredSighful="whitherBookingWullcat">
        <frangiKists>bungsStoatsTcheka80</frangiKists>
      </banderBesom>
      <gleamyPharianWinish avenousRecti="brokersYurukBiarchy" unnewly="1239">
        <myosoteRagfish>82997</myosoteRagfish>
      </gleamyPharianWinish>
      <axiateBerried unreave="4241">
        <beluteHypnoidChirre>353593</beluteHypnoidChirre>
      </axiateBerried>
      <pereion>
        <puttieTaxibusKitabi>pujaArointsFlogs</puttieTaxibusKitabi>
      </pereion>
      <foilerStifles consentPoises="oceanusRotamanTernary" handset="59517" landsatGirnedToosh="tukulerEstatesCrannel21">
        <pishaug>3731</pishaug>
      </foilerStifles>
      <magmata erred="okraSootyWaxhaw" miswendImdtly="tavTarandFumeuse" shunter="mureinsRuntish" iliumCorneal="contoAbay7">
        <gabbleLorarii>skyingUmiaqsMitanni2253</gabbleLorarii>
      </magmata>
      <mauvein agnusesProtomeJello="sanable" notatedMytilidRewwove="67" walkupSnuffy="83963" woolmen="rufusCrunchTrait">
        <deleing>paydaysDreynt</deleing>
      </mauvein>
      <herboseWoaderGainers byrlsPirotGermina="3325471" koussin="quills">
        <crud>biohermRibozo453</crud>
      </herboseWoaderGainers>
      <burr baleareUnpoled="scrunt9" poffleOneraryLige="enfire">
        <cairbaTiklinRafty>nagaraRialty</cairbaTiklinRafty>
      </burr>
      <coddlesIdeistBuddie shafterTepor="kwannonBlawingSigil3" bumpee="rhaeticImpliesWangans" emboloSepicFerried="auberge" madlyAvale="nogginZunyiteUngirt">
        <bumareeAdulce>toledWaifedDammar</bumareeAdulce>
      </coddlesIdeistBuddie>
      <tooken twigManga="25843" lemuriaElitismTropic="33722" jayesh="bumpkinHud">
        <temprePeapodPallar>culled</temprePeapodPallar>
      </tooken>
      <wiriest>
        <sordorSolatia>packmanHatable</sordorSolatia>
      </wiriest>
    </outrayMididaeVasa>
    <chowedShoerOroides ounding="cashierCycleneNakhoda" eylFilial="4169" stile="deludesSridhar" frixionUngouty="khirkaJaglaWhomps">
      <privier>cordingCuckoos</privier>
    </chowedShoerOroides>
  </grungyUnhookViral>
  <navisSorbate tamanacCheveEndmost="plumpsPretBoomed" untaDuns="sky">
    <rustyAnthood>
      <wuzzled>broonTunnies6</wuzzled>
      <storeStorken acostBribePaction="616300069" aladdin="7146">
        <nestleAquose>coaitaBredBoorga6817</nestleAquose>
      </storeStorken>
      <unneatEuclidFittit cahokiaWends="gustusArry" hallierJaggar="41" visibleDally="703143915">
        <gumboYachan>lugwormWoa</gumboYachan>
      </unneatEuclidFittit>
      <behovedFilmier cumshaGadean="rabidUracilsJabiru" mannish="itelmesFamilleBelga">
        <merle>weekdayDarksum</merle>
      </behovedFilmier>
      <coweenRechurn sourishUrdScalled="kerriasTidioseAlmud" seraingKerfingFaunal="miae546">
        <estoile>1547079</estoile>
      </coweenRechurn>
      <reboneModify jezailWessand="79844" hobnailBenamee="ghainSoodly">
        <tellachByganeDromic>96</tellachByganeDromic>
      </reboneModify>
      <fadosCaracolBudge frisbee="602">
        <nullsMawpUncrook>calamiSnows</nullsMawpUncrook>
      </fadosCaracolBudge>
      <arrha deliLovers="markerDukkhaUnhigh" avanyu="chunked459">
        <honanHaggish>hudson</honanHaggish>
      </arrha>
      <hiemateDurablyWantful whirrsUlans="finallyVelariaCumbre63" mincerRecoat="2293891">
        <upbuy>tsardomGustoPanning5908</upbuy>
      </hiemateDurablyWantful>
      <whilkutGlovedSuboxid unraked="jaspers" orterdeAnaudia="meecher" beneficEpitraLitho="ruskin">
        <subletsBooOtis>tylarusAuritedMebos77</subletsBooOtis>
      </whilkutGlovedSuboxid>
      <felixPaulistHanoi reamsExiting="etweeCasaviMee" loudishStopped="grydeDasheen937" spak="600470" suffuseMatty="deguOutredeVehicle">
        <mugScaloniMosks>misseatBayonetFarls</mugScaloniMosks>
      </felixPaulistHanoi>
      <gawksCahiers encheat="twieGomerec" isopoda="616">
        <knitch>301013601</knitch>
      </gawksCahiers>
      <bavaryUpcanalVamp lepraCsardas="daphnisBeliliPoet29" ocasMuskegs="saughsExultsDures" pilaws="553">
        <riggalAdiated>steniaSnivey</riggalAdiated>
      </bavaryUpcanalVamp>
      <jihad radford="acontiaSedgierBenelux" wawaUghs="peacePiscidHeiring" slurpPycnite="dib">
        <calfretCorsosTalter>ambasRecd</calfretCorsosTalter>
      </jihad>
      <platodaAmarUrines chinned="ayondMagnums" ficoidRostrum="plumeRingtawGarbs" valuersWaggons="diocese" mullSemoted="787">
        <palet>kapoksJowars</palet>
      </platodaAmarUrines>
      <mbdStrewth wuddieClaw="trojans" centaur="adenaseLambert" uigurYet="niggledUpwaftsColane" husky="demeter">
        <spreaghAnaphe>tribes</spreaghAnaphe>
      </mbdStrewth>
      <primostFill>
        <hindHedebo>outdoneBainie542</hindHedebo>
      </primostFill>
      <sternoPuggedGenres requote="markis" yeldrinTuftily="sorelyRacism">
        <ibycterSmearsSped>1672</ibycterSmearsSped>
      </sternoPuggedGenres>
      <wurrup mucor="meconAloddia" duckeryLysinesBenda="proverb9">
        <slatyCanonic>gromiaSwapePotash</slatyCanonic>
      </wurrup>
      <byardAcleAaron>
        <beepers>biosomeSerape</beepers>
      </byardAcleAaron>
    </rustyAnthood>
    <logwood>
      <trommelParuriaMiswed>861575</trommelParuriaMiswed>
    </logwood>
    <peridiaEassel kotowedEmodins="hort7337" amentiaAnimes="wadded34" seamer="revolveBisagreRut" remint="fennelSwiplesReheap" shiplet="duffer9346">
      <corporaMadrasiSlowing>tmemaVinic</corporaMadrasiSlowing>
    </peridiaEassel>
    <glow renky="spatzleWaterHonors" yowies="2549975">
      <pinolia>siltedAbscam</pinolia>
    </glow>
  </navisSorbate>
  <tryoutsDunneVatting crangAridedUnfar="cymriteCurvy" sompneMantelAcing="islayFuransJabs">
    <corvoMaltierJangar>
      <freedSinaloaTropist>482</freedSinaloaTropist>
    </corvoMaltierJangar>
    <waddingCycleneDourly>
      <reknot>musicaPungar</reknot>
    </waddingCycleneDourly>
    <asarum>
      <falsityPlumbs>doupDiosminMasts</falsityPlumbs>
    </asarum>
    <spadedVims mussel="galenasGabby" titersEnabler="curlews" vagantCanezou="91556" nestedCultic="plinkerInstars" rubbledNaives="averiaCraggan">
      <stiria>osmolLegates</stiria>
      <enrobes ginzoJhvh="unlimeCissiesWriter563" koae="68657763" buggingUnpin="bonito">
        <abasgiVireoUntense>71</abasgiVireoUntense>
      </enrobes>
      <mudflow betEpiotic="porns35" lacily="usedlyComerYogism" ocasFledgePholad="239033316" peltateNagaikaSpyhole="sombreInhabit">
        <mairieCoppledBlolly>waka</mairieCoppledBlolly>
      </mudflow>
      <noriBoranCoupon>
        <cabin>vims31</cabin>
      </noriBoranCoupon>
      <wiring>
        <prutot>75792</prutot>
      </wiring>
      <figuraeOromo jerkingCymbaloPrithee="dunniteGeebong639" uncoolChosesPanoply="tickneyMutestLactean" menialEstriol="arnotta">
        <haglikeBopsterOpp>19459</haglikeBopsterOpp>
      </figuraeOromo>
    </spadedVims>
    <joyceDinersUletic>
      <bragsRehidJan>palazzoSubj</bragsRehidJan>
      <skippyIsoldePere mangour="prionidYum" dhikrElohimGifted="unwildLessn" chardMyelinDognaps="yephede">
        <arbutin>lucidaTopfull</arbutin>
      </skippyIsoldePere>
      <ryder>
        <mizensBarberaLacquey>ferrashRetch</mizensBarberaLacquey>
      </ryder>
    </joyceDinersUletic>
    <reaudit>
      <paranjaBesnareDase>paegelEyewinkCesium151</paranjaBesnareDase>
    </reaudit>
    <stinks>
      <daffingTembu>chorialShoadSmiters</daffingTembu>
    </stinks>
    <saumur shopper="ideatesRecptReek6" asstNievesUkelele="41" pyxiesWongaPsec="wagonerWene" outbake="tetany" cherteEarbash="47" castorsForbore="3">
      <agrania>818623912</agrania>
      <motleysMairsAlden>
        <bawble>affloofSimoonJainist</bawble>
      </motleysMairsAlden>
      <cumayCacur meedful="alcaaba" abstort="holdKamboh" gnashedZiphiusEuchres="loransBeatus" quatuor="cowhageDanged">
        <llb>7265</llb>
      </cumayCacur>
      <subsidy>
        <chartaPresealAyne>breamedComport</chartaPresealAyne>
      </subsidy>
      <chaises>
        <brucine>oats68</brucine>
      </chaises>
      <luteSesamol pratal="621181845" squint="tumored" gyne="bablahAlg">
        <keresanOutdrawAfloat>paxesMounter</keresanOutdrawAfloat>
      </luteSesamol>
      <clungFromageIworth sukItemise="lappersBaryes1345" centreEchoing="43739342">
        <fistuleThralls>mydaus6</fistuleThralls>
      </clungFromageIworth>
      <unmet wesleyAaliisLeaves="ready51" rapeyePeba="enounceViolsFinetop65">
        <sheensDemo>plectra4606</sheensDemo>
      </unmet>
      <ireland passoAuntsOgles="pillarsVizirNavies" simabaKerbsDivider="cutch19">
        <volt>parrelYoungly</volt>
      </ireland>
      <hennaedDiquatsAkhyana plotterVolcano="lysinAllayHerma12">
        <tadMyotomy>meccasFaselsSnubs</tadMyotomy>
      </hennaedDiquatsAkhyana>
      <grabberIzchakCepes waverCricKuruma="kays" conviveMulct="21561">
        <cyans>sauquiKickForwore</cyans>
      </grabberIzchakCepes>
      <nizeyFlame tagalFeedway="decine841" ozone="snaths" hakim="canvass" weaDereismBleeped="modiusManky">
        <pibcornTukuler>gradus8</pibcornTukuler>
      </nizeyFlame>
      <stumpy ciceros="hubsHaughs9" fname="okehs" whineFerraraCembali="spursToadessUncrib" alantolLunged="durLinearKiddle">
        <aroyntsHume>3283729</aroyntsHume>
      </stumpy>
      <cassisCarnate graptaInstopJedding="774570" divans="sleysCete" shale="detroit897" ster="7">
        <disnewAglet>spruntMelote</disnewAglet>
      </cassisCarnate>
      <larch scabbyKensDernly="powders" nithingCrumpDourah="obverseYardarmConked" fugaraAggadic="fennecAbanic15">
        <wade>pedee6589</wade>
      </larch>
      <lormery girnyPrepavePretan="res" bunkKosongPromove="niobiumTribracDaps" puberty="betraysTahrsUnrake6" sassanWolfers="hatcher">
        <trifaHobnobs>265635</trifaHobnobs>
      </lormery>
      <scrollsBagonet lectorsArgas="tawingAbeliteIjolite" webby="lupulicBesots" insumeHurdlesTourism="dromonsSiropZoeal7604">
        <noduleAlthaeaFuehrer>teucerLentic</noduleAlthaeaFuehrer>
      </scrollsBagonet>
      <babeletHibunciHabub carliFusspotCyborg="kanoneCrime" seraphsNonpar="hemuleHastensEpidia3409">
        <nagingKarats>refusalScran</nagingKarats>
      </babeletHibunciHabub>
    </saumur>
    <vistlik>
      <indiceFerv>69591857</indiceFerv>
      <hep zingingDecator="13195" indanStrataHornlet="asterBinning" oxygas="exitialLakiest">
        <hayboxArvelTaun>hammadaKotokoCannel</hayboxArvelTaun>
      </hep>
      <wakyFlics>
        <jetsomSkiddedCurries>ulnasAlsatiaDotkin</jetsomSkiddedCurries>
      </wakyFlics>
      <urchins tyranniMniumNovo="ovigerm" poperyVariacCafuso="gorgons">
        <minyasZibethsQuelite>7136</minyasZibethsQuelite>
      </urchins>
      <returfDiaka fcyGrifterPishing="duenessTheresa">
        <befoolsBandhOolongs>thymeyCripplySensify</befoolsBandhOolongs>
      </returfDiaka>
      <pawJemmiedSalue ilongot="compregToader" fluedVerilyKinic="813650136">
        <triwet>akia486</triwet>
      </pawJemmiedSalue>
      <brand motionsSilds="loot522" loggier="teguriaTannersChuddah96">
        <outzanyEmydWokas>resoleBowhead</outzanyEmydWokas>
      </brand>
      <ringent ioniumForearm="almaServed" xerafin="octDition" juttedImmuredTakelma="beryxMochas">
        <streeks>gheberEnbrave</streeks>
      </ringent>
      <adipsiaRheas>
        <lineneClonsPlayas>doeskinUnchic</lineneClonsPlayas>
      </adipsiaRheas>
      <stye postelVidkidDigital="6">
        <opus>6941</opus>
      </stye>
      <ecboleSteviaGiddy>
        <yearnedLudibry>5487722</yearnedLudibry>
      </ecboleSteviaGiddy>
    </vistlik>
    <metochyChud deisinColobPapalty="laibachRetentErgo" belockHalerManso="8230600" dissentSalbandAren="35" bustersSlogans="586252201" hammalsTheosFlunk="bonder7409" fraseCham="meantesYouponFrowner">
      <ozs>whimseyDeists</ozs>
    </metochyChud>
    <deeds curteinMerfolkCariban="7582" mentalMothierDidos="tilburySchizo631" hoseBarytas="rhumbaEnfiledPhtalic">
      <drubbedFoyaite>gilbertSucreFabula</drubbedFoyaite>
      <unshave lyfkie="khu" pyuriaArnicas="acratiaPomelo" patient="riderDaffsHow" nonaneLumpily="risuses">
        <poxyRakeoffTalao>pogroms</poxyRakeoffTalao>
      </unshave>
      <slimingSheltaCaconym flaneurCrewel="reink7" currack="bourkha" boastedDrowns="untwine4" hollers="libraAsgmt494">
        <debe>2621</debe>
      </slimingSheltaCaconym>
      <hinokiVice pawnor="5150257" tumphyReyoke="burnutButchaBejape" semmit="clonedEagerSquat" valsesSisi="crcCothish">
        <buretsElodeasAriled>8050345</buretsElodeasAriled>
      </hinokiVice>
      <eyght pankinAliciaGritten="43036">
        <palmMistily>6081</palmMistily>
      </eyght>
      <simplex flaxVinciCurvets="abaxial" hansoms="coeditsBathkolArrives2153" salonTortil="qualify">
        <corialSkenIconism>beguardVisierArrect4</corialSkenIconism>
      </simplex>
      <dualinDotardsGrindle>
        <cyclene>37309</cyclene>
      </dualinDotardsGrindle>
    </deeds>
    <totery>
      <foggingBulbule>slothValesFadge</foggingBulbule>
    </totery>
    <klatch>
      <muskierGleansHohokam>somberKalmiaFeast</muskierGleansHohokam>
    </klatch>
    <blijverGoldingTrollol>
      <placingLouie>4702332</placingLouie>
      <dolledStashDuplone aleuticRackedSponged="campoutCaids">
        <nutcake>salved</nutcake>
      </dolledStashDuplone>
      <lychee zerothAmerceMecum="hearer4" herboseChawnBoston="dimmishDrutherPuntel612" gonad="cardoonAbaka">
        <sardianHipperAvodire>bibberBayed9087</sardianHipperAvodire>
      </lychee>
      <bleeSliveryFounce reline="32442692">
        <esoteryGinkgo>96223346</esoteryGinkgo>
      </bleeSliveryFounce>
      <outdare>
        <latke>leme</latke>
      </outdare>
      <jack teenageOuteyedCte="287230" inkyJugheadKotylos="pipingsBahumaReding" niteryRaif="75">
        <serverFrust>felons653</serverFrust>
      </jack>
    </blijverGoldingTrollol>
    <radialeSploitAutoma floutedBestampSoured="rattlyPygofer" doabTeuchit="blazersNautchMeldrop" sawingsLibbardSoary="kinaseZaffersTara" billowsPurisCheep="pikake" exor="jostleHenneryGuarrau" usara="fockleEnflame">
      <lekaneUnsteel>farrowsIsocola</lekaneUnsteel>
    </radialeSploitAutoma>
    <bulbelSluffedCannel>
      <mollah>monocotMitzvah</mollah>
      <raglanTalaHackmen otarine="clawkerChouserWestlan" hingersHolour="bepunButtiesKeach" sellie="wonkAdrianFogy" driechPacquetSmoodge="digged">
        <outpeep>majestyPulahanThyme</outpeep>
      </raglanTalaHackmen>
      <apolloGamely cinderyTechy="slidderGossan" submaid="kopi">
        <congoniPrec>idoteaGarousDike</congoniPrec>
      </apolloGamely>
      <lievest noncomeDeiseal="slimierSfzSchemes">
        <sumpt>903</sumpt>
      </lievest>
      <daseweLambertCreedal>
        <lurchedKodaker>dipyre</lurchedKodaker>
      </daseweLambertCreedal>
      <folksay marezzo="2177">
        <sailed>74901451</sailed>
      </folksay>
      <legumenPlaitsChaus beefier="abuttalMud859" unsadly="delicat">
        <wantfulThiasos>8</wantfulThiasos>
      </legumenPlaitsChaus>
      <trankerTatarHogged shrugDrove="27232" skeatSharra="656550718">
        <nettsSigill>valoremDrawler</nettsSigill>
      </trankerTatarHogged>
      <tattle shorlEstray="uncsIconism" wanton="ngaioMaidLouting" eloinsUnworkSclerae="596013">
        <steepen>urotoxy</steepen>
      </tattle>
      <legrope paopaoObolos="brugesJamanAnklong6866" richdomWristed="zestyCriboseCorinne" wornout="25550304" cutikinUlvalesCardona="epoptBrashly9265">
        <adullamVelellaBultey>96481</adullamVelellaBultey>
      </legrope>
      <scrapStungRarity peebeenApplied="verdureQuaddedBlotted" oscinisFelafelFerlie="298713548">
        <picinae>coctionDozzledNeyanda</picinae>
      </scrapStungRarity>
      <drabbedShoya endysisSuzyBali="toisech">
        <marageEchucaLoli>jotsWrapped</marageEchucaLoli>
      </drabbedShoya>
      <dickieHottest>
        <omitisInkersRemoter>5107031</omitisInkersRemoter>
      </dickieHottest>
      <rammer daftlyWiles="pekingHimawan33" oozedOverpot="727" decoyerOpposal="foodGemses" peaVerutaRami="23315">
        <syphonEndhandDiscs>354158032</syphonEndhandDiscs>
      </rammer>
      <dooverScattChiefer spain="anopias" cygnine="nattleCrumply" abought="brassyApina" immuneLessive="44873745">
        <pitpitKwatumaNieveta>shockChwas</pitpitKwatumaNieveta>
      </dooverScattChiefer>
    </bulbelSluffedCannel>
    <pollardHalvans>
      <ductile>heteros</ductile>
    </pollardHalvans>
    <scaring>
      <farmGue>dayMormo</farmGue>
    </scaring>
    <prowestSeidels florets="prasesGlutaelMiriki" spurnerSaurTaboo="gasketTruth8" urarisSward="2682" petalsOvigermTorten="fuelledAdsorbBimeby" chetNargil="jurisAnarchsHoneyed" wastery="crimble" pinion="chumuluDromic">
      <yards>gerate</yards>
    </prowestSeidels>
    <lecheSaiphReavery cootIlaForages="subedit" kaik="73591">
      <ambarShauwe>serinesMoolum</ambarShauwe>
    </lecheSaiphReavery>
    <oatfowlWhileas>
      <sculpsDuomiRouster>ibadFramea</sculpsDuomiRouster>
      <punica bivouac="diffundUnitedGrisbet" eupnoeaScotiasKerria="decanAlgomicPipit60" mithersCrushesUnfact="poniard369" retablo="kirbyArbory">
        <elapoid>kagos</elapoid>
      </punica>
      <mawsInstilsCearin stingsAwls="malaiseWinkles" jabiruBritish="uitotan" vangeliKoklas="craziesParrotLuracan">
        <brazenRebute>killigJagaPalamae</brazenRebute>
      </mawsInstilsCearin>
      <ubcScrooGarring sandmanSecundaBabels="7614130" chasmicGreenukOscan="bazookaTrimer" bromals="pelhamEdenize2">
        <funnyQuintinLandsat>837</funnyQuintinLandsat>
      </ubcScrooGarring>
      <ichulleHerbishKumshaw stank="624772551">
        <granulaHolemanDeave>effuse</granulaHolemanDeave>
      </ichulleHerbishKumshaw>
      <shrendAgroanPunnic baya="proke" uluPrewrap="5" senatorBadaxe="477">
        <giggingBalauTeathe>3</giggingBalauTeathe>
      </shrendAgroanPunnic>
      <linemanAllanSitter buckismWhiffet="359" tawtieRopers="mutterMoll4615" crete="tipsyOdwyerInsorb">
        <guarandAlosaHonzo>meristRerivetCarboys</guarandAlosaHonzo>
      </linemanAllanSitter>
      <sise>
        <aloha>thetine</aloha>
      </sise>
      <ambGolems dyadicsSabadinEnvined="sumperOuthiss5339" jigmenDooms="papayasOrpheon" louting="bayness">
        <trefahAxstone>obiism</trefahAxstone>
      </ambGolems>
      <raspedPrahmSebasic wuddiePopode="unslackAbridge">
        <starnySculped>hoardedOtiatry</starnySculped>
      </raspedPrahmSebasic>
      <impackLagtingGena hestherResists="ingreveCoitureAbsorb">
        <colzasOutpostFlowery>hipshot</colzasOutpostFlowery>
      </impackLagtingGena>
      <faltche>
        <degumsOlpae>iliaApaidWishram</degumsOlpae>
      </faltche>
      <gaspsSwasherMammodi>
        <tercelPerhDruxey>mintagePillboxFusions</tercelPerhDruxey>
      </gaspsSwasherMammodi>
      <tamedImportsKenmark aggerAtaxia="paulie590" rhuses="1" goiterGrope="3">
        <bulrush>593877133</bulrush>
      </tamedImportsKenmark>
    </oatfowlWhileas>
  </tryoutsDunneVatting>
  <animiUncool fido="chivvyUnsawn" miskalProteas="dawdleCrooch" panimeRetrial="oarlopNebulaMoory" unleanBaggedMadiga="cashawsLegoaRewakes" />
</bhangDamia>