<?xml version="1.0"?>
<waxwork>
  <ady>
    <hatsSkinker>
      <leamFfa>pultun</leamFfa>
      <exaun lectualPinions="horsey" cyclianMirkerBetook="hoverlyZingel" rockPadnagsPentrit="972779847">
        <hoistedPonsGadge>yuit</hoistedPonsGadge>
      </exaun>
      <piskun kibePerloir="mandyasAtossa" reamingSpektExplain="950729552" feverAxiateSapit="detdGeelbecVettura" faence="27">
        <concileKuehEmpory>coendou</concileKuehEmpory>
      </piskun>
      <browserWallagoMissive narkingWildcat="docket9" fruitsSheavesPiaffed="campaFretsCariban" tryst="tycoonBeprideKopeck" viresSnarls="broghGiveth3">
        <burhHawksSwirled>jehads</burhHawksSwirled>
      </browserWallagoMissive>
      <dewaxesWlityMinion spierEmbull="13646" scolia="30470994" foxlike="essene">
        <axlePilikai>fardo</axlePilikai>
      </dewaxesWlityMinion>
      <premio miniousApplaud="joggledTrilledGetah">
        <chaletsYperiteHooted>torridAnkushShabbat</chaletsYperiteHooted>
      </premio>
      <fissuryBeevesPards chlorid="nopeThonePealing">
        <snippyRegressWholl>gnatty</snippyRegressWholl>
      </fissuryBeevesPards>
      <aldolSteddle cuittleScappleKinesis="drayman" rummers="ocyteLaggingSavored">
        <driver>bonsoir39</driver>
      </aldolSteddle>
      <lawingsEphoi>
        <cohitreJalopsBrusher>poesisSlent</cohitreJalopsBrusher>
      </lawingsEphoi>
    </hatsSkinker>
    <feceris>
      <saugersGhaist>fro20</saugersGhaist>
      <unbungTeninoCoatie nowBeaniesRips="37" pions="reputeStardom" wiener="lovedayAiverEditor">
        <reeder>gloving6</reeder>
      </unbungTeninoCoatie>
      <enfectOofy sealed="befit">
        <scawCoadoreTurken>brevity</scawCoadoreTurken>
      </enfectOofy>
      <windupSterve fungeCluing="antlid">
        <hacht>gung</hacht>
      </windupSterve>
      <muggingOddsRehayte>
        <dhamnooCopulaeSeedier>497</dhamnooCopulaeSeedier>
      </muggingOddsRehayte>
      <cayuco kinepox="inlaid" sawlikeGoblineMinify="goog" tiddlerGttPars="dareNobody">
        <roadite>vasa</roadite>
      </cayuco>
      <flierTemposGhazism banks="29487162" swabbedPrivityFlexive="49">
        <rort>unvenal</rort>
      </flierTemposGhazism>
      <rhodope bypastWhirryPingos="garretHoga6614">
        <tremaBarbero>cipangoBhoySurphul7</tremaBarbero>
      </rhodope>
      <gonapod veronaPattu="berakesEncoachNorma">
        <gonapodDrapingPocus>hellsIvorist</gonapodDrapingPocus>
      </gonapod>
      <lastyXctl riskApneas="jobeCotype2" noreastFulhamAmmeos="689">
        <surfing>861909</surfing>
      </lastyXctl>
      <uglisTransitHided royalmeMoss="gen" rsumKeglingIzumi="nightlyToady" pestHuggeryMadge="warnishEffulgeCanted" simon="caradoc">
        <quayage>flexuraBridge</quayage>
      </uglisTransitHided>
      <enneadReliefsLooming clayish="selene" glean="paluleUnmew">
        <yarpha>ducts</yarpha>
      </enneadReliefsLooming>
      <golfsPeltryFibra celite="frauPrigmanHygroma">
        <mammas>pellety</mammas>
      </golfsPeltryFibra>
    </feceris>
    <deigned>
      <kinoos>daniAmateur</kinoos>
      <sidings>
        <quetschBrevier>opingIllanoErects5</quetschBrevier>
      </sidings>
      <tsimmesVowers>
        <makutasTouter>99</makutasTouter>
      </tsimmesVowers>
      <subportTanked>
        <peakilyEitherPintada>enidAching</peakilyEitherPintada>
      </subportTanked>
      <mouthedStionicShoeman perron="agaveWhorleHoodlum7219" amidoxy="snapoutPunkah">
        <wampum>upleapRereeve</wampum>
      </mouthedStionicShoeman>
      <defileUnbow innerThronoiTuskish="gramasGanjaBoist" thujoneAngasTriable="peaseOvarial" aumil="boerTediousBumfs">
        <containCrumperDebs>53758</containCrumperDebs>
      </defileUnbow>
      <snoopMarronsInburst enhaloGpm="begirdsClopAffixal" sungarTilSpraith="splashGleams" usualGestionReawake="entreYergaOvarium">
        <tanitic>coolsUnnerveKoels201</tanitic>
      </snoopMarronsInburst>
      <scumsSplurtDusts qadiDalan="sudsLogCossie648" amerceSlank="cackle" strikesAblautGoyle="hondaUnwigBegunk7949" turtled="ifrealDogbane">
        <cloesCrimmer>mawksEnsaint</cloesCrimmer>
      </scumsSplurtDusts>
      <fagoter lockfulLetchesCalanid="snyedUpwindsPalish" kussoMonilia="comamie">
        <crabberCimaiseSenegal>diner</crabberCimaiseSenegal>
      </fagoter>
      <chirm portioMoonjah="tariLeanedCentref7474" seawallOutfits="sesame" pursuit="unta" bigeyesVersion="notsScatch">
        <sapiensAdelineBuddie>tawneyTwigger</sapiensAdelineBuddie>
      </chirm>
      <cohornTempete>
        <platine>21195377</platine>
      </cohornTempete>
      <oxeyeMahalla mhoOutrap="keyseatGreedy" zaptiahTarata="vendageUnonaEctally">
        <ripper>foragesExtoll</ripper>
      </oxeyeMahalla>
      <obtain glucose="911222577" mouflonCuprose="5">
        <seqfchkLungisThaught>58588940</seqfchkLungisThaught>
      </obtain>
      <rannelBuffets cubicNettly="telferFeature" dolabreLegumesYoni="asimmerKitterAngina">
        <pattingAthort>isozymeDissertAntlion</pattingAthort>
      </rannelBuffets>
      <shapeSymmistDiocese sinnedRefloat="antapexHalasXiphoid" corrieLoftmenBetula="drawingGyre516" sacquesDeemieUpmove="yeseNoils">
        <eyepitSloosh>spearer</eyepitSloosh>
      </shapeSymmistDiocese>
    </deigned>
    <disgoutEnlist velatedImpresa="chancey" aroidMurgaviRhachi="87057740" plucheaProcyon="legendaMislear" secreNaether="boyismTappet" leeMeeker="ironing5" vicugna="nevoDivider" winning="ahurewaPrefect">
      <whityGlaver>52712</whityGlaver>
      <echuca fumersSaiyidsWhipsaw="halver" taringCobblyPangamy="oceanusFanman" gangesSpoke="40" liraWreckerCrimps="smock">
        <heptine>10483</heptine>
      </echuca>
      <agrilus dikingMelton="boronCredereSoree" doceticWarisonTalpid="mashpeeCarded" orbiterPuffsThienyl="acronic" healthsFen="buirdlyJourneySlier">
        <neither>3225</neither>
      </agrilus>
      <vitrealOhoyMiggs mudfishFiance="58487938">
        <memphisNates>sestia</memphisNates>
      </vitrealOhoyMiggs>
      <outweepValeralYenisei laciniaSparserUmbrae="nosegaySerenes56" loutreSabersSilex="kabaya">
        <tripoliSaudis>811</tripoliSaudis>
      </outweepValeralYenisei>
      <schorl ventanaBelowsSillery="rigling">
        <doomedSibylSedater>alodia</doomedSibylSedater>
      </schorl>
      <durasAhoWizier reciteAddictsPattu="muzzLoydKultur" strivesEaglingVespal="45" prankerTouZingers="courtOpeMod" mincopiBeadles="rutyl">
        <baronry>5594</baronry>
      </durasAhoWizier>
      <pugilPedrailKudrun minoizeBilletyLimmock="68" sunrise="271048397" yiltImposts="skelpArenasDarb" wivernWalach="storeen">
        <itonamaTaikih>achesLebhaftMyoses</itonamaTaikih>
      </pugilPedrailKudrun>
      <scopicHommackDecree>
        <alemmalAzurite>prewash</alemmalAzurite>
      </scopicHommackDecree>
      <abatingBosun shubaCodasSla="8325961" jizyahDowable="ginnedOoscopy" sapoteSovkhoz="plissesCourierDeduit" soccageTrionyxKioko="75">
        <cystoidJujuismSchone>marrockBasinsPoldavy</cystoidJujuismSchone>
      </abatingBosun>
      <dolaParochCandors dealer="hypnody1861" strands="bookeryZaffirFluked" isodont="aurineEnfants" lydiaPomelOnymy="sopitePeelman150">
        <livedTalloel>klephtSavssatGrebo</livedTalloel>
      </dolaParochCandors>
      <dulbertMangeyBahima colorSnipyAwin="stanzoSeawallSimpula8234">
        <eddyCadgy>louvres5</eddyCadgy>
      </dulbertMangeyBahima>
      <triflerBurweed>
        <belait>948935808</belait>
      </triflerBurweed>
      <golaPrewireNiggard mulvel="gastfulFerns" duckpinDogate="smarmyAmenityKlick1" concertLogoesLevi="trottedSplitsMahdist">
        <ayuChindee>quinela</ayuChindee>
      </golaPrewireNiggard>
      <colatTumain>
        <margosaHalpVavs>1349733</margosaHalpVavs>
      </colatTumain>
      <cornily arribaMoulterBustier="partley" railerIstanaHutuktu="lowboy">
        <mintmanAdeuismHumbled>agrope</mintmanAdeuismHumbled>
      </cornily>
      <reducesDoniGlaizie skeetsPoljePatch="7365667" hordesFease="unpoledOilcupsMunite9266">
        <unfleshZeekoe>waivodPupa6</unfleshZeekoe>
      </reducesDoniGlaizie>
    </disgoutEnlist>
    <stapler widen="lesedResmelt" tekedyeGowpenFainest="upherScalper" loopeMagma="salvosVinylFlairs" redragAusones="repleatCarnied">
      <pillingLasters>tirling</pillingLasters>
      <caulsAssiOgdoads revoltsOvergodCarte="8732237" aleyard="conus" crankUnboxes="talpifySillier" quintaTurnpinParlay="curchef">
        <begowk>mysidaeOrbit</begowk>
      </caulsAssiOgdoads>
      <cyanoleAlliedAmeed sardarScabrin="falusIncreptBookit" spuds="zingierRollersGlaikit">
        <corinne>donsie</corinne>
      </cyanoleAlliedAmeed>
      <cuplikeCoryzasCornett unioid="squatsBelordClocks753" planetaBurstScrolls="cayucoSangasPazaree" scalier="stetSlee">
        <sejero>sarraVotaryClicket</sejero>
      </cuplikeCoryzasCornett>
      <prosarTitan medimnoAwaitsOxhuvud="92678" pellageJumpingTropein="phizesMoonbow" gimps="drayed" sutrasWangala="tartarSubgetPorions">
        <stallonSung>bunco</stallonSung>
      </prosarTitan>
      <bpi douc="euryaleJimson" trashesChokHaster="fashionBroadax" ladykinCudaStarve="carafon" paludal="plasherBranchyReedify">
        <hermanCostedAnnalia>pyocystEyehookPassers</hermanCostedAnnalia>
      </bpi>
      <yechs planateReffosSpalled="8">
        <stiteBumpsy>stuller</stiteBumpsy>
      </yechs>
      <isomersCoxes yarnenTropismSyst="screen">
        <sappho>turbary</sappho>
      </isomersCoxes>
      <rodhamComox vagitusNightyPunct="bracken">
        <headleCoriinZitzith>sector</headleCoriinZitzith>
      </rodhamComox>
      <cannedHanger>
        <siress>149385668</siress>
      </cannedHanger>
      <kickout befileDiocScaups="479650" advisedJawbone="8" beowulf="bundlePlayers">
        <degaussPassata>erineum</degaussPassata>
      </kickout>
    </stapler>
    <grypeCommute tabog="alasAxfetch" aeolisHognut="tintedTualatiDarkful5602">
      <revokedDsri>ados1</revokedDsri>
    </grypeCommute>
    <willbleSpookAcequia>
      <wambly>locusRued</wambly>
      <rhymers>
        <lamiid>matsuri</lamiid>
      </rhymers>
      <gustoNidiot manchusSextetKrivu="nepali" fotch="vidianDuddie" writsBarcasEmigate="dusio" tither="pulicatChare87">
        <heroismAmps>321490</heroismAmps>
      </gustoNidiot>
      <kuku meaul="70520270" ectypalNaetherMyel="leadageKeekedWhealed" eosins="872037">
        <sanelyChandoo>637103</sanelyChandoo>
      </kuku>
      <strigaeAntipot turcoAferSkerry="sailorsMucro">
        <smockArmholeAymaran>arbacinTub</smockArmholeAymaran>
      </strigaeAntipot>
      <kookierTummies>
        <agarita>figlikePogyChiba</agarita>
      </kookierTummies>
      <ume silane="cutchesLidded" pencey="exormiaEcurieRedout" moioDinos="60991">
        <mideastZoysia>darns</mideastZoysia>
      </ume>
      <venieMucks>
        <tiger>9</tiger>
      </venieMucks>
      <saddler gilded="553138243">
        <sexedNorther>2940</sexedNorther>
      </saddler>
      <jazzedWallie fleshedTubby="562" fegaryMaltose="96649" smasherFlappetLiwan="dousesIngreat" rafaleSlaneRedbug="avowry391">
        <porno>hombres</porno>
      </jazzedWallie>
      <marcoPirnieMalam mahoesBosk="okay" switchy="8135" drawoutReposedSubteen="dekare93" ownersPerform="enamels1326">
        <caceNotre>indylicFictorArmlike</caceNotre>
      </marcoPirnieMalam>
      <seg pitierDargoAnus="32" inquireCidThugdom="oiliestFunic" premiumKneesLeadage="tou" ungodlyPyralidOllock="sporuleFrackAurin">
        <buccanWattsKojima>4037858</buccanWattsKojima>
      </seg>
      <rebuffsCavidae miningScoponeRidgier="boozifyPrudent">
        <docile>outlungSadnessPasters</docile>
      </rebuffsCavidae>
      <crowtoeIxoraUrea novaleOviparaNoddy="89841955">
        <dhawFerrate>halfwitSpoorer</dhawFerrate>
      </crowtoeIxoraUrea>
      <becrimeRallierTuscan notcherBarfish="esne" cowheelPiping="tourbeFoud" lutewaySornerAdib="scaladeConcite" sitsDucklarSyncom="821795">
        <reeditAutoedAbase>boughedUtees</reeditAutoedAbase>
      </becrimeRallierTuscan>
      <thesialMugger chillyFatuusFlaming="iterateDozy" tentlet="cloyed" bearer="ackee" gemlichChafingChavish="noxally">
        <extimaPetumTidings>packwayAbthain</extimaPetumTidings>
      </thesialMugger>
    </willbleSpookAcequia>
    <herdRoidRegard tannageShela="525" drudged="aneticSharpy">
      <publicaFarfels>finspotFugging</publicaFarfels>
    </herdRoidRegard>
    <halidom>
      <cabbedManid>caf</cabbedManid>
      <praecox>
        <justine>37</justine>
      </praecox>
      <antaDisnew flewedDooli="puniestOwningReblame" krapfenBightsTeeter="picacho" tellachAdoulieShoaler="bedumbs974" sextanWaddies="valkyrsRanged">
        <prenzie>medismBotchy</prenzie>
      </antaDisnew>
    </halidom>
    <ribonicPiscaryHellbox>
      <crucis>25996</crucis>
      <buzzerRepump eyrantBandalaOutcure="5686" skywayDeem="1">
        <enhardyRosetMolders>9572</enhardyRosetMolders>
      </buzzerRepump>
    </ribonicPiscaryHellbox>
  </ady>
  <backareTruddo>
    <hapteneGainset esu="bhikshu6">
      <crosletDuraxKalekah>hematalWalliesKenning</crosletDuraxKalekah>
      <rebeat disrestSjouke="outgnaw" richdomRavineJugate="fulupBeinDissave68">
        <undikedGyal>monolog</undikedGyal>
      </rebeat>
      <octoicIleusImagen>
        <patesiWatapsReblown>apomictDimane</patesiWatapsReblown>
      </octoicIleusImagen>
      <lionessShottenMonic rougyBirt="djinniCutweed" droitsRadiaryFragged="semih" mahalaBoke="7085">
        <ordinal>707757</ordinal>
      </lionessShottenMonic>
      <daflaBurkaKabyle>
        <bookmen>nepoticShoop</bookmen>
      </daflaBurkaKabyle>
      <twirk cairba="cleomesEyliadDutchy">
        <koprinoDogboat>abollae</koprinoDogboat>
      </twirk>
      <asakSlided kyathos="greek" aoliQiyas="causonApayOutgoer" cacks="daddle31" chaityaTurkic="peeringBeewortDeaning">
        <franzSagamenShards>exedraeDinusCatered1362</franzSagamenShards>
      </asakSlided>
      <sataras raggetyUngold="jaddedAtop">
        <deriderReyokedRanch>zionElder</deriderReyokedRanch>
      </sataras>
      <unmeteShayDubhe>
        <caractBothy>cariole</caractBothy>
      </unmeteShayDubhe>
      <jazeyLeefang belahBikol="greenyManumeaChoom" mavisesLinersShuvra="celsiusSullies" echoize="chediteSavageRenew" giddilyCroppedDrifter="coseier">
        <rettore>eggyOvatelyCurpin4919</rettore>
      </jazeyLeefang>
      <syrup sandmenToelessFibster="hauntyHoihereCumaean">
        <roomyBitte>473033772</roomyBitte>
      </syrup>
      <lepidinNiggery kharwaUpwith="2542367">
        <fadaiseAbdom>birdBangersRumbas</fadaiseAbdom>
      </lepidinNiggery>
      <liviers>
        <boweledDovecotOliban>bobstayDustbin</boweledDovecotOliban>
      </liviers>
      <kwhr cowpatsAidenn="pricers" indexesSmelter="stookieToughen" ifreal="darningSpokanPrancer" beblain="plunk32">
        <darvonAcarian>horsed</darvonAcarian>
      </kwhr>
      <liceGroomed>
        <temanShacksGeneat>yournSignorsGalerus</temanShacksGeneat>
      </liceGroomed>
      <cachexy>
        <factish>thokePunkeysPhocid</factish>
      </cachexy>
      <tubikGustilyLowdah exultsAmigo="336853" funKittlesBoy="2" greyingHugged="scind" azo="hotlyRenuHeckle">
        <truer>punkinsSchavs</truer>
      </tubikGustilyLowdah>
    </hapteneGainset>
    <lamsRoofingTiff>
      <salicinNursersSorite>73959</salicinNursersSorite>
      <twaesPipkinViduate rookKempiteDados="jottingKilnsNorites" elbowedPumpet="durdumTanning102">
        <peanutDinkies>duco</peanutDinkies>
      </twaesPipkinViduate>
      <outwoodEspials ualis="rennetAdcon" turbot="absorbPukekoBrachet" befame="coacheeLaughs913">
        <misdid>ketipicKassuTaisho</misdid>
      </outwoodEspials>
      <tarweedFordyXylems>
        <unioid>cesarPilot6774</unioid>
      </tarweedFordyXylems>
      <sookieBerne schola="gallootUnneedy" winterTertii="53" osiCappersLeesome="htelSnitzSuet">
        <pow>54</pow>
      </sookieBerne>
      <tzendal gravely="tufting">
        <kinderUtahan>anileKojiki</kinderUtahan>
      </tzendal>
      <leptonHoubara imbrex="jainismScrollsDements">
        <demitsKindsCaymans>otitisAlbany</demitsKindsCaymans>
      </leptonHoubara>
      <coninWarthog jurPirogenMutage="cookingMonde8293" incarnWimpleMelton="tokopatCarotic" cowsCrowlChlor="anagoge">
        <griefsAigrets>turkismIkeOutish</griefsAigrets>
      </coninWarthog>
      <niblick didactNattockPuthery="880" protium="naiveAcinous" abeam="9258509" byrlaw="anoine">
        <soilVaulted>boutadeCimbal</soilVaulted>
      </niblick>
      <carrotsSunlit maytheChicagoPremold="liaises">
        <sully>lossful</sully>
      </carrotsSunlit>
      <asseOxaliteBassist figeterLacteal="cupricEdibleTabac99">
        <whoaYelled>77</whoaYelled>
      </asseOxaliteBassist>
      <zipsLizConuzor vergerSheeves="swooseCloves" hiperSerpens="71489" thirls="bourranSegol" armariaShilla="379138">
        <beamedTana>suneKelpiesBatboy</beamedTana>
      </zipsLizConuzor>
    </lamsRoofingTiff>
    <abadaSceptic>
      <prebillConquer>oaksMacumbaOutswum</prebillConquer>
      <grainer closish="mbundaSookMetaled" sawanSacredBorates="sowishArmours">
        <louverKolhozyMeloe>glasses18</louverKolhozyMeloe>
      </grainer>
      <urinePyrrylYom deluxeWarlyLowlier="coypouNiggerKhan" bemiresGeared="7" untyped="variacSennaGavia">
        <lueJackyFerie>jehus</lueJackyFerie>
      </urinePyrrylYom>
      <floatedGypsumsKouproh gumby="actsPhpht">
        <stormerDignity>champe</stormerDignity>
      </floatedGypsumsKouproh>
      <puffinsCajuelaPuparia peciteYfereJacanas="7444" upsey="6">
        <viseFumette>nabobsBewrap</viseFumette>
      </puffinsCajuelaPuparia>
      <wanguns dowery="carabao965" lacernaDaraptiSerums="protidePhisSliddry3" dovesChefdom="jawedShoving" yakaArcsineProbeer="5">
        <anakes>wangledFussyBlason</anakes>
      </wanguns>
      <alderShaggyBoomers portifyRebillGeira="biodBecroak" bomarea="ciconePirl" colcineManbot="liin">
        <excuses>outnookOctavd</excuses>
      </alderShaggyBoomers>
      <redtabPeavies sokulkViagramBonang="linitisBaloo">
        <sunfoilDonneSabby>herbage</sunfoilDonneSabby>
      </redtabPeavies>
      <dietary redriesCassieGrooty="6877">
        <wotsOtogyps>bezelPoddiesSwingy</wotsOtogyps>
      </dietary>
      <courche mun="kersey8815" rutting="47" choileDzo="jeweledLigan">
        <relimitBewest>dunlop</relimitBewest>
      </courche>
      <asorIsotomeGranma bolsonFicaryRegia="rubiesMamilla" tramal="donovanNathemo" licketyFellows="hive">
        <uncaseForrueCalks>gerkinRematch</uncaseForrueCalks>
      </asorIsotomeGranma>
      <urdee botonn="trowaneCatchWetters" unpoledTinters="madoWaught788">
        <litho>719703</litho>
      </urdee>
      <simblot>
        <enthealCouper>916992385</enthealCouper>
      </simblot>
      <unlustSaddled bibleHoaxersPantry="taktCeboid" arbotaSantims="1">
        <chacconCuckoo>toldo</chacconCuckoo>
      </unlustSaddled>
    </abadaSceptic>
    <grugrusTruths>
      <oustersOozy>98129452</oustersOozy>
    </grugrusTruths>
    <raananClamLaicity adeepDecian="tattledHutzpas" bandoCliftBookies="tan" uriTedaPiggins="chirker1926" prigBaviusViable="familiaRetied" promptWivernsVeleta="conopidPimplesPsykter" olorosoGrappasChigoe="pain">
      <orwell>hiltingPacta8219</orwell>
      <bonismMoilingScfm crosletDeratsSickler="samiti" gentleCymeletSadhu="aleikumShoerSubmain839" andirinKeeperProlyl="boobish">
        <mopierDodges>caffeinYukking</mopierDodges>
      </bonismMoilingScfm>
      <dippier teasingAbo="eosins" verbose="121917442" needfulBelovedSkyman="2448662" kayos="60853">
        <updriedWoibe>butomus</updriedWoibe>
      </dippier>
      <volumed fokker="6991328" vixenVenusty="flabCulchBadly" zeekoeDolleyGhost="sheatProgger">
        <outgive>coupingMilky</outgive>
      </volumed>
      <woyExactorScoke promoteReifOmelie="oraculaTeioid" bozaUnchildAscher="turkana" scusin="saddles">
        <almadie>slumpArropeVarying</almadie>
      </woyExactorScoke>
      <firyQuietusWering outtrot="inanest" laputan="sawbill925" pledgedPassimDuggler="380">
        <smellPavier>metifStoopsSaidi</smellPavier>
      </firyQuietusWering>
      <bestirsLazuli deveins="kuar" sermoHetty="22">
        <gingeryYechs>sattleEemis</gingeryYechs>
      </bestirsLazuli>
      <bawty>
        <foozleRewaked>sakesPredrewSlushed</foozleRewaked>
      </bawty>
    </raananClamLaicity>
    <durziCascol fautor="ritelySparage705" napooPorkeryShone="blickeyRocklayJessamy" deriverSlumpAnomie="versalKnorrPoustie" signmanSnithe="lockianAnnex" murkerBistre="acneMakahGrapes">
      <rockiesRentsArrow>rhesis</rockiesRentsArrow>
      <drowteNauticsStopen fream="screams" demencyRookeryPruta="divata">
        <manxmanLehrmanTapeats>alaeSplashs</manxmanLehrmanTapeats>
      </drowteNauticsStopen>
      <repowerDices hughoc="svelteKilty" aginWingierMyocele="tints" dikdiksZacTinfoil="apnealMonepicIngulfs">
        <fuchi>ladyflyRauriki</fuchi>
      </repowerDices>
      <aleyardSlypes calalu="ewery">
        <squillsMushierMasting>chowseMuserGapes</squillsMushierMasting>
      </aleyardSlypes>
      <ontaricChilkat>
        <yonderCopout>camaceyOlpaeBasion</yonderCopout>
      </ontaricChilkat>
      <dibbler perish="10816860" creanceWoollyKhami="8707" indwellLoxodon="shiveyTandySanto">
        <blowLagenaAlbinos>twitterGhatti</blowLagenaAlbinos>
      </dibbler>
      <atticsWerent>
        <swanky>selingVrilAthyria</swanky>
      </atticsWerent>
      <pinweedEydentWusser cleanseMengwe="squetee93" callant="3449" bustlesPipiest="machogoGraff">
        <chouanAdustPgnttrp>weedersCrunchJuries</chouanAdustPgnttrp>
      </pinweedEydentWusser>
      <prickerWilrounRepad deveinsPindy="vacouaLiftedMilvago" shielCarity="198345108" densen="niasese" oiledClasptVillote="pennill3">
        <reeve>kamiya</reeve>
      </prickerWilrounRepad>
    </durziCascol>
    <harmfulChekaTiptail>
      <engregeSahiwal>bonaci</engregeSahiwal>
      <morglayBranlesFalisci filea="reduce">
        <romaine>181</romaine>
      </morglayBranlesFalisci>
      <topcoatCottasCitable emfOxymel="sourerOxalyl" amarantSculksGregale="bowmenFanit" retama="ajajaByhandFires" babyismGumming="amicIdeaedMarsi">
        <nad>darkPungyMuring</nad>
      </topcoatCottasCitable>
      <morphonDoing coir="7">
        <coupe>cevianButty</coupe>
      </morphonDoing>
      <drongo potgirl="marangQuakyProbing" arupaSodiumGondite="etuve">
        <leagueBilaanLyncine>clusiaCamailsHolmes</leagueBilaanLyncine>
      </drongo>
      <kirnsHusky auroch="baalistBersim" sunwaySanteneRablin="wanleFurler">
        <intnlWoodine>10</intnlWoodine>
      </kirnsHusky>
      <matroid furzeKepsCoontah="durefulCoadmitAbyes" gooralsEsodic="irene" hymnalsRegards="erinize">
        <cottas>heredesTetraneAsaphic</cottas>
      </matroid>
      <nelumboDuctor haik="cital" caplanMahatmaMario="nuadu" laagerAstrean="raws60" sublets="72">
        <vaguityPoetitoKuphar>milvine</vaguityPoetitoKuphar>
      </nelumboDuctor>
      <giddapHaddie pycnial="cizarSoaking" miseEvils="winesOlympia">
        <labsOcht>strayer</labsOcht>
      </giddapHaddie>
      <wantfulNeatest>
        <bemaimAmygdal>tirer</bemaimAmygdal>
      </wantfulNeatest>
      <agneauOutslidFeltman>
        <yahDonnedShat>jarldom6625</yahDonnedShat>
      </agneauOutslidFeltman>
      <wagangUnchainElfic>
        <trussesSlalom>avile</trussesSlalom>
      </wagangUnchainElfic>
      <foregoQuoad sakerMascotBetwit="710919" asta="carien">
        <parryCarnieCordies>bembexCarnied</parryCarnieCordies>
      </foregoQuoad>
      <jahvism ghanaStoae="dird">
        <sothsDumky>alreadyMahalyQuinela</sothsDumky>
      </jahvism>
      <weddeedIdolous wournilDivided="tweededFelidae" quipped="frsRabid" taffleSorage="passayCravats8">
        <twaStowth>892624626</twaStowth>
      </weddeedIdolous>
      <mesozoaFalcerVagrom mutage="356108585">
        <aughtAxises>cavilerWoundedCoue</aughtAxises>
      </mesozoaFalcerVagrom>
      <morrowsAbaris swabbedUnavianTempt="tecuna" sapiaoPapacy="deckersAssise" purpieJesu="sliverZookersOwl">
        <hallier>longlyBehoved976</hallier>
      </morrowsAbaris>
      <koorgLactylEuphone blanchJollityAddnl="fastiia" sedumMouthes="3964" scrob="xoanonShutDoto9" pounceSikhism="221318">
        <quohogExtent>72698533</quohogExtent>
      </koorgLactylEuphone>
      <cloves>
        <penlopChafes>soupedDagger</penlopChafes>
      </cloves>
      <patriceEjusdCarted>
        <sternedCallans>earlish</sternedCallans>
      </patriceEjusdCarted>
    </harmfulChekaTiptail>
    <gurry>
      <rerunsTatu>anlage</rerunsTatu>
    </gurry>
    <mas oxeateCoquito="morbleuAcara" cootiesEsodicFoggara="bimboDiscosTolsel" shuffLimnedBonnier="imbuesSplatRimy" laicizeFedayeeInulins="jabules" preTelesia="490919" lopLuchuanBibbled="repeg74">
      <bakli>revisalBufidin</bakli>
    </mas>
    <epeidiaCecil>
      <hobbitAniccaMarkman>matinalTimings</hobbitAniccaMarkman>
      <bordragKotukuPardah tussorePrecut="rite" tayronaTycoon="fewmets">
        <toteAbodeByland>538</toteAbodeByland>
      </bordragKotukuPardah>
      <queingTxt urotoxyPrewrapKongu="pincheSpintry" disjuneConvert="590080004">
        <enchantTarrilyLees>mungofaAffeir</enchantTarrilyLees>
      </queingTxt>
      <discus skellumDepass="logiestLibkinNaso">
        <lutayoGhees>347</lutayoGhees>
      </discus>
      <skiffStoups demotesSikhs="joustedPinax" foistPanelsFollies="nudum">
        <rebank>unmatedEpervaRapiner6</rebank>
      </skiffStoups>
      <cooch saki="initio" hotdogFetas="453352">
        <snarledUnadopt>sparges</snarledUnadopt>
      </cooch>
      <winrowHaves>
        <sarahXenylBracken>furlerBawdric</sarahXenylBracken>
      </winrowHaves>
      <pitfallSuine batted="obconicUveas" esurineDihalid="nounizeWyveVespid">
        <grideFinalis>bigateEvert</grideFinalis>
      </pitfallSuine>
      <triosBenjoin scalled="whalesHoldmanApyrase" snouchPersue="unhealOast7">
        <ronyonsBeginsClub>preying</ronyonsBeginsClub>
      </triosBenjoin>
      <thowelPlanarEnmask breezesRegdYakman="suryaOctyne" uncuthUnshedOuds="gambs">
        <airiestPhenePhies>bettersBungedPlash</airiestPhenePhies>
      </thowelPlanarEnmask>
      <lintersRoomer>
        <fooldom>helming</fooldom>
      </lintersRoomer>
      <gavallToffing emplane="hubbubsPalpon30">
        <cossetPeho>henter</cossetPeho>
      </gavallToffing>
      <taboo gerful="scoffs" drongos="lapcock" hoggeryEschews="bessesUnfoxed">
        <yatvyag>970597968</yatvyag>
      </taboo>
      <osseCarom muticKennell="heirAdance" akanArmhoopBacking="cid" liliumSangasDillier="7213" snapeGodsentSlav="sap">
        <earnful>stylar</earnful>
      </osseCarom>
      <cystinMascle>
        <featyHalvah>linaUrsineAssedat8</featyHalvah>
      </cystinMascle>
      <brinkEnjoysCkw>
        <swareApogonJellily>bergmanMurr</swareApogonJellily>
      </brinkEnjoysCkw>
      <kubbaSobby>
        <imbodyValidlyStatist>fondledNahaneTomrig</imbodyValidlyStatist>
      </kubbaSobby>
      <bakesWacky velamenHeadBaulked="scollopAphriteLautu" orreryMiconia="varletsLadybug" warringFresneFural="falls">
        <roterWelsom>norsel</roterWelsom>
      </bakesWacky>
      <geodalSpahees>
        <civicsGrappa>pintura</civicsGrappa>
      </geodalSpahees>
    </epeidiaCecil>
    <bedeckYacking>
      <bovine>liwan</bovine>
    </bedeckYacking>
    <flightsWotSupawn>
      <breachy>peck2</breachy>
    </flightsWotSupawn>
    <loopersHeml>
      <peepLowder>patria504</peepLowder>
    </loopersHeml>
    <enlayPaplessCasked>
      <blisses>upsunPlu</blisses>
    </enlayPaplessCasked>
    <jabulesMaidieGroom leninScoriae="41157598" epulisSalePreps="shagragTyrants7245" scincidHairenHamber="vanmostOrchelSkidway" wainmenAmidismMhos="shearerDiodont" ecodemeUtil="233261" alaiteYaqonaAurin="1960" bothros="nisnasPontistOddside">
      <umbeset>riveLyanceGlassie</umbeset>
      <giftieWomble undryManagedSartish="roddedCornixRuggers" sarisRepeg="gard914">
        <upbeats>planontGables</upbeats>
      </giftieWomble>
      <gamelyGlickChary bosket="haomaAgregeStulm" cern="15688" dehortUnfatty="trekked" dicecupPlatano="168075">
        <oeninGeldersFijian>recoals</oeninGeldersFijian>
      </gamelyGlickChary>
      <tomjohnPalliumJudica tegCoyestYoke="stupes" juncApricot="weki">
        <stambha>queys</stambha>
      </tomjohnPalliumJudica>
      <censorsSankhaVicinal perjuryChangPeahens="metingIstleSock" twingleJoltyReswim="chemistEkenameIsles6253" varellaTootled="stuffyEstrinGrizel" mamboCodedDamme="spader771">
        <alowe>9</alowe>
      </censorsSankhaVicinal>
      <morboseStuprum colima="quiring" lacet="ukiyoye" anteriZaptiahInlet="otitic">
        <amused>lengestMethylsImarets8920</amused>
      </morboseStuprum>
      <bateteSpiced balledBecap="grasper3">
        <algalStussChondre>890584938</algalStussChondre>
      </bateteSpiced>
      <outbudFootyDayroom>
        <peachen>shikseScout</peachen>
      </outbudFootyDayroom>
      <indiana crudestPelargi="soddiesWhoresMansard7" novelsPlumbumQuinia="tackifyAberiaDolcino920">
        <jittersOrectic>humeralLisp6</jittersOrectic>
      </indiana>
      <gymnureDugs agugliaShevel="heparChyazicAweigh" shaders="pantryHybla" canhamApace="36455">
        <begaudyRame>pintanoGharnaoAnabo</begaudyRame>
      </gymnureDugs>
      <brazasParaxonStork>
        <flyswatFennelRotted>mousee</flyswatFennelRotted>
      </brazasParaxonStork>
      <amirate phraser="jat" waddleCarried="agouaraFeoffee" scutulaAcidity="woppishZombie6" oralist="laighs">
        <abiezerDelimMonads>goldOralGamins</abiezerDelimMonads>
      </amirate>
      <flyoverHamadaNunned zuleikaTaxiUsheen="amide">
        <tinkler>metroInclipMuscow</tinkler>
      </flyoverHamadaNunned>
      <rolley>
        <monkeryPiers>snoresTaps31</monkeryPiers>
      </rolley>
      <podsol>
        <poleaxeDiapasm>44948</poleaxeDiapasm>
      </podsol>
      <fname shiplap="loadingRewedPeeke" crepineHabe="daddled7679">
        <intimae>6035399</intimae>
      </fname>
      <girdlerDeaning susurrUnshylyBarbero="aucanFurlingFitche" pottySmallerOversad="hartallBegunClangor" gambia="homer" banagos="7815">
        <pashka>naledBuckraDetente</pashka>
      </girdlerDeaning>
      <thumpEpeus>
        <etymolGeotyHila>clitionLicham</etymolGeotyHila>
      </thumpEpeus>
      <trapansUncoif spikerTophusRuntee="estopsMuyscaAsher" nambe="864453611" peptideBeepsLimn="keyaki">
        <shanna>subpassVogliteTrefah</shanna>
      </trapansUncoif>
      <adelphiOutfledItemise swirlyGutsilyRedos="telegasSinzer">
        <chott>maydukeTriakid4</chott>
      </adelphiOutfledItemise>
    </jabulesMaidieGroom>
    <erase>
      <aislingAcrose>gushingDrys2366</aislingAcrose>
      <amiciHamule>
        <tugrik>84893294</tugrik>
      </amiciHamule>
      <flemCooled>
        <zing>muffleMealer</zing>
      </flemCooled>
      <salons antiq="kidskinVengesCloured" fostellYirdsUnreal="76" debord="ureasTrois" skenesDuetted="267561">
        <busted>1</busted>
      </salons>
      <genitalTineanInfused ornery="rayonneChangsProker" kinchHenwifeStarchy="2157" stupp="fencing">
        <diodonSomnify>16</diodonSomnify>
      </genitalTineanInfused>
      <spicyCutupIxodes athelia="urled" placardCircles="rundlesTrystsZonulae" unvenomEnfeoffShannon="uncurbs" yawnupsCeduous="15268">
        <pegadorOwners>pridesWrithyOpuses5</pegadorOwners>
      </spicyCutupIxodes>
      <tagula qatar="22640" rekiDattockPistil="wadmal" dwinedSiket="finjan" tamaraoSleying="248904001">
        <partley>tollmanBittedGaloot</partley>
      </tagula>
      <thewsFaros gambles="ogygiaMoonackDukery9">
        <cachinaBoyos>vest</cachinaBoyos>
      </thewsFaros>
      <pratYeeuckJewling apritif="nondo" vengesSeton="uncrossOnocleaStacher" jamshid="triplaNodi54" twankerUpgaze="57789253">
        <italaDamson>parodicSubportWeenong</italaDamson>
      </pratYeeuckJewling>
      <noshingHavFchar minutesSpree="97498" lumped="kojangVarvedReadmit" enode="eelpotFigeter" forsarTriclad="3065">
        <fumishHanderTewtaw>caplinsMoed</fumishHanderTewtaw>
      </noshingHavFchar>
      <caperMillrunPotomac streporCaws="grece" girtsYwcaWayaka="indictApemanDrive" motoric="maraWigdomTitrate">
        <undelveNonpaid>nursingStuller</undelveNonpaid>
      </caperMillrunPotomac>
      <arecasGluckLier campmanTubingBagpod="sugar" whisted="sluffBromins">
        <armourLulab>1</armourLulab>
      </arecasGluckLier>
      <songhaiCupule jayveesDud="sonlySpatiumKlan37" resumerGlial="784" kamis="tailingKapote">
        <cumay>970972290</cumay>
      </songhaiCupule>
      <norimonPricksPolyol jough="blearyRimesThere" uphang="gantaTalonid" teabowlBackage="prerich">
        <textman>humateGableBrads</textman>
      </norimonPricksPolyol>
      <belovedUnebbedEngird daurna="gummersNuma" feeler="achreeRuscusCafes4139" croape="guesses" peevedCaffisoLoomer="valeriaBeclog">
        <kitysolUmbrielForthon>5</kitysolUmbrielForthon>
      </belovedUnebbedEngird>
      <speckly fittedOvergetPingue="phorone" lunoidHamletSemicha="coillenBookedSharger" tulwarUncosOxgang="minutedRefaces" amixiaApiolin="inconelBookletAdobo">
        <pedaled>stories</pedaled>
      </speckly>
    </erase>
    <lineary unpacedNiogWagtail="limidae4">
      <rhdHagmallSherpa>messans</rhdHagmallSherpa>
      <pigdomDeutzia hoodies="tenlaUnfreedCaffeic">
        <redrawnPatmos>actorsCeriaBianchi</redrawnPatmos>
      </pigdomDeutzia>
    </lineary>
    <katatTresisLuxates burgallUnchoke="tsiaDhooti" tasco="inside" faculae="atrophy" howffBeslashHlqn="melicaCore">
      <geodeCoragio>deistsTyrosylHirse2665</geodeCoragio>
      <gowansPapabot oilmanGibbar="pagadorRonin">
        <quotumAmboNooned>31</quotumAmboNooned>
      </gowansPapabot>
      <flookOrpitNanoid>
        <remakerChutnee>humism</remakerChutnee>
      </flookOrpitNanoid>
      <slipout lairmen="sippio58" bepewedHeld="tainMacruraEustele" luteins="ripen">
        <asseth>inuring</asseth>
      </slipout>
      <nestleDeess>
        <sugaryHallmanNovelty>6</sugaryHallmanNovelty>
      </nestleDeess>
      <aflight tabellaMpbsNeslia="ligniteStorerDiadrom">
        <uncleRetraitGuaxima>fallingGobbed</uncleRetraitGuaxima>
      </aflight>
      <folial greasyAdorersFermila="swedruLimpilySalfern" coiffesDownby="jinsing" weevil="browserAblockBiogas">
        <wealsRevel>kotowedPicquet</wealsRevel>
      </folial>
      <yfacks flexionShirty="intisyBalant" ebon="canopyJulepsPeached9">
        <dun>scaff4</dun>
      </yfacks>
      <abidingKanoneMeebos>
        <viking>gutsier</viking>
      </abidingKanoneMeebos>
      <seitKilljoy>
        <snakeryVilayetForme>8629</snakeryVilayetForme>
      </seitKilljoy>
      <unglues seceded="misdoesSacrals" bavinBagge="veeredCostlyNations" mazumasThymoma="orgamyFrizHoarded">
        <oroanalObstetHalfman>gutsilySitcoms2</oroanalObstetHalfman>
      </unglues>
      <vineityMaizerAccrue kalo="gobioGabionSkillo" sigmoid="6" repadBioptic="testonsSperon" beveledCoerectSket="epochal110">
        <frownsOathsEmotive>aknowCouldst</frownsOathsEmotive>
      </vineityMaizerAccrue>
      <sussoCoragioTamlung slabmanMireDaytide="22297610" enthuse="dolourHis" repic="bonerDrawerDrassid" typeset="boonies">
        <palming>28299976</palming>
      </sussoCoragioTamlung>
      <ijorePigless gamgee="gawkyDoinaTaroks" poteensRoguyFoldout="mistuneRollmanPropyl" tensedCha="obolaryAnezehBarbet" koprinoScop="scupsAdsbudElemol">
        <streepEyedot>onless</streepEyedot>
      </ijorePigless>
      <fdubsSatinetUbique refuteTaborGenuine="unhewnCementa" lieYawpingRaught="vrilledOutpoll">
        <speceTreasr>longlegSextain5933</speceTreasr>
      </fdubsSatinetUbique>
      <manlet dere="axemen">
        <elamiteWhomso>fissura</elamiteWhomso>
      </manlet>
      <germal corkageDumpled="83" chujeVedismPollers="281864054" coneys="37683425">
        <gripingTines>vallary</gripingTines>
      </germal>
      <intrado mastful="5" chiru="fusibly" unitedAgos="ateba3" retube="dittingStaw">
        <osazone>zareba</osazone>
      </intrado>
    </katatTresisLuxates>
    <sorbed stenia="ijithadGirtingVomitos" hickishHogward="musthsWitotoArle" hadean="6634800" outweep="63845552" owlismHantFeater="quam">
      <crustedJarfulKenelm>distyleAngelinDisrout</crustedJarfulKenelm>
      <aikidoAcystiaSlive rarifyJauked="tweaksTenonedChocho" lamistaAlleSained="vejovis">
        <jaguarsForpassDraper>scarab</jaguarsForpassDraper>
      </aikidoAcystiaSlive>
      <duffs phytoma="bromidSapwoodStolen" jangled="374" setonsJehad="mimicry">
        <ammoniaArmillSlusher>horsierRepelBerme</ammoniaArmillSlusher>
      </duffs>
      <flacksGodfreyVolts thonged="reynoldBedunceRepine" wolfian="12938952" wordageDoyenneVagous="760887">
        <rajivBruxismGaggery>azotea</rajivBruxismGaggery>
      </flacksGodfreyVolts>
      <baskPremioTroche blautok="57912446" crafty="3584" matrassVoidly="gammickEnecate" attires="combeWeirdly">
        <recostHayey>inhold</recostHayey>
      </baskPremioTroche>
      <dureneAug>
        <epiglotBrigadeXeres>unciRatalEpiscia56</epiglotBrigadeXeres>
      </dureneAug>
      <amasta obviousBedell="peltingToomAbrased" ultima="34" dite="avast">
        <bumpsGoodersBobsled>253</bumpsGoodersBobsled>
      </amasta>
      <pimplo refuse="bulgySapidClutch" empiric="beckieAivers49" anezeh="sgad" bunjaraIsocrat="calyxOxwort">
        <repriseKnotsKommos>unhabitAduanaSayette</repriseKnotsKommos>
      </pimplo>
      <cashers pashedSmacker="8">
        <himselfDobbingRassles>ancressKainsi</himselfDobbingRassles>
      </cashers>
      <admass tifterCob="begrim">
        <tulipyJaukMatzahs>vern6</tulipyJaukMatzahs>
      </admass>
      <randallTectrix thudsModerneUncoly="46">
        <axersEaved>tufty</axersEaved>
      </randallTectrix>
      <redyesEtapeZincked heelers="paletsTandyTellin" usantMnesticTusk="patte" sagital="fleetly" hippus="ungues">
        <rulerAvalonBaraca>aspicsDolts</rulerAvalonBaraca>
      </redyesEtapeZincked>
    </sorbed>
    <hafLariRantan lautuFrisianWeeks="entrecMangleKinins" loamedSavesPalisse="demimanHamber" punnerCachou="91" toadishIosRaisin="outspueTitania">
      <cupulaWearies>mairsSnackFishnet</cupulaWearies>
    </hafLariRantan>
    <bowlersUngulae>
      <erinizeEer>69</erinizeEer>
    </bowlersUngulae>
    <suffectKopjes>
      <debatMafflin>892768986</debatMafflin>
      <faillesIsomeraApiolin wispierMercer="oncosesConcaveEffeir" bedressCajoledRegnant="venererGustardBuduma" aerobeNavetyShotter="nunneryRecumb" noddiTsamba="gimble">
        <rivetCupriteJellib>bring</rivetCupriteJellib>
      </faillesIsomeraApiolin>
      <cumylGemmily gedds="nautiliControl8529" bewit="cornJobsonPlowter">
        <atterr>secreSustainYareta</atterr>
      </cumylGemmily>
      <frayingTenuresToils gedds="dangleUnilobeBogard" accur="540245806" nisusInborn="gammons" casque="452">
        <decuria>ratiosAtole</decuria>
      </frayingTenuresToils>
      <teleutoBchPizz shaktiBowable="mohabat" propyl="saponinMormoYill" windel="97327007" sossLehr="koftgarGazers">
        <lapilliLightly>avulsed</lapilliLightly>
      </teleutoBchPizz>
      <avenageGuzul badnessAnanta="947884767" enolase="shairdMengweAroma" pivots="mocksSneeshVideo" bowfinLyssaKorana="jugginsSebasic">
        <pookaChekenEugene>evehood</pookaChekenEugene>
      </avenageGuzul>
      <lynneSploshy>
        <entallyTurkman>yawing</entallyTurkman>
      </lynneSploshy>
      <capletMacs>
        <jibbedKalysisHorahs>unzipsFirkingCoinage</jibbedKalysisHorahs>
      </capletMacs>
      <marc boilsScyld="jewlikeAidance9025" mulse="782">
        <iyoNorites>follilyLimb</iyoNorites>
      </marc>
      <opaque>
        <itself>limeyEgest856</itself>
      </opaque>
      <bighornHidden>
        <strobeSiuslaw>mirex</strobeSiuslaw>
      </bighornHidden>
      <isogons tearyRicinus="796749051" hoagiesTeruah="handel">
        <uncubicPlaterNarrowy>dispulpMisrateAnalgen</uncubicPlaterNarrowy>
      </isogons>
      <dyakishCoroadoCoraise>
        <crewerAbasicTappit>bemottoAthelia</crewerAbasicTappit>
      </dyakishCoroadoCoraise>
      <trekGlycideUmbos apish="unlutedMerozoa3575" evisiteCollum="alumnalReestedCauls" lovefulQuote="hedeoma" krelos="partisAbbasReadopt">
        <unsunkCineol>wikenoVictims</unsunkCineol>
      </trekGlycideUmbos>
      <consentMaamHomeown cyprus="alto" jaobNainsel="farls156">
        <semsemPawkrie>42905</semsemPawkrie>
      </consentMaamHomeown>
      <loaned>
        <ctg>lubricPlacodeMailes</ctg>
      </loaned>
      <erectly>
        <whereasOhmic>coarseAdead</whereasOhmic>
      </erectly>
      <wheetleRampire darioleGounau="startsyTopoiShellak206">
        <balaiMoansMuffs>cyton</balaiMoansMuffs>
      </wheetleRampire>
      <serval>
        <sitAmylsSinapic>prorumpRavings</sitAmylsSinapic>
      </serval>
      <tiremen duelloClyde="yaupsIbotaBrank" tasse="8847" insueAgushMagism="moho80" faraday="zatLoordGoldney">
        <kegling>odors</kegling>
      </tiremen>
    </suffectKopjes>
    <antoeci soakersInkyPyloric="3009" lichted="seafoamPetrosaIncudal">
      <claresPteris>rubbingUnwetWolfing</claresPteris>
    </antoeci>
    <fretsVacance>
      <yabbi>encaumaPorrimaVeadar</yabbi>
    </fretsVacance>
    <almsmenScrewer>
      <yockingFumose>chintzeMaestra</yockingFumose>
      <ephoriSaltaryCavings>
        <siliquePieteAttila>bedownMam</siliquePieteAttila>
      </ephoriSaltaryCavings>
      <kvassSuckler diosmaSharnPintado="karezSkeighAprowl" formy="delimed">
        <rushingDegamesIngangs>ferneryFaufel</rushingDegamesIngangs>
      </kvassSuckler>
      <lamplet fleeTiento="aspicsUncroptYonis">
        <stretta>rackwayTreadle244</stretta>
      </lamplet>
      <moghulMorsels>
        <groutedVanePinkify>snipish</groutedVanePinkify>
      </moghulMorsels>
      <sawahSakerKoku>
        <lichenyKarouBruise>lensMoocahMuso</lichenyKarouBruise>
      </sawahSakerKoku>
      <genoaAliyah>
        <ratite>scottyFellataVails</ratite>
      </genoaAliyah>
      <formedSirdarsZemi wagtail="adolphAdvowry5303" tcheka="glikeSalving" isicleFend="lanier">
        <beachieMistermJazy>abigeatToed1765</beachieMistermJazy>
      </formedSirdarsZemi>
      <urethan radishKeeled="trochedBlearSomdiel" phoh="proceed" volanteMeguilp="empireSkift" peakTeamsDamners="toughlyLowered">
        <bruitTalaricSisham>195025173</bruitTalaricSisham>
      </urethan>
      <novemRapping leafageUsers="sousedAlevin" wuzzyBehalfSeptal="yankeesBiogenyJesuist">
        <judyDioxy>rankerLastrePresley675</judyDioxy>
      </novemRapping>
      <yummiesSaute belardCaecaBunyas="perceptOuzelBatsman" teenageBaffsTeases="pacedFrecklePiculet">
        <bejesus>23</bejesus>
      </yummiesSaute>
      <mammaeBullpup syncomLeap="hoteAdipsic" amylumsLisles="teethesImpend" rurbanLogical="cliveMahomet6" scarabsHorrent="39">
        <maggotYeply>takenPeda</maggotYeply>
      </mammaeBullpup>
      <loudVerey bisectsStentor="fanes" piracy="bedirtyGiliakHwyl320" doolieKwachaTrochee="poop">
        <cheecha>mitesDarger</cheecha>
      </loudVerey>
      <mensedOsculaQuinela limbuVines="pietismDamn" heavilyMeaulUpanaya="stars" alsPrayPiacula="99299">
        <hording>grips577</hording>
      </mensedOsculaQuinela>
    </almsmenScrewer>
    <sloughyTrulyFibry noosingCamoodi="asoakIntwineBrumby" luckyHabitsAngola="3320501" assertaAlacran="minds">
      <uraliRejects>besing</uraliRejects>
      <reworkCoraji gruffEloinerMilky="1099" carnaryInbentAwk="pook3580">
        <anneJoyleaf>padeyeYirn</anneJoyleaf>
      </reworkCoraji>
      <nimmerAlanins>
        <goletMapuche>beg</goletMapuche>
      </nimmerAlanins>
    </sloughyTrulyFibry>
  </backareTruddo>
  <villae satrap="791" ukes="278" dodgerBuyableCapita="peggleMawger">
    <saversBergmanEggnog>
      <auchletNookedOxy>surma4168</auchletNookedOxy>
    </saversBergmanEggnog>
    <buttonSinder proreBackupsSunstay="9059206" rebokeUnsown="kiefsRillet" doli="patenTreesTents" airboatRajeshChannel="128" jointlyGilenoErgs="bougieChaisesCanaan" koine="predark">
      <justestPosiedArdor>burgage</justestPosiedArdor>
    </buttonSinder>
    <woaToque azulejoImput="unbetGeonimAqueous2" rerank="snackUskaraRetort" beltedInermesCoe="nostril" coughed="garleTellers">
      <thuya>walksOmaniJigsawn</thuya>
      <ariidaeNonpeakJapish tornesiUrban="cape98" lastrePhrygiaArsenic="camara">
        <eave>coatedAsweveRubies</eave>
      </ariidaeNonpeakJapish>
      <fantodBeverSells prevotThooidTreacle="pousyAgrafe">
        <templeMasais>craniadVirgasCarara</templeMasais>
      </fantodBeverSells>
      <stiveAcuanDilly tapiroDemerol="hurdenInganPhoca" drubsTapit="rail" welshryToles="20780068" posternAeric="dongon3398">
        <ryes>affixPlow7961</ryes>
      </stiveAcuanDilly>
    </woaToque>
    <skirtedWorts>
      <calmingChokingSaran>tanrecsHerbageTutly</calmingChokingSaran>
      <lakkeArdrighAnonym unmarch="sutterDivet764" divaAgoniumFconv="hypingFrailesCryptal">
        <stogyCiseCuitled>bummers</stogyCiseCuitled>
      </lakkeArdrighAnonym>
      <goddamGlimesInhumes isohumeFlagmenApoikia="wagonsOlpae">
        <gamin>bintsBlurbStela</gamin>
      </goddamGlimesInhumes>
      <octaveAlnilam unius="ligulesBourock">
        <upwardUpcurlsTrifler>isseiGawks</upwardUpcurlsTrifler>
      </octaveAlnilam>
      <daimon grottyBroomer="sleekitSicked" alonso="riparii" faintyChanceTemps="frisch">
        <beliliTrienesMiggles>failure</beliliTrienesMiggles>
      </daimon>
      <saginaTartan barmierWhileen="golems" longa="2" varvesCubitus="xeroticTychismPuffins" taxites="elvanBaggyHybrida">
        <stellarVeinier>orariumCrith9613</stellarVeinier>
      </saginaTartan>
      <groved ardeidOverputFugued="retsBacaoShuts" marfikOutwentSkyman="adder21" ignitesEgards="tenzoneWhisker" fisterAmove="427953720">
        <primeroNotsDobbers>ermit</primeroNotsDobbers>
      </groved>
      <ouvert>
        <flufferOutweptJemble>weederAdamRebab</flufferOutweptJemble>
      </ouvert>
      <jacktarGaddang evan="rockyRasoirBelayer" burnerSempre="ydayReuben" gliosa="shackoBrujosBeveled4973" calamiNephews="cartelsCasky">
        <appeach>tebeldiGambitCsi3</appeach>
      </jacktarGaddang>
      <safrolsBurled mofetteKorma="1" orgiastLynettePreaged="vittae" hussars="rutherBiffing" myselfJiggishMudden="jamboolUnstaidSuspire81">
        <albinGrassetMizzles>waringGivensFugato</albinGrassetMizzles>
      </safrolsBurled>
      <suldanChinks bevvy="zizzle" anchorsPinboneSannops="horizonDivests" plonkedAshakeEvea="afraidCrownedNaegait">
        <lixiviaTansies>chanced2</lixiviaTansies>
      </suldanChinks>
      <guttyNuttery>
        <peso>publics</peso>
      </guttyNuttery>
      <vigors paipLautite="50" awolsCimex="querentBuffle" chutingSaraadAgonied="acrinylLymphyGenoms">
        <glamEyelidErinize>rattoonDefassa</glamEyelidErinize>
      </vigors>
      <cutesPalameCont densus="cravenAgonist" lodeDampersTanitic="35" nammaBorucaBecivet="ashfall" nijholt="anagepSagier339">
        <syrianSealet>peroxyNiagraKamboh</syrianSealet>
      </cutesPalameCont>
      <masquesFuellerMetis genappeVerbena="4" awinglyIrred="55672">
        <glintReerectFastish>danaiCongeon24</glintReerectFastish>
      </masquesFuellerMetis>
    </skirtedWorts>
    <lscAphisNixes pickinHibbinAortas="caapebaTetrodeUptrace" debitsVamosesSteaded="4" chudeGas="falser" filoseAgletPeats="5">
      <burdieOrlopsEhretia>pettleHarlock</burdieOrlopsEhretia>
    </lscAphisNixes>
    <scranUnrakedSkint>
      <pocksChoirPhrygia>780</pocksChoirPhrygia>
      <haywire>
        <dafla>simarYapocksEiders</dafla>
      </haywire>
      <whityOstosis foamsShicksaAni="huckles" hardsetFlaconBummalo="beauishRangedMeatal">
        <poromasSepicMiseats>2</poromasSepicMiseats>
      </whityOstosis>
      <omasum bellowsPreagedMouch="542668492" exudeOllockWitlet="90" fussilyClamperToponym="emceeWorth315" moireSnaking="madras">
        <spewingWirdFen>firstsGadso</spewingWirdFen>
      </omasum>
      <quapawFutile parcae="29" quillerSpootMilk="carzeyHackie" secrecyBeataePatas="propusFrees">
        <rageeDomical>hornerJct</rageeDomical>
      </quapawFutile>
      <actaeonCruelerThingly sportyRevueSliest="blainsOxgateLaver">
        <pinuelaWidow>9057</pinuelaWidow>
      </actaeonCruelerThingly>
      <agateBroigneRebops subsetCatwalkUnrocky="6293952" cyprinaUruisg="pomadedLekkerPaular" assythBloater="702686231">
        <becapsVigors>jowed</becapsVigors>
      </agateBroigneRebops>
      <sucklerDeuced>
        <perchedZed>topspin</perchedZed>
      </sucklerDeuced>
      <downsetFrigorBulkage choilBabyPastils="13" foragesKokoon="engulfs" joggingCurse="jasminKalifsPippen" dtd="67078">
        <flenseFlylessHogherd>61208923</flenseFlylessHogherd>
      </downsetFrigorBulkage>
    </scranUnrakedSkint>
    <poshestEnmask ijoTarnishCachets="513026" dervish="tupeloAirdate21" chorda="gambeYeggs" pupuloBilsted="seegePearletBrens269">
      <bulbGoonsOltunna>chumar</bulbGoonsOltunna>
      <fomentBackway capomo="prado" abreactAraujia="atoneDromondSolved402">
        <atrophyStreps>armineSaid</atrophyStreps>
      </fomentBackway>
      <evensNobbled>
        <genappAmouretAlibis>risings</genappAmouretAlibis>
      </evensNobbled>
      <zionist stendBailliRaggy="visoryDecreer57" bernardFalashaHammock="3743500" warstleTyrannySlop="bonser" befleasSkunkBromous="hardset">
        <sarcomaPions>tuner9</sarcomaPions>
      </zionist>
      <begarieSatraps peebles="suldan8428" hunkers="334479706" miked="24614">
        <leafboy>duoleVenterWizened</leafboy>
      </begarieSatraps>
      <terassDey>
        <remisedNerves>venlinDavit</remisedNerves>
      </terassDey>
      <ess cenobeGagsUnarmed="9922300" twilit="701004">
        <whalersKama>23</whalersKama>
      </ess>
      <knopiteWrawler ctsObjectsPoroma="anburyZincCawker1164" mdntPorailWendigo="cullisUnionedHelge">
        <admassPattieHoar>hereroResizerPoacher</admassPattieHoar>
      </knopiteWrawler>
      <jauntsSclerasSketch benBeating="5194932" virtusPomatumSerapis="859" genera="litheSpodes">
        <trioBoozesThore>platicPodite</trioBoozesThore>
      </jauntsSclerasSketch>
      <luggarGivingKadsura isocrat="35697" skuasSpiryTunnels="dairiTubicenRiskish">
        <bogyman>giliakVanmanBet</bogyman>
      </luggarGivingKadsura>
      <nae palalaAbyssus="aseaPoley" nubile="vierAbigei" negatePeerlyCalyxes="91117011" giaourCompeerAviary="cered9">
        <arioleIndish>spellHardingHuvelyk</arioleIndish>
      </nae>
      <coccyxEnrages wardite="frisian">
        <inomaOsmiumsSecancy>550</inomaOsmiumsSecancy>
      </coccyxEnrages>
      <aptRindyBuchu hyperin="thetis">
        <worritCoronel>clione</worritCoronel>
      </aptRindyBuchu>
      <woilieCaplockBittie>
        <gastedTinctedConcupy>bikiniResnubFohat</gastedTinctedConcupy>
      </woilieCaplockBittie>
      <budukhaBindis>
        <ovicide>nicerAggroup3</ovicide>
      </budukhaBindis>
      <dimbleDayfly>
        <ayllu>57</ayllu>
      </dimbleDayfly>
      <kharifFifishDeflate>
        <prowarFiddles>legitimLoth</prowarFiddles>
      </kharifFifishDeflate>
      <cecrops>
        <maskeryTeawarePuredee>kloesse</maskeryTeawarePuredee>
      </cecrops>
    </poshestEnmask>
    <larriesSisel freddieOhs="hogtied" nidedPrey="prefoolPeshitoCuarta" loinScourNongod="48690465" bchsJuridicBeckons="nascentNuttilyMeriter" pitwork="11" lanier="calyon" taurinDuliaIslay="amanoriJiggy">
      <mattoir>upfeed</mattoir>
    </larriesSisel>
    <orthisLahore>
      <ostmark>thowelCeriumTrib</ostmark>
      <nife frizzen="kneepanMisdiet">
        <preveneScutta>enneadsSerraOnerary</preveneScutta>
      </nife>
      <fuidhirMazutCyc>
        <britonsWiggleFanning>amorous476</britonsWiggleFanning>
      </fuidhirMazutCyc>
      <ovular chhatriMisrely="aspiree" debutDensher="yestern" tpk="marokYacksBadman4" resight="bribedExpedeLighten">
        <mopy>maddleCetacea</mopy>
      </ovular>
      <molineLagetta>
        <sookieEplot>widish</sookieEplot>
      </molineLagetta>
      <raggleUpsoarsSingpho brasil="awnless" gibbing="girseBaluPrehend" breedyWeens="musrolUnlinks47">
        <boaCadosTerrier>herpetBacksawPursive</boaCadosTerrier>
      </raggleUpsoarsSingpho>
      <fides epilogCalicleMartele="ferahan">
        <slimsy>96026</slimsy>
      </fides>
      <rouping plaidieTrullanSchanz="anadesmCauliMisenus">
        <zaffars>doffersBookySevener</zaffars>
      </rouping>
      <cradlesAnibaLedum>
        <engarde>zincumLangursYour</engarde>
      </cradlesAnibaLedum>
    </orthisLahore>
    <unspun>
      <fyce>parolesCicer72</fyce>
      <yapoksPappusScopone>
        <stuntedAridianCitron>7071980</stuntedAridianCitron>
      </yapoksPappusScopone>
      <voyage pigful="295150265" tiptoeAsarinTown="lohana">
        <mizzyAwber>shapersSuch52</mizzyAwber>
      </voyage>
      <ascitb>
        <splodgeMouthsVoyaged>viminaGelilah</splodgeMouthsVoyaged>
      </ascitb>
      <miring fatalLabs="lazaretPyruvylUpstage609" amensAskile="minders4080">
        <infarctKrooWhanged>futeIngorge</infarctKrooWhanged>
      </miring>
      <schene kanteleLariidDevelin="xylia" lowererSelfing="9">
        <squealdBunty>escapeKamik</squealdBunty>
      </schene>
      <pizzazz unarch="aleaAmorinoNimb" minisMilSloshed="936" punyish="457408">
        <dacianProofsBawty>guarderCritturDeposed</dacianProofsBawty>
      </pizzazz>
      <bucayoBiliateBedcap>
        <misdoUnfamedTarcel>91</misdoUnfamedTarcel>
      </bucayoBiliateBedcap>
      <clubs>
        <kidang>schuits8</kidang>
      </clubs>
    </unspun>
    <nicaraoBurgeonTuno>
      <weighed>quoinHazeled9</weighed>
      <petoReviewProximo>
        <cardPrefill>crouponOhs321</cardPrefill>
      </petoReviewProximo>
      <yappy misbode="lindiedEbrietyBundled" longishPimbinaCrinite="1445729">
        <bezantConatus>brubruBiggestLinky</bezantConatus>
      </yappy>
      <shuteyePuddle>
        <holloedUnweel>fligger94</holloedUnweel>
      </shuteyePuddle>
      <cont>
        <traneen>athelVairsWaragi</traneen>
      </cont>
    </nicaraoBurgeonTuno>
    <chorei umbonicActivin="debind" smirkerSpacingReatus="proctorLongyi" nickersExcur="clubdom">
      <rumpadePreloss>wather</rumpadePreloss>
      <qaids playLactamsManx="warsle" dogboltErical="artistRaphide" lanaoSubdebs="jaggers6132">
        <zoomsSiroc>soupleKalmias</zoomsSiroc>
      </qaids>
      <treaclyForgot yite="270626" bainieAcorn="mootmenAretes397">
        <helver>97</helver>
      </treaclyForgot>
      <indexesImpactOutwind coetus="rainoutSalm">
        <nigeriaTheft>acetum</nigeriaTheft>
      </indexesImpactOutwind>
      <utaiIndorseGrice doyliesPosolo="rumnessAbjectNurse">
        <sabred>zeuxiteSquaderBonder</sabred>
      </utaiIndorseGrice>
      <broidLorcha>
        <tweak>braise</tweak>
      </broidLorcha>
      <buskleEddy grinterSynchro="scurvy6" tornadaDucally="gossipyWelfic">
        <tholus>tholliMyopiasYakamik3456</tholus>
      </buskleEddy>
      <roperyPupiled assays="earflapBitwiseSivaism">
        <valois>hoidenYowled</valois>
      </roperyPupiled>
      <villous bimotor="maulersBaisakh">
        <shapersWevet>spearMaggotBalarao</shapersWevet>
      </villous>
    </chorei>
    <flavinSinful>
      <tenserJochen>bearers</tenserJochen>
    </flavinSinful>
    <wantyDusk fichat="tennisy" propperInured="rood">
      <thewsRefuelsGuiser>reshapeStreke</thewsRefuelsGuiser>
    </wantyDusk>
    <chainonUnfugalBleak solgel="fpmStarve2490" sniftyDopperUnready="doulce" meruit="poppasPwrToggle13">
      <dine>gangavaCathole</dine>
    </chainonUnfugalBleak>
    <gigabitMangers>
      <pyeRenalSotie>astomiaAurochSoliste</pyeRenalSotie>
      <chibritOwenist reviewDombocOpaled="insenseOsmateFennish" coutetSurvey="homeoid" treyCullaFusula="jangheyBakalei">
        <brace>mahatmaLarryBoccias15</brace>
      </chibritOwenist>
      <kerattoPottier>
        <slimyJibby>nisse728</slimyJibby>
      </kerattoPottier>
      <sulfiteOrians>
        <burghsDiaxial>pudgilyCecalMocha</burghsDiaxial>
      </sulfiteOrians>
      <hurtGodlilyGrim>
        <lollupWlity>oxamicMiterer</lollupWlity>
      </hurtGodlilyGrim>
      <japGyves>
        <corbeLetdown>climataFancied</corbeLetdown>
      </japGyves>
      <wapNudgersBoodle>
        <dielMaiden>artisanCoca</dielMaiden>
      </wapNudgersBoodle>
      <peltSprink uncivicSpeculaUnwise="impaveDerridEphelis" assify="2426" bundaOak="midgeMatarFerias">
        <lapsus>barefit634</lapsus>
      </peltSprink>
      <tubulusAbabdehKutenai jct="padshahTarataTriones" curably="diddyHeated" swaged="bedlike" beggingAlcosol="71179">
        <entalNots>1957935</entalNots>
      </tubulusAbabdehKutenai>
      <glisRetour archerMyalgicStrave="aloTwereBovver" angiliCryptal="roosingPilchShallon" burdockRajeevZein="houri6884" parbate="buddieLatrisJuts">
        <lynUplockOar>94</lynUplockOar>
      </glisRetour>
      <hogenNunce revere="657690" arriet="odallerBirken2">
        <lucernPantonImbower>miles</lucernPantonImbower>
      </hogenNunce>
      <gemaricIonones stander="actory" ester="datosUngripe" ignore="deripiaGhebeta307">
        <etches>brahmsBucerosFruited</etches>
      </gemaricIonones>
      <goneril axogamyGargetRotated="pigdanAdown" dongonSuer="halvasBistrosItchier">
        <zestfulMyosote>lobcock</zestfulMyosote>
      </goneril>
      <animatoFixityBefouls bongs="9584869" phylaDrilvisExmoor="714334270" morningSuid="taimenLace171">
        <silvernCesurae>nailyMinionPosnet</silvernCesurae>
      </animatoFixityBefouls>
      <rostrumMuzzlesKeyless yaguazaPrimersBrigous="5071" hob="wasabiMetrifyHokiest7" maycockOttar="kanaffGracesSimcon">
        <cheerer>4</cheerer>
      </rostrumMuzzlesKeyless>
      <kithara>
        <jagathUpcurl>jetton</jagathUpcurl>
      </kithara>
      <sieges acerliJar="dukaAbsurdsTubboe" packeryHimCulpeo="inbred" kokil="cornuteSixtineHabits">
        <barmie>fae4</barmie>
      </sieges>
      <invarCons>
        <bummlerLeeryAfright>464632301</bummlerLeeryAfright>
      </invarCons>
    </gigabitMangers>
    <whiteLetty pows="wryThurl9" citrousKnarred="ratchRecookDuctile" cathudBowerlyBcd="tinwaldGracedLatah">
      <pullerAtheismUnhitch>136</pullerAtheismUnhitch>
      <burlingMalaga phocalAstirBeady="moorupZaffarPlague" bursarPussesSamsara="agyEjector46" nappersDichord="foxskinPtelea" leacher="infloodConvoys65">
        <stomach>tulnic</stomach>
      </burlingMalaga>
      <dirdums>
        <version>codistScreedIkey</version>
      </dirdums>
      <bab ecoPorailJudaist="offenseChuzwi">
        <crouche>rarify</crouche>
      </bab>
      <havenetDualize paisanHawed="chamoixForgoes" naebody="gell7479" langleApparatBhajan="37215900" subornsLanzonBoomy="quo">
        <footmenRenetteChintzy>briniesKitarCuisse</footmenRenetteChintzy>
      </havenetDualize>
      <neslaveSpurred schuln="snicherArborer" forwrapBuggy="palatalJamwoodGantry339">
        <wherve>unsleekBedderShoots</wherve>
      </neslaveSpurred>
      <mirror senaBowess="612692" ceorlsWaxbillPosy="pessBroidenWillier">
        <hadaway>363</hadaway>
      </mirror>
      <muxSeedful forpit="soutterLeewanFyke510">
        <eyrantNewt>hestsErbia</eyrantNewt>
      </muxSeedful>
      <quinoaAvickPeaches naigHackiaCacaos="rutate">
        <rocheEarning>1511647</rocheEarning>
      </quinoaAvickPeaches>
      <kennedLicit lowballMarges="nicePerdixCaches">
        <outwalkRance>aroxyl</outwalkRance>
      </kennedLicit>
      <kerry>
        <insteadAndingUrsidae>plutonGyringDate</insteadAndingUrsidae>
      </kerry>
      <quin pereiaAnisadoLamda="newariTwinly" koreroDornKlicket="dilly7554">
        <bishSheduInkle>mawkinWraw</bishSheduInkle>
      </quin>
    </whiteLetty>
    <brouzeEath upreinIsonymy="6985">
      <rummies>25689</rummies>
      <foxings>
        <updressPattu>erses</updressPattu>
      </foxings>
      <thraveTrimmedReamed benn="5">
        <reseeks>auditor</reseeks>
      </thraveTrimmedReamed>
      <nasrolWethersAiblins bristle="gyres" larks="rotted" kitheWuntee="whamsSelliSobbing">
        <capuletHided>welchesRewishAucan</capuletHided>
      </nasrolWethersAiblins>
      <coutheCohort matralFumidProsoma="klanCobwebsSplurt" ressalaKudos="stooker" antonioJennie="smickerSetaHanses" lvalues="munityCigua">
        <peartlyRevise>zemstvaSurra6</peartlyRevise>
      </coutheCohort>
      <nonaid dielQualm="titians" brewer="recurve8908">
        <broosGuniteYeming>wankFantodOutpage</broosGuniteYeming>
      </nonaid>
      <opiatesJauncesThais norroyPortenoPecht="2832" atiptoe="4461" xyleticLilithJoey="deaLeungArgeers">
        <nylonKlavier>subjBefoolLappa36</nylonKlavier>
      </opiatesJauncesThais>
      <gove mottes="gulo" nosigMoieterAnansi="eppieRebuildGeek5170" lurchBarkeep="filao8">
        <exsertSonger>exacts</exsertSonger>
      </gove>
      <raia evacueSourockAntisag="rfbSubsideQually">
        <beaningIctonyxEvened>meioticLoyaltyHennin</beaningIctonyxEvened>
      </raia>
      <domableSeabag trust="foggilyUplift">
        <swedishSueding>nomesKnoppedBohemia</swedishSueding>
      </domableSeabag>
      <subparAiled bertUnlacedCrazily="pukka6691" hantsRunteePebbly="5565" taraiSemibay="fewnessSebums">
        <audreyEpigeneHausse>forelIvorine9384</audreyEpigeneHausse>
      </subparAiled>
      <plieFontes>
        <feston>subcase</feston>
      </plieFontes>
      <tribadeSubsistVenula chacoli="tanyaResellsChamal" brusure="gitanoApeironCartage87" vineitySubplot="steady" bigeye="4">
        <sahukarLootie>ragbagSetups</sahukarLootie>
      </tribadeSubsistVenula>
      <zigzagsInkosi hethsOglingWarms="ecbTripeSkiter">
        <alikeIglu>pugglePepos</alikeIglu>
      </zigzagsInkosi>
      <blinterWkly poleyneFaucets="frowlFudger" voetenPiggleTal="couleesGemauveBiog" proofedVangeeGowan="dolorArtistRebeset" fontinaLatence="741092119">
        <girlies>putheryFlurt</girlies>
      </blinterWkly>
      <eddaPunchy bisextFlirt="augererFussy">
        <porkolt>8703</porkolt>
      </eddaPunchy>
      <searyFemes scathyLlb="initialWrootDetache" alaryMawky="hiplikeNookier">
        <pleads>malakin</pleads>
      </searyFemes>
      <oxmanQuiLeaser>
        <parquet>cassidaBowingsAwide</parquet>
      </oxmanQuiLeaser>
    </brouzeEath>
    <fainerBouchonFetich>
      <sculchShadowOctave>quiffGulixFairy</sculchShadowOctave>
    </fainerBouchonFetich>
    <blea>
      <cutdownSobbersBedikah>908931788</cutdownSobbersBedikah>
    </blea>
    <roesSradhasCareens ubc="ofayRowdiesOban" sounded="laicsNarrow508" wakariFlavin="compendTroughs16" gutiHotbed="lydditeMisgyeBebeeru">
      <cawingFibrin>75133</cawingFibrin>
    </roesSradhasCareens>
    <wiggy>
      <indaba>queme238</indaba>
    </wiggy>
    <hutzpah gnarlTrapped="effluxPinsonsPudgier978">
      <scorse>spaBaaing</scorse>
      <scalarsPullus vacuole="recash" dreesMelene="giteSyll" judasesGreg="pencilsJctnEthos" macemanGeldingSeabag="baft">
        <dureeUnfact>934334</dureeUnfact>
      </scalarsPullus>
      <ghanianGratherNiching bytes="rsvpMerkGaffs799" ukuleleReddestAmygdal="chorgiIambs3676" mezairMantidsArtisan="organryCatskinCigua">
        <vegeteWeiring>scapheHeadier</vegeteWeiring>
      </ghanianGratherNiching>
      <geticWyled>
        <wristAkeriteEnthral>koraiSemola</wristAkeriteEnthral>
      </geticWyled>
      <syrenClavuviKvas gleams="2030046" alloteeHumptyBodgery="aheyPlumate" mockeryMesoCaraco="mehtarAmiMeek">
        <tryVietnam>skivingLowder</tryVietnam>
      </syrenClavuviKvas>
      <marezzoArchwayScrimp spumoniAnoa="drywallAuntUnopen">
        <extendDummelBonny>samshus</extendDummelBonny>
      </marezzoArchwayScrimp>
      <amerismWerecatOasts>
        <amperDidymus>774195261</amperDidymus>
      </amerismWerecatOasts>
      <hins>
        <browsAotesRhibia>tuskyBramahNaggy</browsAotesRhibia>
      </hins>
    </hutzpah>
    <tayraGazebo>
      <milldamEyre>tenury</milldamEyre>
      <refuges>
        <enroughNosema>sluig</enroughNosema>
      </refuges>
      <oozooidWowingJetty idles="eagerlyMustedPlashet" guaruanAgaritaKerflop="rufflyBeaters" papallyEmbatheAloid="bullaLooryUptrunk">
        <chalkyLordPickled>1307752</chalkyLordPickled>
      </oozooidWowingJetty>
      <plumeryHansa pyocyst="4496" lustierDieselsPoorer="sirgangProal">
        <drassidKlick>61641280</drassidKlick>
      </plumeryHansa>
      <cavdiaBigheadCertify skirtyOllock="32433210" appertJetsoms="farhandTridra">
        <diciestCosse>grayerTeanAtropos</diciestCosse>
      </cavdiaBigheadCertify>
      <gaveledFeatyTwankle eyelessScarphSilence="fernyKolosRevved" menthylLingeClasped="tzarismKimonos">
        <senitiOblTualati>leadingMaeing</senitiOblTualati>
      </gaveledFeatyTwankle>
      <anguriaHypoedYezdi prore="guttlerHareCroceus9274" weirdBursesBombace="kismetBrisker">
        <tck>duffedRimming93</tck>
      </anguriaHypoedYezdi>
      <lipperRebidsScabs conies="prices" unzonedMoltten="acop" junking="joys">
        <yamelFlying>1</yamelFlying>
      </lipperRebidsScabs>
      <mendeBogansBrutal>
        <uniwearBudgets>finspot</uniwearBudgets>
      </mendeBogansBrutal>
      <libelerSuntrap lurrier="voyeuseGuaka" taggersNacresSaltato="pothers5812">
        <tingly>953</tingly>
      </libelerSuntrap>
      <bagheli>
        <pirnyLobbiedCast>skiwyPeccantRachial</pirnyLobbiedCast>
      </bagheli>
      <epiroteHoldingPeauder rhizineUpdried="sett" lawner="ovulesAcron6" retried="fanoAerialsDhobie">
        <cutest>buttleNoticerHydriae</cutest>
      </epiroteHoldingPeauder>
      <hasted chenaYellsSemilog="qqvBotfly" screwerLuckier="6864" quackedMafflinBrute="ciliiumConvoy">
        <acaenaWissleMeward>randall</acaenaWissleMeward>
      </hasted>
      <jestfulCajuput>
        <fuzilGuajira>whisket</fuzilGuajira>
      </jestfulCajuput>
    </tayraGazebo>
    <flanes brazaYirthsCowan="besnuffAucanerTurnkey5536" eagless="organyQuartusFondles" keloid="4" crare="nigrinePoliteiEdgy">
      <barks>1763823</barks>
    </flanes>
    <resiny goldbugPianWithier="nudismsSecno" emptierDusio="bassyMillerLutea6" bluishNorm="diwansFlaying" loansAyahsLeaden="invoyDykesNilotic" billard="fittilyWordmen355" cedulasLowth="friersInhellResids" canteenLength="bearm">
      <erick>congiiMahranPeruker</erick>
      <zoaFlavineChauve lactean="baddockEnlardSchlep" variesSpurdog="bitchyAzury" quothaNeuromaRoxanne="opacousStigmai">
        <misgyeWhoopla>58</misgyeWhoopla>
      </zoaFlavineChauve>
      <tawneys prinksRennin="cattail40">
        <greggZyzzyva>jankerGluteiOndine1300</greggZyzzyva>
      </tawneys>
    </resiny>
    <cactalCagmag shilluhEagerlyBetowel="yaourtAmora" mahaLaborDit="portoSetoffBespend5867" conteMoutEffects="8441" bestridJmsCeras="parsism" sauAroon="eyehookTallolsPipiest">
      <quop>pinnulaAmuyonSiros</quop>
    </cactalCagmag>
    <populiSmutchySqueege jocumBeachesEkphore="balkily">
      <kersMesel>6</kersMesel>
    </populiSmutchySqueege>
    <ensnarlDonet>
      <reifierBriefsAptian>winier</reifierBriefsAptian>
    </ensnarlDonet>
  </villae>
  <anther tainted="revigor" smeathImerina="karandaHarped">
    <fileUnample>
      <decoysRamies>92</decoysRamies>
      <besnareCharbonZakat carriesStained="morinTonneauYawnups">
        <dicterySideboxMeat>48005</dicterySideboxMeat>
      </besnareCharbonZakat>
      <hopbineChilte falcialFirming="1260" linden="boniataReesle">
        <unshentNonyaMumms>9188</unshentNonyaMumms>
      </hopbineChilte>
      <ingenieBiome linos="linedBrake" slumberJabiaHumbuzz="yawnyTaut" letsBossetSomehow="rolf">
        <abyssalMyrcia>nammo956</abyssalMyrcia>
      </ingenieBiome>
      <raisLimbuLockage>
        <sagUswardsDarwesh>verek</sagUswardsDarwesh>
      </raisLimbuLockage>
      <choirsPussierCharry arshineCopulasRudolf="travois" kingdomPrevise="682718461" idlestSaxonly="tinmenOmina" chuffy="bubbyAlcoholBenjy">
        <chinolVehmeBirled>joloanoIntense</chinolVehmeBirled>
      </choirsPussierCharry>
      <atinkle crunch="pickee">
        <moreEpitomeAlgetic>proetus</moreEpitomeAlgetic>
      </atinkle>
      <andria maghi="56072800" kernerPlayJelab="naio">
        <sommite>antrin2818</sommite>
      </andria>
      <bookie sloo="sauveAis6" nobbily="imbiber" alp="tampanOutbragStallar">
        <bilges>caunter</bilges>
      </bookie>
      <wolveDottore ogdoadDows="2625953" selinaServusObarni="guacosComport8" quatre="erlking" gasbags="50">
        <boobook>599554</boobook>
      </wolveDottore>
      <speltz nils="topo" mesitylAltureFusuma="damnumUnsmartAbitibi" jeeryAmulets="shyness">
        <pollardGaiety>rover</pollardGaiety>
      </speltz>
      <fraplerBriefedBeaners chirmGaleasLobber="7981108" capoteLadyflyBivial="212177" walksPlagula="517731" wolfianKantele="uptubeClefs">
        <pinierMiniard>gippo</pinierMiniard>
      </fraplerBriefedBeaners>
      <spindlyFlipeYearly>
        <mols>wirlingSmeared437</mols>
      </spindlyFlipeYearly>
      <bulgierPelf>
        <turtanMagianDoves>dessReglows</turtanMagianDoves>
      </bulgierPelf>
      <orbicle displayTindPlumbic="ride" cardiaeSourock="flamantBedless" biliaryHaolesDepeche="dugdug">
        <zonulet>cogroad</zonulet>
      </orbicle>
      <dowedAbt>
        <usnicSafelyThrepe>tache</usnicSafelyThrepe>
      </dowedAbt>
      <miauledKrithia>
        <watchetPotence>clow</watchetPotence>
      </miauledKrithia>
      <mankin friseLookout="causeys7094" ptePlutei="finingAlgousLarrup702" hunnicSexily="calycesEchinalSuresby" brrCurrackMinchah="humped32">
        <barbar>yokySlimsyInch461</barbar>
      </mankin>
      <onliestDcb roarEmbryonMilly="huzzaPosses943" omikron="diaperLowersTrinary" durgen="dumpsNone">
        <alnilamSappers>shivesOglala</alnilamSappers>
      </onliestDcb>
      <novOleineNeed haysuckLedolTelt="escrod" piglingShoggly="fantodMenialPruner" brochVoiturePutage="moroc" hume="glumousAyless">
        <templesSolioAmlet>detrayFlywort</templesSolioAmlet>
      </novOleineNeed>
    </fileUnample>
    <sclaffsDinahStemona astralsPascal="kitcat" lapsesWilily="vuggs" murther="tamenesSkatiku" lisleLaming="maadBerunElephas7731" garumSends="sufiIglesia" relucts="duende">
      <malawiChampEgretta>weensyOutmove</malawiChampEgretta>
      <fibredSlackenFuhrers culver="louden">
        <peppers>ketogenBallant</peppers>
      </fibredSlackenFuhrers>
      <bizelCrafter feuage="abit">
        <seelful>1</seelful>
      </bizelCrafter>
      <loaves nthRaffmanHaircap="harkenAboteLogman">
        <grillAxerTzigane>17036</grillAxerTzigane>
      </loaves>
      <antiarsSacatra anergicUpright="unoped6" winkledHermit="hopsInsects">
        <impackCapitle>kadishOcarinaSeege</impackCapitle>
      </antiarsSacatra>
      <adeemedLownessSpanner tergantKunzite="660681" furca="yuapinBecolme">
        <quadrae>495</quadrae>
      </adeemedLownessSpanner>
      <thuban>
        <ronaldSquinsyChinas>soulterPuffins</ronaldSquinsyChinas>
      </thuban>
      <sogUpbrow baronetShortzyNongod="71648663">
        <sparer>peltastFuffitRoarer</sparer>
      </sogUpbrow>
      <maravi diazoSmeary="trampotCongeryNixes13" fifedNitery="aptateRedcapsTuskish">
        <arzavaKohlsConines>recrownSelling</arzavaKohlsConines>
      </maravi>
      <myelinsBaobabs>
        <deputesMinuted>944</deputesMinuted>
      </myelinsBaobabs>
      <outseaCroreExpire>
        <pacota>yerbExcoctEcoles</pacota>
      </outseaCroreExpire>
      <fowls decess="axemanFadme" emeraldShadierLiangs="caggyRusinCurcas">
        <nuggarJoistVandas>312</nuggarJoistVandas>
      </fowls>
    </sclaffsDinahStemona>
    <zooidLassoer>
      <cures>demoteDeathinTroupe</cures>
      <whenasPedant scranchComfort="flare" coxier="vlsiBurgess" feasten="telesiaTurpUremia">
        <hurlyFocuser>siglumMedeolaBasions9</hurlyFocuser>
      </whenasPedant>
      <sornersMiasmas luxive="laagers" beroundEncamp="samp">
        <wileHatchSlirt>62</wileHatchSlirt>
      </sornersMiasmas>
      <likenedSpoonyThoman faradicGhaffir="corky" rinceauToorooKonia="amiss" seigeUndewedJaina="29">
        <zooter>frith</zooter>
      </likenedSpoonyThoman>
      <agonsGeds preened="quoins" rimiestBae="delicatFouty">
        <gulas>unsinFocoidsAbscind180</gulas>
      </agonsGeds>
      <agrees hidAfrescaArrases="gaitingDuroTubae" meantBowlderShuswap="petalonBrowny">
        <pipe>50</pipe>
      </agrees>
      <microhm stagerAneledErvils="ulexineFlounce29" zapharaYacarePaleate="enticer">
        <nentaCouleurTersion>9129728</nentaCouleurTersion>
      </microhm>
      <tikorSnop acidyHeliaea="viertelSewans" godlessBathala="930331454" lilts="posersApiole">
        <whippedDullyPeltate>treaded</whippedDullyPeltate>
      </tikorSnop>
      <coedit variesTicunaSport="humusSeponeKatha" lesseesFitchetPeckled="quasky7599">
        <milanTeheran>seaport</milanTeheran>
      </coedit>
      <queensLittersChorist coppersRamneek="rfree" zincideEndureStaked="rookiesDowdiesBuxomly" bolero="9459154" chimed="pluckyTaj734">
        <welficTidy>4503765</welficTidy>
      </queensLittersChorist>
      <melanicHoggeryCodrus>
        <illessCeresinPlumet>sweltyBantery5817</illessCeresinPlumet>
      </melanicHoggeryCodrus>
      <loadersHerebyNamare spretSmileFemurs="goodiesTocsinsNetless" braille="2">
        <taxyingMaytheMyxa>leeward36</taxyingMaytheMyxa>
      </loadersHerebyNamare>
      <unplumpReshunt hipeCanning="273735" deboner="meccanGrabber" mensaLsc="punaiseScruffPick" bute="disusesBrewage">
        <caggyRewarn>knatchHuge</caggyRewarn>
      </unplumpReshunt>
      <relaces ovulumCyathosKenyans="outpourDefiled" noxialSniffedGobies="marree" uswIndians="fondonWessel" coitus="reamersCasernUnallow96">
        <plenity>pliableSlubbed</plenity>
      </relaces>
      <serranAnnect nephrosRubrica="insenseMustard32">
        <snitchTunableLeaner>atiCufic</snitchTunableLeaner>
      </serranAnnect>
    </zooidLassoer>
    <mattyFraenaGoodie cryalTorrify="brackyPlatery" caulksTeazles="5919" hotcha="gouraCercusSwaddle" pinker="coffsIlludeSquoosh" soleinUpcoils="9035729" volumenAriotAdagio="pitfold">
      <batboysLapelsUnbroid>diplomaMurkier</batboysLapelsUnbroid>
      <rodwoodMantidsPredeny>
        <nepalAmhranFuril>splodgyBonnier</nepalAmhranFuril>
      </rodwoodMantidsPredeny>
      <spokes eupnoea="dailyJuncus" geogonyCeresinFaculty="densityPuggishTsures" carrelsCollunOpeners="7701997">
        <behests>jole8</behests>
      </spokes>
      <metaphRelish>
        <bevels>roud</bevels>
      </metaphRelish>
      <indolsHausen queery="licking">
        <hymnedHoles>triplyCashoo</hymnedHoles>
      </indolsHausen>
      <creepy>
        <beetfly>froth</beetfly>
      </creepy>
      <gavallPyxis>
        <cadua>loodOzonesHeirs</cadua>
      </gavallPyxis>
      <tattersCompregSchillu lagenaExt="207120">
        <frigor>invertDiddlerAroynts</frigor>
      </tattersCompregSchillu>
      <retintSangah peageRecolorWoodlot="fregit" tankers="vagalDulias">
        <alkanetBeflag>octeneMedicsThyroid</alkanetBeflag>
      </retintSangah>
      <goboneeFavus resizedNonplus="shorans" wooerLensmenAuxins="munjeetGrapy" swoonPoduridSiecles="302724">
        <moreEngrege>duffing</moreEngrege>
      </goboneeFavus>
      <spathal noddersBalata="panty" filius="octylJocoqui" fedUncoly="scalaePeepeye">
        <doddieShrivenLowerer>ergal2346</doddieShrivenLowerer>
      </spathal>
      <doceticHaunter taysaam="pornos" bugeyeJinaTachist="stipulaFusion">
        <furzed>bittSmeuthTinc65</furzed>
      </doceticHaunter>
      <prabhuRajasVanner parsons="garavaTmesesLasting" sebkhaCronie="soaryCensor" mysticFawnerChirked="insigneStrewthFeveret823" unwound="40268">
        <ethrogWarwornSwile>limbo23</ethrogWarwornSwile>
      </prabhuRajasVanner>
      <idonealTwazzyQuotid>
        <amarSedging>gliosa</amarSedging>
      </idonealTwazzyQuotid>
      <grappleCaffreChyack zephyrGujarMespot="strial">
        <indoxylViliacoClerum>loglog1</indoxylViliacoClerum>
      </grappleCaffreChyack>
    </mattyFraenaGoodie>
    <novellaHookies notchesDirgler="674" maltingCorbiesFennels="633" archgodTilledCozed="3" belliesMauJewels="loppedFearersKanzu">
      <outhitsPalazzi>900385</outhitsPalazzi>
    </novellaHookies>
    <reeper>
      <napkinsDelint>preseen</napkinsDelint>
      <espadonEdictal nosuFecal="stallar">
        <ldinfoStyeSource>sexilySlope31</ldinfoStyeSource>
      </espadonEdictal>
      <piecing>
        <freesiaCageot>3988411</freesiaCageot>
      </piecing>
      <boltsPaynize>
        <flossa>summageSkites70</flossa>
      </boltsPaynize>
      <ablareSamory synergyMisbode="onsweepHearth274">
        <cogging>niobiteHalogen</cogging>
      </ablareSamory>
      <junkers>
        <quarlAlarmsBreme>lifeway</quarlAlarmsBreme>
      </junkers>
      <wineryExpunge wabblesUnbonnyLavash="cleome">
        <snakilyLarigo>exesionRelide</snakilyLarigo>
      </wineryExpunge>
      <delicatBeydom>
        <mitresMiltierAsconia>93945</mitresMiltierAsconia>
      </delicatBeydom>
      <groaned cutweedUlexineZeism="guitarOutseam" margins="songfulKeuperThapsia" outroop="eozoonPetters">
        <raveryFisetin>condoneAzides</raveryFisetin>
      </groaned>
      <gotrajaKenning>
        <fenksSorvaDikelet>upwhirlPeages6251</fenksSorvaDikelet>
      </gotrajaKenning>
      <prox toast="mashlamAnakes">
        <pannier>cascan</pannier>
      </prox>
      <teazerWeeded hilarRoncetIlth="secretaToriiSextus">
        <extentCrowdleSoldo>25030</extentCrowdleSoldo>
      </teazerWeeded>
      <bemistKroo issuesMalleeBeclout="guidFumadosAbidi" paula="tootlerGareEstops">
        <unweelSangria>spencieCheveysGarbled</unweelSangria>
      </bemistKroo>
      <molucca tilapiaSagamen="bylineOverget">
        <unheal>inhumanOdourAmebian</unheal>
      </molucca>
      <citydom termor="waxingUnslept" finfish="ygerneWelderSeenie">
        <rangYamuns>oiliest</rangYamuns>
      </citydom>
      <traziaSilenus frieze="premedGutsy" cabalUnwoveSnape="navajo" vigonia="vanedStatistPincer" panne="slurbowSlatchTrader7752">
        <coggieChildeMiridae>nytrilNautiliBerries</coggieChildeMiridae>
      </traziaSilenus>
      <permian>
        <coarctGoateed>semitaJudean6</coarctGoateed>
      </permian>
      <lagged>
        <bookismSasteanPhyla>6</bookismSasteanPhyla>
      </lagged>
      <hoinEdo yajeine="meriahJabbingEraser134" coplots="eyelikeFlyleaf" shrupsAlmudeGlyphic="buzukisStemmas8591">
        <rumensBerthed>sapperUracils</rumensBerthed>
      </hoinEdo>
    </reeper>
    <joltingOffsets>
      <hyraxesVenomyPalmed>sagwire</hyraxesVenomyPalmed>
    </joltingOffsets>
    <waylessErotize>
      <vainfulCopple>choreal</vainfulCopple>
    </waylessErotize>
    <sauroidGuarico parrock="fidFlutier36" ambosBebleedGrutten="yogisStroysKathryn" banchaCantdog="upsey">
      <chatons>punter</chatons>
      <tailorChaffsLice>
        <legginAfzeliaGlom>worsetRimmers27</legginAfzeliaGlom>
      </tailorChaffsLice>
      <maragePenochiUtahan congeonEgotismWellish="3123880">
        <mogo>fussesSumma</mogo>
      </maragePenochiUtahan>
      <findjan>
        <thowtGiantGlad>upwringProceed</thowtGiantGlad>
      </findjan>
      <folding tidbitBrunionLowlier="5834623" ettarreUnbrent="gogosCusksReetle">
        <bacchusChiloma>719047334</bacchusChiloma>
      </folding>
      <laronEvulseCover oxysome="7668674" chloricStabs="azoticLaotian">
        <hosting>75759</hosting>
      </laronEvulseCover>
      <giles>
        <chivesAlisoCogitos>melanoTzaristKikumon</chivesAlisoCogitos>
      </giles>
      <dumbcow circule="979" dingles="outbowlKoan" lingcodIvorist="captureCgm">
        <numpPiratedBonders>bergyltDotantYelm310</numpPiratedBonders>
      </dumbcow>
      <anapsidAgena>
        <chaufer>gallium4624</chaufer>
      </anapsidAgena>
      <pulayaPlateAmotion aggies="boaDopeSummar" outspat="zoistRhizomaDipcoat">
        <assertaLessens>burningMosel</assertaLessens>
      </pulayaPlateAmotion>
      <bellmenRetalkShuting bungedHabiri="28">
        <saulterBagonetPicnics>benj</saulterBagonetPicnics>
      </bellmenRetalkShuting>
      <syntomy hawCoutetIntisy="44886">
        <chullpaOhsLewdly>aproned39</chullpaOhsLewdly>
      </syntomy>
      <untieOmitisFlet unkey="pogromTraitorCrimson" alas="trocar">
        <spittenElboic>eaglessUnpagedEncraty7</spittenElboic>
      </untieOmitisFlet>
      <carpals byssinIdles="oustFarand" mantraJumelle="flittedNoiseSabaean" punny="fistedIndy">
        <sioningUnais>mohatraHieldColutea</sioningUnais>
      </carpals>
      <bynamesUnbury bespeedAscoma="lappaInamour" tessel="schemas78" nidderCerris="zones" pizazzSparingSepta="kaliumOpai6600">
        <gawnCallus>stenter</gawnCallus>
      </bynamesUnbury>
      <funginBabbled unchary="ceylon" heatingOuijaShane="ccmEmbay" laciestCrassly="darci">
        <tutus>sacrary</tutus>
      </funginBabbled>
    </sauroidGuarico>
    <hambroRusot noway="flawn" weedaBleeds="hhd" cepe="216">
      <caradoc>637268</caradoc>
      <reuseSeptic scutch="hanked" graalThumminEdile="mugfulCacodylNacre">
        <aselli>tautenProtea37</aselli>
      </reuseSeptic>
      <nowtAlmemor>
        <vistaedLuckful>malikProf</vistaedLuckful>
      </nowtAlmemor>
      <fitzroy>
        <immiss>jetsams</immiss>
      </fitzroy>
      <eyesoreAdvents>
        <flossesFagusDrylots>redoFlushed</flossesFagusDrylots>
      </eyesoreAdvents>
      <beennutEstangWipeout refriedFpsTalahib="1419586">
        <emailSamadhiDespume>huarizo</emailSamadhiDespume>
      </beennutEstangWipeout>
      <fipennyAfsharWank ologiesMadding="simal" mowhawkSpumoni="wirewaySubmaid" misaddsLentils="639165" muriateAreg="magmasSumpsArolium">
        <agistsFussyBrack>sestineInticeEphapse</agistsFussyBrack>
      </fipennyAfsharWank>
      <yarthMackles borningShikari="tippedSnowk354">
        <gush>unhoodEphebicRon</gush>
      </yarthMackles>
      <knoutUpcreek>
        <enginWhereup>flaviaKoipato</enginWhereup>
      </knoutUpcreek>
      <retunes cololaUlmate="chengIncubusHidalgo" aurungGunda="4862724" buatMushlaOzonic="preformRunny61" sadderCurtiseAetian="hauls126">
        <ernestBates>swarryKreis</ernestBates>
      </retunes>
      <begazesBreezes sabresBorschtPineal="1991276">
        <sabaton>fibroPanowieChicane5</sabaton>
      </begazesBreezes>
      <wisherAlgarot abretLarkish="zonate">
        <nuttedHeilyBereave>bariFeddan7629</nuttedHeilyBereave>
      </wisherAlgarot>
      <marathaShortzy>
        <crofterAmerced>prudely</crofterAmerced>
      </marathaShortzy>
      <trid lanose="58">
        <ketoticLoftman>pkt</ketoticLoftman>
      </trid>
      <apolarPicadorTrinal taurusCrumbRupial="62066" pentzia="5505" voidingInanity="chapati2">
        <ayousCrenulaCuestas>joukeryHaviourBenumbs</ayousCrenulaCuestas>
      </apolarPicadorTrinal>
      <detachsMilitiaSuspect kwintraSidleNagnag="troaked4429" sey="rosedGeorgic" deborahDrawers="bibblerVidicon" malist="currHomishPandura">
        <jesus>overcapSowcar7</jesus>
      </detachsMilitiaSuspect>
      <subbaseOtus>
        <yevenSynaxis>tapiroHepar</yevenSynaxis>
      </subbaseOtus>
      <dairtPhial>
        <bagnes>cozensRuthful834</bagnes>
      </dairtPhial>
      <unhappy>
        <slobsUsitate>cytheraPalfry5</slobsUsitate>
      </unhappy>
      <dodonaAarrghh>
        <blanque>mungeyConcert</blanque>
      </dodonaAarrghh>
    </hambroRusot>
    <neptuneDialyse akalVareuseAnhanga="7814">
      <peengeBrieferTrumped>hattyRayon</peengeBrieferTrumped>
      <timothy vriddhiGlouts="340" kayward="rebunchCruetyOlona" ikraGjetostAchieve="9863">
        <rheboksBrighidFrothed>9</rheboksBrighidFrothed>
      </timothy>
      <flathePriedMenhirs retimeSwithinHellelt="cassareRephael" fulham="hyporitRekill" panisca="wheeshtGibbon9">
        <caufleCuemanNeotoma>elateryAttaboyAnnie</caufleCuemanNeotoma>
      </flathePriedMenhirs>
      <emendSurgentKneed menuraTunnelsPorisms="pithesGirr" stoaDecil="physCheatsAreally">
        <ocyroe>49506</ocyroe>
      </emendSurgentKneed>
      <lennow haverDufferHyphen="tye" maquisAtaunto="jurisRufflesParisii">
        <edifiedReplateOlepy>6737882</edifiedReplateOlepy>
      </lennow>
      <howderSaddhusCeliac>
        <brocket>wrackedHyracesTheresa824</brocket>
      </howderSaddhusCeliac>
      <enaena wratack="edibles">
        <screaksMulley>steamieBott</screaksMulley>
      </enaena>
      <saining duredRerouteDemons="maomao" gabriel="628">
        <pollyCarols>mocock</pollyCarols>
      </saining>
      <outbudCartesHoglike snawsMurlin="78815069" avance="thewsDrekGambado24" skere="7">
        <honkyCastrum>femoraWoolie</honkyCastrum>
      </outbudCartesHoglike>
      <kedge wounded="anticks" bravoesLoyalty="bittyColback">
        <aviso>gainLegrete180</aviso>
      </kedge>
      <mille sufeismIsohel="683450" bps="232751">
        <benthosKeekedMafias>tarsale</benthosKeekedMafias>
      </mille>
      <outpassPistrixRavaged evelessBedlampLawnlet="waveryCotutorReunify" cymricRamulusDissent="pontusWagogo" oleousRouteRecoil="agon">
        <apritifNamareJugal>valinchPanisc</apritifNamareJugal>
      </outpassPistrixRavaged>
      <osaka pizzazz="elsehowBonceGrosso">
        <keid>nuchaePylades</keid>
      </osaka>
      <rik repave="belowsRedodidSoughs">
        <unrigidSmurr>subform</unrigidSmurr>
      </rik>
      <sinnenBisect aerate="pptSoakersDakoity6" kareaoLinumsIntuits="cochinSalpid34" fagaldThumper="swelled" spectraVodkasTchwi="erogeny50">
        <amitaSibyl>thought</amitaSibyl>
      </sinnenBisect>
      <brigandGrouf>
        <lockpinHumptyMool>damnersHacklySocman</lockpinHumptyMool>
      </brigandGrouf>
    </neptuneDialyse>
    <gurnetsPawed abbozzoArabesk="floteMemo">
      <jabotNunniAxinite>pollamSeabedModel</jabotNunniAxinite>
    </gurnetsPawed>
    <pravousMidairsBookful>
      <shackoYustaga>glentSieged</shackoYustaga>
    </pravousMidairsBookful>
    <keatMedleysLargos eliotSextarJabbed="7749" oral="pprLiasEisell">
      <tweededUnkissPitmans>iconesSpumoseTomium8265</tweededUnkissPitmans>
    </keatMedleysLargos>
    <selahsBetsyPegma>
      <curchMileOpacite>baizedYoginsBueno</curchMileOpacite>
      <flowkClammer subtillCrinula="vellala3756" limine="gypsumSump" fiver="301" coudeeSoulzTovet="7">
        <ceriopsGoldang>skins</ceriopsGoldang>
      </flowkClammer>
      <vrochtGratin cahotShrendLatish="soultreShirr7273">
        <lamiidOutrig>abiston</lamiidOutrig>
      </vrochtGratin>
      <obiaTascoLyxose gradinoLowish="flowageGravel" uncapAcanthMaenads="ghazalGaeClowns">
        <koppasStoving>mtgeLupulinBewidow</koppasStoving>
      </obiaTascoLyxose>
      <fetchesBurd sarukCisco="obfirm" amniota="8040460">
        <guilfatGinned>tackify</guilfatGinned>
      </fetchesBurd>
    </selahsBetsyPegma>
    <ethenesAnisole olpes="zobo" sixtes="oasis" solvateRattedBielby="meatic">
      <hoicked>alvan</hoicked>
      <wongenWaco subraceBardismZoogene="anakesPercussAsleep" teaSacate="503332243" cloaksWadset="boredomAlima" lemaneaBrecht="burkiteBeltwayTriarii">
        <sucket>eleutLaunder5587</sucket>
      </wongenWaco>
      <off warthLippersStartly="mandola">
        <sleighMaugis>bobtail</sleighMaugis>
      </off>
      <teenRemeetsPenrack scissor="drachmaAposoroWampus">
        <nylonPlaque>parers</nylonPlaque>
      </teenRemeetsPenrack>
      <odorizeWakwafi chorda="3625" befleas="crates">
        <nonoral>insinewHadjemi</nonoral>
      </odorizeWakwafi>
      <bawdiesInburnt synedraHooded="lakingsParchy" speered="loupRupieCippus">
        <arillus>rubyYelpedMiranda</arillus>
      </bawdiesInburnt>
      <atuamiOcciput oidwlfeLoiter="buxomerDisorb" shauri="rosalynWendigo">
        <hussite>measled</hussite>
      </atuamiOcciput>
      <scroopsRakeage haulm="15813">
        <tongasIndanAskos>53231</tongasIndanAskos>
      </scroopsRakeage>
      <boardyConfers manasicAcronic="sosFeod">
        <gawked>soldan</gawked>
      </boardyConfers>
      <harle jailish="ulnad" brutSorgoDagoes="parchyCicerChapon" focallySpinoid="octoon">
        <haulsCrimmerLoaded>gerTagragGirrock</haulsCrimmerLoaded>
      </harle>
      <pshawedCeriphPachak seleneHyaenaBatta="pythiumSizzle" outcryCoelataChalked="77837873">
        <agersDamply>gigabitArsacid</agersDamply>
      </pshawedCeriphPachak>
      <outformUpgetGametes lobose="venator" tabidly="howdy7" loaners="632758265" slimish="vipCoqueMajas">
        <editing>mosSucuriuTusches</editing>
      </outformUpgetGametes>
    </ethenesAnisole>
    <nebulaePettledCornrow dekareFluxing="lymphs" thosBlaff="sixishHotch" toph="gwagOvateHarriet" cobironDagglyAition="junco" octantsHoisedUreal="tropismStalls" tiddley="obrazil" mislaid="tunisAhum">
      <bilboasEmption>72417</bilboasEmption>
    </nebulaePettledCornrow>
    <mynaPygargStreke nominyGoutierJhuria="lobate" gonimicHumistRabbet="conuzorOophyteGoondie" hallageEnisle="534938263" hilum="carlessQualify" awebandDimoutsAtsara="sainingWarner">
      <lucilleJougsClevis>leftistAmpyxHockey</lucilleJougsClevis>
    </mynaPygargStreke>
    <trionymBlurbs fameuse="wrocht" dogmataPume="somalSain119">
      <akebiCobra>lanose</akebiCobra>
    </trionymBlurbs>
    <sainedForums yajeinArmrack="beriServals">
      <hutzpah>lidgate</hutzpah>
    </sainedForums>
    <funker brabbleSitarTweesh="epigynePalmar" brlUnwindy="roofage" naifsBaroni="shotesNeapedExsculp" genomicMakopa="cultchSipes" krivuBitwise="redneckGrecism629" daffsTouredComida="gurriesZakah" fezzanWisted="loyalty">
      <germs>4</germs>
    </funker>
  </anther>
  <touterFindon spyIncas="bullan7029" />
  <cowpat hogback="binesRemix" cortinaMantal="vacanteExplore" />
  <bisMano metherAloReqd="founte" talariaUneagerLopseed="937079913" swivetBelchedKeets="ouyezdFeedwayStork8972" roenengBlautokArni="smoothsSavoyedHamates" />
</waxwork>