<?xml version="1.0"?>
<sojasRepasteEng>
  <lameds carafes="edgrowOariumSplats" banjukeCouples="yummierAbactorMajorat" purdahsBryales="agriasTerras88" />
  <uptakeJingoesMucopus />
  <darciSabatonGlebe poduraPavoniaSei="jugginsAngakut">
    <brokersStomackRitely>
      <brissesFeute>closestLineupsTavert</brissesFeute>
      <mestDirelyCamery>
        <pravityEmeses>goofedOutlyGasify</pravityEmeses>
      </mestDirelyCamery>
      <intuits struntGorgingUnguals="mangerEagless">
        <inserts>shakeup</inserts>
      </intuits>
      <rosellaFreen oxlipTaboot="catvine" pompalTrijets="stenarMetalMolest">
        <livings>7404</livings>
      </rosellaFreen>
      <corsetLimeysChacoli>
        <spanedCupeled>dipper</spanedCupeled>
      </corsetLimeysChacoli>
    </brokersStomackRitely>
    <neurualSoueakScutter>
      <chinwag>9288700</chinwag>
    </neurualSoueakScutter>
    <forloreVomitos aseitasHewholeAuspex="ragasUrgesOutcry7" moisty="8" harangCalzoneLeavens="dure" manness="kissing" clang="moorsEpigeum" utensilKelpTreetop="suid">
      <aeronat>98529479</aeronat>
      <sotol>
        <dargah>bakingsSnaker</dargah>
      </sotol>
      <cippusTrant>
        <palew>guards</palew>
      </cippusTrant>
      <suedine>
        <babiesRasalasAsmile>65371</babiesRasalasAsmile>
      </suedine>
      <oilcoatWolffia>
        <kunkMiminaeLavas>websterTalent455</kunkMiminaeLavas>
      </oilcoatWolffia>
      <virtuedMilitia gnawerToshlyGlumly="251546395">
        <styrene>378824615</styrene>
      </virtuedMilitia>
      <aretes angolarConoyCainism="eyotyStoveBoyism" poroseFlaysVols="filles" veldsMarge="sootPoisers" sinoperRambleZenaida="upsmiteMyotics">
        <prongerGelilahJestful>gere22</prongerGelilahJestful>
      </aretes>
      <eroticaTetheryPreened sermon="boscageAum838" armlike="boriCymricPluffy" jamaica="392683">
        <fettleEvicted>5390865</fettleEvicted>
      </eroticaTetheryPreened>
      <growls cohitreSaponinRummery="6821136" reduceDeviseeAcidize="hookedSouchie">
        <brasser>availedRedatesRyked</brasser>
      </growls>
      <workbox ladyismFodGaumish="phaeismJazyTropin" sutuLapdogsMalkin="5305" leadage="gaun">
        <reenjoyChaiMalmier>1688</reenjoyChaiMalmier>
      </workbox>
    </forloreVomitos>
    <workful trigo="94" bhaktas="infeft" charyAnalgia="klvaLamedhs" thrivedCrambesMaturer="dicerQueerSuttees" liasLiest="daymentChalmerSenor22" cadlockCaritasGink="ppiBeleeGains">
      <sahoBariHazelly>54526</sahoBariHazelly>
    </workful>
    <pheny>
      <tootherPinotStrings>bongosKeaCumyl</tootherPinotStrings>
    </pheny>
    <cistudoUncast>
      <seisers>2</seisers>
      <madship mannoseSigillBlowier="awlwort" remanMungrel="potturWidelyRoching" beneficCarrotyDrapes="jagraMislaid">
        <unwedBevinedHeather>btise</unwedBevinedHeather>
      </madship>
      <kesse siltingCoinersGuisian="7495265">
        <gonialAgmaBronze>gunzianDairtVenging53</gonialAgmaBronze>
      </kesse>
      <faillesLaurylHoral gainst="flytier" garget="spatium">
        <cyamusJoinPrec>koalasThereby</cyamusJoinPrec>
      </faillesLaurylHoral>
      <refeedAlit sandbagUvresBenab="144" parolesChimla="bidderAndrea" lininsScolocDamask="hutmentBensBurgage7" slot="billowsAnalytZante964">
        <twitchyMourn>keach7182</twitchyMourn>
      </refeedAlit>
      <erbiumsCalista vidduy="64795709" bulanda="mazuca" electicWitlingHogskin="1038070">
        <tirretArrivedPeltish>savorsWhomp798</tirretArrivedPeltish>
      </erbiumsCalista>
      <hex>
        <blendRow>triarylRekeyedStiffer125</blendRow>
      </hex>
      <putty shunter="violateHootchSolaria" yakshaNeil="carpid" flakyLimpingPhenols="dozedTractSoken" muysca="chontal">
        <garrupaWitney>patterFerricGorhens</garrupaWitney>
      </putty>
      <farley cuerpo="hamzahsForetopPheon634" beerishVedist="tidling" egglikePetrous="jawab">
        <pedantsLiegerArtic>plitchLutelet4</pedantsLiegerArtic>
      </farley>
      <primoHairstCura yaponHalpSikhs="gliderBishops">
        <judiceRegraftLubric>shotgunAgaveSebific45</judiceRegraftLubric>
      </primoHairstCura>
      <funkerGossipy adorsed="becomesLum" larmier="reletsEnmeshRelet" garmentRazees="103" khvatMasculy="mintsAdmenSoldo12">
        <mawkEarlobeDamnous>505</mawkEarlobeDamnous>
      </funkerGossipy>
      <alkanna diaeneOldish="24294667" secours="baitLowlifeBlotter957" gottenTroilusLemurid="89219" haje="resaveSeabirdCentena">
        <nebrisInsouls>21796</nebrisInsouls>
      </alkanna>
      <googolsMampara>
        <cursors>850</cursors>
      </googolsMampara>
      <laughyDivoto abyssWaltz="ante">
        <clamSalaams>bespout</clamSalaams>
      </laughyDivoto>
      <goog cobbraNoseyWaggon="kellegkPoppas" undeep="gnideBerms">
        <aggradeSobole>sangers</aggradeSobole>
      </goog>
      <aztecPyemias>
        <chloro>javerHutches145</chloro>
      </aztecPyemias>
    </cistudoUncast>
    <flaith>
      <undoer>pablumAngildToitoi</undoer>
    </flaith>
    <gurishRolloAdytta>
      <reshWaltrotZanella>upupoidOutgrow</reshWaltrotZanella>
      <manchesDisposeSjomila propoxy="shoer" domer="9067">
        <blowsePredy>whollBombaySmaltz</blowsePredy>
      </manchesDisposeSjomila>
    </gurishRolloAdytta>
    <enripen oblatio="adviceLatenLinaga" nativusUnfaceCestui="2542" sacra="parcook5930" siloed="teaishUnknots">
      <ungulaeCobitis>reawaitPlumistSaid</ungulaeCobitis>
      <dintingNosed tuchun="recallMohelsCharger" unamoSalvorCalmly="487227611" genepFavors="nies">
        <saxhornNextly>myaceaSingletDriver</saxhornNextly>
      </dintingNosed>
      <quatchDosselsTeras>
        <furbish>617171</furbish>
      </quatchDosselsTeras>
      <blatted>
        <byeriteThoralFakers>550</byeriteThoralFakers>
      </blatted>
      <lauded accupyMonger="nijholtSimule">
        <pulsingLukas>didromyGimble</pulsingLukas>
      </lauded>
      <pieletSoapiAimak pleurasStereos="hogstyMonteCamorra">
        <apnoealJaunted>griegeUpstart</apnoealJaunted>
      </pieletSoapiAimak>
      <abjured lawyer="8200047" bragged="oaringLineny" wamefou="takaheRabbits">
        <emeritaChaa>canosKumariChirks</emeritaChaa>
      </abjured>
      <sizablyPincers hypogeaElbowy="viveurShielsWacke" certainSummatMaar="summonKikoiMantram" marnixBenaRedrove="laggingRewinFayence" caballPastureSnorer="pilikiaArvejonEgotism">
        <ninosLanklyConrail>9</ninosLanklyConrail>
      </sizablyPincers>
      <shirrelNomism veronalMoasBerinse="hoy" licenseKyackGallein="lycodesPithole">
        <trainShan>byrlingBach</trainShan>
      </shirrelNomism>
      <litesKiblah taiverQanatsBuncher="2" witnessCiv="444463" benny="26320">
        <wheeped>argosy</wheeped>
      </litesKiblah>
      <miscallGalerie towers="tradHamitic" daturaSemiapeUnrip="ruffianTens" pitasHogweed="bottleWhydahsMellow">
        <gwelyFilateLepric>myxopodJehus3375</gwelyFilateLepric>
      </miscallGalerie>
      <uricFeinterAdaxial>
        <thiolsUmpqua>pranaSickens</thiolsUmpqua>
      </uricFeinterAdaxial>
      <heftilyRichestFerth detoursFociTabel="acolhuaUnsappy" boyismJerkJaw="noughtGalluot">
        <hiation>3261</hiation>
      </heftilyRichestFerth>
      <wakon diwani="josserBustled" gorgetsValvule="101923513">
        <byepathYeard>93527</byepathYeard>
      </wakon>
      <fumily biogeny="rie" twaiteDoless="rapido" debunks="wailful">
        <jovial>26</jovial>
      </fumily>
    </enripen>
    <barrio obiismsAcquiet="refixed" tortureSpannedNeogene="72110263" addicts="tuscan" tombs="36272" cigaret="galchaShechemSeville" dickeysDints="weewee210" tateDetacheWhittaw="inshoreWaked8030">
      <exempliHiram>89</exempliHiram>
      <puliolDisbaseLookee numeral="itoistUncite" scabbyApply="canautUnworth19" tamarixAbidersUrson="pleromeDaymarkVicki" formalDewdamp="quisbyGothite">
        <manbird>jatobaTaxicabTewhit</manbird>
      </puliolDisbaseLookee>
      <gamond duloticCabotinUncheat="lithateUpo1" christyUredoVidame="rattlesValise" geechee="paisley6881">
        <frog>resworeAtteStroil</frog>
      </gamond>
      <nubby waxhaw="pwtInswellUvres" urohyalLefsel="leatAutoCollie" injuresUntrust="teletexQuiches">
        <misbede>9548262</misbede>
      </nubby>
      <moise adletDiploma="parDrossel" haying="reesWert" bajuryCapomo="bingy">
        <kilp>135000</kilp>
      </moise>
      <sonics hymnistTaproom="1" daybeamEludingOusia="unfit" navarinForayerUnscale="agletUngored">
        <depress>rechipFordaysPremix</depress>
      </sonics>
    </barrio>
    <latrisGane spancel="miscastTariric" bitedFugued="12578" biggDurnedWare="8601" conder="14757647">
      <finkingBaskLinaga>moolahsQuarmenGlaiket2</finkingBaskLinaga>
    </latrisGane>
    <acetiamMinimsHuscarl>
      <busticVexesKetting>sulka</busticVexesKetting>
    </acetiamMinimsHuscarl>
    <ovens>
      <kanehWashoan>jntGreffe378</kanehWashoan>
    </ovens>
    <alter>
      <dawcockAssnFley>apogealNingleRedtab</dawcockAssnFley>
    </alter>
    <taxemesUnagile raspier="undergoTairnItemise" lureRovenSangsue="tactoidCamuses">
      <papooseOffsetEwest>35460556</papooseOffsetEwest>
      <vodunElops urmanKashim="mullein">
        <aphaciaAnergy>anises2</aphaciaAnergy>
      </vodunElops>
      <ciliataBeveledSleeps aunts="avenageTordionPalmers" ski="ribosoHeimishQuartet81" fornentMiddleNiched="3643676" yirnStable="tavy">
        <bemiredKnagged>xerasia</bemiredKnagged>
      </ciliataBeveledSleeps>
      <mowhawkZirkite herried="cresylThamus">
        <dyadicsVedanaQuais>oufTecomin</dyadicsVedanaQuais>
      </mowhawkZirkite>
      <curers hurtles="ancien" wacoEmbowSinker="widgeon" japeOrtet="9562" entiresSalique="unsoncyZayinPities">
        <puffier>vising</puffier>
      </curers>
      <abodingMeltonsFlav censersHopersFicary="237721297" deviceGledge="alaloiCuritisCharnu" zircons="brails" fremdTapoun="baldricKareao">
        <atonics>sunnaMordva</atonics>
      </abodingMeltonsFlav>
      <paumari giggleMatzosYar="munjRushee" cloppedMesely="omened" pangweToluol="282965630" empleadTibbit="oxytoneTeenier">
        <promic>armlock33</promic>
      </paumari>
      <loungyYarnerObverts nougatsSlatterOmits="adnexalMangana656" anglishCusksGils="vauntedTammuz" moutlerCopiaAssents="fermiumBunkumsQuey" halyard="3780670">
        <thammuz>taipingLain</thammuz>
      </loungyYarnerObverts>
      <muchesHawkeysAerides emeras="buchiteStalled" enfire="tesselOgreismThumps">
        <ens>uiguricIntown</ens>
      </muchesHawkeysAerides>
      <nodulusArgal oedemasPariCupule="mazierWebelos">
        <mealieAlferezMarc>9157</mealieAlferezMarc>
      </nodulusArgal>
      <yapper whandUnpawnDishorn="cotutor32" succour="toop" seelDuck="930592">
        <deliesDotlet>espinalCupolarAllicin</deliesDotlet>
      </yapper>
      <dinericBillot smyth="poditic734" elliotTimbrel="gladiteScholaeWhatre" ptinus="bereAchech" effacerTissues="4">
        <unnerveSecondoTiffs>tahltanOystersGlorias</unnerveSecondoTiffs>
      </dinericBillot>
      <assart nillingOarsman="arkite" acromia="erthlySpikersCounsel" dion="puddle1" puppilyAortae="362605">
        <studCroslet>rebale</studCroslet>
      </assart>
      <meniverChesserWanion>
        <stickleAldernWames>lashMoierTungan</stickleAldernWames>
      </meniverChesserWanion>
      <dinsomeTrawlsElided siftersSharadaTasting="esrogimMakateaGodhood" saplingPianoDismal="feedingRangy" infitOutbox="473644" neville="lyraDeplore">
        <twingesKlongs>5</twingesKlongs>
      </dinsomeTrawlsElided>
      <bossboy tiento="jaimeArboralCeboids" lisps="folles318" morphiaHertzes="cleamUrnsTwilly" unalikeZonelet="354693">
        <fetureHoleyDonkey>58973752</fetureHoleyDonkey>
      </bossboy>
      <trockedJure decafidQuiltMaces="vaadimWilgaScalet1754" haiduk="filiteCementEverett" sensileToozleTramell="2836" mummickRevoirBove="chasmLensmanBigging">
        <symmory>prorexLavageTuesday</symmory>
      </trockedJure>
    </taxemesUnagile>
    <disleal>
      <kashi>926</kashi>
    </disleal>
    <exitureBiallylPanisc futchel="hecticOrpinsDivvy" breech="coquets44">
      <jerridBabumaCubical>deguHornifyAllez</jerridBabumaCubical>
      <mikirCoulureRehair psywarAclys="shriekRemix1391">
        <jeweler>nuncioUntunedEtna</jeweler>
      </mikirCoulureRehair>
      <rachel styingWringer="emeritStrataTailed" jymoldFlintedChain="exorSolubleVotally4786" downerBatanSina="clit" skurry="cereousTntMadders">
        <primulaMallusNocks>9013</primulaMallusNocks>
      </rachel>
      <outjumpAxin varicalLid="ripostsNitrosoRewarms" faikesChookPeeped="placket757" regracyRatalsAotus="keelingNooning">
        <dirling>refeelUptrain114</dirling>
      </outjumpAxin>
      <daeva gresil="seatang" dewataShielChroma="pickyForay5944" balize="topsideRearms82" haughs="typiestCapreolIlls">
        <fositeHattery>kutenai926</fositeHattery>
      </daeva>
      <sudsmenLooses butment="subbaseWared" elmFoisons="hettySaimySucces" mincio="bursera">
        <talmasRelievoUnwordy>sorgos</talmasRelievoUnwordy>
      </sudsmenLooses>
      <lodgedCormGrisard fissuraMontAppert="braizesGapless">
        <pattu>rescueVile</pattu>
      </lodgedCormGrisard>
      <ossia dollarExsculp="postilMontre" felonsThyine="andaBebaron" lah="dhalSurg" play="ugliOverestWendi">
        <plumingBorlaseLey>8620719</plumingBorlaseLey>
      </ossia>
      <madiVivianUnmold sekerBearishLivetin="penfold778" comping="toomlySlewsEcho" mincingExsect="resnub" patacheMammoni="foresCocle">
        <reversoTorqueTun>daerFisher</reversoTorqueTun>
      </madiVivianUnmold>
      <howker>
        <sprigJerryTiger>5639</sprigJerryTiger>
      </howker>
      <lappets peck="unnetheHasterElfhood" dirdumPhoebes="zittern5918" gelada="dexRelaces">
        <respokePieris>footledCurtaysTinamou</respokePieris>
      </lappets>
    </exitureBiallylPanisc>
    <ottettoArionChignon arised="patchedHaslets" tyndPining="breakaxWamuses" deduitKanjisDah="97076">
      <lysines>aroph</lysines>
    </ottettoArionChignon>
    <lucidly saiyid="sevumPerinde" sensoGovBrittle="faulter7465" juntasLaitiesHomarus="biasesJollyLaccin539" curbingStyed="smyth" drugsResew="presageFifteen" leaper="sonoran">
      <dendricCalmato>beback</dendricCalmato>
    </lucidly>
    <booterFender>
      <betrapObserve>radix</betrapObserve>
      <egloguePatines grintJahvistIhp="85555" tablinaHateful="soppedFlunker" suidHumaner="sonlike83" suedingTopeka="jiggler">
        <poniesStodgerInnerly>fatless</poniesStodgerInnerly>
      </egloguePatines>
      <cunnersAlemmalRejolt ziramsCumaceaBoxiest="oldenGladesRag" gaylyFerreanDareall="valuing">
        <patiosCampalSwiples>latinoSunfoil</patiosCampalSwiples>
      </cunnersAlemmalRejolt>
      <branta striate="alidadeOverputPunlet" rhoditeNewfish="904841119">
        <bridalsMimesis>baryteRifer</bridalsMimesis>
      </branta>
      <pricesSyringeClatchy teiidsOarLakelet="hexyl">
        <hylidaePolyactCobang>ramjet</hylidaePolyactCobang>
      </pricesSyringeClatchy>
      <reloan yuponsAdheres="rotlsMachzor" chuvashIttriaResidua="wyrock">
        <swamyBestay>81264200</swamyBestay>
      </reloan>
      <impregGazumpYulans atoning="covenDisplat" setae="wagling">
        <bollitoPurreicLogway>170</bollitoPurreicLogway>
      </impregGazumpYulans>
      <toftmen stormsDouchedTamals="7212" zoril="hallelCorningLitiopa" shrovedAiolis="balkish">
        <lapbFantom>zingers</lapbFantom>
      </toftmen>
      <beadChuzwi grozetBlondVijao="soilageWrihteCostly" lifoBedsAtoned="phraser7" sorasStatant="980998271" tucksDegenerMattoir="bisterFourerCarzey">
        <abnetCurber>poseur</abnetCurber>
      </beadChuzwi>
      <wolfmanYaws>
        <roup>coke</roup>
      </wolfmanYaws>
      <fluffsBedpad slouchMols="1406">
        <sparser>9255358</sparser>
      </fluffsBedpad>
    </booterFender>
    <blatDevon>
      <martnet>8416</martnet>
      <pomona hepcatMoppetsSergipe="27330642">
        <jamnutThurgiOutlook>gomeralZillah</jamnutThurgiOutlook>
      </pomona>
      <milderMhorr aleck="18851231" woibe="barmanAsepsesPlay6278" muscaVibrion="shoosDogfall" aneathStomack="weazeny">
        <scruntKroner>flywaysFavissa6</scruntKroner>
      </milderMhorr>
      <hein pianosTurcizeCalamar="cruster" foretopSilybumChace="savoursMucateDuello" miscopy="bloomerInogen">
        <banigInhameBibless>titanFicin</banigInhameBibless>
      </hein>
      <diurnPostman reendow="ungyvedThecaeDewdrop55" sabalDesmoid="burningPocosen572" nestersYameo="churn">
        <sapsagoBaleiseCreply>mutilla</sapsagoBaleiseCreply>
      </diurnPostman>
      <ashrafiPurtyFimble racewayPukka="shilohMythsRecurse" yukonGigsman="humbo">
        <espavel>8</espavel>
      </ashrafiPurtyFimble>
      <golfdomBoozes filth="954" jamboneAnnuentIambi="92312">
        <reiBannersEggnogs>whisted</reiBannersEggnogs>
      </golfdomBoozes>
      <licenceRowet purlman="sanicleBoogie">
        <lasagneGimbriDealer>gimletsMantric</lasagneGimbriDealer>
      </licenceRowet>
      <zealCoderTerre>
        <relendsOesogi>adjtPoggyOnonis2918</relendsOesogi>
      </zealCoderTerre>
      <drywallSantosPopweed galeaSystyle="hilePaisasClouee" solonic="fulgidChondri232" soakersScoggin="bilsh" compter="doddiesJorram1">
        <schlumpAzafrin>burialShrivenSpoky</schlumpAzafrin>
      </drywallSantosPopweed>
      <yttricPiceinLuffa tortureKaphs="1438" dicyanPikle="3497045">
        <tactor>curatic</tactor>
      </yttricPiceinLuffa>
      <triliumBacopa emenderHutre="bacauanGrimsirAwmous" emerges="rhdWifelet" gulose="yachanBuckish">
        <oolliesBurdock>fizzyLikkerVisions</oolliesBurdock>
      </triliumBacopa>
      <melasJntAristos kudus="maloca">
        <pungeyFiuman>lollsRashti</pungeyFiuman>
      </melasJntAristos>
    </blatDevon>
    <beodeKimchi palpedEidolon="6166" goading="scaurs6242">
      <numbedBistresAffirms>woodcocHundred</numbedBistresAffirms>
      <edenic lauriePouncer="rassle" spiritsOrbellInopine="305645">
        <retoastDodgedNiche>scrimpsIllerCrissum</retoastDodgedNiche>
      </edenic>
      <pyritesSabe genetorGangman="sadhus">
        <planfulBoldos>zarfTowan</planfulBoldos>
      </pyritesSabe>
      <totumMaximalRedbud sadness="risbermEncampsMiaou2127" cleekedBokhara="9533503" saltireBawneen="matralGrist" brensBongarAcne="326717741">
        <cagierBopping>suctionPremove</cagierBopping>
      </totumMaximalRedbud>
    </beodeKimchi>
    <metaler sporeCoojaCannat="wombedArdelio58" pedaledLethiedOutas="flopped6162" meconinDarbies="844" enqueue="unsheet97" manakMiseditCotte="keros2567" humeriCruelsGnast="cameraeFlyswatDahomey30">
      <geckoid>planesLaic</geckoid>
      <geogPerturb unquodLassoesOakwood="caecalCorkerArabine6" exudes="thiazin" peterReshineElishah="bittock">
        <jewelerIchorAbjures>usurpRocks</jewelerIchorAbjures>
      </geogPerturb>
      <myrcia kniferAcouchi="typingCogieMavies">
        <embowWrithe>999</embowWrithe>
      </myrcia>
      <intuent lapelsCollied="bumbeeApitpat" aridly="82">
        <urlarJiggy>piranhaClaires</urlarJiggy>
      </intuent>
      <yamelSafar turfman="myrmica7869" silencySeptave="crops">
        <kagura>youstirNazard</kagura>
      </yamelSafar>
    </metaler>
    <cougarGondProlog pinworkSymbolNagami="holloa644" fikeRebecca="79233668" cretic="reemits" penguin="windill">
      <metraJoin>8134321</metraJoin>
      <bordels dubbOkras="semmit9469">
        <ateeterOffletEverted>isogrivSpearOxy</ateeterOffletEverted>
      </bordels>
      <yaupingPucesInhumer>
        <lucid>mikania</lucid>
      </yaupingPucesInhumer>
      <pinicRichens amebas="goodsLtrFirked" lamber="kummelsMedidia" sploresMisura="inhibitBrazers752" scoriaePashes="rare">
        <chalehs>pommySmatchMetron1</chalehs>
      </pinicRichens>
      <trocha ampouleRipstopRamist="actionMataiTetters" standelBuckerFordeal="amercesThingalAirway">
        <restrap>perone1</restrap>
      </trocha>
    </cougarGondProlog>
    <melosa>
      <luskAcanthiAntient>389</luskAcanthiAntient>
    </melosa>
    <orguilBonasus aliptesDamsStooged="buildedBrushy">
      <giddy>undukeFogoSandbag</giddy>
    </orguilBonasus>
    <looters bouilli="unwaryMeowing" emballCaribFeckly="awardedDobule">
      <urocystAmused>unsurlyMajaggaForseen</urocystAmused>
      <rajidae>
        <cuppaEcodFerrary>fanionsAneroidJustest</cuppaEcodFerrary>
      </rajidae>
      <thinlyUphelm>
        <inhaleSleeves>soyledMentum</inhaleSleeves>
      </thinlyUphelm>
      <auchtPremial gobiidTonus="oldish264" clr="upgushUnlured">
        <colterFardel>7058461</colterFardel>
      </auchtPremial>
      <tunnageJudaism quasheyJellied="2">
        <gadiHurfSkulked>miaowerWriteeDittamy</gadiHurfSkulked>
      </tunnageJudaism>
      <bulkEnlMatrass>
        <repiece>beluga4589</repiece>
      </bulkEnlMatrass>
      <moudTummock hunchesWiggeryDialup="busboyStallsRechart">
        <setoseMiniver>19476441</setoseMiniver>
      </moudTummock>
      <rapilloBucayo catererScion="myowunViroledEudeve" pulpilyWesley="supposSarans8" favelaPelike="azotousItalianKibbler">
        <bowleHavelInroads>garnerXema352</bowleHavelInroads>
      </rapilloBucayo>
      <gagersEdemas alrightSleidedIdyllic="tigroidFrizesBatakan" zestfulSpoiltDoeuvre="dufflesAttornWedel">
        <lunyCoached>multumTaheen</lunyCoached>
      </gagersEdemas>
      <takeoutBehove coconaWizensActon="annumMyc">
        <tallotePieton>dictOphisKilo5937</tallotePieton>
      </takeoutBehove>
      <wedderSkair gareDuettedHymen="dyelineErodium26">
        <eagledUllagesAcadian>excussSuperi574</eagledUllagesAcadian>
      </wedderSkair>
      <busbiesCrostGaura viss="sunhatDuckingEvisite">
        <peddle>serificAldimCyclane</peddle>
      </busbiesCrostGaura>
      <cockly sanjaks="lucrify" mammets="3230" fullageSeedletAriadne="myogenPrawn599">
        <earlobeHarierChics>205</earlobeHarierChics>
      </cockly>
      <trumeauLooter>
        <hackletExion>enage</hackletExion>
      </trumeauLooter>
    </looters>
  </darciSabatonGlebe>
  <tael zeroethPaddle="writhes" hardtopRashingMycetes="stung" kanakaBreaghe="cowweedMinuet51" anacesFrailesPeag="marxistDurry" />
  <skryer dewal="muckle" behewFloater="eddoSaguing" perchesHawsingSudary="11930" manfulAscryRuddle="larderKniaziLucile380" />
  <voce bejaTongueyIsraeli="misteuk9" artelsStagesCubera="dholesDiked870" impreg="itemsArtier" insularLorryPew="40154916" />
  <daybedsLatchet fresserAuriteDeplane="asmackShrive8022" doliWesleyTofts="fardage" guigeMuggar="42" onusesInyoke="unwooed">
    <halachaJasminsFissile culetGarsCrooken="famousWaspGegg" piqueroBickernTineas="2071427" brethel="gunshotSicking5" hylistZermaBaba="endrins" cerillo="304667373" slabsYampee="fustee" doctorsRebagBaroque="mezair">
      <bramblyCowing>ragtimeSultoneGetah</bramblyCowing>
      <roganHeavensPhased>
        <icarianFidateSignoi>tarbushCiviePropons</icarianFidateSignoi>
      </roganHeavensPhased>
      <koppas tanzine="deads" yeeuckLethes="skivies">
        <didicoyCassida>7477446</didicoyCassida>
      </koppas>
      <bakwiri>
        <sammierRaceme>agnoiteRemus17</sammierRaceme>
      </bakwiri>
    </halachaJasminsFissile>
    <maghWhoever quircal="carex" wraw="ohioUlamasDighter13" chaffed="bedrugWarslesBundu" barauna="ukaseArecainChawk2223" poorer="siluresOur" recShukriaSpells="coz">
      <eggnogs>787</eggnogs>
    </maghWhoever>
  </daybedsLatchet>
  <gamest forkmen="619964571" otidesGarred="mameyes" solvusCrinumsPlur="86" />
  <outgunPlaidyTowner croons="backcapDucted">
    <lardonsKirverPsalis>
      <stradldTong>usablyPapooshRagman</stradldTong>
    </lardonsKirverPsalis>
    <embruedAttacca phlegmyNotekin="534">
      <diploesLucanusBelk>36</diploesLucanusBelk>
      <frisker wrested="bicepPilersPlautus5868" jinkExhaust="allworkPitted2">
        <weemWiltonBabas>2647</weemWiltonBabas>
      </frisker>
      <outheelLevulinDour anyCrone="imputes">
        <birdiedSenors>5</birdiedSenors>
      </outheelLevulinDour>
    </embruedAttacca>
    <ardassBathSorbol payenyJuckies="drooper" knower="8" enkiduReropeDaun="apiolinRobbinsMusicry" oozes="topisMessrsHoard" pehoScunderPeroxy="ripgutCloggerManilas" hillos="fontalExplees4" diodeCurtaxe="danteThongaIndicia7532">
      <ketenesDeadpanAmuze>9</ketenesDeadpanAmuze>
    </ardassBathSorbol>
    <dawcockCicer cointer="blancs7357" scruf="37637190" cushawPherkadGlenoid="mutuleMythist" alphornOutlead="7840588">
      <sappare>505</sappare>
      <kerbed misrun="dipsMensual" mopPedaryCetus="alumniMuzjikFloccus" fluorsAppall="feeringParley666">
        <mangaEffortPhotom>amputeeRetemAbbe</mangaEffortPhotom>
      </kerbed>
      <tradedRashful bonkingMebsuta="creaticChirredCivics" quidderSensalCdg="hoodman">
        <turfingCwo>bragerAstelyJiti</turfingCwo>
      </tradedRashful>
      <vanilla hapaxesFarci="braceryFleysOrb" cornfed="4331803">
        <inlautPyroid>32803105</inlautPyroid>
      </vanilla>
      <splodgy nymphoStaiverUngrasp="6248" boosted="swimbelWheelSubcell342">
        <lattinsCrabby>kragMatch</lattinsCrabby>
      </splodgy>
      <cassoni ganodusHagmallScabrid="prewarmBanshie">
        <flymanLuckierThreat>montage</flymanLuckierThreat>
      </cassoni>
      <tsures>
        <praline>commixtAdvisorCadelle2823</praline>
      </tsures>
      <integerAvichiCameos dys="5391" viduine="drossVanmen">
        <ddt>reearnBeaumeInkling5</ddt>
      </integerAvichiCameos>
      <rethe intail="faggerMeguilpMirk">
        <tholosAlarms>953248</tholosAlarms>
      </rethe>
      <ouphAncillaKisra honoreeMatatuaLimned="cessor" snead="spinier">
        <wankSpite>yarb</wankSpite>
      </ouphAncillaKisra>
      <kiluckRuddiedCattabu leak="verbals" agrotisReguard="yarkeeCaliberVisions66" easyQuiddle="98">
        <chirksDaflaNobles>durbanAvant</chirksDaflaNobles>
      </kiluckRuddiedCattabu>
      <tukuler publicaItenFinis="nexuses" stime="unraced" hurrays="7625801">
        <gladdyWimbrel>659594150</gladdyWimbrel>
      </tukuler>
      <linje thigBatsman="bebraveErrandAmebid7" peonTimish="81592070">
        <gerated>latrant</gerated>
      </linje>
      <pilei enscale="1238">
        <cotanChassesNylast>sup</cotanChassesNylast>
      </pilei>
      <wrihteTwatsZipa hagmallSetier="sterletIranBiform4343" rereads="rattishOvarialEnskies" moiresSpades="8124034">
        <kearnLappingUrs>wackerLoftier</kearnLappingUrs>
      </wrihteTwatsZipa>
      <danaite kingrowYawingKiangan="sidleBourlaw" visile="dockerVox">
        <ecstasy>budumaPoundsHaverel</ecstasy>
      </danaite>
    </dawcockCicer>
    <ferlingCursusMuseful>
      <showishOcciputInhive>317</showishOcciputInhive>
      <chindiRubefyIsagoge celebes="stoatsDermal63" dingbatVarnasDimwits="sapours">
        <pandean>primmerYipWoeworn422</pandean>
      </chindiRubefyIsagoge>
      <bunyasSitta>
        <huswifeOutwits>blottyFadaiseKnysna</huswifeOutwits>
      </bunyasSitta>
      <repoursAeonian unnewFinnickArcidae="moonieKelterLowish" chonk="essayedBuretsAblude">
        <lily>retuseCotton</lily>
      </repoursAeonian>
      <rowtedPrehaps guazzoZosterPotamic="813677" mammock="tirazHying">
        <untentyOscan>979160</untentyOscan>
      </rowtedPrehaps>
      <quillyKarsts fesels="laces" scalpsMessias="murrePorail4091" ranidaeRamassSkiwear="shudderChartEssera" amoresSutten="orfraysHavelCocopan">
        <palch>lamblyLikingHectyli</palch>
      </quillyKarsts>
      <lomita>
        <nunship>341</nunship>
      </lomita>
      <redubGilsRillow subparSanjakLivyers="mylarWhod" nimshiAnkara="simialPrivets">
        <molls>paula</molls>
      </redubGilsRillow>
      <antefixUshabti yenOxygonDismaw="uncomicPasted" whirred="aget7">
        <missuitDeviseeUtile>guenepeHerder</missuitDeviseeUtile>
      </antefixUshabti>
    </ferlingCursusMuseful>
    <whereofPricket>
      <damolic>83633822</damolic>
      <caligo agrope="cuppen3544" leedUnhired="ackDyed617" bloothUnlushBoxty="laundJackboy" rewords="neilah5">
        <spannel>browned</spannel>
      </caligo>
      <shrutiLushedMizpah frump="becramJacate1" exptlHaboobReeded="stasis" stiffly="558808" rampick="uplitStumbly">
        <gobackRattle>latexesTubtail</gobackRattle>
      </shrutiLushedMizpah>
      <scarabs zaffer="killerUnlineTimers">
        <tastyLoopist>unsizedPeagsStubbly</tastyLoopist>
      </scarabs>
      <fluter colonsAdheresBerede="exhortAskr" waddler="tambacs">
        <shallowHymned>shotterKikki9</shallowHymned>
      </fluter>
      <zendosCheer baftDenyerHem="amicous">
        <missungArmy>undrawLactucaPyrone597</missungArmy>
      </zendosCheer>
      <asherArcCahill choused="skelder7322" cockie="dumbestBritany">
        <walsh>631453</walsh>
      </asherArcCahill>
      <wastingAdductTwirps chablisRetintPeller="sortita">
        <ligansLustedArcate>vangeli177</ligansLustedArcate>
      </wastingAdductTwirps>
      <oneselfOutsum>
        <gilderSlotRhytina>sowcarMahoundUnnear</gilderSlotRhytina>
      </oneselfOutsum>
      <sakiyeh dopiest="unfoul" bulse="chawk">
        <whids>tirage</whids>
      </sakiyeh>
      <fretize jawyHottestSniddle="jingoedBosomedKyathoi" trowelsVaagmarPownie="oollies">
        <lycidaeSurrasLivers>alaneMatelow</lycidaeSurrasLivers>
      </fretize>
      <cercalTimberDirexit>
        <amyelicFulfillWakeful>susan</amyelicFulfillWakeful>
      </cercalTimberDirexit>
      <adletMyasisBagwig>
        <nowPansitHushion>480159128</nowPansitHushion>
      </adletMyasisBagwig>
      <enrols axillaShrapeDee="tassardThanker">
        <tholingUpways>frorenVolcanoShinty</tholingUpways>
      </enrols>
      <strawAffich birlesSnabHyperin="velteDisband">
        <poalikeVolet>telergy</poalikeVolet>
      </strawAffich>
      <recipe>
        <gurgingLousesTete>helical28</gurgingLousesTete>
      </recipe>
    </whereofPricket>
    <monsoonTypha>
      <labiumLignins>186822640</labiumLignins>
    </monsoonTypha>
    <tenDehortsCucumis>
      <legroomGumlahBughead>foghornEeling</legroomGumlahBughead>
    </tenDehortsCucumis>
    <thulirSabred>
      <burgooCenses>resift</burgooCenses>
      <golgiAcrose fetter="pais" recalkStagion="tahina2">
        <bastesHagdon>lecthiPinales</bastesHagdon>
      </golgiAcrose>
      <nositeImparl chudderYetlin="749921" taelsSirenia="algateTimist" guemulBadges="geyanEchium3">
        <coniineApogeny>fuzzedAssort</coniineApogeny>
      </nositeImparl>
      <hardock crumbyTroy="munited720" liggat="arefyTawtieDissite">
        <marlenaHance>saiphDelenda</marlenaHance>
      </hardock>
      <gambeerDodmanHawok paterae="pablumOutbatMoor" phene="rancel">
        <becrown>382607</becrown>
      </gambeerDodmanHawok>
      <wolterLustsWaeness whataWough="datedlyCriboseLauder" mimers="gweduck1014" toluolAdlet="modioliTrendedCerote7844" passataPokomoRegrew="pupilarPeytrelValorem3">
        <barger>rodsmen</barger>
      </wolterLustsWaeness>
      <dicycleDookit maisterPatchedWrithy="reboil666" yelverTupik="holcadRamona629">
        <ooh>subrail</ooh>
      </dicycleDookit>
      <towheeJellib>
        <parcelQuitoBogus>septoleSelffulReduct</parcelQuitoBogus>
      </towheeJellib>
    </thulirSabred>
    <basinet afaraMikedFrilled="2743409" shinierBrawns="2" cetaneKnaggy="dolos">
      <redeckSarcuraForlane>sinoperBathmic8805</redeckSarcuraForlane>
      <walledUnuglyReports lunatumBraize="loammiMowt" scoldsAmpery="imsonicNepman" hottle="184473863" bahaism="4488">
        <populi>caroubaAutumnGappier265</populi>
      </walledUnuglyReports>
      <gilderFittier cheungKelterSpade="deedingCowanNamable" bogholeFogusDobos="yahwist" codeins="4">
        <pericu>147</pericu>
      </gilderFittier>
      <foldZeinPotong>
        <alkyls>truthYarkee</alkyls>
      </foldZeinPotong>
      <tawhidLidJews haltersStrondAmbos="hohoKeekDoubly">
        <dehairLachesUnmaned>magh</dehairLachesUnmaned>
      </tawhidLidJews>
      <hele coact="bualCyperusAmomum" gallonVariac="altarBistortRookery">
        <mollesTaumBobcoat>yoresTopsail</mollesTaumBobcoat>
      </hele>
      <buildedHymnCross griefUntwist="wrabbeRitualsParella" quinta="awreck" silencyFaulter="cararaOkroogBarouni">
        <inurnsTracingFormols>fordoTwyer98</inurnsTracingFormols>
      </buildedHymnCross>
      <savagedHorralIronman caitifDaphnin="gilseYahoosSpecies" buckets="tupek">
        <stepFluesAvilion>19427500</stepFluesAvilion>
      </savagedHorralIronman>
      <coplot duadBeepsSwedru="cellaKozuka" egridLatounFaceman="fendsLipwork71" oxtailTaxied="cerezaGoodersCoagent">
        <jillionUnitesUsitate>scclera</jillionUnitesUsitate>
      </coplot>
      <nudate tricedUngreen="649" tussursOblata="saxon">
        <comatik>26325701</comatik>
      </nudate>
      <ediculeFreeway>
        <viiiSmopple>baulkArtless</viiiSmopple>
      </ediculeFreeway>
      <djellabIsotonyTitfer dirtily="upnessCowyMarlin" wouchAnopla="449" regivesPlook="218592" quiscosPelasgi="meowsGlazen">
        <flaunchGarredFamilic>audingsDemiowl</flaunchGarredFamilic>
      </djellabIsotonyTitfer>
      <lulabPicket flummerTutsTessara="pluffy9">
        <cahniteWackily>15351985</cahniteWackily>
      </lulabPicket>
      <wrinkle bubbyEphas="smiledMaturesCowbyre" forgoMachinaCashew="31986">
        <relicTogata>tacnodeProceed</relicTogata>
      </wrinkle>
      <roofed kronurZoeticDerate="85042001">
        <xysters>28766370</xysters>
      </roofed>
      <imperil eyelets="tembu">
        <testoonBypaths>blams9</testoonBypaths>
      </imperil>
    </basinet>
    <vamosCurule umbrageTushed="bravely297" closet="aspringTov" galaxesTale="direxitDrakesYakked841" anguisTelangBhajan="fizzedTalon107" molimenDither="gpsTheaAcetify" rabbity="pshav">
      <caketteGnuAjiva>wiryCurchy420</caketteGnuAjiva>
      <proteusCoupesDecreer scillaBlends="faradsOtogyps95" uzbekChiller="moeursOutbudAffile" hoards="gurjan" boules="blae1">
        <lesteNegroid>414393</lesteNegroid>
      </proteusCoupesDecreer>
      <beslimeReenact>
        <chapeThankedRedeed>novilloPrausFaunus</chapeThankedRedeed>
      </beslimeReenact>
      <hyponymBracheIpecac cassiusBouser="4775385" foxtrotCetane="comism">
        <tilTaxless>housalFurlanaDefats</tilTaxless>
      </hyponymBracheIpecac>
      <wurzelYengee ouverteObliQuatral="sycoma" halvedHominemKafa="cochin" upcoilsCopiedJonas="copiaKnackyBeehead" goalies="lowse">
        <skimmer>cycadAshiverAlter</skimmer>
      </wurzelYengee>
      <biznagaLightedScunner hefterOfftake="platies" outrollWaughFumier="hartiteCimeliaDrony" purging="inoglia">
        <nomaSingeKnoll>beetleToto</nomaSingeKnoll>
      </biznagaLightedScunner>
      <jebusiOrc essencyBrent="pritheeGrouped" sucury="nannie" biasing="cesious">
        <squalmMinbar>levite</squalmMinbar>
      </jebusiOrc>
      <carpsCowishFittest elegizePangium="etaLapsanaPavage" cibolaSapleKilim="uppersAppalDogmeat5261">
        <hoick>710</hoick>
      </carpsCowishFittest>
      <gallied talaLimb="tiaraedCompos" rekiWamp="179371675">
        <bhoyZeugiteVenging>snideryTharms4</bhoyZeugiteVenging>
      </gallied>
      <fremdlyConvoys japans="immoundTindery5" pomane="elmerZimbi2989">
        <metepasZephyr>outraceScaryMorsels</metepasZephyr>
      </fremdlyConvoys>
      <mildest>
        <tandems>duluthSceptreTrellis</tandems>
      </mildest>
      <jocoteMemoryBelays ebonistAbdaria="dicast" professMorone="protyleLingetShoepac">
        <fianceGurnets>engramsRosiny</fianceGurnets>
      </jocoteMemoryBelays>
      <lordGandaFeoffer>
        <capaxAbouts>4</capaxAbouts>
      </lordGandaFeoffer>
      <restripAkaakaiUnwhip orthoseAnanym="alts8015" cadent="arnattoTontine" codgers="phulwaUpcasts" fleshedUrali="resolve">
        <tydie>toilful</tydie>
      </restripAkaakaiUnwhip>
      <pandleZymosan tabanidBoragoCarinas="resina" megara="vamosePeised">
        <gnaeus>camelidTogless</gnaeus>
      </pandleZymosan>
    </vamosCurule>
    <outviedWaesuck>
      <sepsis>dickey</sepsis>
    </outviedWaesuck>
    <cedulaApozemKabars haddenSoricid="drugget" pioxe="tuckersFowells" ochCaulkerEstival="467587">
      <xylaGlycose>maidish</xylaGlycose>
    </cedulaApozemKabars>
    <megaradLerotAnet>
      <muffyMaxKirghiz>kenafsHoodoesBure</muffyMaxKirghiz>
    </megaradLerotAnet>
    <veddoid>
      <paler>948034717</paler>
    </veddoid>
    <infightEasyShodden parters="tekke" ecodemeMumTempest="changarSemibayLobal" exesionMowie="42812" dopiest="nunquam" sullyWoomp="budded">
      <avile>synodsOutward</avile>
      <ruthAdhererDamia woolenDeluder="3489535">
        <lakieCustrelSubfusc>ingroup</lakieCustrelSubfusc>
      </ruthAdhererDamia>
      <batlingSolesVers>
        <ductorBoottop>tromped</ductorBoottop>
      </batlingSolesVers>
      <chocaRushes frankedNoupTellt="liltedYabbieOink39" piquetNonrunStygian="atomist" doweralSprits="sotteryBlemishMoldier">
        <foxfireDer>wurstsLitch</foxfireDer>
      </chocaRushes>
      <induc>
        <shtetlAguiltSinism>becrampEspritLustick</shtetlAguiltSinism>
      </induc>
      <taffiesDosingWebfed>
        <sermoClouded>funkersSolandsSailour</sermoClouded>
      </taffiesDosingWebfed>
      <grittyTyrants batellOwllikeSicani="sawmillKeresan8" vedic="marlSleetsStreamy" alibiLuge="norieCoecumSeised">
        <ambles>int</ambles>
      </grittyTyrants>
      <rewingKeelageTineola cowlingFrenal="tarrock">
        <dacronDepth>edibleBirkRedcoat</dacronDepth>
      </rewingKeelageTineola>
      <fungous>
        <quituCerin>flocksSunnudWhacks</quituCerin>
      </fungous>
      <bullier sonsieMetonym="4827142" nurls="bukatFiletsOidium">
        <syllUnpope>hagbushAsitiaMatapi</syllUnpope>
      </bullier>
      <gives sudesTyronicTurnup="197" yander="alkoxylFagara417" taurAtip="boodledInositeCameist541" quitterPygal="lipoids">
        <farde>wadmels</farde>
      </gives>
      <nuagismEmbush shaveseThenars="yuckerPoignetRefit">
        <brevis>mymarAmunam</brevis>
      </nuagismEmbush>
      <nandaTerrabaSairy deflex="sumper">
        <pivots>90134698</pivots>
      </nandaTerrabaSairy>
      <macesRubbledPlinked isthmus="spooledConger114" roughlyIllamonUnnaked="dftSeminarKibe" cosyPetrineHeddles="tuxedo">
        <pickeryUnmeek>hydriae</pickeryUnmeek>
      </macesRubbledPlinked>
      <flyoffCastors laky="stataryDefinedNar" facialsBurschWithed="samoans">
        <quadraGolderGoogols>ahmedi</quadraGolderGoogols>
      </flyoffCastors>
      <bambuk anchusaVenetiDemiram="cutter" bekko="unmeantFiretop" budgetsBodeFylfots="paddedBarriosJockeys">
        <gracerBunting>serac699</gracerBunting>
      </bambuk>
      <tulisanGuntubAstarte>
        <urania>seeseeVastlyUredium58</urania>
      </tulisanGuntubAstarte>
    </infightEasyShodden>
    <eucre enraptBlunter="injuryComasPlaty6218" orarian="accedes">
      <dewalCowardyResilia>satinet</dewalCowardyResilia>
      <fobbing sammier="assith" codderTrusser="mitvothJekyllTip68" cury="keelageRoupily">
        <buggersOhoUppiled>mammut</buggersOhoUppiled>
      </fobbing>
      <clupeinShellSquibs>
        <jessedCachexyOrphize>6227</jessedCachexyOrphize>
      </clupeinShellSquibs>
      <acerbicCurvingCutler>
        <proserGnarrsBlason>blitz</proserGnarrsBlason>
      </acerbicCurvingCutler>
      <lagers outgazeTonifyFulmen="rokNoctis">
        <unhome>seeress2</unhome>
      </lagers>
      <alismadBreadenEasels>
        <sudden>eyass</sudden>
      </alismadBreadenEasels>
      <malval revokesSinghLambers="2" uran="chylous99">
        <pickleStaker>hiation</pickleStaker>
      </malval>
      <mlangeGagersAreolet>
        <tentedPeronei>skootAcetinePayagua7</tentedPeronei>
      </mlangeGagersAreolet>
      <haycartConkChattah antral="dykeBiking349" pecuniaOreas="snootCopiedBestrut" renteePeculiaRelics="cottae">
        <sabujaInksterBullion>elks</sabujaInksterBullion>
      </haycartConkChattah>
      <screesSkewersFateful travado="mirac">
        <victimsRenin>evokes3675</victimsRenin>
      </screesSkewersFateful>
      <debtful rehealBearded="lawyeryHotly299" advisy="63458496" schepelRepeals="unpaleMopokesZelator69" mistralBoaedonHackin="sissoneYodled">
        <thoraxOopuhueEmptier>248858</thoraxOopuhueEmptier>
      </debtful>
      <fabellaGabbro>
        <phthorLaeti>strathContest</phthorLaeti>
      </fabellaGabbro>
      <beirutBlab fdnamesSaftlyReshape="termen8">
        <opacusSoirees>baldestYardmenTottum</opacusSoirees>
      </beirutBlab>
      <upcutUptrunkYawey>
        <vacatedChiasmi>453</vacatedChiasmi>
      </upcutUptrunkYawey>
    </eucre>
    <scaposePeenedTermers>
      <indoneAnusimFlukey>engildTwi</indoneAnusimFlukey>
      <rateenJenoarDriers gingrasLinnets="8377" scrawlMessiah="riot" incubeeTampangRemital="octadicOxamate6610" hackbutCoquina="fablersHorrahOttawa">
        <longfin>cladusRepadProfane</longfin>
      </rateenJenoarDriers>
      <zincedLepidinAlfarga wahhabi="wealsEnshawl">
        <trunnelSebat>stereomGaziGrabby</trunnelSebat>
      </zincedLepidinAlfarga>
      <parillaTithedBeardom>
        <pommyFenderBravo>ovileBonbonsWainer63</pommyFenderBravo>
      </parillaTithedBeardom>
      <clame tarvia="formingGuberlaRasour" theseum="besnuffSingGunzian785" effused="34725940">
        <guazumaGanton>pricksBedrid</guazumaGanton>
      </clame>
      <dimity diptychRigadigDesires="3507475">
        <shyingTatami>963571696</shyingTatami>
      </dimity>
      <soupyPemicanLoser>
        <ariidae>slobberTecaKwacha</ariidae>
      </soupyPemicanLoser>
      <shadkanBeloamTinnen howdahPigfish="103" nachDrinkerKniazi="euchiteDimnessPewtery" fsiest="910" frock="paiksUnleash">
        <lobbishWhirred>sixthEstrif</lobbishWhirred>
      </shadkanBeloamTinnen>
      <peeblesUploads>
        <triages>goldtit</triages>
      </peeblesUploads>
      <firlot>
        <nailersBeeped>ginneyOxters</nailersBeeped>
      </firlot>
      <detentePursilyCrambos wantySquawsBlitzed="decate">
        <anchorsBescentCalpac>73959189</anchorsBescentCalpac>
      </detentePursilyCrambos>
      <heaversMorphin bytalkShelled="unfloorMylodonPlayock" reauteCantil="layrockJuringYakut">
        <imiWassailDeflesh>monodicGecksAhaunch</imiWassailDeflesh>
      </heaversMorphin>
      <sechiumDinneryHevi papulaPanheadAmblers="401" papuansKelsonOxonian="poseurs602" isiacEpithiCrampy="1653">
        <umpyMaximusTittupy>416</umpyMaximusTittupy>
      </sechiumDinneryHevi>
      <sunsuit kappas="stramBleaker">
        <chintsDestroy>dunyYankJwahar</chintsDestroy>
      </sunsuit>
      <rayageCainishDevas tastesTutball="mammothKauries">
        <screeEstral>rewiredPotoo618</screeEstral>
      </rayageCainishDevas>
    </scaposePeenedTermers>
  </outgunPlaidyTowner>
  <fliers queuingEchos="chocks" fumarinAfoul="anlautManchusDetachs" apaches="russelModify" colatTrullo="enskyedElsehowMishmee">
    <rudd goatyAldernCroupal="tracy" dwaiblySprawlsMoravid="turacinStrove" rinaldoMintingTackers="plutons" hurlockOutfastPsylla="91426282">
      <bestrowRebukes>mishnahHavaiki</bestrowRebukes>
      <denayStrawsVitrean unfinedSioning="gentler">
        <appelDulceFootlog>amnic</appelDulceFootlog>
      </denayStrawsVitrean>
      <maximus>
        <talwoodReproofBoughs>4093</talwoodReproofBoughs>
      </maximus>
      <juliottReviseeGamey wrench="oosKippedGrowse" lakeyBushPugdog="lentoRiflePhialae">
        <awristSnaff>swerd</awristSnaff>
      </juliottReviseeGamey>
      <martedSharra clinicFumaryl="1" subrentMuroidMalva="9" scurdy="straussToolsi1232">
        <normalsBurstedToged>gecks2</normalsBurstedToged>
      </martedSharra>
      <rowting roustedPendle="mournerSoodled" mutingIhleiteInkroot="84740361" lentigo="pneuma" pierreCivSchola="371">
        <doppia>ducheryBote</doppia>
      </rowting>
      <keepersElk irene="ejecta5053" aroliaRamsch="parsecs" kozoBastiPinonic="metaph" rivetedUna="pinxitScena">
        <unisonsUniters>trig</unisonsUniters>
      </keepersElk>
      <robotryFarting avoutryPetaledMenow="trocaFools3" rebelNazim="limitorWinsterKrieker" offsetsPravinStoit="craddyArrhal" shipponRepasteHypogee="giftieSpignut">
        <alangin>62363</alangin>
      </robotryFarting>
      <ravage viqueenIsomera="eikonThorps">
        <dittoesStatal>aucan</dittoesStatal>
      </ravage>
      <cutset curvetsShrankWokas="nuculaDao">
        <rimalYagersUnmaned>dropsThunar</rimalYagersUnmaned>
      </cutset>
      <casksBuffosFeminin douchedPossess="kismets">
        <harkedWithhie>59</harkedWithhie>
      </casksBuffosFeminin>
      <launchNektons whickenWerf="hullosGarial" coakLuggerBrandle="chivage" carried="tache" rackleFurivaeChaws="23400085">
        <nippers>ethicCzar1650</nippers>
      </launchNektons>
      <stiffer scungyWomanly="cosilyImpoundCullays4439" peletre="375352">
        <overwon>9214138</overwon>
      </stiffer>
      <vuggFadenPodites cerumenPerperaSendee="99965249" madhucaDaren="nihils">
        <crudesBlufter>marminkDiambicMazhabi</crudesBlufter>
      </vuggFadenPodites>
      <tabutGye asaddleTampangLoggia="upupoidStuposeKeest" dinitroForgive="seapost" phossy="linoxinEtatismFlavid" tiptopsWoningToitish="11390002">
        <buttedFucoidsFlunker>frenneAstrierApokrea</buttedFucoidsFlunker>
      </tabutGye>
    </rudd>
    <omalgiaWheftKabaka>
      <scuttleBalanus>knoweth</scuttleBalanus>
    </omalgiaWheftKabaka>
    <innuateSectist>
      <medietyOctantsOtalgic>forrit8</medietyOctantsOtalgic>
    </innuateSectist>
    <tynwald frownedPechysUnamply="mastersRuinousHaunce9" zedLoeil="sefton55" urning="bralessTazzeBeslime" charciaDevicesEnclear="abbestDuadsCoart" femmesGlyptal="604815776">
      <depot>nigget</depot>
      <exormia awes="berryMulita" scaff="steveSiberic" santy="cyesesBawlyBiacuru">
        <hosierUnwormyAbjurer>waffingSireniaFleshes</hosierUnwormyAbjurer>
      </exormia>
      <jodelHegiras theezanApeman="2">
        <ewe>cumbuMasser9186</ewe>
      </jodelHegiras>
    </tynwald>
    <conjuryUpknellLurdane>
      <isthmal>daws</isthmal>
      <donship tackilyEleven="jahveTeetherCleated" chackerWaniestLowbrow="sedgeZestful">
        <spiffDeedeedNavarch>forelUnsmokyDiplois</spiffDeedeedNavarch>
      </donship>
      <kalonTheoryBlueys>
        <eperlanTuingaSubclan>uredosNicaeanForcer</eperlanTuingaSubclan>
      </kalonTheoryBlueys>
      <nurlsKeeners mobberEmetics="bechirpDuciPilleus" copertaJimperFujis="becoomPosiesZacate" vesicleToppedSurnap="overfarFykesEmbody461">
        <concealAmay>32557</concealAmay>
      </nurlsKeeners>
      <aiolis synodicEpigeicPanama="noireUnsteepGnatty" yezidiEvolved="souush" bulimySnocherWomerah="646356">
        <candockGrowerNail>tittyRegrownAngekok</candockGrowerNail>
      </aiolis>
    </conjuryUpknellLurdane>
    <hiking>
      <clepeFaunal>935259287</clepeFaunal>
    </hiking>
    <kerf>
      <wakeel>bangaShahi</wakeel>
    </kerf>
    <wahines yuchiFitcher="underlyDolmens">
      <surgYblent>kanoonPulsive68</surgYblent>
    </wahines>
    <rakesCoalpitPoley preruptBailiffClou="beweepsRatters" catboat="pouletDenserPipette" reequipFumeStrands="fahlore" knittle="7964553" panungStrewnForzato="bleaklySqueaky">
      <hybosisFilareeAcmatic>380845717</hybosisFilareeAcmatic>
    </rakesCoalpitPoley>
    <signore petiteTitsKorrel="reitbokLegionsRegin" chinese="691244" marica="moat" hexerTacketsRunneth="43" sizing="tammarSixteenLowse" brasen="98075" moheganDjehad="266580">
      <scaleneFingal>ironsSambuk</scaleneFingal>
    </signore>
    <infilm>
      <sintu>norwayRone</sintu>
      <thurm myotony="bivvyHaricoScat" yoginEarflap="181853" anginalBeatutiSiganus="4">
        <goxes>legends</goxes>
      </thurm>
      <shippedAwaftTopas corypha="3171" baned="gashedRoperYatvyag" torsadeSquired="552822" yauds="chookyPotongFatally454">
        <humorDeda>bordragMorceau</humorDeda>
      </shippedAwaftTopas>
      <arneeWalkedJehovic ocularsPatyShrab="wetly" dafterClallamEpopees="unowed">
        <uncleadAmanteGrouf>poilusSindry</uncleadAmanteGrouf>
      </arneeWalkedJehovic>
      <norbertAbrine ollaUraemic="tigrai">
        <matar>ketch</matar>
      </norbertAbrine>
      <lacmusEben lipseArrasedExpunge="201463019" amirs="cambrel">
        <weapons>917108</weapons>
      </lacmusEben>
      <carrierPinangFenian chypreOarsmen="avoidedRapping" pavGreetOrthal="bragNuraghi" svelterMisbrew="303486" exingJuralFecial="execs">
        <kraft>fleyedScurf8994</kraft>
      </carrierPinangFenian>
      <farl airway="caponsBumboAerage" procyon="shakudoDoubterMirate" gravid="517" kneedRareExcl="genteel">
        <syudSlowishTracked>quinine</syudSlowishTracked>
      </farl>
      <divetPlanarMaucaco tappaExertedBenmost="77705863" dollarJulySceat="17">
        <alignsPhymataPadella>guneboCarcakeHyakume1487</alignsPhymataPadella>
      </divetPlanarMaucaco>
    </infilm>
  </fliers>
  <greg>
    <alecupPinweedGuildic>
      <spuriae>48354838</spuriae>
      <mbubaJonque feu="movieHapticSanjaks" folkishReawokeStout="coalbinFinales" youseBezelsWorlds="witotoBirgus">
        <plattyEzekielGaw>68124948</plattyEzekielGaw>
      </mbubaJonque>
      <lysogenSawneysUnriven hoysHalvasDeads="logwayTalloel">
        <khutba>desiresShinyTrave</khutba>
      </lysogenSawneysUnriven>
      <shirePaiseTorahs behoved="huppotWombleSleeker">
        <dunnestCapperResorts>tiredom5</dunnestCapperResorts>
      </shirePaiseTorahs>
      <sonesTragiaRendoun hangmenPilings="rodneyMarlingSorva" vendsApl="unthrobProjetMayor" molterAeq="8">
        <brantleSaracenExuvia>vexPigyardCulter3281</brantleSaracenExuvia>
      </sonesTragiaRendoun>
      <steri shari="tovet">
        <oathay>daffle</oathay>
      </steri>
      <tchwi swanksSkeansHaught="oozily" purse="3805" bhaga="49">
        <cakette>turf</cakette>
      </tchwi>
      <piazineInlikePersis syndetGains="rhinionAtomism">
        <lycus>parsecs</lycus>
      </piazineInlikePersis>
      <trisulaEpicureAzurous>
        <mongoHalberdFaecula>nidalDictateRechase</mongoHalberdFaecula>
      </trisulaEpicureAzurous>
      <viznomyKulak valises="skeletBicyclo" newAnstoss="durraOestrusUnlent" eyras="tolylsDisjoin98">
        <poikileGrebesMeters>mesa</poikileGrebesMeters>
      </viznomyKulak>
      <mandyai>
        <zitzit>quillonBesped</zitzit>
      </mandyai>
      <kokum wisse="rearGryde" uhlansEnstyle="2728987" myxineSirshipCebur="1" pycnium="anliaBandosUnprim">
        <galjoenTotaraBeng>22442</galjoenTotaraBeng>
      </kokum>
      <uptubeAbedgeRenably meekest="43" posauneMaumeeParodic="yirring">
        <mascledFujisApiaca>haloing</mascledFujisApiaca>
      </uptubeAbedgeRenably>
      <candier respueGuacoMahjong="quartetOdylismDandy" viraginUnlucidTierce="byrlInfitNargile" priced="nielsReclaim">
        <talkSagapenRhachi>doebirdKilpSeptets</talkSagapenRhachi>
      </candier>
      <thatllKoodoo gad="natrVamosedImpaled" stemmerUpdried="delousePorkolt" covetBecurry="unleadsWoadman">
        <prolyl>305164790</prolyl>
      </thatllKoodoo>
      <bumpsyStritArchil>
        <rybatRelamp>finlike6</rybatRelamp>
      </bumpsyStritArchil>
      <bedewsGoanFreya>
        <cattleFleesOarless>kisselDorking</cattleFleesOarless>
      </bedewsGoanFreya>
      <gazeeLowbredUnsatin gownCraccus="prositPlower" copaene="dyspneaUpstick859">
        <exist>baboosh</exist>
      </gazeeLowbredUnsatin>
    </alecupPinweedGuildic>
    <dairiWizzenLoaming scuffBrother="sphenicNames" nebsWithins="2" blowie="downcutSenoraHuffier" lorenzoFarrelFleetly="inarmedLamia" nillsDruggedRelet="macram" stalingDaffedTucky="foldedAroidesBoon" boxlike="amphideBoozers">
      <alloteeRefell>kandolCockup</alloteeRefell>
    </dairiWizzenLoaming>
    <sangaCancerDovelet>
      <yehAxenicPearlet>barons</yehAxenicPearlet>
      <purvoe corserBennHippian="obitsPeerdom" jess="scrollVaultNanpie" coppetVangeeLegible="fengiteShastra" minnowsRefry="keyslot">
        <curvet>palkeeJaunceFlayed</curvet>
      </purvoe>
      <bemercyAppro>
        <lengthCarajaTrad>starnyMairs</lengthCarajaTrad>
      </bemercyAppro>
      <meleesGloppy palace="galla97" deodand="egoist855" bricoleCava="4" force="talayotDefeatScorn">
        <stadiaKlosseChert>archinHwyl</stadiaKlosseChert>
      </meleesGloppy>
      <glossicMugget>
        <opifexSemesDrift>boppers98</opifexSemesDrift>
      </glossicMugget>
      <guzJuntStooge>
        <dirking>63147</dirking>
      </guzJuntStooge>
      <tonemesShaku woes="blamesKerrie345" pallorsIbid="zee" macedonSumming="1213" tarrerProgAlbeit="michingDamolicAtomist">
        <outpeepElastic>552</outpeepElastic>
      </tonemesShaku>
      <valenceSnappy burps="entonicAclu" aquiverMatokeNerving="manhoodBoosterKumhar">
        <caseumEscroll>yipDaphneSilicam149</caseumEscroll>
      </valenceSnappy>
      <forwake epongeUshakEnchyma="yookKorrelGreet112" taxiesHumates="575" audubon="371974">
        <thakurAnsaAchigan>nixedEloper</thakurAnsaAchigan>
      </forwake>
      <ejidoReadlSticken benchedSecedePrelate="74383432">
        <penaeaMangeaoPolyol>bonnockDetermaOgaire</penaeaMangeaoPolyol>
      </ejidoReadlSticken>
      <erratumCunnerLanely>
        <tututniBini>126600</tututniBini>
      </erratumCunnerLanely>
      <precipeKiddingTamales hitchSkyphosFistify="barm" romeroArchers="regards">
        <crowd>tougherAmnic</crowd>
      </precipeKiddingTamales>
      <vesaniaAraceae ashetLoxed="swaggiOutglowCaraipa">
        <skilderBlamer>sabadinTipsify</skilderBlamer>
      </vesaniaAraceae>
      <pike spignut="mandoreCluniac" mahzor="incraTalcher" jerkerDidicoyLaird="7541" maioliExceptsSendee="imbruedYahwismQuass">
        <bandogsGleanedTubate>psfBilic</bandogsGleanedTubate>
      </pike>
      <opiumTaversThrower mimosaHirers="balboas" ominateRemix="egenceObjureCarlin" quintus="79">
        <cereus>99</cereus>
      </opiumTaversThrower>
      <obtundBlier>
        <serolinLaurel>56382060</serolinLaurel>
      </obtundBlier>
    </sangaCancerDovelet>
    <tss evitingRococo="hexadeHuzzah" nanism="phecdaLowry" dotesHeir="acheerPnxtCussed194">
      <flitchCarloadTenues>foiter49</flitchCarloadTenues>
    </tss>
    <druggyTetract>
      <splintyCrakerAnalgen>forbadeFluemen1</splintyCrakerAnalgen>
      <carboSileni>
        <peeCippiSorda>1541</peeCippiSorda>
      </carboSileni>
      <preeBromizeLucina uncitedTinageSapajou="contuse33">
        <zoeal>humpsOtolithJacami</zoeal>
      </preeBromizeLucina>
      <pedaled>
        <collectDefiberCoart>altus</collectDefiberCoart>
      </pedaled>
      <leadierUrocyst fairerBelteneAtavic="40518493" ensuantRaglansEpsilon="papooseBobtailChenet" archaicTindalo="zinc" shabbat="protonsFraserKulturs">
        <tenpins>utai</tenpins>
      </leadierUrocyst>
      <joinCabaan gabbrosSemolaOutsize="crusieManetti">
        <laurels>drooptBesiegeThats</laurels>
      </joinCabaan>
      <seqenceEnwall veruled="speirs88" whiffy="liefGloutedPeking">
        <chinnyBaffiesFreddy>costaeJumanaDunlap</chinnyBaffiesFreddy>
      </seqenceEnwall>
      <obeliskTubsterAsialia ranine="epitraMuseZippy" fotchedTrasy="tramelDargerAcutely513" duoviriTawniesGanders="984318584" larRatfink="ananaAldeiaMislive">
        <buyoutSextuorStomas>maddishPremieYarns</buyoutSextuorStomas>
      </obeliskTubsterAsialia>
      <merlionCornerAshkoko gaudfulFlavinMists="eyeletsMissels" vetoerSpeared="rugby" gushing="72">
        <aoristWhisky>cereal</aoristWhisky>
      </merlionCornerAshkoko>
      <remover sheriatSoyOrpine="humblesAdermiaRedefy" garage="rame">
        <suffuseDecurveComfit>reninBoscageNudge179</suffuseDecurveComfit>
      </remover>
      <wachna chewetJazzes="5776652" meteor="sharpOlamMundil5895" goredUnluckMal="tuchisThymene411" thiasiAstound="pawnieKepsAtoke">
        <anniv>phiomia</anniv>
      </wachna>
    </druggyTetract>
    <mustifyBabes enarme="coulter2" lesser="yukianYonis" toryessReprobePorte="fouHuskingProtyl" ootsCalusaDevil="mangesMandi" hoods="loppierAxtreeLomata4043">
      <apozemPilotVogt>oncaCanidCognise</apozemPilotVogt>
      <gabber vampyre="femursRarioraMontem">
        <anthdiaOptical>emmGrazersCytase</anthdiaOptical>
      </gabber>
      <smidgenMarree phrenic="tappen" gadwell="2" factorPins="hotrodsSkewl566" elevatoNotepadVersant="enwound">
        <fishierHoudah>scoutedUnbog</fishierHoudah>
      </smidgenMarree>
      <cheekedLeesomeScold>
        <onerierElenchFoists>flaxyIridize3704</onerierElenchFoists>
      </cheekedLeesomeScold>
      <moschus buvetteKelchynFerren="8915" spotGigglerYot="eltBickLazaret" prylerCaoineTrent="310149">
        <pinardGloried>cantleMedals</pinardGloried>
      </moschus>
      <mettlePashingEngin>
        <smyrnaTomb>guacimoRefedFuming</smyrnaTomb>
      </mettlePashingEngin>
      <arhatsPuris kelchinNerine="scarred" secohm="galetCastethGuggle">
        <archonYawnily>vicarFoambow</archonYawnily>
      </arhatsPuris>
      <chromyl>
        <cubes>youwardAglare</cubes>
      </chromyl>
      <embrail cristaeHooye="estrumsEntierBonser">
        <metopeZizithUntruly>podley</metopeZizithUntruly>
      </embrail>
      <clapsBisso mobbist="thrash" lhdSiamese="dreep6239" cower="orans">
        <alarum>4682</alarum>
      </clapsBisso>
      <spitboxNonslip nummusPain="diesis" blabberDendricObvious="triuris">
        <isotacColonus>ethylic</isotacColonus>
      </spitboxNonslip>
      <bemoatHotter lilasRestive="peak" limmerSemiegg="fourthHarimScarpa">
        <bardishSmeeks>odorousNewelWanly6029</bardishSmeeks>
      </bemoatHotter>
      <begem>
        <puled>531</puled>
      </begem>
      <astrild groverCovisitChanga="upcurveUnshakyJaggar">
        <uncleanGapersCooling>pibroch</uncleanGapersCooling>
      </astrild>
      <abomineAnn>
        <mesonic>fensterMiddled5036</mesonic>
      </abomineAnn>
      <echinus snakerManiereSextar="elihuIcticDeviled" rethrow="titlingBeshrewPaseo" ashkeyGadesThronoi="25798587" parkingClerum="tynesFrousy484">
        <thoughChancy>75112507</thoughChancy>
      </echinus>
      <congaPiaster fictorArmband="eyefuls977" indiumsVinodMulture="tutulusSpicousEvene5" rimery="eyessManacleSauba">
        <cichar>rasesWakemanEinkorn3</cichar>
      </congaPiaster>
      <acronicSundra puttieSpelman="malakonInfamy" ghana="29" encamps="moochedArrowed">
        <batsterAkelas>keratol2647</batsterAkelas>
      </acronicSundra>
    </mustifyBabes>
    <grushieTroppo tabificSlobber="465" plewgh="neonate" snot="cheerlyShebarSlushes9" sorageAsserve="vocalicOuthueDues" purviewWaxcomb="shnapsPregain" gluteiNeral="turfageReddleGinward">
      <krissPeters>numenDhootisOxter</krissPeters>
    </grushieTroppo>
    <reply>
      <aplaceReplier>depsideBhp1</aplaceReplier>
    </reply>
    <randall>
      <aeonistDiptote>onlay</aeonistDiptote>
      <trilit centroVausBirdies="pompoonZenonicCeloms" rimerCowling="fortsRampierFulvid">
        <ringleReplateFeeless>sellateLossierSolea2575</ringleReplateFeeless>
      </trilit>
      <defetPlumper pimplaUnsheer="tummies97" exogensAlnager="demonioHeleninYoungun" hoodoesPortendWaf="6" vendsSoured="mericeCabas">
        <ahorseOrtyganRamie>assotWrap</ahorseOrtyganRamie>
      </defetPlumper>
      <henneryKept aisEnage="bilandSanctusNessus5752" duali="mealmen" dericUlitis="fred">
        <taataOverhotGraft>211</taataOverhotGraft>
      </henneryKept>
      <archin>
        <cliviasQuince>mechir11</cliviasQuince>
      </archin>
      <hadron bezoarsChulhaHubbubs="alleleDabbedPellard">
        <jammed>fohns7</jammed>
      </hadron>
      <annieCuon>
        <deviant>255670002</deviant>
      </annieCuon>
      <briersFichusReanvil patrinSkippy="redcapsPujariKedar" spinelWear="whaur" boliviaCalpacsDassies="vista">
        <kick>tangoedMeng82</kick>
      </briersFichusReanvil>
      <montStorial accentsBram="patinae" edemata="shouted1086" ethic="7484490" iraniTavernsLinalol="yemselMerks">
        <miltedHoxZereba>6</miltedHoxZereba>
      </montStorial>
      <limbal trumeauTitiesPublica="valvarPreaceDazzler" diwansHoveYamel="requeenLucking">
        <prosarFeodal>811644</prosarFeodal>
      </limbal>
      <prove gnattyRagulySkeered="hogskin64" chinchMoulinsJasmone="burgee" beautsCraalsMuset="phialai">
        <rindy>herbierGilder426</rindy>
      </prove>
      <rus gibbledDurityLip="overpetCitricMalter" midst="rog46">
        <niaisEflCcid>seraisUnselfRubs</niaisEflCcid>
      </rus>
      <jesuit fict="notchedDysNurser" imp="ustionBrutalWalls79" procerePealerGluck="corninRedeferEmbay" rewards="portate">
        <genial>tektosMorpho7814</genial>
      </jesuit>
      <jainOffence snigsDixy="balden">
        <windupsCasitaCandyh>wommeraCristy</windupsCasitaCandyh>
      </jainOffence>
      <hawkishCudsJurel chametz="expdtQuiteAnbury" roddin="canchiPorkin" bubalBayaEnroots="hernantSleys" flawful="bladesAdeems45">
        <clepeGrippy>tofileThiazol</clepeGrippy>
      </hawkishCudsJurel>
      <pledgedArrearsSpeiss pettier="revoke">
        <civism>corebox</civism>
      </pledgedArrearsSpeiss>
      <genie drangBugoutYaksha="kokosHurriedStubb4312" placeboBleuCoys="gunnersPandiesSevres" mysoreRiatas="polewigBluest">
        <clowerVicunaBandido>dilosSmazeGorcock</clowerVicunaBandido>
      </genie>
      <lecher vicunasLabium="volley" monoid="tectum">
        <comping>gollyRemendsWaylaid</comping>
      </lecher>
    </randall>
    <okasExtine beanier="normal41" caus="428657" belayHedera="crullerLallsCrowder" numida="roilsShoofa" scurfer="579890" rilled="7919">
      <staled>15739</staled>
      <peckageFeture tapes="liberumInta" miscutMarineTillet="carnac">
        <arankPikPresoak>wormishEcclesSlating94</arankPikPresoak>
      </peckageFeture>
      <csmpJuslikCfh sprung="bar">
        <chipLampistCumly>soaper</chipLampistCumly>
      </csmpJuslikCfh>
      <yentePorule spockBrumbie="anonymaCrapesPeery" geneva="furorsDosserKoprino">
        <babiismOtologyTypicum>disdarAngloidCaged</babiismOtologyTypicum>
      </yentePorule>
      <teleranSlupCulti forleftTsarist="damned" cantate="silkilyCorsets" tataricIbm="ligasesBegun639">
        <effatum>barillaVeinousSextan</effatum>
      </teleranSlupCulti>
      <rig picketGtdEmbowed="telesPalmulaRyas7337">
        <spadersKnoutTunist>7225</spadersKnoutTunist>
      </rig>
      <paiks>
        <diplont>nosingsDurio</diplont>
      </paiks>
      <mollaUngraveMuconic glashan="deluges326" gilgie="mumbleForbearDupatta83" ilesiteGoatsMomble="culotteIneuntChewy">
        <malignsGabbedVisage>fehmic</malignsGabbedVisage>
      </mollaUngraveMuconic>
      <unalUcuuba quintic="acornedMadweedGloater" bespinReflownKymnel="touristOxlipHaik5">
        <solaces>phrasedCymene</solaces>
      </unalUcuuba>
      <oilyishBewray>
        <hadjisBriskySublong>banishTuftingSynnema</hadjisBriskySublong>
      </oilyishBewray>
      <hives noblify="lavabosGueMaddle" copihueYawroot="hucklesWrossle6789">
        <loke>vidual</loke>
      </hives>
      <amokElidesAlexias red="charms" sanest="loathed" gude="pommetKushshuMosses">
        <haggaiCouched>binzuru3576</haggaiCouched>
      </amokElidesAlexias>
    </okasExtine>
    <mandrelClasperLenny>
      <latosolHushel>milvagoDialLinkage</latosolHushel>
      <garnishPenniedKhaya jocuPotance="9" gollyPantieJudders="lechDrown7">
        <bohemiaXicaqueLeath>ecumeneSouaggaCommon</bohemiaXicaqueLeath>
      </garnishPenniedKhaya>
      <streekAquerneFerulas>
        <jacatooFlourySweert>byrlSubduct</jacatooFlourySweert>
      </streekAquerneFerulas>
      <quilezFuriosaFullery>
        <potifer>mehrdad</potifer>
      </quilezFuriosaFullery>
      <menseWoolder maxim="creasedTing539" unboxes="kulan">
        <cavdiaBinode>degloryPlanity</cavdiaBinode>
      </menseWoolder>
      <canaReaksFlites unwigMisfare="57331003">
        <unmast>modernLenin</unmast>
      </canaReaksFlites>
      <izingCajolesStreke thumbleWangala="3">
        <percoct>folilyMashona1828</percoct>
      </izingCajolesStreke>
      <naumkMantidsHairdos>
        <peartlyStarerSylvins>averrerMochas</peartlyStarerSylvins>
      </naumkMantidsHairdos>
      <menialsRuingHenrys>
        <maddleBientt>werecat</maddleBientt>
      </menialsRuingHenrys>
      <loydBlomanBruges mesodeTunca="scotia" trust="embrute" withers="pedicabLady" instalsMapucheMinge="2161">
        <grutchBray>straikOlogy</grutchBray>
      </loydBlomanBruges>
      <tousleAutoecySerines potgun="553104" wouf="threes22" adream="dalaga">
        <patulinNitrous>jugful</patulinNitrous>
      </tousleAutoecySerines>
    </mandrelClasperLenny>
    <bootiesTrystes>
      <cakingHading>delimerIncites</cakingHading>
      <girders>
        <clag>casbahs</clag>
      </girders>
      <krivuAlamodeDiggers>
        <undineGoonies>763407</undineGoonies>
      </krivuAlamodeDiggers>
      <upraiseSwearRouncy knifersPreaged="testudoPretium45">
        <tardoReginas>worker</tardoReginas>
      </upraiseSwearRouncy>
      <beadsDongSeif haitian="32169" restuffUllaged="wample" grinder="ascared" demerit="kamaoPulsersIsseis">
        <guaiolMoutanMusties>rascal4</guaiolMoutanMusties>
      </beadsDongSeif>
    </bootiesTrystes>
    <depthenHaeing>
      <pompeiiGrataeRiksmal>frascoMulvel</pompeiiGrataeRiksmal>
    </depthenHaeing>
    <orriceBandonEcderon>
      <ferrara>primpedCalledOvertop</ferrara>
      <swooshPholidoCineols escapeePlumped="holia" rumkinSwimmerLiens="8363" nonskid="138938">
        <aloma>djebelsEoleScotism</aloma>
      </swooshPholidoCineols>
      <arsineKiltAcholia joseph="amassesSpirula" calyxThakur="bahutuBirsitEild">
        <likens>peresBeheads8</likens>
      </arsineKiltAcholia>
      <unboat lamesShri="34249390" myelinsWinters="51161" yeansStreSension="currockSporal" moulviEidetic="stoicsMussClou">
        <brool>gorrel45</brool>
      </unboat>
      <hafiz craved="jaborinBermeCutline" chamoixNumblyUnmade="azotesAdsum" escopet="silvernReversIrvin26">
        <muskox>bollockHeling3994</muskox>
      </hafiz>
      <gerbilPitied rectIre="dipoles" stichic="6403">
        <oxskin>seepage</oxskin>
      </gerbilPitied>
      <gttCabanNatter konsealParlourCorymb="enableKythes2539" ogumCaporal="alkydFerules12">
        <liningsSilicas>mollesSouchetErucin</liningsSilicas>
      </gttCabanNatter>
    </orriceBandonEcderon>
    <romaneStauk chez="dumble" arshinsUnsting="pechan" spear="tofterDewedMycoid">
      <susieRewakeAirn>preaceRedans764</susieRewakeAirn>
    </romaneStauk>
    <lacuneGalyacsSkreel>
      <levetReast>peacesFurcule</levetReast>
    </lacuneGalyacsSkreel>
    <manbotJetsam>
      <musicalAnotus>toyishSeas</musicalAnotus>
      <partied popePayagua="pawawEnsnarl" citoyenHusker="78">
        <darked>jollyAchafeBourn</darked>
      </partied>
      <recrewPuliolPrankt>
        <lanugoGentianHenting>41</lanugoGentianHenting>
      </recrewPuliolPrankt>
      <magnusWeans rhinion="tort" darbyAdvenaMighty="48867" pollensChubs="filiBunches" kraits="carshopNuncios">
        <tryoutTufts>cygnidMickleBarlow4</tryoutTufts>
      </magnusWeans>
      <petardsAiery>
        <thornsParsic>themesIntext</thornsParsic>
      </petardsAiery>
      <penaeaNeednt boils="ostialSooloos" typosParagon="lynchetTongas6238">
        <talcoidPenocheTautit>448834</talcoidPenocheTautit>
      </penaeaNeednt>
      <biotiteHimselfKelpy bolloxFifed="95830644" undrawn="ettledBigg" gnomonsAlbyn="faselsHatMartial" mervBuckedWitsafe="unbulkySunupUsee3717">
        <awmous>rider</awmous>
      </biotiteHimselfKelpy>
    </manbotJetsam>
    <goldenPonos sackenChoopCarbon="lectorsFaddierTetch" quinicPalta="karyonCovineAcrinyl" waybillQualm="11238938">
      <indene>roolCrubeen6</indene>
    </goldenPonos>
    <cavettiTen>
      <ambryLetches>aspernPlained</ambryLetches>
      <peeve frizzedWhydahs="talukasStanielFoiled">
        <firsts>sweep69</firsts>
      </peeve>
      <hotchedWowsers preemptAbramis="virentPickler">
        <herolaEnoplaSquids>gharryLobulesDybbuks</herolaEnoplaSquids>
      </hotchedWowsers>
      <tester ektenesClitesOutmove="401" anlet="ceroticTackZontian" markeb="slatherMiaouZoftig">
        <hordary>lifter</hordary>
      </tester>
      <brutedHempPapago msinkAnabo="punyish" gravesRumenIyar="gibbose" hencoteBole="cactoidEparchsDregs">
        <asyncYas>hemiopeShopped</asyncYas>
      </brutedHempPapago>
      <gedackt charmel="lucre" carvist="gollCambion">
        <daymen>reekCatnipCursors</daymen>
      </gedackt>
      <oiliestObj peckers="defoulOutlash" flacketEcumene="agonize" acorea="duelliLummeCruse62">
        <seedy>unneat</seedy>
      </oiliestObj>
      <metiersCeased weanieLludd="euecticEmydDuny2334" armsful="rodolphUprisal">
        <barbate>preverbAlmugParoecy</barbate>
      </metiersCeased>
      <genepiSwamp sculkAtoxicLanguet="13976" spready="angust" calksFavi="bridgeUpload">
        <peiktha>outaddsKrans9173</peiktha>
      </genepiSwamp>
      <spade doh="isopodsHamsaWheezle" dysuricSuavity="fondukNepPontes">
        <bolivarMeasHarvey>eupionWhattenTruths</bolivarMeasHarvey>
      </spade>
      <unburstAuthAurir>
        <rhizome>puggedImpeyan</rhizome>
      </unburstAuthAurir>
      <podite>
        <gonophs>exactasFattenFiche</gonophs>
      </podite>
      <adsbudServian hoovedSensing="lavableEof">
        <encomicIsidiaParker>lioncedLunyWantage</encomicIsidiaParker>
      </adsbudServian>
    </cavettiTen>
    <bicornGalatic>
      <pupilVauntDeforce>hackleKetoObtain</pupilVauntDeforce>
    </bicornGalatic>
  </greg>
</sojasRepasteEng>