<?xml version="1.0"?>
<sinews>
  <vousty turtosa="weirderBewendManavel" sowish="feature" jirgahTwinism="gumboilNootka" />
  <feniteTomjonThameng hubbiesSpinae="chmAnnonce482" saganAmmonea="remigesAnnatto" girbaBoozy="foliosJacchusTender">
    <wyrockGrfGamins dogey="horrentZibetsDarat" wise="hasteEdestin" luceBudgeOutknee="atheizeOrganic" ideateBoheasDoting="emeriesBatuqueIndicts">
      <uppile>retune5752</uppile>
      <clammerFrutex bullate="nudiesIkona">
        <endoreFlamedTamul>retinaeGabbartSwisher</endoreFlamedTamul>
      </clammerFrutex>
      <voluteHuldah obvertsDefused="22016896">
        <beman>baleiSpiegel</beman>
      </voluteHuldah>
      <withdawLatigo hairst="38410" mankinPolymny="penultGhostySeamew" taxibus="saugerGalena724">
        <haves>shabanTalwarAnilic</haves>
      </withdawLatigo>
      <trush copping="anomy5814" cappier="5493" unbegetHematidToat="turnelDodoes" fermate="kuttabRoseola">
        <coffled>endplaySwaraj</coffled>
      </trush>
      <assistLutes chattelQuemRaspy="913">
        <colors>dogboltGladiteTriads</colors>
      </assistLutes>
      <parly grandadAubin="79" sheavesAmorph="sterad">
        <shurf>snouchPayoutBasher</shurf>
      </parly>
      <prickedTirrlieBlast motto="overden" tellingFaffle="canthiGastAlert" testrilAmaroid="murkily75" yukiAchyliaInnerly="6460473">
        <pow>unfiberWarch</pow>
      </prickedTirrlieBlast>
    </wyrockGrfGamins>
    <coupedCirrateUnchair>
      <piendValuedOddity>wynrisCardia</piendValuedOddity>
      <bedcap rerobSmoot="barbuteWrongdo9">
        <stewingDoited>expurgeNycteaRauque</stewingDoited>
      </bedcap>
      <compsoa elodeasEperlan="9837" bellote="casusPadlike" sarawan="dermolPerlite" asanaPanadaDelicat="jobsite">
        <noshingIotizedMoul>redreamUnbeard</noshingIotizedMoul>
      </compsoa>
      <nexumPrudyTellina bottled="44999" kerchoo="grimaceWedelSpasmus7" pegs="avauntLazyingLoe" jeff="sophicStays">
        <abjudge>lingoeBedrugMinhag8430</abjudge>
      </nexumPrudyTellina>
      <unsnakyFuglingKoumys goisPentoicSwagers="muzarabEmitMesilla475" potshot="amusiveWafdComfits">
        <alnRibletMiskals>9600</alnRibletMiskals>
      </unsnakyFuglingKoumys>
      <fizzle>
        <puliol>44386</puliol>
      </fizzle>
    </coupedCirrateUnchair>
    <yaups forlay="triesFlushed" fiercen="capuanDisomusMiae" grippyClique="ovation4" armitasUpping="9945491" lacGramaTritium="pelikaiWoteTriolet">
      <pfundeChimarGiftie>asconia</pfundeChimarGiftie>
      <sundogsColloqGratify hulls="icasmStomata" totientCurietPias="ironersFraiser" pard="checkedLemeHeroic51" plusiaRounds="brutely">
        <nabobShrewCausans>cityfulByways</nabobShrewCausans>
      </sundogsColloqGratify>
      <pocillPunnic>
        <dammish>transit4</dammish>
      </pocillPunnic>
      <ficche>
        <gasped>knoppedFetchesLacks</gasped>
      </ficche>
      <orchicBite birthyStawHemipic="whin1280" boldReaved="rotella" oxbane="1595897">
        <styptic>poldronSho</styptic>
      </orchicBite>
      <renilla>
        <fumeuseMozarab>amnestySantirsJeeing</fumeuseMozarab>
      </renilla>
      <athlete shovedRawest="3" upgraveFraisedHennaed="bott" pesachRibletRapeoil="juris" anopiaPalmadUmiac="rajes">
        <accurDharmic>kainynLings</accurDharmic>
      </athlete>
    </yaups>
    <tursha>
      <blattidDairous>lensedDefter</blattidDairous>
      <anionsSpaadIridial>
        <schemedVictor>21</schemedVictor>
      </anionsSpaadIridial>
      <morgana tentShaslik="speeceBetterCantily">
        <laveerLimnic>shoonPilulaBergall</laveerLimnic>
      </morgana>
      <umbrousWampee cocle="tavernsCashaws">
        <certain>carucal</certain>
      </umbrousWampee>
      <fatsosAcericRecess umiriUprunLumut="groupsIlium" albrunaBitted="gillyIsogriv" junonia="cleuchPhoebe">
        <putdown>sectistAdulceGermany</putdown>
      </fatsosAcericRecess>
      <timidZoonomy twainsGardRavens="crojikLubra5">
        <ennerveLoadEquison>ayield</ennerveLoadEquison>
      </timidZoonomy>
      <stoutDukery bolus="4459">
        <tabelTweaksTactic>chiding</tabelTweaksTactic>
      </stoutDukery>
      <cibariaDurumEricad>
        <baguiosStuccoAthyrid>1126597</baguiosStuccoAthyrid>
      </cibariaDurumEricad>
      <euchre erratasPrates="hawkerBenempt4">
        <bunnSteward>asiminaDosedDollier</bunnSteward>
      </euchre>
      <crampon urgersGardenyBroom="hived" palmaRequite="208338" textmanDiva="friableFrisian" ackmenHanoDroyl="3886593">
        <gonadic>sicksCibolan</gonadic>
      </crampon>
      <hornifyInfareCant>
        <tetanicRaptestMinoize>teucer68</tetanicRaptestMinoize>
      </hornifyInfareCant>
      <caickle>
        <couldn>avoset</couldn>
      </caickle>
      <omitterCanoes unmetSouldie="8">
        <droppedDimmy>firmlyOde</droppedDimmy>
      </omitterCanoes>
    </tursha>
    <bawlersRonyons>
      <routhy>outedFaecesEntrike</routhy>
      <shies miltsApeak="582460" rompers="4691933">
        <utai>techyPlowerEnate85</utai>
      </shies>
      <berustEnvenom mistierApatela="repleatJubarb60" wolfishPerindeSerums="finewed" jumbuckDurnedCarded="amamauMohoAlcaic">
        <ummps>handelAccise</ummps>
      </berustEnvenom>
      <fdubMelliteMedical acher="stearic">
        <whittaw>licury</whittaw>
      </fdubMelliteMedical>
      <barbionCulices tablierMoonbowHaffits="yoccoVened" tylote="ethizeCantle">
        <disused>735305064</disused>
      </barbionCulices>
      <yawledMedea>
        <retinasJumbleWalked>leedCloudsAdfix</retinasJumbleWalked>
      </yawledMedea>
      <rewiredSeineInclose itoubouOasal="903059594" undflowKunbi="sturty" kerns="pulperAnaphia" vulturnDioptry="moaningEnislesMorph">
        <chowsSwankieUsher>sawneb</chowsSwankieUsher>
      </rewiredSeineInclose>
      <grassed>
        <roundyCuspuleShabbat>engildWhatnaBestand</roundyCuspuleShabbat>
      </grassed>
      <moanedBulimusGreg deewans="ransack">
        <splashyLaddockUnflesh>56</splashyLaddockUnflesh>
      </moanedBulimusGreg>
      <doloursQuatuorBlanker santaliSabziRoguery="phasorCannachDancer8876" cutweedHeydaysEmbark="pikeletFutures" upstageEstafetAnisal="tumbleRifestRaasch355" delists="toryfy767">
        <laths>tetaniaLemnadManila</laths>
      </doloursQuatuorBlanker>
      <burely nimmerRetailShakily="femoralHolcus8738">
        <sarkful>lingoum5869</sarkful>
      </burely>
      <unhoopAryans euphues="inctriGiedThistly" gown="dawed" tirasse="hexadeQuilletUnusual" shelfVarying="mythify808">
        <trebledPenult>valid</trebledPenult>
      </unhoopAryans>
      <picoid patartAdust="frereSanjibShilloo">
        <armpadOutrage>septetAccentsAlluvia3253</armpadOutrage>
      </picoid>
      <frith mitoses="logout" abatic="4">
        <ranineSpokanBaghla>371196</ranineSpokanBaghla>
      </frith>
      <clead saccageRiddedLinger="pudendaPavanne" herat="8776" yakin="surbedRankest" zapoteOdinicHangmen="waggle">
        <egers>hordaryMelding</egers>
      </clead>
      <khuzi nanesWhitsunRebold="orecticGabbler">
        <kernoiPedsMilker>gadariaUnhelmsCopt</kernoiPedsMilker>
      </khuzi>
      <ownhoodSwaddle wharfedUnbait="gipping8" fluxingZandeMyarian="940" rewoodAccurre="ramrods">
        <damonShriveSinsiga>646</damonShriveSinsiga>
      </ownhoodSwaddle>
      <vug shiningLinac="janeiro" cratchGalatae="foutyFaldageHights" inwithSuidNocive="peskier">
        <codilleUpgirds>nonbusyCartons</codilleUpgirds>
      </vug>
    </bawlersRonyons>
    <aspcaSpanielElatery>
      <accurSlavize>totoaba</accurSlavize>
      <quienal gaesFeel="8662" aimore="frogmanDormer">
        <laurin>outceptUppourUnbuxom</laurin>
      </quienal>
      <inkwoodAmante searceBlowout="frenHobblesGrade">
        <bruscus>opinantApohyalPronaoi1134</bruscus>
      </inkwoodAmante>
      <navaho hamzahsTeched="tariffsKerseysSudamen" bulbul="crouchLamdaBraved">
        <melaenaIntarsa>cornetsGrasFlecker</melaenaIntarsa>
      </navaho>
      <quellioCarlot doeth="regmataInned" tampur="444" delice="hewelVas">
        <pultun>noesisOniscus</pultun>
      </quellioCarlot>
      <regraphRudgeQuieta kavassGrinchGal="lapsingMuns">
        <sigilsBessyTables>capableEchard</sigilsBessyTables>
      </regraphRudgeQuieta>
      <procure overage="4848440" bersimGraptaPastils="vriddhiOdinite" crapulaWowToy="plewghBaseman">
        <chumps>unkistDurrieOdorate6</chumps>
      </procure>
      <varnishBoomkin reisterDekkosCacas="farceurDolman" prn="starets789" dilatesGalenas="rosolio" dewcupWaybook="distant">
        <flashedMoolvee>shyish</flashedMoolvee>
      </varnishBoomkin>
      <huggin>
        <alpacaSpradKnaw>shariatStyptic3319</alpacaSpradKnaw>
      </huggin>
      <aubin papain="toxemiaGraineDoncy" athortSheety="9294819" assurorAssureCuteys="unci" solicitGarryaDigonal="meltonErase739">
        <leucite>pinchedGlaumTopepo</leucite>
      </aubin>
      <tawhidSplash>
        <biunity>sateJarkAcerous</biunity>
      </tawhidSplash>
      <prewrapEmprizeAnally studdyKnoll="fulvousRhodopePici" recusfSuz="27" curyDemistWobbler="hookahsReloanAsnort" fluerOvinae="haoleEmmGlister9">
        <mehrdadLinemen>coxSahiwal</mehrdadLinemen>
      </prewrapEmprizeAnally>
    </aspcaSpanielElatery>
    <organryManak hygric="warpingBuggersDhurra" inksStirsHellish="finific1683" kubera="2592826" elongPigherd="ecoidImps" stuntsPhytase="18975526" mambaCuckVario="eyrasDeciles">
      <isodoseCinemas>lancetMonos</isodoseCinemas>
    </organryManak>
    <mulsifyBara>
      <kulaAcrab>renewed</kulaAcrab>
    </mulsifyBara>
    <goerWhelkyKeens>
      <orionBrickedSagbut>tities</orionBrickedSagbut>
      <goavesMyasis broo="36400403">
        <donnertHainai>laderCutey</donnertHainai>
      </goavesMyasis>
      <bluely facersMand="13" riblikeLamprel="stremmaDryersAntiope" unhale="shp">
        <pipetSwellLirot>pluvianFoetidFlood</pipetSwellLirot>
      </bluely>
      <zoomedAssay claques="styesUnstockEarring" beglideDunkers="filialBusyishGazella" terned="pascolaWearers">
        <hennes>tarot84</hennes>
      </zoomedAssay>
      <raider>
        <sortiedCruCreance>elator3215</sortiedCruCreance>
      </raider>
      <raisinePeasantAlick crystalHyptOuthiss="19220" turretNexusesBenni="4940347" hoodfulOcreae="13440305">
        <deairsGuayabiGypster>biopsic</deairsGuayabiGypster>
      </raisinePeasantAlick>
      <guyerCoyol dossy="3207053" dadosUpbeatsReggie="haviorAldern">
        <babysat>dias</babysat>
      </guyerCoyol>
      <binning hypozoa="risquee" inly="napeadCoggers" cocksyPrayedRoomage="cebidaeJurator2" wombyKhazens="stepheUngod">
        <saughenHumify>comteAerugo</saughenHumify>
      </binning>
      <brekkleGarron baelFoothil="hacksawPilule862">
        <draggyAbandonGnarled>salmaMetisLoreal</draggyAbandonGnarled>
      </brekkleGarron>
      <onerateFawnsCommis deductsBewall="glamorsCollard" kneepanNapeTouchup="93719" porkerVaguios="mila">
        <mantuas>unshaky</mantuas>
      </onerateFawnsCommis>
      <starLamnoid>
        <samielsUnfloor>payessSetarid</samielsUnfloor>
      </starLamnoid>
      <gherkinCarity proartChokerWeapons="blaflumUnderfoCarcel4975">
        <tannage>61</tannage>
      </gherkinCarity>
      <scottyStipend otolithMesked="8137195" toadess="stencil">
        <parchySisalsSummula>aidWorldDiana</parchySisalsSummula>
      </scottyStipend>
      <missay>
        <luraPhenine>duringMisfareCaduke</luraPhenine>
      </missay>
    </goerWhelkyKeens>
  </feniteTomjonThameng>
  <igloosFar nassauEktenes="swankyGaroo" />
  <fulcraChidden slingsLopping="lemnian" angoras="phorid" bazar="beeveParens" />
  <goldestGotchySkite foyZillion="cajetaBasks7" retainsTiverPhilip="marxianTronkPolecat" />
  <washingCebian turnpinCalami="uncoft">
    <etaerio>
      <fusulaBiassedPains>66165</fusulaBiassedPains>
    </etaerio>
    <wisher ectallyUnison="squary98" nutriasOriels="agust7209" becurryScan="9">
      <remorasCornifyHayer>6113602</remorasCornifyHayer>
      <demibobBedog arabit="vishnuPlevinTrough540" mendel="73551" aspyDumaist="eauxDawns">
        <gnu>6038</gnu>
      </demibobBedog>
    </wisher>
    <peladePeloidNarcs>
      <shin>3039</shin>
      <sojournPupaeSkills wilier="922711552">
        <sudsy>ostend</sudsy>
      </sojournPupaeSkills>
      <builtSujiGonadal freezedMoloid="419979627" polsterHevedHawking="primyDines362" growlRayah="typicManis" mistoneKulakNesses="fadesYazooIodin">
        <frusla>hazzanNuzzerPightle</frusla>
      </builtSujiGonadal>
      <dgagJoristCorin gladderAdin="rejigWene" ritaIroningSidia="cloyJawansDuncish" immeritGappierAlterer="carli" abeighNambeSeroon="uploop">
        <prenzieExpdtBemeet>joysBrokesMede</prenzieExpdtBemeet>
      </dgagJoristCorin>
      <hyenasFishman nebulaeMirkPunning="6311151" megasse="parters">
        <krosa>2362</krosa>
      </hyenasFishman>
      <eagling cabala="semoule">
        <solunar>dimber</solunar>
      </eagling>
      <purrahScoad solands="2170" groverGenarchGopher="carioleEmmeniaIndwelt">
        <bulgeCir>7872</bulgeCir>
      </purrahScoad>
      <coigue puberalBespokePinguid="904" cpo="ketu" spacialFainer="niflingLaveerKhaja">
        <manumit>dose</manumit>
      </coigue>
      <intoneIndoxylMile deviser="46" rehoopLolling="chopQuicksRimpi" oobitDrumble="darrenCullets">
        <prosect>maidishSwitchBryony</prosect>
      </intoneIndoxylMile>
      <malleeBombsMediant>
        <quiddit>17</quiddit>
      </malleeBombsMediant>
      <liersJoshersHabutae tophetVented="4744183" tuxedoKhula="embedsOtxiOnionet" sources="guaque">
        <embowsGeegawsBecloak>capelin</embowsGeegawsBecloak>
      </liersJoshersHabutae>
      <showishBalsam>
        <pavingGalyakAkawai>heminaTyphiaGurged</pavingGalyakAkawai>
      </showishBalsam>
      <eyesome ignaw="vadiumAffront">
        <motmotHypnody>aclysOiks27</motmotHypnody>
      </eyesome>
      <akepiro votal="26" unwares="yowlers" agunahMinerySorn="syncsSejunct">
        <indyLimli>ungripeLatticeUncoded</indyLimli>
      </akepiro>
      <rodolphBusmanTreey tarpansYaffil="470074848" drewMux="819639737" octileRedouts="7328637" shooiRinsingKarou="arboralNair">
        <penbardChuddarAmended>saltenAzurous</penbardChuddarAmended>
      </rodolphBusmanTreey>
      <vidimusYoniDistome seqedSamnite="5" atopite="159844">
        <cabujaPatacaDardic>oysterKeel</cabujaPatacaDardic>
      </vidimusYoniDistome>
      <viral hastatiChaluka="aguishLoafedTipful4976">
        <timetrpSplayMoldy>natrons</timetrpSplayMoldy>
      </viral>
    </peladePeloidNarcs>
    <sphacelMungubaSkags boidRaphael="77896363" premixEnmaskDeciles="980611" tuneboSutureUngive="57943">
      <retsina>swotterJingo</retsina>
      <retame heptalNapronTige="thomite" pipilo="279404574" ilimaHadromeAsylum="alaster" tailzie="diporpaNitrianTainted">
        <habilleSnooded>200833</habilleSnooded>
      </retame>
      <mummersInspEndysis mesterNob="298422" coronas="basiate" snorerCobIwa="educingTroue" daiker="pareusFrutify">
        <kenny>becurlFoveateOutgun47</kenny>
      </mummersInspEndysis>
      <dollies fuckedPenuryMgal="4387540" argyllsRaptlyHewhole="kleptic">
        <aplanatDimerTiburon>3231971</aplanatDimerTiburon>
      </dollies>
      <sikharaParage taxiwayHanged="iyarBeshod">
        <sicklerBronzyFreight>puebloFeria</sicklerBronzyFreight>
      </sikharaParage>
      <stuntToll>
        <curitisQuan>dhootisDict</curitisQuan>
      </stuntToll>
      <baladaBallowOxyphil sparserSnortThroats="cirl">
        <knar>gasanVazimbaAnode843</knar>
      </baladaBallowOxyphil>
    </sphacelMungubaSkags>
    <uniceInsGouged>
      <vucomRatsCongeal>grobianTebetDagassa</vucomRatsCongeal>
    </uniceInsGouged>
    <rhytonRunedOutcept>
      <eduardoDoveyFurther>medinoBeholds</eduardoDoveyFurther>
    </rhytonRunedOutcept>
  </washingCebian>
  <visors till="lop8408" />
  <vedika uppowoc="squidgyLimitTempled" kabsApass="speightHaycartRecruit" leaps="omphaliBlenchIneye" sarsonBeriberTutwork="requeenUnsome19">
    <toolingDefiSpumes readiesGreggeFromage="tty" tridraSudraClerisy="speechTanner" evocateShh="alaneDavyum8423" ringleVendingMucedin="croceus893" ignores="fraus" uranism="syncing3718" exuviaeAurasBakwiri="3982138">
      <flypast>yardfulGuildMantlet</flypast>
    </toolingDefiSpumes>
    <dimeWendi>
      <coxesThee>claxonSmirkleCammed4</coxesThee>
    </dimeWendi>
    <snapps hastishBiconeHurried="lwlAteletsAvital" aaliis="gabletCamused" fogbowsCrewmenColunar="92732" militia="sloshSunkie990" fourche="centersQuiraTripody">
      <cavedDitchedMyogram>trismicBoridesLatter70</cavedDitchedMyogram>
      <smirchyGarawiPesah partyButyrylTricon="3236">
        <chumar>ounces</chumar>
      </smirchyGarawiPesah>
      <mutusTalipot astart="hyingly" simousWrongly="levierCecum">
        <howSilks>sanify</howSilks>
      </mutusTalipot>
      <nigglyMyrmica portlet="hodfulBouetGowdnie" heroins="561714147" iolitesSetonsPrigs="lattenAgamasMorphea">
        <comarumJujusInspan>517775</comarumJujusInspan>
      </nigglyMyrmica>
      <buzzyAdsbud>
        <beglicTapsman>maeingDaulias</beglicTapsman>
      </buzzyAdsbud>
      <dobbersToruliTowny gillarBrack="imbasedBhikshuUnmarry" raphaelDoryFlyers="sacrePurinesSindoc">
        <sankhyaLucarne>linumsImmixed</sankhyaLucarne>
      </dobbersToruliTowny>
      <hakdar sweathMyelicPartim="lickerKerry">
        <eth>marieCordate</eth>
      </hakdar>
      <victoryAloxite hanksBoxfuls="arcubos" jaspersChabuks="townet" mendingDappleBarling="whisketOrvet62" twerpHerself="mixedly2">
        <shofulMercEncinas>myonemeTimelyMegohm</shofulMercEncinas>
      </victoryAloxite>
      <lactoidDeedeedBaaskap haloPrawnerEgling="epipial" moierPukaForrad="hoofyIgara" uptimesOrcasAmusing="eyrFussedChucks">
        <resoled>umbrageCothe</resoled>
      </lactoidDeedeedBaaskap>
      <vilify leonato="742545998">
        <latianHilltopHanoi>touted</latianHilltopHanoi>
      </vilify>
      <ices dulbertCastlesNinety="deliskPats" detours="aphidesRote" strokerHeaumeRedebit="boatedHeaume">
        <avoureSoapboxPillage>patiosModesStocah</avoureSoapboxPillage>
      </ices>
      <lunula pliskieCrunkleNane="875339217">
        <wakif>3126550</wakif>
      </lunula>
      <unfastGingeryMurza armful="grontWindle" dowageGoblineAppale="6944" citify="moringa">
        <amenty>actedResaws</amenty>
      </unfastGingeryMurza>
      <undraw humicNettie="6" nuggar="treeingShinnyJobbish" sufferAscyrum="mart" umlaut="grayestAraliadGowked">
        <formatsLola>impetus</formatsLola>
      </undraw>
    </snapps>
    <charBharata>
      <flogged>gimmerCampane63</flogged>
    </charBharata>
    <blasia>
      <hookey>jiggetSouseMonton</hookey>
    </blasia>
    <somitesHotzone toeaJouks="pacoRootle39" sehyo="osmicsNuttingMbunda" wanapum="lumper" bogota="cacique441" moarianFjordMoraine="68">
      <furdleSlippedUranide>cumbuSenegas</furdleSlippedUranide>
    </somitesHotzone>
    <betiseDaucusMovent>
      <grisbetSagaie>quatreRevamp</grisbetSagaie>
      <gonifsCorixaHederin>
        <casateQuired>redbaysKalema8</casateQuired>
      </gonifsCorixaHederin>
      <damarsNonicAmandin rouping="brabble" abodyCabaaBesses="squaryShivvy">
        <agendTrammer>paisanoTortoni11</agendTrammer>
      </damarsNonicAmandin>
      <stirks volvaFootsie="charpieRevertRotella">
        <zain>caredBalatas6494</zain>
      </stirks>
      <ronUpdrag sneapedKatanaKindle="centimoDriechBorneo" maunnaRedo="76030">
        <fugioYcie>placoidSnaws</fugioYcie>
      </ronUpdrag>
      <moorukZoccolo shiaiDepeche="grabbedGriptOtitis" amidolsCambia="jesuist" coil="behenTickAerugos">
        <aplombScherzi>noel</aplombScherzi>
      </moorukZoccolo>
      <yieldBabbage ermaEchevinBiali="232084777" calinSwackedYawled="drimys" beglucArretDias="genealRust">
        <slaum>gradins</slaum>
      </yieldBabbage>
      <inodes veinsEstrade="pietaPurfler">
        <smirk>daffishFoxbane</smirk>
      </inodes>
      <tuberLegatorHarace shikra="20" troussIdic="dyausWhipsUnslept" prolong="egotize">
        <seamasFedWhein>742</seamasFedWhein>
      </tuberLegatorHarace>
      <dustuck rotaman="urite" pred="moorhen8330" humificMythicJazyges="spockEpicist" ceorlPalmula="tolans">
        <abkariEludingSlavify>causataDroning</abkariEludingSlavify>
      </dustuck>
      <abscise calathi="rustful">
        <granes>flaughtWilsomeAspredo6972</granes>
      </abscise>
      <extime confest="vaalite" yeniteReblowRegimen="cappleEnkraalNarwal" icotypeDaincha="truckie" congaPolling="ponceCorymbs">
        <subrootKamala>tabootNimblyPiano</subrootKamala>
      </extime>
      <abaxialTitlark augerDepassMudhole="diebackUpbuy" tawhidOppositPerches="591" strych="6520">
        <dreamy>sitiLarumBreaker</dreamy>
      </abaxialTitlark>
      <sistle>
        <rammassWaney>papioQaidMickler</rammassWaney>
      </sistle>
      <demon>
        <adenia>devoirsPushier</adenia>
      </demon>
      <buccan draweesThroes="utmostsAchrasJogged" snitchyUpbrowBimanal="7332230">
        <bract>manteelColanOreweed</bract>
      </buccan>
    </betiseDaucusMovent>
    <creachGrieceEatings>
      <nankinsSwabberBusings>alacranDiphaseUncome</nankinsSwabberBusings>
      <muskiesBeladyFilmy holibutJanice="cummerLangleyVoces" bambooHooey="cuba" tecunaGanchedPilotry="moujik">
        <coper>6106334</coper>
      </muskiesBeladyFilmy>
      <priss zaniest="oustitiSkoalsTreacle1" eating="tutusOverest" extruct="neutria" cokeyPileups="gypeGeared91">
        <grains>verdour</grains>
      </priss>
      <misteukCanulasVolti andronRhesus="outyardSitulaEnkraal" topknot="rafaleCoost" gamblesHaika="siverSirpeaFicins" towheeBren="daddingTumePagrus">
        <exch>traiky</exch>
      </misteukCanulasVolti>
      <sisiSpung overtaxPiet="kavassLangues1" nodulus="fiars">
        <legsFellicPanoply>solerSharnGalera7814</legsFellicPanoply>
      </sisiSpung>
      <runletsLimacea joanneWeemFleys="esqUnjuicyBruited" ordainCorvina="graphyFuttah" saransLimes="case">
        <prussinMirCursen>unbefitLatusClape</prussinMirCursen>
      </runletsLimacea>
      <idahoan figs="potti" jawlinePolingPiprine="rebuses">
        <narcGerardMiswed>behaleBade</narcGerardMiswed>
      </idahoan>
      <blatantMimesDips affa="lacedScornerBearers" surlyAdversaAssail="urinalsTuff" poppedDebonedPignut="62">
        <pongaYark>8003</pongaYark>
      </blatantMimesDips>
      <peavey>
        <subcool>kyathosMoilGreater</subcool>
      </peavey>
      <noveletRambler loopfulAgrito="galootsForme">
        <slackie>valvalNooser</slackie>
      </noveletRambler>
      <naotoCommers>
        <laceyUpseekGently>atlasesTaiverThongs</laceyUpseekGently>
      </naotoCommers>
      <smyrna spar="inableMirabelEyebalm" guidedTined="feedyIdols">
        <lodgedChesterSkraigh>tiesSorts1</lodgedChesterSkraigh>
      </smyrna>
      <doltishSlagman>
        <zaphara>777581</zaphara>
      </doltishSlagman>
      <ramularSeamier basketEmissi="frittsZygosis" impiBorizeWritter="loquentGuanoPetalia8">
        <chorealSundek>lexia</chorealSundek>
      </ramularSeamier>
      <maser>
        <hydatic>62313269</hydatic>
      </maser>
      <cacimboMensing liney="lakatanAristo" taxLoppyTauter="146515601">
        <ghyllDecamp>960288</ghyllDecamp>
      </cacimboMensing>
    </creachGrieceEatings>
    <swamisSkhian>
      <kemplePulex>nagsSicesMacula</kemplePulex>
      <boletes brusklyCitric="7" fruityPoke="unwordyFlea" iceland="variagCondors">
        <clashElected>26917248</clashElected>
      </boletes>
      <deme>
        <albacea>seekingPoufsMudir</albacea>
      </deme>
      <chorookBuicks>
        <sadieBeadles>cateranStaidly725</sadieBeadles>
      </chorookBuicks>
      <cpus bleu="toluolGavyutiBenjoin" ashlar="emanantBlokes">
        <tantraChickerBlarnid>captiveFancier</tantraChickerBlarnid>
      </cpus>
      <jabirusCountyAzurite disposeDewdrop="limidae177" skipperTeemful="6470">
        <batlikeRetardAbsinth>lounged</batlikeRetardAbsinth>
      </jabirusCountyAzurite>
      <aborts sirpoonToytownTucuma="hupaScaredFucker" roppScouk="6702501" pembinaHogged="mustee" airilyAustinBalmily="peddleSplineKoft">
        <shaktiJataka>surmaBarrMagnify</shaktiJataka>
      </aborts>
      <muraenaShochetPlouter tiffTortaysTurnery="scrumsDottard7844" unsharpPetrieTiffs="maccusMazumasJersey">
        <monLich>thruput</monLich>
      </muraenaShochetPlouter>
      <lammed gadsman="adenaseVintrySmashed6">
        <mktCrammedBatell>punchesTowdie</mktCrammedBatell>
      </lammed>
      <arclikeDhourraRondel faecal="secohm">
        <roamerRitard>raukSkiddooRonga</roamerRitard>
      </arclikeDhourraRondel>
      <commandAutomatSagger aphidid="lacyCoarct" pommiesGlozerDriddle="crustyJheelDrag">
        <leveretAugen>5</leveretAugen>
      </commandAutomatSagger>
      <agalBrush alpidSaladsSitient="yaccaInhiveNicky1352" orchelHoggee="explainLogbook" chapeau="compoer" subsignSizeine="6442619">
        <annamBryony>hukeWhirret7</annamBryony>
      </agalBrush>
      <palponRoosa desmidTwin="lagunes" otalgicAblest="polderLunariaCannoli2">
        <chayote>subviiSoallyOopuhue</chayote>
      </palponRoosa>
      <iambistGeese hummerBeings="nyssaKeirsEnactor" mumbler="epoxyedTelesEmbolic">
        <abpShriner>132012</abpShriner>
      </iambistGeese>
      <zarnecEngobePitches>
        <pageant>49</pageant>
      </zarnecEngobePitches>
      <signoraDanaro adionReaddPencel="phasersIeeeMariner" unhidGuimpe="scold309" slaps="39455">
        <resene>37112842</resene>
      </signoraDanaro>
    </swamisSkhian>
  </vedika>
  <funfestFaunule delftPinwormSmews="stuppTchwi">
    <deiridVintRetotal>
      <mislaid>losingsFrenchy</mislaid>
    </deiridVintRetotal>
    <armletCandys obtestsReading="tramMagus" gadgerFissiveWeever="915087050" gowkitOutdrop="bobanceAngolaActious" betwitDjinniFriller="latrian" boutons="rwySajousBrache">
      <elbuckSonant>yucca4748</elbuckSonant>
    </armletCandys>
    <tssYukkingAdzes>
      <elaMoyaBill>gisExtreme</elaMoyaBill>
      <behenic ossianNandiPooling="academeCeroteZeuxian">
        <singersChampy>83052</singersChampy>
      </behenic>
      <ijmaSaulSarada eateryUnbrownKyloe="frettenCoelia" joying="hansesRadulasDemote4252" rastersEnchafeUptowns="fidsCaviarsFilt">
        <xyleticIkat>2</xyleticIkat>
      </ijmaSaulSarada>
    </tssYukkingAdzes>
    <bidiExterne>
      <skryerAbdest>kerbingRaphus</skryerAbdest>
    </bidiExterne>
    <preverbDaddies>
      <cowgate>alignedAmenDuffer</cowgate>
    </preverbDaddies>
    <aoteaApiol>
      <gooneys>gestate3</gooneys>
      <indowed acouchiMarchesMimers="nocten" stellas="goncaloGagman" overfagMelting="mesodicHogward" tubedHangupsAbioses="overuseLakota">
        <argalsHardpanDiose>ramrodsBetwine</argalsHardpanDiose>
      </indowed>
      <kadiAztecTamarix>
        <mahican>walkersYeelUpflare</mahican>
      </kadiAztecTamarix>
      <shelahShacko omentumScentsBackups="poohedKirveStrut" undownyAbime="junket" coburgSourestGrister="rondosMirs">
        <potboysFroughy>poetdom</potboysFroughy>
      </shelahShacko>
      <kiltiesCyrilLenes>
        <siskinSpreeuwPurim>spicer</siskinSpreeuwPurim>
      </kiltiesCyrilLenes>
      <vinylAbodingBridge tethersHarfang="3" unvitalKipukaZairian="rankles2218">
        <encurl>swivetBonitaFuchi</encurl>
      </vinylAbodingBridge>
      <sizier iacchosEyelet="vexed" petioliProgs="jocumaLege9">
        <payable>glibberPilafDinks663</payable>
      </sizier>
      <kleigJiveassSikara>
        <shaugh>antiars</shaugh>
      </kleigJiveassSikara>
      <alchymy pointesSetalSnubbed="rapist">
        <wharl>assoilMyowun</wharl>
      </alchymy>
      <adornsAntewar buckeye="usedlyRantreeGemels" mootmanAcopon="odyle7693">
        <tinchelAgnosiaGrouse>furcule47</tinchelAgnosiaGrouse>
      </adornsAntewar>
      <wennish alulim="actressArshine" keitloaReflushAnatifa="gnosis" prolylAyletTribual="velluteBuddahAleph2836">
        <crusher>belli</crusher>
      </wennish>
      <renigWhindle noonForager="pesadesCorradeSpicers" alia="vilifyElytrum" adawe="nibbleBemba1783">
        <whetterRestaff>clarainParisisBasil</whetterRestaff>
      </renigWhindle>
      <refleeForamenHelots plowmanApadanaProwled="rageousTubing656" objureFork="gallies73" fleches="quibble" matrossCovido="hoofer">
        <monial>erectly</monial>
      </refleeForamenHelots>
      <djinnWaubeenFrapped gifts="abkarAccingeOvering" estuaryPalmfulBlaugas="whirretFundic" daubJagheerNutrice="chyazicPopguns" caperSemimat="gemlikeZanierYirth">
        <souk>ringingRoon</souk>
      </djinnWaubeenFrapped>
      <lucina mound="disceptTimias" knospedBackupTaber="epimersHuskersLashins13">
        <emceedBonaci>12160660</emceedBonaci>
      </lucina>
    </aoteaApiol>
    <bruce codingKingDescend="442787647" serio="lepage" fungalsRsvpGetsul="ichthusFilings2" groomsGinglesGular="midairWavedSao" testaoSalpid="malmierSerdab">
      <awes>mowburnCheerlySakti</awes>
      <molidaeSpurlSinglet antreIsatateExpands="janapan" cutelyFlecks="wyling" fantadKeener="thronesDearie826">
        <briardsStomp>colaneNeakes</briardsStomp>
      </molidaeSpurlSinglet>
      <umiaqs sockyPearterUnsneck="queersAmlongAwarn6">
        <dupers>81330</dupers>
      </umiaqs>
      <mapoStatueFleece byspellPuntiesNoncome="underliKilah" mesteno="mugwortTzaristGently2661" moonal="macularBattels" beatiSchedarHugo="adagial">
        <salameManocTurnor>libitum</salameManocTurnor>
      </mapoStatueFleece>
      <cadgeDamp unplugSheatheMetumps="vettedReddockFrescos" moiledFungusNubia="mesDottersGoddams">
        <dockedOrfeCuttler>suresTurnupKln</dockedOrfeCuttler>
      </cadgeDamp>
      <badinerFiquesTushed broigne="lakatoiTarmac" targesSeeder="eosinScribeTariqat31" chordeeGrounds="tarea" sheeTrammerLoonies="girdles">
        <outseaPropene>mowhawk</outseaPropene>
      </badinerFiquesTushed>
      <hoghide unaflowLank="sorbiteOpiated" daucus="shelterClappeLiquids930" annerreCheetieFaiths="untoothHowksUparna">
        <pightleKanas>drusedBoottop</pightleKanas>
      </hoghide>
      <erotismAbacliUnpured rhombicFrescos="denned" menukiSpried="1" zorro="shimeiEdgings" proses="shikseMeladaOocyte316">
        <impalmHocksGambled>1</impalmHocksGambled>
      </erotismAbacliUnpured>
      <typhousPsf sociateJoggersTatar="hypnoneGals" dobbin="gulpy" sitzHorrent="718008934" briggsVotary="476700">
        <forkersLycee>otaries</forkersLycee>
      </typhousPsf>
      <googols>
        <balePrismal>shtetlStarchy</balePrismal>
      </googols>
      <unbaledLeslieDetat granulaAconicApplier="ployMead">
        <sliverCaducei>baladaBourockCursive</sliverCaducei>
      </unbaledLeslieDetat>
      <ccoya akaniaOtolite="footler" linneonToffingSoucar="palatuaYarly" caprylClinia="sendee" prefaceSuborn="lupanarBordarSmaragd429">
        <wakenedDubbah>curredSargeMisween</wakenedDubbah>
      </ccoya>
      <fiberUnsated coseier="unput" bowknotRestaff="tarfa" duntleRictal="trest" hinneyGuinde="coseChequinExcuss">
        <bitchedPasserMorada>stockPrearmRamper</bitchedPasserMorada>
      </fiberUnsated>
      <wames>
        <unsteps>hording20</unsteps>
      </wames>
      <mightlyGarnetzFaufel>
        <stepway>mislestVibgyor</stepway>
      </mightlyGarnetzFaufel>
      <tuille>
        <blowersSolania>hartStragAlonely</blowersSolania>
      </tuille>
      <vamosesGlazerCardiac atonyGunshipAnotia="megaergEspecPickee" waesThummin="uphung">
        <diocoelNookiesTelergy>833847</diocoelNookiesTelergy>
      </vamosesGlazerCardiac>
      <hypaton albinesNunshipAmies="relaxesLaweour" gawk="almoseOutplanAker">
        <geddNutters>assisanUlan</geddNutters>
      </hypaton>
      <mesoleAnagapConies weirder="fustocPalis" sakaiStiddy="waughtCoteenOzonize">
        <sortedBarconeBuckram>5727301</sortedBarconeBuckram>
      </mesoleAnagapConies>
    </bruce>
    <clottedWalkTiu>
      <laiserEaselSaulie>bateaux408</laiserEaselSaulie>
      <attacheReblock ayletCarity="7461389" cheraSchuitsWapacut="annular" cabmenGaragedDorking="jur" purlmanCookeyDido="rorippaZephyry">
        <extraitEspave>loftedGutwiseArcher</extraitEspave>
      </attacheReblock>
      <polledIdyls hyrcan="569" derbend="2232" ugliestAnkush="96965828" unrobedTaccadaEpirote="5">
        <perit>tootlerFetors</perit>
      </polledIdyls>
      <glew scarved="subpassElitesFirmans" coursesGoog="mero" dammishHymner="shivers" actg="uppers">
        <etheredRodded>moundsBowtell</etheredRodded>
      </glew>
      <gimels grecingMorgens="cheekedGoys" eunice="swordedBlote9521" slimierLinolic="decuss" costean="besaintRemorasCorozo2773">
        <veuvePudsey>moolveeHaem</veuvePudsey>
      </gimels>
      <acetylShirks botonnyOzonic="paisansBallettCetid" cystedWillSagless="worrier" patsiesIraqis="cursesTurbo" wordenDioc="908">
        <bagmenHestern>dugongsBayards</bagmenHestern>
      </acetylShirks>
      <bakery corvusQuiltsAcetyls="blunksSwati">
        <kerch>soloScote681</kerch>
      </bakery>
      <cameryEpeiridMobbism depark="54770">
        <hidated>677</hidated>
      </cameryEpeiridMobbism>
      <boxtop mirdahaBulter="91738397" causaeMioticLoselry="intra">
        <wivesBedIntents>codille</wivesBedIntents>
      </boxtop>
      <fuzzesOxamic buhrsEdgemanInroad="blitesAtresyCalefy" bezettaChaplinExilic="staddaAdion9513" poddigeBesra="avowerFlays" unaided="colonic">
        <rhodaQuoitSublot>47</rhodaQuoitSublot>
      </fuzzesOxamic>
      <hyposWratackUnfork toxifyNowther="suffixWig" chaksiSisalsOutsped="scran" pennons="pouceToxemia25">
        <meck>raghuCadyingDullard36</meck>
      </hyposWratackUnfork>
      <mailersIerne>
        <sirenyOastsEnosist>jollify</sirenyOastsEnosist>
      </mailersIerne>
      <isogonyRechar quasarsGaloped="faunist" sluffsBorana="rehoe37" plungerColpeo="dangsLevulic">
        <unfussyFleuronTarai>etherinPantyLushy</unfussyFleuronTarai>
      </isogonyRechar>
      <addaxGrotzen>
        <yezdiPurlins>80671</yezdiPurlins>
      </addaxGrotzen>
      <kokila filazer="9440288" abuseeNarcist="wishWitword70" lintsAblest="entelamCutbackCrannia">
        <haye>dollsShrog</haye>
      </kokila>
      <veduis peddles="vardaJufti" childesMetas="attendFugged" belt="guanine">
        <allMikrkraChurrs>topworkPontesTarkani</allMikrkraChurrs>
      </veduis>
      <dowedOrarionPsorous>
        <venalRecipeRosales>unurnEmbersYodler</venalRecipeRosales>
      </dowedOrarionPsorous>
    </clottedWalkTiu>
    <acnemia>
      <loosen>limingSceptry134</loosen>
    </acnemia>
    <andriasUnprimBennets signistCinemaWither="694151" heavens="hebraicQuaffedPolly" crissum="344" decimeWeeEnticed="pettingRepliedJoined" belched="120385">
      <chenierTermorsScaffer>54</chenierTermorsScaffer>
      <vulture terns="936355" advicesBasoteOxamid="pleckDominie" soudgyAnoineAcestes="ellen" rantersHusband="rucksFritted">
        <desalt>ainusPedros</desalt>
      </vulture>
      <ecclesSunnedWaftage pumpet="33156" phaseunOtherHiemate="vanmenDisbarkSero">
        <coryphJujutsu>53295</coryphJujutsu>
      </ecclesSunnedWaftage>
      <positum cosmismPlacesBoars="29" bibiruRouille="bloatForletAvailed" seineSudeFidia="almudesPong" routerBushier="octadsToothed">
        <aspcaLakiest>reaalNegros7126</aspcaLakiest>
      </positum>
      <laudingKialkee harrGuideNattle="trisulaKarpas" visagesFritsChigger="taborsJus" kollast="saeimaHelperDowncut" mumming="musherStickleCocomat">
        <allerRights>8325</allerRights>
      </laudingKialkee>
      <korana stockyFilmier="51" roddenXebec="975953" tanker="matzah" brooder="anama">
        <coyestParoli>clamantBullets</coyestParoli>
      </korana>
      <mennuetTameinCardita aliningAbide="piscoEelcake" growthPuruha="venise" disbendNitrate="disterrChoroid">
        <squamaeCarliBroid>gauzier</squamaeCarliBroid>
      </mennuetTameinCardita>
      <seniti>
        <argalisEmydScatoma>676639</argalisEmydScatoma>
      </seniti>
      <stoicsBeltedUnwound fathead="villaeJowRegrab5322" urbana="448">
        <cesses>661666479</cesses>
      </stoicsBeltedUnwound>
      <carbeenKitar azurite="estheteTrichy264" aidUnfugal="updartDisshipInfilm" keeps="presignBagging" firersBonasa="publicsTrot">
        <shimose>aarrgh</shimose>
      </carbeenKitar>
      <dabletReen>
        <pupidaeUpbboreCydon>bowneCoals</pupidaeUpbboreCydon>
      </dabletReen>
      <barolo>
        <degomme>poditeScouses</degomme>
      </barolo>
      <densus>
        <corsletMonkery>256307781</corsletMonkery>
      </densus>
      <stopwayAbiloCrowd toadiedYeans="377188" monaene="sylvineTowsy85" ossifyItchy="spails" yeuksFetialPulsar="337145719">
        <whush>rougesZoilism</whush>
      </stopwayAbiloCrowd>
    </andriasUnprimBennets>
    <citrousSnickle zemePahosCoof="flukier8" poetdomLicksTalisay="nilghaiCurve" nancePollackSacatra="shakesMuslimSuum">
      <cuna>cruorsEmpale</cuna>
      <spock artlikeRevivor="weazeny" ibaTannate="tolan" upcatchFishes="53835" ancientGlasses="antMobbism">
        <glowedSariAssumpt>benzoAnotusPlanxty</glowedSariAssumpt>
      </spock>
      <poybirdGiggleOversew noiresViii="bashTamias">
        <ficula>agogeDozzle</ficula>
      </poybirdGiggleOversew>
      <scoutedAscetta shariat="awhet" credent="rosineGaspedGyrene" mastersSummatLube="dynelHelper" contoPubSarlak="bigae3401">
        <revving>8980134</revving>
      </scoutedAscetta>
      <epidiaSydGoosing groceryJujube="80263544" lark="attaleaDene7">
        <pyransMasarisLassos>waltzerWheem</pyransMasarisLassos>
      </epidiaSydGoosing>
      <poffle>
        <tusslesWonners>winkerDrie</tusslesWonners>
      </poffle>
      <sudoric lambBajraDuala="drunklyEnvigorSurbase" lammy="movesZoriNotaeum" nacelle="essay" dienerAltezaAgura="cell">
        <skuse>callersJestfulWaived9</skuse>
      </sudoric>
      <pursierRiskier nagami="chanduiLunyie" taghlik="sanct" palfryDice="batboy" tiepinsAdangle="crosseGlume">
        <joyAmoebic>sunhatJanice</joyAmoebic>
      </pursierRiskier>
      <berettaMyringa theoriaGrumium="64895" flauntKopeks="harimSuluanCarnets905" tubed="leviedParvule75" pricierIsmalMitome="9730">
        <leafcupPownyFusser>misgave413</leafcupPownyFusser>
      </berettaMyringa>
      <gelilahCommove thecialPhrasalWhen="trenailGrandadRhatany8445" cavaSabelliSkyman="8831453">
        <leaningGehenna>midwaysPinguid</leaningGehenna>
      </gelilahCommove>
      <bourkha luteous="caronic" recsFarrantBumfs="600872574" edeitis="unruledDoctus" poleaxeWandoo="harmanMooruk940">
        <iberic>bribriOvertip</iberic>
      </bourkha>
    </citrousSnickle>
    <several>
      <succoseMockTigrine>865638711</succoseMockTigrine>
    </several>
    <wattestCahnite>
      <enowsCovertBeaker>approve</enowsCovertBeaker>
    </wattestCahnite>
  </funfestFaunule>
  <pureesFlogs />
</sinews>