<?xml version="1.0"?>
<wahoo>
  <shrined whemmel="emimKeying" frizzer="shirlLeviner1858" facette="5" />
  <gusted>
    <rappistCharon>
      <siccing>waws</siccing>
    </rappistCharon>
    <taetsia>
      <suddBallade>sherriAline</suddBallade>
      <opulusPeepyTromps tictac="50800" omitis="ziametGohila">
        <cockpit>cruets</cockpit>
      </opulusPeepyTromps>
      <mihrabAdieusNasute hostaEnnicheLummy="231963" nodderSixfold="crankerRankle">
        <keelage>upcastsTealAuxins</keelage>
      </mihrabAdieusNasute>
      <colley zoonite="ichniteEnhardyShadier" undrape="curlsWoodrisTacoma" pogroms="1" valsoidPorrimaCrewet="armletPyla">
        <agielBarmote>syeniteMosul</agielBarmote>
      </colley>
      <ashlars cheep="948829" rajeshGlees="pranceVolvox">
        <keekers>pagadorClumErrite</keekers>
      </ashlars>
      <deucingSurcrueSordine triosesObeyedFldxt="988991" areniteWasel="ecgoninTrammon">
        <coactorFlaught>61387596</coactorFlaught>
      </deucingSurcrueSordine>
      <domyOutflewPodos>
        <plunksInchpinLombard>744102731</plunksInchpinLombard>
      </domyOutflewPodos>
      <stangAdverts>
        <beeferFusible>canzona</beeferFusible>
      </stangAdverts>
      <dampsNappes immaskTramelsInkroot="fameWhelmsButment" carpedDivise="adjournCanonsChaoush">
        <uzaraCheerer>biogenCorpusElixir</uzaraCheerer>
      </dampsNappes>
      <dureneWhimmy teaty="300336101">
        <vell>dusioWinersSplenia</vell>
      </dureneWhimmy>
      <boxerBezels drownerMama="rousted">
        <playoffOililyTusked>nosierAnoesis4</playoffOililyTusked>
      </boxerBezels>
      <behightArow>
        <fopling>chordeeDerog</fopling>
      </behightArow>
      <scotersBillete bields="tenders" temIzingPoliced="inveighBallots" freckMayhemAnisole="azimuthLigulaeOnstage" charukCrust="ragsSunlikeNumbed">
        <lashinsWeewaw>8567</lashinsWeewaw>
      </scotersBillete>
      <taupo caumClocksCresses="fingentWeta" duitsStound="amadisEgalite" gleek="tsatleeBrusher">
        <nuraghWashoWebless>storay</nuraghWashoWebless>
      </taupo>
      <unfunnyTakes>
        <domboc>charm</domboc>
      </unfunnyTakes>
      <inditer sowbaneLoadenTroggin="skeery" sportedBalases="factual" darrellSloushHapax="chitinSusi" hoodmenHandsewColzas="logos">
        <megohm>rhymist1</megohm>
      </inditer>
      <simper sejantDiotaJesse="bebusyGreyingNumbs" kadderDerate="fussle" toastedHoosh="10213" petePonchos="condom">
        <obstantRotella>bedlamsShuHieron</obstantRotella>
      </simper>
      <feezedCyclerMotacil stikine="nutateHeliced" pibal="byrlsDearth">
        <schnook>tennersDevasZeugma2240</schnook>
      </feezedCyclerMotacil>
      <vates>
        <atropalRacette>500552741</atropalRacette>
      </vates>
      <steps communeOrganerNeater="392605730" yogoiteBordel="southsToraAright" augiteAtry="achenesBijoux">
        <beslab>5131</beslab>
      </steps>
    </taetsia>
    <lastlyGleemanBubonic misgave="smokedMausoleExacta">
      <ackeesMyophan>895</ackeesMyophan>
      <prurigo confDauri="haugh" proselyBucrniaWorkman="41769490">
        <grenatGalosheTripes>jibboomMillionGofers</grenatGalosheTripes>
      </prurigo>
      <thenneHalloed uncoreTaluhetScuz="tawite9393" pshaDefraysMark="tests909">
        <desmoidMalheurUpwrap>calvingPlacage54</desmoidMalheurUpwrap>
      </thenneHalloed>
      <batcher>
        <miswireHogo>5</miswireHogo>
      </batcher>
      <hesioneEpuloWhein pindaBobwoodWaivod="forfarsCourlanTsuris" caphtor="9663">
        <touzledRetherCoopers>volutes</touzledRetherCoopers>
      </hesioneEpuloWhein>
      <operonsGussetsCornu serosas="sarson" ointKeymen="889310017">
        <eocenePulvic>syrmaeaToxosisLutein</eocenePulvic>
      </operonsGussetsCornu>
      <talusesLitiopa drawnetMudders="aesc">
        <neskhiGripeVog>791</neskhiGripeVog>
      </talusesLitiopa>
      <dusklyIssuer>
        <rassasyGraphic>4</rassasyGraphic>
      </dusklyIssuer>
      <situps calmest="tremorsNocuous" arrondi="1" ovariumEpactalGledes="topkick" biontic="taxedBigeyesConst5">
        <gogoCusksPrinked>twaggerEssedaEdemic</gogoCusksPrinked>
      </situps>
      <periods lonhynFiggingJungles="zinckyHawsers" tummalsBelarAmentia="skoutPodgily" nessAgoutisLeverer="lithestTalwarSubet933">
        <tediums>growthRetime</tediums>
      </periods>
      <speed chyazic="keeping974">
        <elderlyDuler>durbar</elderlyDuler>
      </speed>
      <myxoma>
        <unpawnHadarimPartly>sussoStunter</unpawnHadarimPartly>
      </myxoma>
      <levinPals pent="mummersIntel">
        <doomsHarstSpinous>maniasComarumFugu</doomsHarstSpinous>
      </levinPals>
      <fiche diamidoGonapod="stripe" raiment="99683" brimingTroking="akhlame" gasparChertPeters="acids">
        <kraals>783044</kraals>
      </fiche>
      <physaMottesBruzz coccidRucksMariner="rattansUnamend">
        <ashlingFlaneur>tonkaBitesHostry</ashlingFlaneur>
      </physaMottesBruzz>
      <ahchooMention jottedFlatwayTempted="genro" byrlaw="ecderonMinaeanBored" endballSubCohos="arctia" byroadsFarawayPermiak="carsonForworeMitch">
        <dudderPasisUnbe>sadhakaCosechInorb</dudderPasisUnbe>
      </ahchooMention>
    </lastlyGleemanBubonic>
    <reeperSanzen>
      <coifGreaveLib>1163126</coifGreaveLib>
    </reeperSanzen>
    <wontonScupsHipmold>
      <pacts>prongsSeiner</pacts>
    </wontonScupsHipmold>
  </gusted>
  <cutlass tabourCurberGutting="loathesEduce" />
  <paulistCreditCoined>
    <unequalChyackReesty zorilGalliedCelebe="sibylsEnrolle">
      <sundry>maunAtwin</sundry>
      <khamiEdmondRabbies gentoo="ferules">
        <exitionTestons>myotomeGweedPompons</exitionTestons>
      </khamiEdmondRabbies>
      <summas>
        <fakeersProsishDynamic>14</fakeersProsishDynamic>
      </summas>
      <juntoPinyinFooter>
        <lowererDeodate>jaspe</lowererDeodate>
      </juntoPinyinFooter>
      <douglNinesWintle bidderWitfulApneal="hoppledPlacingEchoic" pailowSithe="shruffSpad" passels="cauda" bepawGyrator="66">
        <dissue>nailedDefiles</dissue>
      </douglNinesWintle>
      <farrandLoitersSestian asarhCortaroDjinny="1075179" residesPrasineSexless="onker">
        <medaledGaloshe>coaptYald</medaledGaloshe>
      </farrandLoitersSestian>
    </unequalChyackReesty>
    <limnAnnexal cobheadHelving="rumpWidowly" jawfish="yaupShaupTimias" emboloStewed="boobies" ionised="fullamYetlinTaboos" codette="2988997" alfakisPampre="mitralPribbleLumpens">
      <rationBesoin>syzygyCrpe33</rationBesoin>
      <borty lee="lucida5414" slotten="istle751" scaldyHon="oxalisOmagua" voguishCatelPanoram="eyelets">
        <partleyTosherRadford>waefuFrigga</partleyTosherRadford>
      </borty>
      <gumlikeComfortMidwest>
        <vivency>forgersAti</vivency>
      </gumlikeComfortMidwest>
      <dollReweaveTorsel>
        <mohismCleddeWissle>1735</mohismCleddeWissle>
      </dollReweaveTorsel>
      <megergFdubGise unpaidRigelAtuami="thrusts">
        <shootsVitamer>lecturn9</shootsVitamer>
      </megergFdubGise>
      <circsSalineEmmies geleemCrosnes="filterRouper" maybushRaggery="brewed" unbokelEscarpAgalena="540967">
        <offingsStrewer>zander</offingsStrewer>
      </circsSalineEmmies>
      <kilnsAnnealHarris nifty="mesoreAlaternCynic">
        <scritheBraves>retail5</scritheBraves>
      </kilnsAnnealHarris>
      <trifletEnsnow sishLeviesSannops="indict" paonImpels="errandHelenn" roader="chymiaGliadin" snufferAphthic="smidgeRewater73">
        <cusieShuffle>campy</cusieShuffle>
      </trifletEnsnow>
      <skated highway="ambaBrassey" waggelGrahams="trocaGlali" jaegers="swellHangoutPung" rescueSibucaoPollage="12">
        <digenyConvoke>inrolWergild</digenyConvoke>
      </skated>
      <squarerArgos cockle="chamiseDeaflyCorone">
        <taichViss>flockWantyPaktong</taichViss>
      </squarerArgos>
      <isoporHariffeTernize>
        <bealRuleOrlos>custron1232</bealRuleOrlos>
      </isoporHariffeTernize>
      <boarts mameyesHosea="matweedAmbach4690" lobolosJadder="8433">
        <slonkRadford>381392</slonkRadford>
      </boarts>
      <akhund cahuyArrgtSpitz="mudsillKirkGurged" unequal="frazedHomily" hadit="typ" elanHeadlyUna="fomes">
        <relatesCola>emboil</relatesCola>
      </akhund>
      <tuscanyDogtieChanco outflewTonical="midtapHumin">
        <acorus>affinalEloniteGravata</acorus>
      </tuscanyDogtieChanco>
      <bedcordMeehan bowsaw="73042796">
        <fetaDobrao>9925803</fetaDobrao>
      </bedcordMeehan>
      <regirdFungoid inhaulEnraptArcsine="rumbled" hemmingTrachea="hovelOriel">
        <aquakePunnet>melliteTagelSeethed</aquakePunnet>
      </regirdFungoid>
      <vivekOncin>
        <quarred>almesTainoEnterer</quarred>
      </vivekOncin>
    </limnAnnexal>
    <gorse cyprisMummWares="immeshSeaveShame">
      <waivodRepins>polypiSetoffsPontic</waivodRepins>
      <urolithUnfool fecialsBowersEdility="825406927" lujulaPushupDunamis="whynessShortedSullens" shamusCuculus="trashy">
        <doghood>detachsPsoae</doghood>
      </urolithUnfool>
      <bloomerDumbleLyre snare="avileKiley" aruloSolariaRebrace="alliantKecklesAbrood" nascapiSqudgyOwlism="brog" fieldedResinerUnflush="adminCorset">
        <awakenJewbushIlissus>vitrousSwordedMacho67</awakenJewbushIlissus>
      </bloomerDumbleLyre>
      <fops>
        <thurniaLollopy>gymnure</thurniaLollopy>
      </fops>
      <apinae>
        <catlinsDisour>honora90</catlinsDisour>
      </apinae>
      <sopping groughAmirsSphinx="turkeySinkSpell" bullyHemenUskara="savoury" gippingIdolismHouston="dorbug">
        <bergyHagropeDiauli>cenote</bergyHagropeDiauli>
      </sopping>
      <repines costaDecernsBuchite="doyens">
        <overwayAtmos>lenaeumCuplikeRekeyed</overwayAtmos>
      </repines>
      <pepinosSnuggle acerdolFodders="nonRewound" brees="raunchySeige94" beetewkMopsyFogo="tagmemeHawedEyesome" phenene="renegeOphir5">
        <deplumpMeaniesCondemn>bagani</deplumpMeaniesCondemn>
      </pepinosSnuggle>
      <dohterBurling palila="mirfakDialedGas" stiria="4718869">
        <enderon>bkbndr</enderon>
      </dohterBurling>
      <lamperSilureBabelet poddiesHookier="beeweedTarmac">
        <alphyls>conacreTestisDitolyl</alphyls>
      </lamperSilureBabelet>
      <bhajanSwoops>
        <twittle>58732</twittle>
      </bhajanSwoops>
      <huppothBisons carved="930749042" hybrids="panion44" azoniumPiaba="timber95" hemule="tayGoasOvicell">
        <messeRebososSetling>guiseSkepsis</messeRebososSetling>
      </huppothBisons>
      <pumps minxes="76850">
        <tittlesPsalmed>treksSave31</tittlesPsalmed>
      </pumps>
      <chooser quinyie="enrolArbustaVaurien">
        <mishapsGeratyBlunder>kaingaTravestKutta</mishapsGeratyBlunder>
      </chooser>
      <alkanetHangmen disegnoBowsingEpulary="fuddlesOutenTambura" smeddum="ridably">
        <creededTamping>poddiaHeloeBrooky</creededTamping>
      </alkanetHangmen>
      <maulerManwayWrist>
        <redeBulgar>coshPalli</redeBulgar>
      </maulerManwayWrist>
      <musumee elytrinCalef="macho8" clockCholtry="reifierBabylon" cliRosettaSkedge="morsureNighish">
        <averaXerosisSordor>beodeGuarea</averaXerosisSordor>
      </musumee>
      <slimesTammuz crisp="darker" screek="52">
        <raglans>drupose</raglans>
      </slimesTammuz>
    </gorse>
    <formlyFormbyFists>
      <tedding>freyBentonComptly</tedding>
    </formlyFormbyFists>
  </paulistCreditCoined>
  <betell rotted="triazinPronto" anacaraSetiger="upgoYemsel64" indult="hexs" />
  <demosesFoxLatchet scendedCelure="tagusQuangoJedcock" pomade="arenaChasse12">
    <joonPurpura>
      <waffled>243</waffled>
    </joonPurpura>
  </demosesFoxLatchet>
</wahoo>