<?xml version="1.0"?>
<couperProof>
  <plant couvadeEzod="cowshutNeedierNiobium" diarchyOtacustConatus="25" scallomAntlikePursed="disrayKilningPata" />
  <cuarto danismAworkFrounce="unbed">
    <clame joltyAchuasHsien="bereftMalicho" mislie="remudaPinicCreeps" penlite="thonderPlatter">
      <essoign>ahetBoily</essoign>
      <conduit toomErase="raffman" theatBlsAramu="435">
        <beildHyptOrgy>hauntTawseHutlike</beildHyptOrgy>
      </conduit>
      <litLycopus>
        <tipulid>robberAgoing</tipulid>
      </litLycopus>
      <demonFrowy cestosAlansAbadejo="coryzalComets">
        <mayence>tetradsSprawlPositif</mayence>
      </demonFrowy>
      <mikronCleared unlucidTauri="obtentLaconic391" shhGemmyBookman="tavertSheltaNaled" unroastWoksDanios="stalked" papAngiaMalax="caballWarwork">
        <celsiaManors>waygoerThickVerged</celsiaManors>
      </mikronCleared>
      <kippersGrayfly unstep="grundelSuraminScuppet9">
        <clumpstMunicGlops>instamp</clumpstMunicGlops>
      </kippersGrayfly>
      <sutoriaSawlogsBatiker>
        <baffy>haveral</baffy>
      </sutoriaSawlogsBatiker>
      <duo>
        <resoakCrush>strafes</resoakCrush>
      </duo>
      <jageer snapbagUnkeyed="warishNarciss" unbakedUnsickGeneal="erugos" shamedBleep="abbPassata">
        <hopsNonconAldide>711</hopsNonconAldide>
      </jageer>
      <canFixures coaita="lucrousFogyish">
        <brinerBadian>matres</brinerBadian>
      </canFixures>
      <panime>
        <avulsedPtosis>squamy</avulsedPtosis>
      </panime>
      <myrtlesGhilzai guileNave="roofy" doabPreemieBuckles="bezette">
        <agustAndiron>6</agustAndiron>
      </myrtlesGhilzai>
      <blungedPleurae avoid="rappiniWaliBeliked" cotham="meticBambuco336">
        <realesArdillaSwarbie>qualms</realesArdillaSwarbie>
      </blungedPleurae>
      <bauleah sarrafNoughty="45440" thrallEroding="bitingCedisWiry1592" raviBleery="vickEchards" abomaOthersManitos="tinosaGaleiUluhi268">
        <grinderFraxinTigelle>fidgingGentile</grinderFraxinTigelle>
      </bauleah>
      <groteEvening swinkerForthgoUnknew="792581490" searyRajah="89019131">
        <tympan>oestridNewingsDrouth308</tympan>
      </groteEvening>
      <tanjibDaivaCuartel fasting="balks5" zabermaPedFaade="201" unjolly="auburns" skewedAbkar="vulpic">
        <legibleCrackleBrushed>rowdierMightly691</legibleCrackleBrushed>
      </tanjibDaivaCuartel>
      <rebukes altroseIngrate="carvol" hackieUnaided="moulsRigol" wearyScramsGerkin="sabrasChimblyHeftier" snirtleMezcalCembalo="68856826">
        <stadleSpikierStiffs>46538</stadleSpikierStiffs>
      </rebukes>
      <entrustKiki citerAirplotCarree="toitoiSwipy" hurdenLorryAskr="607134" tipDetests="desmonPaired">
        <smalt>uranistMiddler</smalt>
      </entrustKiki>
    </clame>
    <postedGloatFooless toupeeRte="sotnia" scorns="spiredSurasEtacist" hypnone="6320">
      <koreishKiev>fluted</koreishKiev>
      <pullock izumi="paepae" soursopGislaPreyed="72817000" migransSuldansJezail="rebiasSlouch" zilaTyesBelsire="unhitArayne">
        <bieldsForeribLoop>53955</bieldsForeribLoop>
      </pullock>
      <fenceFulvous ingressDecibelKedlock="ceilsLithic" esrogsProberAudian="krieker" prosit="613624" agnelCaramelBattler="guildsHustle">
        <hookahsInsoul>apishIncrashGums</hookahsInsoul>
      </fenceFulvous>
      <unbatedApulian risings="7844625" glutensTaglike="nunclePlessorCowkine" hemera="mameysRemiseTolly">
        <awald>temne78</awald>
      </unbatedApulian>
      <lootenZaptiahDearn douched="920542" reunifyAmbitty="sugar" gadidsExacterGrub="5829" bilbosLiepotGosplan="dorsersScorchs7">
        <fiantPays>bushboyTidbitLithe20</fiantPays>
      </lootenZaptiahDearn>
      <dotletSusurrTeutons apxKorec="avalon98" balianAmnion="75605">
        <inkosi>pinery</inkosi>
      </dotletSusurrTeutons>
      <sextetPaganryUnfiled>
        <tukra>gawkyLackey8935</tukra>
      </sextetPaganryUnfiled>
      <aweingSnaggle cuddiesThrillRaps="exdie">
        <earthlyEnvierJerks>liquerLooting</earthlyEnvierJerks>
      </aweingSnaggle>
      <dowsingWreckedBar midgesPlupfWagh="reive">
        <gloppy>flenses</gloppy>
      </dowsingWreckedBar>
      <rosary pomonaHiverBepelt="scraw" tinguyBoko="gadgerParadesYtter" festiveBaretAlpines="ohvFlisked971">
        <lyraBehears>genuNeo</lyraBehears>
      </rosary>
      <impallKilijSuscite equinus="scuppitNothingQuintes9452">
        <taysmmEdifiedDrillet>loket</taysmmEdifiedDrillet>
      </impallKilijSuscite>
      <gliomas apozema="zitzithFreemanGunk6" daeva="tachistTombackRotifer337" oililyMucksyPriced="42870" regush="4859572">
        <plashy>335224597</plashy>
      </gliomas>
      <xenomi mantraDom="quarrelUnbeAraru82" oversew="cavalTrouty" diaStarerImsonic="bassoonPeptoneIntens">
        <rolpens>dickeysZones2134</rolpens>
      </xenomi>
      <mentorWorse amortFins="chloralJawnNereis">
        <rigling>shindigJauping</rigling>
      </mentorWorse>
      <chuffyFoambowJaina fillipsHookeraSteamy="basenjiPalea3" santyCloggyHobbles="byrlawJougWicht29" favusesNievetaJoloano="cliche" shrieks="bunionSandip">
        <slotSkreigh>inflectJehusSmokes</slotSkreigh>
      </chuffyFoambowJaina>
    </postedGloatFooless>
    <avertedMensk culch="3235886" padaukRefund="targed">
      <oration>zoftigCatcher</oration>
      <busbar>
        <decil>tethsSnaky84</decil>
      </busbar>
      <mottos compost="mumblerRayed" oilierBelis="foveola" peridia="ulaInoglia67" shlepLeptons="425">
        <shoeing>manjelMaror</shoeing>
      </mottos>
      <nagariAdipsiaPrisere segueLoners="dragadeThreesOurebi" quelme="assamSquires" resealsSuddleQuicker="30" fuderOcker="urenaKavaic">
        <entriesSuinaTaruma>fascet</entriesSuinaTaruma>
      </nagariAdipsiaPrisere>
      <peruserGimel>
        <whereasHyoids>depleteThirsty</whereasHyoids>
      </peruserGimel>
      <weakly muntin="4" opercleVagant="monikerBooksyCurara" farrantEpeusPlacard="achaguaCancelsTrionym">
        <rollockSjambok>gonofs</rollockSjambok>
      </weakly>
      <pakhtunFiannaBillage ortmanColomboBazzite="autoist" adsbudBavette="voivodCerezaLeftist" celtish="curlerMbalolo">
        <bulbFooless>entrepKishMawks</bulbFooless>
      </pakhtunFiannaBillage>
      <hyperon>
        <teakRespondForlese>hamularMardiJibe</teakRespondForlese>
      </hyperon>
      <enjambVialing>
        <pourUpflameSwaler>gold</pourUpflameSwaler>
      </enjambVialing>
    </avertedMensk>
    <clawkUnring luniesEricadGoliath="frailesMosul" stasesUptendSpic="sappilyLaxate" greable="callat" anilideGugletAint="6110726" amensRedoubt="waur" bumareeConcursPlaced="calvityBullied1">
      <wavably>perplexSlings310</wavably>
      <redtops bamban="keef" uptears="68149565" trances="cogonalDibble" boner="slifterDowcetObarne">
        <cobwebsDicolonCantara>stiltFogsRenvoy</cobwebsDicolonCantara>
      </redtops>
      <choseBaldwin honchoBiffs="nidgetFarfel846" punica="redeify4" dhotisCrayer="yasnaSikhismOathed92">
        <gammedLoeing>latcherNizyEmcee11</gammedLoeing>
      </choseBaldwin>
      <cussingAlphasMalist>
        <unshyBifocal>narrGuerreMichael</unshyBifocal>
      </cussingAlphasMalist>
      <duping sparkle="4778" vauntedLocater="saxhornSoave" anodesObeyersCooba="scolexAppliedCiscoes">
        <reckons>burdonWaledImmured</reckons>
      </duping>
      <koshare welsherSkerry="tuckyShorty" sorbs="veenasAgaves">
        <bafflesElritchSinitic>fozierModiliBest</bafflesElritchSinitic>
      </koshare>
      <esquireCrambusMezquit frustPermissWashman="sistingSouser">
        <xxx>chyackNoy4</xxx>
      </esquireCrambusMezquit>
      <wagered hortiteCytomeLimper="tushiesMaganiRachets" amicronMashal="joining" wiserHumilis="77591519" oxeyesPepla="loirLeeful467">
        <margedEngaolRifler>bepuffRecideUropod482</margedEngaolRifler>
      </wagered>
      <ukase liable="teredoVedismLetrist90" kumis="teise5" fluencyBobsled="cremulePogrom">
        <sialMoltingGamond>754890180</sialMoltingGamond>
      </ukase>
      <adorObelus skeilyDegoldDozing="phobias">
        <melasDatswAhem>tahsinDutied</melasDatswAhem>
      </adorObelus>
      <flenseCasinos durwaunEpikeiaElatine="cecums" bonitosSpelts="someNeumsWemless" outcity="charuk5">
        <dooringMagmasMarg>frugged</dooringMagmasMarg>
      </flenseCasinos>
      <tastyBethank bautaTalipes="envinedBatardeSubs201" excided="1617419" pehleviProver="encyReviser">
        <georgie>cumquat5449</georgie>
      </tastyBethank>
      <roofs>
        <ickersFootleSangria>26</ickersFootleSangria>
      </roofs>
      <ecderon>
        <motoryWifesDresses>1294425</motoryWifesDresses>
      </ecderon>
      <fraudsEnwiden impentSkedPlatens="78" zack="ennomic" beloamFrettedVively="241043442">
        <cursedIridite>unhighKoilaEspece</cursedIridite>
      </fraudsEnwiden>
    </clawkUnring>
    <dibholeFancify nomen="zeroing" shaster="cumacea" rosario="couleesHanapSofta" ivyRumoredBreed="adducer">
      <soberlyMizrachSagan>76</soberlyMizrachSagan>
      <ephraim>
        <repourHoneDiabolo>blah</repourHoneDiabolo>
      </ephraim>
      <wisestBaryes tithingVinetBoney="niggraLatriaDogfall" kinfolkWidow="pristawOotids" skeen="ananSamfoo1600">
        <chaouaCypriaBizone>63859058</chaouaCypriaBizone>
      </wisestBaryes>
      <imbibedOutlive>
        <eggsDicot>skaffiePhlomisRabble</eggsDicot>
      </imbibedOutlive>
      <seguesToxoids>
        <comlColetitPunctus>sculptSunbowsFluible</comlColetitPunctus>
      </seguesToxoids>
      <gorryNancyTramper>
        <ayin>firkingRenomme</ayin>
      </gorryNancyTramper>
      <leelane sols="ortalisMormyreSilty" warded="gasketMissusWatapes" culex="serfism53">
        <relaxin>portrayPickinFusuma727</relaxin>
      </leelane>
      <dominesGrenier aradid="ramusDibatisPoind1463">
        <culture>acritol1107</culture>
      </dominesGrenier>
    </dibholeFancify>
    <jinsingBajri>
      <aribineIridoMagots>actuateMailers</aribineIridoMagots>
      <teleduAngoraIdee valorIdiotrySpacy="lususesTeeth">
        <proFeintSlive>tigonsAnilic</proFeintSlive>
      </teleduAngoraIdee>
      <koft goodiesStopersRadios="verbify">
        <cirrus>268042</cirrus>
      </koft>
      <araneidDeignedUrva>
        <polacreAluta>tufanCasernFulgora</polacreAluta>
      </araneidDeignedUrva>
      <smoochyAbaditeSerg aterianLenifyPonces="916019">
        <fliffus>2</fliffus>
      </smoochyAbaditeSerg>
      <throveStoond jazies="stootCrags" lulavimLamigerTenno="2697644" sloatCzaricCogon="inbbredCarumOnymize">
        <taeniasSamletsNest>tippedAstrict622</taeniasSamletsNest>
      </throveStoond>
      <mesangeHockeyBroods tarsiaThereasAnnot="bobsledComae" jackyeRegrows="bustled" tiplessBrissPrune="octetsStonkWiry">
        <anlasesOctaryCannie>yanker</anlasesOctaryCannie>
      </mesangeHockeyBroods>
      <calked montaneNutria="cuddenGingal" oracleRelends="antumSasani">
        <tuteleTwinnerEasily>nibble</tuteleTwinnerEasily>
      </calked>
      <nails bitesBelve="stigmat1" livingsDhuti="besoilLosses" saberMahone="grant38" lineasLiquer="plunger">
        <dryrotOutrib>outedge</dryrotOutrib>
      </nails>
      <stockedTeachy fucking="579511944" muroidUnliveUnweft="1">
        <knabRekill>surcleAortasDainty8</knabRekill>
      </stockedTeachy>
      <foragerTisanes crappedBidentJugerum="almostGawked" wirrCerrial="jayceesOverlegPeenge" becrown="218226226" resorbs="nullifyErasureDactyls">
        <pilauZincedMoulten>reladenXenons</pilauZincedMoulten>
      </foragerTisanes>
      <gambols>
        <eryngosCalorieFerlied>hunnian</eryngosCalorieFerlied>
      </gambols>
      <orchat caroaHowking="rampier" shice="lucina658" nomic="pannes">
        <samlets>boxbushLager</samlets>
      </orchat>
      <barrioNutty timidly="86871" noggs="chivariAnagep" drabbetPrnModist="tuffsAttaint" eablyMilvagoUnapt="pangensBrede">
        <krebsLewty>4</krebsLewty>
      </barrioNutty>
      <cucujidDupla kibitka="saddensCerillo28" elytraEngregeShads="hugeous">
        <beltingRathWacky>enduro</beltingRathWacky>
      </cucujidDupla>
      <pathlet jiber="shayedLockjawFungia" subkingGeomantTaro="8">
        <valensTarbushSerfs>pyocyteThammuz</valensTarbushSerfs>
      </pathlet>
    </jinsingBajri>
    <mungosSnooled prix="basoko" denies="enlarge" tectaKill="chingIncurs9" embrave="maoists" bible="impasteAndiraTrade">
      <peabushHurrianBeladle>codonCyesesLunette82</peabushHurrianBeladle>
    </mungosSnooled>
    <navies vermesJollify="675520" grampsMouflon="caraibeTabuDarbha674" muraled="inshoot" inwardSteepsOne="beefyGaiaGruidae" reccoCnidian="559216210">
      <dorsaPoulp>judgedLegroom</dorsaPoulp>
      <cancriBelout closky="84" facundRiskerCaffre="31463599">
        <knoweSelleGermain>cliche</knoweSelleGermain>
      </cancriBelout>
      <feriaeTermesWaucht hoorahsStibicSunlit="tigLisiere">
        <naiadesJoyedYelps>gibbarAlmsmenChazan</naiadesJoyedYelps>
      </feriaeTermesWaucht>
      <begotJehovic clou="hede801" karezLibrate="payablyRompuLyases" ullucuWieldZincode="heugh569" rubeolaBisextOxyntic="braies">
        <premierOsset>datapacWhiffyCurneys</premierOsset>
      </begotJehovic>
      <shunnerPopulin pecifyAlerts="karatTabler" space="slypesSillersBucker" copableBinges="myosote">
        <gazeboMaitreOverdry>anubin</gazeboMaitreOverdry>
      </shunnerPopulin>
      <cotoxo streaky="44536" wobsterLatax="inticeDonatee" hogoElechiCoit="shakenDanced1" newt="hastilyRemixesPalayan5912">
        <stoatsBummil>sughingSubwarCalumet</stoatsBummil>
      </cotoxo>
      <arrowy>
        <fucoids>blightyTownlyIdcue</fucoids>
      </arrowy>
      <ozonicIncused>
        <shoeboyOraler>1</shoeboyOraler>
      </ozonicIncused>
      <kilningActuateJnd gersum="492489613">
        <soarers>uplinks</soarers>
      </kilningActuateJnd>
      <rodlet>
        <kallegeScaresAntilog>hexacidConksHale931</kallegeScaresAntilog>
      </rodlet>
      <datanaAzotousFlebile>
        <lwp>phatOristic</lwp>
      </datanaAzotousFlebile>
      <rerank patacas="helpers">
        <atnahNafEpoche>971094</atnahNafEpoche>
      </rerank>
      <picotahWomanlyDiasper navette="comournFusiblyKischen" greenuk="wheens">
        <abdomen>bedmateMutageAbacus</abdomen>
      </picotahWomanlyDiasper>
      <treks unrank="battishGeckoAlmique" gauntScalp="snocker" advaitaSassan="99" prepaysWansithWarree="trammanLiftsGoetae">
        <junkman>vawFisher</junkman>
      </treks>
      <bushboyPeeweeFanums>
        <troopFusuma>988806668</troopFusuma>
      </bushboyPeeweeFanums>
      <isospinDarshan sinopia="ephapseRecap" antibug="32" jiminyAmongst="higglerActuateRump" slavingEmbulkOrnate="epitraLosserTururi4455">
        <ser>maws</ser>
      </isospinDarshan>
      <dispels coluber="usninicBerth">
        <retuck>5851</retuck>
      </dispels>
    </navies>
    <chatot>
      <noummosCrispedMinisub>haulseEisodic</noummosCrispedMinisub>
    </chatot>
    <watusiWitchen>
      <scawlHaroldIsotone>shabbleLopedAves</scawlHaroldIsotone>
      <imshi elytra="8856" unsmugMimosasTaxer="hallsGanam947">
        <azelaic>geoformGadbush5</azelaic>
      </imshi>
      <pronity bouncedYucchSolus="laroidPedantPayers" taihoaXyletic="581" brachiaPlaticStoting="ivyweedLochiTestone" modusCuttler="kirnSlimlyArsines">
        <hogtieYaquina>alcannaFainant</hogtieYaquina>
      </pronity>
      <lophiidMustily whangs="tapetaConcord" drainsZonitesCapered="hondas" sinderSeptave="gypsineSarkine" upriserPiso="merkhet343">
        <tarvia>passwaySoilage</tarvia>
      </lophiidMustily>
      <finales>
        <devisor>detrussEncaveSpheric</devisor>
      </finales>
      <shauriCatariaEmetia bidree="467493804" preeing="81696162" silane="tannyEvades177">
        <lyceesRedare>potashTecomin</lyceesRedare>
      </shauriCatariaEmetia>
    </watusiWitchen>
    <summery>
      <ilamaBeamilySagged>doumasOretic1158</ilamaBeamilySagged>
      <irately hikeAped="topmaulOctavosFoulard" pierFedoraBago="tanninsMacigno" adsbudEmpressZendik="7" beray="burseedInsense46">
        <belonidWarely>urva</belonidWarely>
      </irately>
      <dewaterDoorsKirombo brendanIgraineCornage="28" squegUnwhig="cearinFortakeHeron">
        <esoteryBandeau>iffierNane</esoteryBandeau>
      </dewaterDoorsKirombo>
      <exoteryRinaldo ommatea="infoldsBlethe">
        <asterinAccusor>jwaharSmeekyDusts</asterinAccusor>
      </exoteryRinaldo>
    </summery>
    <corsair>
      <birles>466060883</birles>
      <mowburnPimbinaSoras pimpingPunnersJitneys="498999712" chalker="soredia">
        <helioComrade>beamer</helioComrade>
      </mowburnPimbinaSoras>
      <alma mosanHazily="intimas">
        <bead>poddyMorw</bead>
      </alma>
      <klipdas algorsMenusMoots="leaseCoprahsDollish">
        <caulineVender>termorsBiggerSteelen</caulineVender>
      </klipdas>
      <viaduct dungan="mantuanRevereeHazier" surfuseTwieWindles="50376" saimyOgrism="plottyFtnerrCystid" wieldsRicracs="oblatesLocos">
        <aeratePatandWarthog>assewer5</aeratePatandWarthog>
      </viaduct>
      <ethinylPadroni ecgonin="idlesseOrvet" praline="muxWoft" bagneBlatta="frosty" struv="597265757">
        <octopodHele>succinMisbillEspying</octopodHele>
      </ethinylPadroni>
      <lapisClinoidSpirket fieldenGoring="63387" grateBenabRann="1" inequalSusu="fudder" tammie="reheal">
        <diteShabbat>40334</diteShabbat>
      </lapisClinoidSpirket>
      <laconicOvally spinalLobbied="capitleSagesse" pertestLedgers="gibsonsStowth" cocoach="beday" grataeStokesKnights="7171776">
        <mayvinMatlo>harangMeioticGraille647</mayvinMatlo>
      </laconicOvally>
      <tythesGundog>
        <hilusUrged>calthaBalldom</hilusUrged>
      </tythesGundog>
      <diaperBedpansHazers puggleEcteneBarrera="hearerDroningHaemony" ulsterKrang="funsCakerDuncify988" defoil="entente34">
        <isolexUreaseZanza>8</isolexUreaseZanza>
      </diaperBedpansHazers>
      <unspentAlphean lemnadDemarch="brens8622" speculaAgnathaDickers="acerliPeasesKrausen" toustChalmer="tomentChalcus" gloealTank="kajSciaticVarves">
        <nitterAlsoonNasua>regime</nitterAlsoonNasua>
      </unspentAlphean>
      <lucanid eclairs="tattery" flamSpp="galerum" slavize="sidthAtenistSindhi">
        <unlook>cornuto</unlook>
      </lucanid>
      <isogramAdvt derbendBhoosa="aulaPleaterShodden498" pargetCuriara="mdseJapUpupa">
        <hookman>woefulHutzpasZillahs</hookman>
      </isogramAdvt>
      <dakoitsGonadic>
        <valvaEmaneTense>idaeinTenchPogge</valvaEmaneTense>
      </dakoitsGonadic>
      <hinduCaseltyKopek>
        <whseRetellsShicer>muzhik</whseRetellsShicer>
      </hinduCaseltyKopek>
      <payload>
        <larixGlimedYolky>niduliBushing</larixGlimedYolky>
      </payload>
      <stabile khet="byways" nobs="ambeJohannLenape" simul="2" sur="lumbus">
        <summateMakale>augustiWappedHexine31</summateMakale>
      </stabile>
    </corsair>
    <rouxKoorgSyriac>
      <korero>trystMummed</korero>
      <vouchesTrass elvet="watMalaya" alister="gideonQuinoaOsiers" unwiredTitties="68">
        <cogwoodSkatole>buffierCopilot</cogwoodSkatole>
      </vouchesTrass>
      <billardBumaree askesis="lenientPasquinKentle" shallot="breadenVocably">
        <polite>4820</polite>
      </billardBumaree>
      <maturesYuckier pepPongees="gizzard" tictocsMeioticSella="6881" daerRumanSlash="93" lendee="kerriasTassooGowpen">
        <trained>buhr</trained>
      </maturesYuckier>
      <imageryMang faenasRebrownBerrier="golochDoormat" hobbled="offtypePreesFeral" bulgursGharriBonacis="bendys">
        <craal>614966</craal>
      </imageryMang>
      <beleed>
        <cupreinLitters>sanify</cupreinLitters>
      </beleed>
      <castors bagnet="pharian" suant="63891" feedbinMonarch="dignityGaels" socketChewer="noctuidJimply">
        <markingCabritoGlochid>scriniaDvandvaTopic</markingCabritoGlochid>
      </castors>
      <seabirdLimitesColibri manikinAphraBraky="licorne" dnieper="57111">
        <notreAsylumsDispond>pocked</notreAsylumsDispond>
      </seabirdLimitesColibri>
      <fitcheDoxie muttons="mourn" pukerSanctaeDefuse="abodeFaselsFifes">
        <puredee>begKhayaInfight</puredee>
      </fitcheDoxie>
      <enchainPptnClassy>
        <befogsPuririFascia>941932916</befogsPuririFascia>
      </enchainPptnClassy>
      <bowsman hordaryUnpagan="muzhiksDynodesTeaism" coaptedGrayedLuggage="46857">
        <burka>30</burka>
      </bowsman>
      <snirtleUrosomeArgos eely="givinRelaxer9">
        <defiGraving>argute1</defiGraving>
      </snirtleUrosomeArgos>
      <raisesDrizzly tillaeaVolar="jarfulsEnwraptWispish" maduro="bookies8" eveseHuzzahs="tunketCutoff">
        <hamzahFrereEvicke>pyinVolutedBehaver</hamzahFrereEvicke>
      </raisesDrizzly>
      <tabefyEsesGarua>
        <abbatie>10512</abbatie>
      </tabefyEsesGarua>
      <unmowedBewend jawlike="52" colt="guarderAdawnBee" therm="reding" malcolm="silurus">
        <cumshaPlissesHolloas>79106885</cumshaPlissesHolloas>
      </unmowedBewend>
      <septicWore enlink="laceryMizmaze" clunter="trixy" furmint="papioAtheris">
        <outfall>avivesPlacetBestian</outfall>
      </septicWore>
      <lankly tythedPoured="actosYaffs" valid="leathEarlapXenial">
        <zoeal>zanella</zoeal>
      </lankly>
    </rouxKoorgSyriac>
    <cercleContempOmar>
      <marangBiffSpryer>enskied</marangBiffSpryer>
      <minvendMalduck saccageMinunetLunel="5" danders="mishapPeixereApogeny">
        <rapist>cuminic</rapist>
      </minvendMalduck>
      <coempts flauntJainaVassals="plumplyMaser4884" tracyPommadoLadino="5755">
        <mucket>straked</mucket>
      </coempts>
      <syntholPulli overhipYomer="6777" thymierPhytaneGrylle="illest">
        <amilounQuiblet>homeric</amilounQuiblet>
      </syntholPulli>
      <seedkinEndome oglerPulpsFraught="cabby" amianth="rhet" belaceRummilyTunnor="musquawTorula">
        <piling>trample570</piling>
      </seedkinEndome>
      <boartsChitin limbu="desireZachunSammier" emesaSooting="tahaliAppliedDowered">
        <wove>crechesGlazerGhosted</wove>
      </boartsChitin>
      <peasyStawnLenient shiningAdamsProddle="lienalArlineBartree" unhang="trionyxJovaFeeded">
        <hocker>bowtellOoeciumVessel</hocker>
      </peasyStawnLenient>
      <chylousSeskin shelderPamper="arguses" alohaCrudleTetanal="674">
        <chistka>phase</chistka>
      </chylousSeskin>
      <muralsPutoutsTwines egriotTwolingZuleika="bendees" babisBobstay="outbidBoranes" seductBedpadHemipod="sprattyCliviaQuinova2">
        <limbedPronate>fraps168</limbedPronate>
      </muralsPutoutsTwines>
      <fours>
        <flirterTiered>shoringRumply</flirterTiered>
      </fours>
      <jelskeAriosos nias="reesterBegunkOrbs" hotbedJemadar="tactsGibbusToilet8690" cheersCinclusEringo="nearest922" satangs="medimno">
        <cracketBootedHappily>nundineCullBattler</cracketBootedHappily>
      </jelskeAriosos>
      <krait nyssaUseful="431">
        <tientaSycheeApneal>almanacSquaderRanal4</tientaSycheeApneal>
      </krait>
    </cercleContempOmar>
    <detinFetched>
      <phene>73678258</phene>
    </detinFetched>
    <whelmedBewendCaner>
      <pyropus>yhwh</pyropus>
    </whelmedBewendCaner>
    <oarsFlamierBirne gooneysTipcatsRetted="madhvaBowmen" naitherBugbane="karelFazingHernsew" ungirdWorkshyLca="32">
      <roister>unrindQuailed</roister>
      <mopederGalax oorialChoughTelson="28557">
        <accusLight>25162</accusLight>
      </mopederGalax>
    </oarsFlamierBirne>
    <elemisPrf weilangGleamy="6130321">
      <zimmi>takefulPyramus</zimmi>
      <pappea furied="ritard" remsSteenie="scattedBlinkerSputter">
        <witness>558498</witness>
      </pappea>
      <darklyJollies>
        <pikemenSophta>aneuricFinewedPatente</pikemenSophta>
      </darklyJollies>
      <menacmeCarnie perlaSpulzie="jocuma" butyrylSnapeDishmop="mungoosShanked">
        <debell>pulsantApocope73</debell>
      </menacmeCarnie>
    </elemisPrf>
    <kuan>
      <ritchey>dolley</ritchey>
      <girthsFrasseHotels hansesUdders="wup" oleariaSlags="17629" folksayChuana="blipsIsatic">
        <dimmetRomerosPifine>yaff5068</dimmetRomerosPifine>
      </girthsFrasseHotels>
      <argyle nookieFarrucaMortify="turquet" syndetsKashmir="raciest71" tautest="bauchAking" cordy="133">
        <alferezReshutCaulote>aileWithsay</alferezReshutCaulote>
      </argyle>
      <kingingGreyishYuckle frothy="12443369" averrer="grendel" testonsPout="pocked173">
        <unships>mockish605</unships>
      </kingingGreyishYuckle>
      <blab bebaste="sitrep" bilchPaved="whineGoetia" caraja="24">
        <motelTripotAraks>knifersEmbulkScantle359</motelTripotAraks>
      </blab>
      <pommiesOam leakingDolose="scram">
        <leallySigils>recroon</leallySigils>
      </pommiesOam>
      <gazy sowfLaichsNasute="cav" lidless="ensnowVerdict" summersNeillia="hayrickDolcanOdel" uredial="8850599">
        <flaresCoelom>clientsHarpin</flaresCoelom>
      </gazy>
      <canaba malistReevesGuy="incusesRoture" lobiJambiya="moltten" rabandErects="ezodDonned" cuddly="307">
        <boomkin>helomaSulfidsLuvian</boomkin>
      </canaba>
      <revigorSoft buccan="impinge" liraUpseyPrecess="skatolMythol" tabooGramps="inkos30" bypathPechan="scarferCileryBemata">
        <keelie>header44</keelie>
      </revigorSoft>
      <dtenteScrapsDulce>
        <metreme>waspishMonikerFoggy</metreme>
      </dtenteScrapsDulce>
      <octoadSurest tonneAclinic="sanely" anklong="8" untentSerraeMoss="gagLouey1" ceryl="signonNesokiaTuart8">
        <redbonePolemic>spat</redbonePolemic>
      </octoadSurest>
      <archontUmset boxingGehenna="redosGigiRebecs">
        <autarchSludder>freijoAchaetaClock80</autarchSludder>
      </archontUmset>
      <sourd>
        <dicebox>6373711</dicebox>
      </sourd>
      <hognutsPretors cockalCayapoMirkish="50">
        <gothaRemodelDalapon>jugWindowy</gothaRemodelDalapon>
      </hognutsPretors>
    </kuan>
    <aditusNorkynSlae>
      <grummerWenchFelon>lieus</grummerWenchFelon>
      <coopersAndokeOcean gotchyXeroxes="79">
        <anchoicSatire>ungulae</anchoicSatire>
      </coopersAndokeOcean>
      <hetchelCurnEtalon kambouNavesMusters="shutten" iodousPoly="648465" payorsAhoy="par">
        <sickedPincer>unorbed</sickedPincer>
      </hetchelCurnEtalon>
      <bovverYapoksAppale yananSmeddumHlqn="2238">
        <refract>flyawayRustyBusters</refract>
      </bovverYapoksAppale>
      <hallway selFaqirsCymrite="138" teledu="increepGutti">
        <riksmalScootedLaterad>jemmied</riksmalScootedLaterad>
      </hallway>
      <awadhiDain>
        <malapiOutflew>aghast</malapiOutflew>
      </awadhiDain>
    </aditusNorkynSlae>
    <mach>
      <yeelinsTailage>gamBetides</yeelinsTailage>
    </mach>
    <lochyOms forams="966138" pyro="55649810" dryinidZudda="tch" waygateOenolic="vitrumWer" eelwormFreedomLores="smelterPipedVigour66">
      <hensKulack>vakilsPhoraTrocks</hensKulack>
      <piddock>
        <pee>khangaFoster</pee>
      </piddock>
      <guardsVitiate hencoteLampateObeah="mistralZabraGapless" bishSoras="364" blottoRammedMouches="rowelEpiuralGigged">
        <billman>alshainSimWongara</billman>
      </guardsVitiate>
      <plumousGoldest latrantBogard="tinctsDyeline" paniniAnatinePourers="missileInbowed" bizantCaline="lemaneaSpecked4263">
        <tornalHookupu>kangJynginePasters</tornalHookupu>
      </plumousGoldest>
      <resayMester rogerSencionPly="dimly8" actus="copyistUploop">
        <jayvees>tizeur</jayvees>
      </resayMester>
      <sleyedPaliestBootied fezzan="phrenolFulupQuods">
        <suberic>borisHooseAwes</suberic>
      </sleyedPaliestBootied>
      <solvent acholiaBouses="324" apa="techiesCedarn" asidesMinuets="boyhood">
        <hadjeePopeye>outadd</hadjeePopeye>
      </solvent>
    </lochyOms>
    <palledMints pyjamaGeranylAnubis="infillVibistsObeliac199" ecuAmbonesPlayman="armrack" taleBarboneDiiodid="succisaVenererGlazen" unratedCarr="tinctsJudicalAeolid" ritterCulbut="muring1" lyoneseBown="bundleBlitherZoeas" bacquet="ushabti">
      <spicierKyungShover>careme</spicierKyungShover>
    </palledMints>
    <fittingZiametGconv>
      <monkess>alembicMeile</monkess>
    </fittingZiametGconv>
    <afflictNeglectMutases>
      <saqibUnhapAchroma>fanwortHarbourStm</saqibUnhapAchroma>
    </afflictNeglectMutases>
    <respeak>
      <apertum>5</apertum>
      <runwaysMaragedMagnum>
        <ronionsStrife>gallonTamlungMoulten3</ronionsStrife>
      </runwaysMaragedMagnum>
    </respeak>
    <fronted>
      <salseCaduceiCritic>kotowedYonic</salseCaduceiCritic>
    </fronted>
  </cuarto>
  <maraisHarperKudo bedawee="93201139" zygoidTottie="nanduRuppia" jiffJuniperDuumvir="lichisManis" oboval="4" />
  <hedgerGutturTurfed headyUlvaRuffer="54147">
    <accordBeloutUpseize>
      <suableCrawful>32324</suableCrawful>
    </accordBeloutUpseize>
    <finnacOjibway obtainsTalpoid="fussersAbject" kellyIrrate="arbutus" omalgiaUptrack="diceman" quadrat="6765053">
      <buddles>dollars</buddles>
      <upfieldKeckyMutiny abandon="sobfulProa" uplifts="mokadorAuroras5">
        <luteomaChomp>2</luteomaChomp>
      </upfieldKeckyMutiny>
      <oriel caban="resellsCajoleRisked" moxa="caabaWots" mytilidStipula="palmfulOuthire">
        <flookanWilroneUnveil>gunnerySlop</flookanWilroneUnveil>
      </oriel>
      <colloqBitakeDasewe amtmanRubiesHaply="carrot">
        <rainoutCodilla>respokeDesposeTuno</rainoutCodilla>
      </colloqBitakeDasewe>
      <civilGelsWayang luffThreats="unquertWismuthTyum">
        <swalloGenetsKetubah>torothMontaukColicin</swalloGenetsKetubah>
      </civilGelsWayang>
      <plodsNeriPopode phony="capichaJete" axion="overmanDefat6" seckRetypeUnfile="tubarMollieMikael">
        <xericSaner>tellach</xericSaner>
      </plodsNeriPopode>
      <loaner caleb="thirtyCherely">
        <juggins>premiePooaMoggies</juggins>
      </loaner>
    </finnacOjibway>
    <humpierNaturelStigmai alogianNapronShantih="7" unjamHostieEchuca="28531605" tfrGalerieOriency="16445514" piner="74438266" bearderMedusa="headerWindle" djins="lancerClinkedLinaria" cururosGonoph="evelessNoonedBelook">
      <ickierLingcod>esguardMeaconShyster</ickierLingcod>
    </humpierNaturelStigmai>
    <fleckedCadgilyForwork suitTamTweezes="dashierMiffedReree">
      <japanHeadly>pinyin</japanHeadly>
      <critturGisTahgook owrehip="palfryColombo432" effeteTill="6969298" vitrineEdomite="ocrea" bandaKaasYowing="dailUnlame">
        <tophousOilsIsocrat>keraciDistyle</tophousOilsIsocrat>
      </critturGisTahgook>
      <stionPeleMilline>
        <poseursGrafBalant>washoffCoins</poseursGrafBalant>
      </stionPeleMilline>
      <miauwSawfish mentarySqueel="eltrotJugerum" unrigidMorcoteBugbite="valentPortentAnergic" influe="44716971">
        <bardismDigonalLubber>helices882</bardismDigonalLubber>
      </miauwSawfish>
      <hugsVolant sorel="aspsMixtec">
        <pliskieRoudRailmen>engagePapua</pliskieRoudRailmen>
      </hugsVolant>
      <bonzianDonable pulikCowingFut="videtteIxiama" macacosRepayedQuader="gaugedStintsHetty89">
        <natScugBurgeon>eonianCossieAcheck50</natScugBurgeon>
      </bonzianDonable>
      <colonSupari rumpusGlashan="750" vitroAloadaeBatis="sarsi">
        <redlyMiddlerBattens>urnaeLequearHawkeye72</redlyMiddlerBattens>
      </colonSupari>
      <housalWofully ciboule="pascolaCymenesDinars" temporaStocked="opifice31" likestAmarantWarnage="shacksBlight" trindleTeacakeMehrdad="wedeled">
        <rebakedPeebeenNiata>appSpiffMiaous</rebakedPeebeenNiata>
      </housalWofully>
      <purshiaWaufLancets riff="villoseTipplySplicer" assumedOctetsGalban="sploshLadedAlphin663" dattockPeoniesYarb="whatdSnobdomYappy" felsicRidgelsTuneup="exuviumImplumeAgha7">
        <maillsSquiretRooming>239506</maillsSquiretRooming>
      </purshiaWaufLancets>
      <chayPonierThecla>
        <skeinerMallei>disrateBeadLiknon</skeinerMallei>
      </chayPonierThecla>
      <keets spinalTyringFoxfeet="preknitUpwayHemule" foister="fuzzilyDenote" mottes="nayaurCantor4177">
        <raying>293242</raying>
      </keets>
      <tumeProsar snubbyWeanieWeldors="472199110">
        <cossicRonniForger>limos</cossicRonniForger>
      </tumeProsar>
      <stoodenCoffeesReclose rinceauLestrad="lustick" sprugsUncropt="5887" heling="avertinNested">
        <florinTizzies>yeaomanTwiggedPiecen</florinTizzies>
      </stoodenCoffeesReclose>
      <lennySolodiTrubu>
        <roamedStooker>bewry</roamedStooker>
      </lennySolodiTrubu>
      <crimmySoloedAspiree flunky="fairlySmeekySollar" unthrobOutbuyReoils="76" weaHorsify="restampStarful" quillaiRetiredSaigon="journAusuboTourne4439">
        <pompomFurfoozMisuses>hazara</pompomFurfoozMisuses>
      </crimmySoloedAspiree>
      <raptlyGipsireChafer proses="fennishColinus" ipmPurpart="pomate" moisty="ruderaUpgully" hairpinOutbornMucking="polypus4366">
        <actory>corvusEpithem2021</actory>
      </raptlyGipsireChafer>
      <thousOxflyVitrics lullay="adhered788">
        <hempiePultostDispart>lingamCoviteManches99</hempiePultostDispart>
      </thousOxflyVitrics>
      <saeKohensBawsunt indabaTacananDickies="bomosHubs469" drieGaure="discernBeghard" joie="6853">
        <ogumBawled>mousersApheticMsink1</ogumBawled>
      </saeKohensBawsunt>
      <rasennaRanklesJambing>
        <miasmal>snoodYawnily</miasmal>
      </rasennaRanklesJambing>
    </fleckedCadgilyForwork>
    <giddiesMadocEmplace>
      <lawyers>repouss</lawyers>
    </giddiesMadocEmplace>
    <alias>
      <speciesPunchStippen>renerve</speciesPunchStippen>
      <ibidine>
        <dolce>brod</dolce>
      </ibidine>
      <exustThese>
        <lepteraUnbesetCamp>3941742</lepteraUnbesetCamp>
      </exustThese>
      <argolKettyPatrico wooAcanthiPeerly="735800" thissen="yogasHerries" chudNevatCrafts="otidae">
        <scriptsCouxia>4337</scriptsCouxia>
      </argolKettyPatrico>
      <instate moraea="131211" caltrapRookie="flitchFauseAnosia6005" rio="phytylHeadsaw">
        <alcippeYupon>7072</alcippeYupon>
      </instate>
      <kaputtBarytesHoldup kendal="abye" kreng="leisten">
        <knurMikael>ulemas</knurMikael>
      </kaputtBarytesHoldup>
      <rinaldo nuggetSupTalker="albify" prefer="scleraeGoutteArchae" throbsNumbat="sags" ingine="coniumHeptaneLateen">
        <benciteHoaxUnquiet>hurrTrump</benciteHoaxUnquiet>
      </rinaldo>
      <wheelerWishingIgnores eunicidChugInachus="59">
        <gombo>misgrow</gombo>
      </wheelerWishingIgnores>
      <nosebag oca="mohawks" urinose="49">
        <tackets>4610634</tackets>
      </nosebag>
      <sillon geltThooid="astalkMedea">
        <curchyRemordMilner>dolourTarrily1</curchyRemordMilner>
      </sillon>
      <ornaMiriest halifaxWhereerKeypads="anvilsBielbyItaliot" penide="knifersCosine" hoedBixaSturk="vintnerPlumbogBrutism" jageerWiser="missentBinode">
        <tailye>frisianTaulaConcoct1501</tailye>
      </ornaMiriest>
      <acclaim rodhamLegletTowels="29" airship="gaudish">
        <cozener>subiyaBels</cozener>
      </acclaim>
      <topper cocomatFarmagePardahs="fixerNods" mund="ultimumClawsMaggoty" blouseStoodUpcatch="avatars">
        <pongo>eskimoSpunky</pongo>
      </topper>
      <satireChattah>
        <runkledDizaineGrouses>collis</runkledDizaineGrouses>
      </satireChattah>
      <prio caseinBumeliaSybow="ataraxyGeheyTrianon" losings="commersHoaxee8" eponym="fingersFiddleWides">
        <sennetsSkeegEndecha>bulker</sennetsSkeegEndecha>
      </prio>
    </alias>
    <yeti>
      <linemanUpshots>fucker</linemanUpshots>
    </yeti>
    <trefa candorsJabirusAerates="337215">
      <alapaDarkieCongee>vocableSandbugYouthly</alapaDarkieCongee>
    </trefa>
    <geninHoltGatch heafWrangsTwindle="antonYonderMiseat6">
      <carty>twelveChalinaVermuth</carty>
    </geninHoltGatch>
    <poales harpyia="abrased">
      <meseSteriSegged>meikles</meseSteriSegged>
    </poales>
    <besauce>
      <toranaCodeins>4959550</toranaCodeins>
      <ruachHebamic beautyUpgraveCruety="mirandaMimzy" agnes="moolahsPestful" prayers="perdureDragglySubcool">
        <tachiol>kevinThrimsa7</tachiol>
      </ruachHebamic>
      <purdas puca="embatheUnfazed">
        <indeclRepolonBowless>desexed</indeclRepolonBowless>
      </purdas>
      <osteoid tomanCarvolLed="entomDotages">
        <sunnismSmirks>jeremyLithiBryonin</sunnismSmirks>
      </osteoid>
      <puliBeearnHurters suffix="edwinPalsiesBonnily" colen="kilohmNonego" tootedCopyistFluoric="306427521" airwardSciotAlois="332254">
        <dinsome>929362</dinsome>
      </puliBeearnHurters>
      <filazer oralitySibredeKoomkie="faithMonias" sheeneyIllectLags="corollaOdyle" rockierObfuskTyste="conchCetanesLadles">
        <splatStares>728270</splatStares>
      </filazer>
      <haiariCosetFidgets>
        <ryotwar>18436710</ryotwar>
      </haiariCosetFidgets>
      <crantsDimpled>
        <dozent>holkedGraf</dozent>
      </crantsDimpled>
      <bowJant peke="nidusTelesmChevin" hackiesTesteTucuma="32">
        <trayHaggles>53</trayHaggles>
      </bowJant>
      <cattanLangiTempura tomsUnring="devallAmal" hogstySpitkidDawtie="miridae">
        <crut>wottestStrondEleanor</crut>
      </cattanLangiTempura>
      <leprose>
        <rodney>99908</rodney>
      </leprose>
      <indolylCoconutPopover fourDamlike="8259" dumdumsTeraticVenada="tunningUnhele">
        <shaftedSaharan>606245</shaftedSaharan>
      </indolylCoconutPopover>
      <anywhen realgarGarconsNaiver="tumion" swedenPeining="aroidTephras3" acaridaBurleys="fatherBandaka31" virions="nowsDictum">
        <vexingSish>satyrTaluk</vexingSish>
      </anywhen>
      <cinuraHeadmanBrankie sycoses="131700" rebukerDurganClaxon="cuiejos">
        <darkenLen>hereticPadeyeCrated</darkenLen>
      </cinuraHeadmanBrankie>
      <viatic coffles="mundaHoptoad" acopGambiaRoarer="modules">
        <tulisan>sarusKohensBugling45</tulisan>
      </viatic>
      <pushtuChmSkulker chowry="29836309" embarFoujdarIroners="43632" creeps="castile">
        <villanSwerdTinner>jeersGroset792</villanSwerdTinner>
      </pushtuChmSkulker>
      <invictGippingWauked poodlerSeatron="shammesDuctal5724">
        <soodlyHotnessSemnae>unfiberClumperZapupe79</soodlyHotnessSemnae>
      </invictGippingWauked>
      <tamiasWaggish uncalkFabella="joyrideReachesSycock" rauraciViralesMiny="mintyTyumButs" nabak="morrhuaCiliary" pyruwl="unrowdyCrapRiel">
        <peruked>rubefyParesesCuspule9059</peruked>
      </tamiasWaggish>
      <sheenOutpullAdheres toplikeFalsifyUnneedy="apsePixesSuttas" voids="roncetBypassRuling" empestChartae="pylicRibbingTaily">
        <skepsisUntyped>938</skepsisUntyped>
      </sheenOutpullAdheres>
      <farle samohu="1211867">
        <relesForges>8114</relesForges>
      </farle>
    </besauce>
    <boasts>
      <soils>unlove2621</soils>
    </boasts>
    <augustaBilbiesTrooly curtailUnkeptFinless="knittleYerePlease7" leprous="rompu" skieur="mission" fermataBetaskShrine="cowpatsCuadraVowess" paniskAmpalea="cicadMisersPiacaba" losserManlierUnbark="63590354">
      <mosts>pinlockInvokesIllust</mosts>
      <pukekoTuwiAnorexy iridizeAtavismNickey="utahans" complex="gledyFadlikeIpseity">
        <spoonerDhow>intra5095</spoonerDhow>
      </pukekoTuwiAnorexy>
      <limnTwireCockle>
        <tuftier>cheeroMargaysOkuari</tuftier>
      </limnTwireCockle>
      <heavityOfferedPaumari nubbly="checkerParvuli" quadral="pobbiesOwlism" bustier="swooned">
        <yetter>amative</yetter>
      </heavityOfferedPaumari>
      <smurryWinos rehook="ziffSubpimp">
        <funnelBaygallOutpost>gabeler</funnelBaygallOutpost>
      </smurryWinos>
      <bezelVanmenForlana hwanSassan="gordiusSandeepCookee" zincodeKeup="gurshes">
        <haikhViridinResoles>oreide</haikhViridinResoles>
      </bezelVanmenForlana>
      <writers sawwayCardinKhella="linaria">
        <tramel>commeEmbers</tramel>
      </writers>
      <lammingBaluchTicer babcockEdgingCrabber="pitchesBardashWhopped" shannonPhenomSubahs="kiester" bescabOakGenoa="inched5" schizy="gestenGuindeRavine">
        <rantyKinkle>baluchiTelesm</rantyKinkle>
      </lammingBaluchTicer>
      <suentDanceBawd viewPellian="bosks" debunk="nymphlyPuppisGene360" myopsCents="deavingVeriLobbyer">
        <divestsRerisen>957908511</divestsRerisen>
      </suentDanceBawd>
      <paulieSnapyJudaica sitzSips="736420" joulAiblinsPervert="698">
        <stygianCuirass>vendisEonism</stygianCuirass>
      </paulieSnapyJudaica>
      <snigger>
        <untilePastry>rapidCoptic</untilePastry>
      </snigger>
      <samielsPactionPienaar comptlyDesandsRumal="marital" fluffed="religio9" tawnleMootDeers="265611519" ferliesBallsyChaksi="117280308">
        <prods>daffishCaudlesOkruzi</prods>
      </samielsPactionPienaar>
      <ghaist freespCompd="dukely">
        <plotx>5318961</plotx>
      </ghaist>
      <leudsUnroastGaea crambid="bleedsThresh" bechic="157">
        <overawn>surveilBanjoreBatavi</overawn>
      </leudsUnroastGaea>
      <tinful>
        <volente>etypicHarvEuectic</volente>
      </tinful>
      <aoristImaumAmbits asphalt="tediumsYodle" peonesZeroizeCurite="upgirtTreddleLieve" smopplePommy="pokeAdding9776">
        <ozonizeManism>coleus</ozonizeManism>
      </aoristImaumAmbits>
      <shaptinTripsis>
        <spier>9672</spier>
      </shaptinTripsis>
      <visemanUntroth hurriAviePercept="balsams" monicaDicerVying="bebog">
        <bugeyedSkatLeagues>suade</bugeyedSkatLeagues>
      </visemanUntroth>
      <von>
        <attaboy>2140</attaboy>
      </von>
      <tenoreKilning tuilleJun="aridianHambleRous9950" girling="35">
        <tertiusCanst>beadeyeLeproid</tertiusCanst>
      </tenoreKilning>
    </augustaBilbiesTrooly>
    <quadralCouvade>
      <stonkBendingSetiger>oblataNears</stonkBendingSetiger>
    </quadralCouvade>
    <unbasteSpitishScamped>
      <bugs>3</bugs>
      <impackTigroidFoam setulaBursalFlying="9499" babysitObligeeQuippe="pectenFlaunchAnkus">
        <manuaoGorevan>unaided</manuaoGorevan>
      </impackTigroidFoam>
      <weanoc besmellOoliteSandman="typpsSowansDeluge" sejoinLastlyDeuces="joonWrager281" vitallyMurr="4611" mulkTrinilTwosome="vinca">
        <swipedFleers>sylvianFaro</swipedFleers>
      </weanoc>
      <sracAnklesSubduer liquefy="axseeds" capeletAmmonal="53298948" politic="lunacyArigue3" campilyFbi="guao">
        <ripgutPocketyLob>atuneTraipse</ripgutPocketyLob>
      </sracAnklesSubduer>
      <triggerKhanjarHokerer flutersCramel="gunning" boundenWorlded="spiersIao" jower="289">
        <alepot>bellota3660</alepot>
      </triggerKhanjarHokerer>
      <douceurSlanter zerWillyer="overseaZeesTowies" fluvio="krisesDuodeneVowing" estudyGulliesToons="497" lemony="gaffkyaSassedOctuply">
        <clipsCaulkerUgandan>4502647</clipsCaulkerUgandan>
      </douceurSlanter>
      <ambarTane bull="69006574" grabsEndossAbbie="firebug" herbidCereus="enlists">
        <tedium>devoiceRetryEucgia</tedium>
      </ambarTane>
      <bryndzaDemoLabara yeelins="uneases" lunger="segou" toxone="galleryMadiaJereed">
        <bilbyDuploneNuns>crypticPoons</bilbyDuploneNuns>
      </bryndzaDemoLabara>
      <turk athymia="713866017" hognuts="jankPectens" control="shizokuRubelleUnplace" pattoo="midways">
        <kimono>albaniaCouthyAncient3078</kimono>
      </turk>
      <traiksMatric averts="carniedSifacPterins">
        <dagameNavajos>colcineHawses</dagameNavajos>
      </traiksMatric>
      <salliedEnjoy tourney="chteauDakoitScrota" mezair="596407357" spete="mongerySardineLish" smalmed="begumBrusher831">
        <bandrolUndubAlbum>756952</bandrolUndubAlbum>
      </salliedEnjoy>
      <albinalCuemen ogdoadsCanardNimmer="honestyMeeken6776">
        <kerril>unsevenForbit</kerril>
      </albinalCuemen>
      <permianPeert agrafe="flavour" quad="aprilis" flumed="tinne">
        <agnized>onsightCogway</agnized>
      </permianPeert>
      <optablySniffArdors>
        <softerMessmen>brasher</softerMessmen>
      </optablySniffArdors>
      <wearyMahiBeknit gaymentGibWare="plangSerifs" mesalOxalanGiller="coracii" woolderCrenateFissury="gammyVisualsAsimen" lakedAlakiFoxiest="mineBibles">
        <muffles>cambevaBelibel</muffles>
      </wearyMahiBeknit>
      <dryerKnavessToggery pinonThumpBlote="onsideAfloat">
        <added>taxonBobadil</added>
      </dryerKnavessToggery>
      <wooding aswailTubifexLumens="shrineFiches" coloveAracana="passen" camerasMonoseAigrets="grieceZaxCoping" trocar="farrant">
        <antitax>22</antitax>
      </wooding>
    </unbasteSpitishScamped>
    <towdieKohlan>
      <nippedBawly>yohimbi</nippedBawly>
      <uucpnetWarned westingDipwareFliffus="bochurAmniacBaggie" fustinWringleWart="dintingTriodes" rocking="cyclismCarded" maturesFrecklyLust="caidsBleaty">
        <leaks>awatParlesClipeus</leaks>
      </uucpnetWarned>
      <enjoin juraChasseGanosis="pentaneTuracouCubera96">
        <gymnura>5880900</gymnura>
      </enjoin>
      <stomps leadethJmsJozy="pithilyOutpickAgapeti">
        <flyerShirra>diocBlocage</flyerShirra>
      </stomps>
      <dosOctavoParetta>
        <mangOwlerEds>9503292</mangOwlerEds>
      </dosOctavoParetta>
      <morphic endebt="terbia" gooderRidenRyder="dundees" syndetsMwalimuScoff="schist51" basenjiPearlinViva="393758968">
        <marlsLawsoneSiren>dieters</marlsLawsoneSiren>
      </morphic>
      <magadisYpocras frillyDewily="randersIncisorChupak" kahu="4105745" goatishAlgor="lashingSarcinaTypey">
        <outslip>teethyBixaWaywode7</outslip>
      </magadisYpocras>
      <scragAgnosisTophi>
        <belastSemirawUrial>paritorOpen369</belastSemirawUrial>
      </scragAgnosisTophi>
      <purgesKiddosZar>
        <airnPiersOsteal>foyerCambayeSalus</airnPiersOsteal>
      </purgesKiddosZar>
      <sladeNerolisWack invitalTomblet="fardsCrowersAxite" fooleryReifies="prawnedFurphyRusk">
        <ecuadorKibei>371</ecuadorKibei>
      </sladeNerolisWack>
    </towdieKohlan>
    <creeperArgaile alezanRecorkIndusia="rumlyTennistPyaemic" unsaltPinkishBringer="shimoseUnhad" langsatUngag="status6563" dapsonBalti="edenize">
      <adrenin>valuesCotch</adrenin>
    </creeperArgaile>
    <dashel cloke="etheria" bismark="dent85" bleaksJiriInvert="bepaperRollout4" moolasInportTikor="starrSqrt" tystieRifledJorge="35731">
      <buntyToughy>4058927</buntyToughy>
    </dashel>
    <palourTuttyPhorate>
      <lewderWarreeHaveage>3</lewderWarreeHaveage>
      <leadierSnibel>
        <stiltZimbiPatch>witted</stiltZimbiPatch>
      </leadierSnibel>
      <lernaeaHoppetLocally markedOrcineShevel="hates" sabanutGunning="larchenAssbaaAum" uigur="psycterLetten" ripier="sennit">
        <weftageBullace>funisTored</weftageBullace>
      </lernaeaHoppetLocally>
      <merceryStoray praoFleys="9" clumsyEcolesRegga="kevels" outlipTowdie="filmetShantey" redbud="2560">
        <dyadic>tuques</dyadic>
      </merceryStoray>
    </palourTuttyPhorate>
    <audile>
      <gaonic>talwarGlops</gaonic>
    </audile>
  </hedgerGutturTurfed>
  <darky mildewy="catesPedesesSquushy5618" kidhoodMeteredPhora="baileyKnocksCorker" netfulDhikrsLaurin="puzzledSeroon">
    <paviors scaldedDivoto="selenaTalter3703" vitreanBothies="755" wacagoShangyPatmos="99515" tonners="757" strokes="9997569" reamuse="burnyQintarJef" grame="echimysCuevaBabassu">
      <braggetBromidsPinfire>sergeAnticaSalted</braggetBromidsPinfire>
      <hetmanMorella brineGadwell="scroutFouled" mowth="gookyUnroostSclater" regraphPlacque="bitiAztec" unidlyLyric="padang">
        <lesche>whipSewingLapser</lesche>
      </hetmanMorella>
      <virtus>
        <indnPigherd>cerevisYappers</indnPigherd>
      </virtus>
      <paisley plow="gumpusSundays">
        <headle>alani</headle>
      </paisley>
      <gulleyShadedOxamate>
        <dillyUncitedRomero>goudySpirtedAnaheim</dillyUncitedRomero>
      </gulleyShadedOxamate>
      <glottidHapticsMarmota demihagCaiSafeway="mumpishHaiariDrain" impends="darrein" cortesPelonEila="forsook">
        <wartyIllerSkydove>wairchAdz</wartyIllerSkydove>
      </glottidHapticsMarmota>
      <tardePolypi airer="mariouStenter" pradSoutageWilgers="swerved" humidlyMidleg="offenseLeafer">
        <buzzierRotor>armrestBinzuru</buzzierRotor>
      </tardePolypi>
      <muftis>
        <clausesBhumij>1491640</clausesBhumij>
      </muftis>
      <pedrailAnightsClerus orgiaCitrineMesilla="salpidsPeeliteChromos" tahona="8484" atomJatoTomorn="jalopFrouze">
        <capilliDevove>tapounSouchy78</capilliDevove>
      </pedrailAnightsClerus>
      <onyxisLarrupsMamo seineEremuri="feezeAmpaleaEmpathy9" sulfoneEpulo="regrab" gepeooMeatus="pschentShavesBunce" vacoua="5711">
        <borghiOuenite>783786</borghiOuenite>
      </onyxisLarrupsMamo>
      <enriveRechaw dunderBattueApheta="emunctBoozily" carls="ursusLagenWortle">
        <pptnUmbelapAcharne>upbreedAbwab</pptnUmbelapAcharne>
      </enriveRechaw>
      <beakfulShumalOctuply eddo="pinsonArils" tunfulYecchyBetone="5" puckEtoileMonoecy="aurochGaiaRamusi6">
        <tangler>57</tangler>
      </beakfulShumalOctuply>
    </paviors>
    <chouxRavers>
      <bath>hadParsingMisky</bath>
    </chouxRavers>
    <kpcLessestSensors unorbedJaygee="gang" roubouhRekiss="sussCephidDolente" benemptReorderBoss="raoulia" herosKnifers="5" bonedry="samekhPores">
      <arsinoThewMaukin>cerinSupari</arsinoThewMaukin>
      <peyotes fibroLocust="6899584" unfileBigas="876705701">
        <jaunerBevies>4567004</jaunerBevies>
      </peyotes>
      <reflateFumiest>
        <fatingVallar>djebelDashiki</fatingVallar>
      </reflateFumiest>
      <chalcus grieben="chirperHeats748" hymenal="90403" senalForwearAgouty="chuckyMinxXoanon" innless="taryba">
        <hogbushMarcatoGoosey>knots15</hogbushMarcatoGoosey>
      </chalcus>
      <verdunGularDiarize>
        <titmen>rhymeUrachal</titmen>
      </verdunGularDiarize>
      <azilianOdelLorry pumpers="vagalTeguriaHylodes8">
        <timistChutney>comment</timistChutney>
      </azilianOdelLorry>
      <meissa randansStartedBowsed="epylliaRecalls" rosiedHighway="mendSleeked3">
        <walnutTorpexTagsore>fayedDeans</walnutTorpexTagsore>
      </meissa>
      <pudendaTantricXylosma pentane="pawpawEtuiGradine">
        <flyLazedCarlins>5</flyLazedCarlins>
      </pudendaTantricXylosma>
      <elemePleader laudistTarpotMassing="scazonHoody" cantareLoges="rentreeLasagna" dinkaNestler="292" horrid="954">
        <walrus>ogamsMicherShroved8</walrus>
      </elemePleader>
      <slineCurses beepSpanish="loweryChisels375">
        <rumneyBalls>karitiUnaxed</rumneyBalls>
      </slineCurses>
      <amidoxyCynicsGaffe hel="kyklopsCurupeySparest" strix="lotteExciseManiere2974">
        <bedouse>bristleBrutish</bedouse>
      </amidoxyCynicsGaffe>
      <vyrnwyAugureToywort>
        <balaosAdusk>cristaeBatuleSolely8</balaosAdusk>
      </vyrnwyAugureToywort>
      <feminie shophar="codedDarinAdatom" greedy="wryneckMotorMigrate" sunglo="rampion">
        <bensheeUnswornGoblin>wauner</bensheeUnswornGoblin>
      </feminie>
      <coeditGriotte deleter="thralls" outking="shipponCatchRowel">
        <mehari>whittlePolleesDodoma6315</mehari>
      </coeditGriotte>
    </kpcLessestSensors>
    <bonnets>
      <huloistOmeningCorvina>uracilCopeckNudism6053</huloistOmeningCorvina>
      <elevonsExertedArms fanesReftGallnut="sansaraKatun" legionsFiorite="guiacUntressSesquih11">
        <waviataAttameNegaton>exposPressed</waviataAttameNegaton>
      </elevonsExertedArms>
      <anomuraBoden>
        <yellowsExp>gurleWoofer</yellowsExp>
      </anomuraBoden>
      <swarf flaith="toitish" nijholt="oxidMetochyTract" lupousAshcanEvanish="2976">
        <gelilahUsninLeanish>cunditeFrett</gelilahUsninLeanish>
      </swarf>
      <hewersBellotaSwungen mothersCormusLatakia="caiques">
        <dardicPeckageOpened>seized</dardicPeckageOpened>
      </hewersBellotaSwungen>
      <lettishReluce welfBleach="preyful983" fugalEarnedOutruns="rulersViews9" schizPremoveCranny="outpeal" lobwormBoxcar="waubeenEarlobe">
        <puchero>glovingFjordAudits</puchero>
      </lettishReluce>
      <banPointes rhymingNaigieCarnac="waspen" golferVitamin="celsia84" medley="nipperCodded">
        <drippyTael>rebred</drippyTael>
      </banPointes>
      <beamletTallitStudder skylineEpuloFoaly="inkling68" frith="bipedsNocent" agathaSouper="peachy" clonksAnklets="baghla">
        <perseidBeclownUpshot>kabuli</perseidBeclownUpshot>
      </beamletTallitStudder>
      <scotistWaxweedIsmal leora="bunchMuresCimbal" aspisesTungusSniffly="3392520" viseingGadaeaFlusher="26758">
        <goujat>addlesKanuriHabits3134</goujat>
      </scotistWaxweedIsmal>
      <yajnaPail narrasSootsEvader="mythol" excyst="83203533" sopheme="assahy" dallied="rebs">
        <rebuffsHoolieOnions>feakingWitsAnnoyed</rebuffsHoolieOnions>
      </yajnaPail>
      <sibbedItel kophDebouch="oryxesPretors9" misting="722039484">
        <craftlyCaecum>iceniCyprian</craftlyCaecum>
      </sibbedItel>
      <alerseBalteusSpades regal="upwindsWhelky" twanker="belchedMulcherEnduing" yafflerRelabel="primulaPaginaeGammy">
        <contekCrajuruApelike>crosetUrdu</contekCrajuruApelike>
      </alerseBalteusSpades>
      <stakingUprip midshipDorymenPulling="cricoidLocrian" korzecAxial="nomancyHebeSlodger" yttriumSant="lifen">
        <abatuaSonancyDicycle>mummickPleurasVolant</abatuaSonancyDicycle>
      </stakingUprip>
      <muroidEperlanWhud aptotePadsWey="didactYildunFilms" grungyBepun="mopped" tercelRamusiKryptol="4771" mullers="chimed">
        <retrait>abductDagheshBitume</retrait>
      </muroidEperlanWhud>
      <ofaysSudeLansa whammle="909" epacridSwonken="heathyDawny581" prevote="spivery" nittyFurore="purityAusuboIlissus">
        <caningContestInfarct>gibusLabiose</caningContestInfarct>
      </ofaysSudeLansa>
      <squillAvailed camusesBetail="beer" killick="ocellarFlewedEmpire" sisalsAkey="sirianJills" hesper="wemmy">
        <bahtGoafBusied>vannusRissoleCowitch</bahtGoafBusied>
      </squillAvailed>
    </bonnets>
    <flaxenLogwaysImi>
      <mixableBolti>galette25</mixableBolti>
      <fulvousAntdom>
        <nitosLimuli>perseTankardBuenos</nitosLimuli>
      </fulvousAntdom>
      <swaysGlommed taipans="7" miliolaZambalUpgrow="94317" unfaintUnboneDlr="tercine2" flavorsNeeFleeing="sachems">
        <lacings>800379</lacings>
      </swaysGlommed>
    </flaxenLogwaysImi>
    <vent>
      <rhineGrant>744</rhineGrant>
      <warlNookPenmen>
        <penalSwamiRemeant>albynBoxlikeReet</penalSwamiRemeant>
      </warlNookPenmen>
      <jilting>
        <mumpersYousParilia>balunDyspnea</mumpersYousParilia>
      </jilting>
      <sniff spirane="unquertLoftsDescant" binodalPlimsol="535144">
        <jebels>caelum</jebels>
      </sniff>
      <topsoil tarauMoud="viagramEdictsLurched">
        <gahniteBavianBugbite>leghornSurreal</gahniteBavianBugbite>
      </topsoil>
      <maxixeDundee lowanceCacur="toryfyAurinFibril" wirewayPresterFlung="duykerShiversSuburbs7">
        <dominieKapur>quinet</dominieKapur>
      </maxixeDundee>
      <readers crepyFlyboy="stud" ahuacaCrated="coutersBinmen" coteen="saraadCeruse">
        <lilaBusherTopful>usneasLiaisonLineal1</lilaBusherTopful>
      </readers>
      <tingeRenig merida="7086" alboin="attPropaneParises" patchedWaniandImbarn="heafTontoFaconne">
        <leviterOutbackWirr>pappierBalante</leviterOutbackWirr>
      </tingeRenig>
      <efecks pubsStinky="boyhood" tritonCoudTextus="electraHandcar" poets="138356" sumitroCaul="hoopmenBunnies">
        <miamiaNiris>nutriaPottageOblated</miamiaNiris>
      </efecks>
      <wolfman ecdysonVetoist="acetylCoracii" upblowMartletBoite="dynamo" hickorySayst="degumFlyblowCankers" rankingLaves="forests">
        <drat>jctBubos</drat>
      </wolfman>
      <ratherCabio>
        <adopter>emptiesDjelab5</adopter>
      </ratherCabio>
      <keelingBawra fizzers="offcutGentil" state="misled" shedim="42541518">
        <nimbosePeto>koller</nimbosePeto>
      </keelingBawra>
    </vent>
  </darky>
  <shermanFoolifyImam />
  <sillerEtrier ambayAcciteYigh="jarra" bittockReveler="inklingBilged" cherieHasletDollies="settled" geogonyWindows="kwanBracker" />
  <bastesCoveredThingal />
  <riflerBowboyShiksa beamsKeleh="reacted843" spiedKoswite="8885814" manseAngrierFrotted="gwyniadPeplosCawker" travelFannersBrahma="bassesHeatersAurene" />
  <screwMizarUrohyal hacksaw="bittier" marliteAiriest="85009165" />
  <vague peggleManwiseEmodin="herderLacunar" />
  <telangWeeders dartledMonghol="nerving" earlishIxtlesUnrich="roused94" chemmy="clippedAdenia">
    <advanceHethsCastro camb="drablerTomponChapmen" taitQuackyPreter="6822" tunnage="relatedEagless" freshedMidwise="456643" heelingBitersGrowler="dhurrie">
      <aromas>keupHalchMashy</aromas>
    </advanceHethsCastro>
    <behoveBooming detantBadgesPiddock="73" swiple="adipoid5" meowed="3986690">
      <weenieVexEjidos>inhold</weenieVexEjidos>
    </behoveBooming>
    <lazierExerce>
      <subsistMnageLully>candidsUndoers</subsistMnageLully>
    </lazierExerce>
    <guglio>
      <suitorPussies>769441</suitorPussies>
    </guglio>
    <bishopAguey lutfiskHotbox="sourdreNihilEyeing">
      <creasolAlchemRushier>743170</creasolAlchemRushier>
      <femininBarman posherWaheheToothed="bedeafMiddlerMeany">
        <bromian>janglesIgnobleQuelite</bromian>
      </femininBarman>
      <rhymicHobits talkingWhunQuasses="replowDefleaAconin" jabberFugard="aphriteKilom" canonicCladHellen="mutuum" fructusOrestes="282074">
        <passoutInheredEdifier>pollist</passoutInheredEdifier>
      </rhymicHobits>
      <pyralesSanjaksTuchuns uncomic="436799" witumkiWormils="dabihListers">
        <khudCosmism>skulksXanthidCoggie</khudCosmism>
      </pyralesSanjaksTuchuns>
      <bumpoffOveraweSonsier athymic="smithum" sericeaRimulaVeneris="aucanKadaga">
        <miaowed>crawsDecern1</miaowed>
      </bumpoffOveraweSonsier>
      <toiletNobel rollbarJarbirdNisi="volaticScarfy6" hangarsParserEntreat="76" urinoseUnhillyJhuria="cithrenPermianPerusal">
        <target>878596589</target>
      </toiletNobel>
      <reestNisaeanManway>
        <whatkin>seastarDozierHaggle9</whatkin>
      </reestNisaeanManway>
      <retialHosels chapper="squamae" buskedWireway="4624359" seemly="unheedy" uphroeMorindaAmah="fecitPacaDusks">
        <meumEvidentSfoot>dogshipChang</meumEvidentSfoot>
      </retialHosels>
    </bishopAguey>
    <suomicDevinctPablum angling="kofta" empall="bursterFlywireHod" rankettAwan="amalakaMulliteThund" cujGoomaVaganti="shluZiraMitring">
      <folkseyToitish>foredid</folkseyToitish>
      <fogdogsBeild>
        <baxtonePreloss>fenterKaffir</baxtonePreloss>
      </fogdogsBeild>
      <gibbing>
        <romeroEssene>syllabe</romeroEssene>
      </gibbing>
      <undressGunboat daphniaBenzoylQiviuts="puku" oreides="licornCalcite" agacesEarn="chiviedResifts">
        <kelchynSafavi>earlsNagari</kelchynSafavi>
      </undressGunboat>
      <costarsTibby hardlyEnajim="163176" rondleSorbedAecidia="arnoldPreideaAbusers">
        <rougingAvoke>operantHumped</rougingAvoke>
      </costarsTibby>
      <yummierGammick amicesMayhemsPalau="runsyOnoOrbate" puritan="2911431" deviateHeftier="tunersBunning">
        <brisklyScian>9</brisklyScian>
      </yummierGammick>
      <sunfastBlared rubricBedsitAswirl="dwining" cocoach="mylarTheroidSpikers" baldwinTepa="spares">
        <earl>detach</earl>
      </sunfastBlared>
      <orewood novale="fissuraPayolaSpeirs" buriti="khalifaAwaitsJostle">
        <grower>257431800</grower>
      </orewood>
      <whunRaidsBarmen tettish="cholee">
        <deridesSpeen>122627</deridesSpeen>
      </whunRaidsBarmen>
      <diabolo bassingGumlikeBaniya="diptycaApogaic" boogieUrucuAdmove="pregainAutumnsBismar" ikhwanBolting="rassasyMickler202" gharryHamaul="90767952">
        <abiezer>lardonsWilletMomism816</abiezer>
      </diabolo>
      <ankletBolesTas orphreyCyanineKnotter="shaleeTarresForearm" selloutAlgosisPassage="koels">
        <ardellaAuditedDrupes>clava</ardellaAuditedDrupes>
      </ankletBolesTas>
      <oredNugget lauds="lairing" legallyZairesCookers="zapsToms" masham="93478518" hestSlicingMaja="noeticMono3">
        <alids>2787341</alids>
      </oredNugget>
      <disgust>
        <hoof>colauxeEarworm21</hoof>
      </disgust>
      <dravida nullifyCabasQuatuor="12">
        <shelled>9</shelled>
      </dravida>
    </suomicDevinctPablum>
    <melasLactoseDocquet>
      <trampleShally>neogamyHelixinOpalish</trampleShally>
    </melasLactoseDocquet>
    <resink>
      <asakLaund>thrawed1102</asakLaund>
      <ragee>
        <almohadRegius>unlightPhrasalCoraise</almohadRegius>
      </ragee>
      <beknaveMantapaLatosol imbalmsSwagsGlucid="wistedWrig5677">
        <hukeResins>zoccoloPumping52</hukeResins>
      </beknaveMantapaLatosol>
      <meatierCopyboy mutYounkerRinged="kraversGroom">
        <swedru>sodioTichelInstamp</swedru>
      </meatierCopyboy>
      <maddockJibstay kakapoElapids="fritCenses1790">
        <raconKoftgar>lutrinMaftirsTangram</raconKoftgar>
      </maddockJibstay>
      <macabi pax="55233">
        <stamped>baidakAnnatesGlutens86</stamped>
      </macabi>
      <doocotPonzite hotdogs="arcual" quidsHemagogShamba="unformPuling" resider="200044">
        <hookey>twibilsCucurb</hookey>
      </doocotPonzite>
      <forel tunned="aurigalExogyraChaoua598">
        <drawboyYiltMismade>4181108</drawboyYiltMismade>
      </forel>
      <evelineTicca oraAgreerAbraxas="331" asialiaRestack="94816">
        <nydia>diskerSlide</nydia>
      </evelineTicca>
      <flathe arroyo="jotasEnleaf65" ionium="shinto" bolk="bazigar" nubbins="rebatoSaute">
        <unfreeModist>alisierNebulae2968</unfreeModist>
      </flathe>
      <huashi>
        <pilers>wiredToftmen</pilers>
      </huashi>
      <busboy cedrineAuraCafila="audionLangretSkeely" domainsThonga="koumysAmmi3">
        <zygnema>nadirsOtotomy</zygnema>
      </busboy>
      <mikieLogjam jarvisDaying="outwindEtamin" unsavorFallacePurl="chunkedSheensWitoto" taivertPicaro="ribless" wharfieUmpyHypoth="skinch2">
        <pennonsStyloidTerbia>4313</pennonsStyloidTerbia>
      </mikieLogjam>
      <futtahOutroop rebrushSubcity="aulic" brogued="tulip" wuzzledDuckery="17889689">
        <romanoRomaicBurled>pachyma</romanoRomaicBurled>
      </futtahOutroop>
      <kibla califs="carbyl8" okrugZareebaSwells="hiroDecline69" icemanMockfulMangeao="slowupTundishAface">
        <hoyleVigor>plaidDrupes</hoyleVigor>
      </kibla>
      <trionyx kischenDelves="osirianTystie4" joinPaganry="malmsSculkIons">
        <nixedBlare>damp</nixedBlare>
      </trionyx>
    </resink>
    <golfer>
      <offendsAsylaPentice>trilite</offendsAsylaPentice>
    </golfer>
    <duodial>
      <wottedChuje>podura</wottedChuje>
    </duodial>
    <okia mimicry="99930" firepanSlippedArchsee="pullus" estrayShamir="amianthBiggityCardel" barbero="ugandaPaopao" bundoc="4963">
      <cyanose>renette</cyanose>
    </okia>
    <twatsEgypt avidBeetledDohter="myosinsWinonaPetful" allene="furmityLauric">
      <gledge>289238128</gledge>
    </twatsEgypt>
    <peachVeadarAnelace>
      <epopeeTroverSheely>eagle</epopeeTroverSheely>
      <streeksDiffuseShe>
        <inferno>dorbelCough</inferno>
      </streeksDiffuseShe>
      <flemTriops>
        <aneled>banteryBarsLope</aneled>
      </flemTriops>
      <ungumRolloutGheleem brecham="sorned8">
        <imamate>amasta</imamate>
      </ungumRolloutGheleem>
      <oarlessGaddish hastyAidable="31423968" nexumCackledCoelect="93993470" cottonyBasters="203278" pochaySwelter="grebesKelpingGrimed">
        <malouah>hylaAzotiteRevisit</malouah>
      </oarlessGaddish>
      <enmew storaxDusted="galcha" watapsMucopusInfund="gig" sendeeKhakhamVoices="upcasts" puliol="mascotsGuglio">
        <deckers>laicalDuramen</deckers>
      </enmew>
    </peachVeadarAnelace>
    <abstrPecht boff="unbears" mennuetLynchet="2676401" dueling="kylikes" niepaJoulChitter="rillyDabbingThank">
      <rougingCamery>2424</rougingCamery>
    </abstrPecht>
    <traSwarveBacury xylenylVaunceMammas="7341094">
      <bukshiKvint>swerdIvyweedUncoly7</bukshiKvint>
      <saveyHelvineWheep geste="pittineLevyneArmures" orationHenceSperse="grazierVervain" tinters="calpacs">
        <duel>unlivedGlobFortlet</duel>
      </saveyHelvineWheep>
      <miqraPiggie>
        <ultimoTunis>944807423</ultimoTunis>
      </miqraPiggie>
      <gyne ladinosHirer="angelusDamselsGerman" caustic="resetSnoga" fyke="parra512">
        <spadgerBadly>quakersMaughtGauzily</spadgerBadly>
      </gyne>
      <amdahlWarlock louvers="866" cycloidAigret="37639">
        <anyhowWulder>zeugmasAripple</anyhowWulder>
      </amdahlWarlock>
    </traSwarveBacury>
    <oxozone>
      <fondoukDelver>bajoireRealmWheal</fondoukDelver>
    </oxozone>
    <rettoryModist>
      <ellanBivane>wrensCoendou5559</ellanBivane>
    </rettoryModist>
    <mustily>
      <saversZymicPiazzas>566392</saversZymicPiazzas>
      <phrasal skitingPterins="shottyMoseys" edpRetypedOzonid="bidentMettledIos" pltanoDynamis="gestor" bobbleSarif="sharpRyesFrogged">
        <lokeFagelia>refloatAcrisiaMatured</lokeFagelia>
      </phrasal>
      <messtinBeancod>
        <dermAmygdal>uploomWjc</dermAmygdal>
      </messtinBeancod>
      <gloutedHemic>
        <leilaSmoggyLeakers>worming282</leilaSmoggyLeakers>
      </gloutedHemic>
      <hohePrefillCritism stampedFang="cucuyLucanid">
        <alcaicsAccompt>proversPausingCasavas</alcaicsAccompt>
      </hohePrefillCritism>
      <phanar jaggaryAntenorScaleni="wevetEmanantGauffre" corporaCalvinBraza="vagant" wawledCents="khuCrooks">
        <splices>buds</splices>
      </phanar>
      <acnodalCalecheRomaunt vaunceHemodiaGibier="siam" facetedPapelonAmoraic="khasaTelegasFud80" twintTonnage="quiapoYonner5617">
        <withset>vanceHainCandor</withset>
      </acnodalCalecheRomaunt>
      <annuent recede="pyransAnjou" weliAcamar="frowerCunanBeriber" japKerugma="jihadBoothes">
        <cytozoaGuid>urningVinterZoona3</cytozoaGuid>
      </annuent>
      <renege>
        <framers>aglareLetchNori</framers>
      </renege>
      <pits turgoidMaars="hyoidanGothish">
        <saughEsprise>deroFaughArches</saughEsprise>
      </pits>
      <loafSjaakWaratah arylErnst="cochServerLile">
        <reland>48232451</reland>
      </loafSjaakWaratah>
    </mustily>
    <obdtAmora>
      <bebrush>ramets6346</bebrush>
    </obdtAmora>
    <guarapoPeridiaChagga>
      <clutter>pigsneyElbert</clutter>
    </guarapoPeridiaChagga>
  </telangWeeders>
  <annuaryTuskedLodger vailsOuteat="76496" conantIrenaOssicle="toyer" operose="3973325" />
</couperProof>