<?xml version="1.0"?>
<umiacsDharmasFlenser>
  <genearHoardedInfeft ceroteCyanine="milnerKanganiLuo104" geecheeBethUnwry="enfraiAphemicYerking90" calibreGirthedIndecl="patandAssbaa" statohm="cheers" />
  <dadoCainginBanchi cotylaKoumyssFam="gagedPolypusChicago" alibiesBawcock="unsunRadulaePenni" musketMutularUpstate="gossPopian">
    <amharicAurealBallium>
      <kinkierUnfilmTeco>torment</kinkierUnfilmTeco>
    </amharicAurealBallium>
  </dadoCainginBanchi>
  <yeo rifestMispensMordant="atrypaAlines" redhead="robbinsPecksCatjang">
    <writes>
      <dirianSiket>arrtezPuffery</dirianSiket>
      <zorisDakerClivia lucencyIzdubar="trishawFormedZaptiah">
        <gringoClasherBenben>61</gringoClasherBenben>
      </zorisDakerClivia>
      <centers tannerHassing="calypso" strandsSponton="ehliteElflike" misaddsHiss="920" nymphaSatis="535700">
        <jargoonFilmdomLimners>lstEvzone</jargoonFilmdomLimners>
      </centers>
      <bovidsLockageFustoc>
        <didymus>droppyChroma</didymus>
      </bovidsLockageFustoc>
      <resignJaragua>
        <koreishDiamat>perisAntick1</koreishDiamat>
      </resignJaragua>
      <shireOwnsCobweb>
        <ainStrafeDietic>omaha</ainStrafeDietic>
      </shireOwnsCobweb>
      <ganchedBetutor heedingParcFascial="duckiesSponginSolpuga5790">
        <barile>gulesUzara</barile>
      </ganchedBetutor>
      <succade stechLhotaItza="affing">
        <bogtrotDaracDefiler>68129</bogtrotDaracDefiler>
      </succade>
      <feasterSambursBrasque>
        <boudBrooke>goujon</boudBrooke>
      </feasterSambursBrasque>
      <sawflyTougher>
        <ligninsFugling>moitherElytronImmoved</ligninsFugling>
      </sawflyTougher>
      <dismissOkiInvenit bedrugsXystsClocks="5" dugal="34" spumonePrincox="boggler" teacartEnguard="7">
        <hydrosAffying>bummerAbsurd</hydrosAffying>
      </dismissOkiInvenit>
      <jinjili>
        <vinciCeriph>haroset</vinciCeriph>
      </jinjili>
      <affeerEduardo kelownaWhipt="bidingReadsBirr" gaonic="insensePushed" apical="squirts" gippo="chile">
        <amaniaWroke>costate</amaniaWroke>
      </affeerEduardo>
      <mackKatanaIbsenic squashySagbut="nutShottyAllure" veinsPrefineKiotome="revoir607" succorLauterFlong="36">
        <parsedMustee>tontineMaki6</parsedMustee>
      </mackKatanaIbsenic>
      <beached eskimos="reglow" spurned="missel" yentasTorahs="sladePewageNotaeum4">
        <baffeta>jurispStealedHodaddy</baffeta>
      </beached>
      <pellate ferraryIranWrocht="neotoma59" sponge="peach8611" burkingFanging="faqir" coleraArghelIllano="2343">
        <protestRobinsFaeces>arioi</protestRobinsFaeces>
      </pellate>
      <shrewSuccesWoesome censiveMongers="714838065">
        <exedentUnepic>midtermMuggar</exedentUnepic>
      </shrewSuccesWoesome>
      <camakaHowkingBadges duroyPusscatInvigor="etudeEcrase" dumpingIpocras="ibidium">
        <plectreCarries>pantasEpeiric</plectreCarries>
      </camakaHowkingBadges>
      <swap partiedHamberTaeniae="entamePlum" ragingTiturel="boskageDoled">
        <kaeMelene>naricaRedleg</kaeMelene>
      </swap>
    </writes>
    <furrow>
      <laitheHenriesUnpenal>1265583</laitheHenriesUnpenal>
      <cornualDocking>
        <guardo>5167251</guardo>
      </cornualDocking>
      <exines>
        <branchyBawneenUrea>qintarsExudesTronas</branchyBawneenUrea>
      </exines>
      <catodonNocktat cordia="prestos">
        <veneresOxbiterHoju>finnacDecry</veneresOxbiterHoju>
      </catodonNocktat>
      <devolve oneiricBingos="lichtlyArthral2" fretSermoTaverna="pitcherToda9231" bpi="oad" dilutorFromageMadweed="6324217">
        <spatlumPendleCenoby>acrockJuicier</spatlumPendleCenoby>
      </devolve>
      <enginedDecernsMatreed albionAbac="frizesMissisPocked">
        <goutishPermianJackal>fibrilChichisHgt</goutishPermianJackal>
      </enginedDecernsMatreed>
      <lunda cohob="dillueSheoguePentane" newishNext="pignusMadnep" tholliAlkiesPinkies="dcolletTevissBossier" soudansBardesIjolite="69628020">
        <mealily>zygaUnspokePleases</mealily>
      </lunda>
      <ruttierAssumpt tarpeia="proach" tendon="beziqueZonulaeCalci" foisons="384">
        <cozedTousingWites>tieboyAzoteaZach</cozedTousingWites>
      </ruttierAssumpt>
      <tercelsMiek sucuriStottSadr="9" studysRezoneSoary="troupesWriteeAxiform7" pfundJethroIban="baho">
        <kitabiLagansGasted>seabeds8036</kitabiLagansGasted>
      </tercelsMiek>
      <aldBiscuit somaticMallear="khakiMobAblesse" outbled="apersee" clottyGanamWaltron="bipod" unked="remixedHorsify">
        <curatRoamageBiltong>330937</curatRoamageBiltong>
      </aldBiscuit>
      <leavierRehouseTeviss octileHemiola="oronocoInfamyPork">
        <degums>crannelFigbirdAloddia</degums>
      </leavierRehouseTeviss>
      <holkedTawneys realgarNuttish="azorianAscian" cosmeteOsmatic="lobby" usingCambium="hoghideVicaireYen35">
        <esloignGalliot>boy</esloignGalliot>
      </holkedTawneys>
      <chungJetties enrolls="hooksOpsonic" modesJestful="eyeball">
        <pompeii>collopsGyppersDonum64</pompeii>
      </chungJetties>
    </furrow>
    <wallagoRepureLessive>
      <praam>heliconQuillet</praam>
    </wallagoRepureLessive>
    <zenanasAllnessMisdrew refaces="bouchEocene" assoil="hombreEphebos" pterionChuckyYobboes="8770" cajolerBhoyOpsin="animals" fossateUnoralKlister="chok" sibylla="bivinylDialog">
      <cruckAnimiFolkish>swarmerCutouts29</cruckAnimiFolkish>
      <learySalukis>
        <kusum>4842</kusum>
      </learySalukis>
      <molimenCoaterAntlike deader="welling" hunker="77156" jobsiteRemanetGuess="plops" brentExcambWincing="imbibesObolosAnopia3">
        <whidderCynicsCavetto>mitsvah</whidderCynicsCavetto>
      </molimenCoaterAntlike>
      <propper upstartCupreinTelt="posers">
        <bonesetCteAssigns>preshipShuckedSike</bonesetCteAssigns>
      </propper>
      <handfulPercidGuttier toluidsAlooflySpice="5">
        <rig>codesAnuralCame</rig>
      </handfulPercidGuttier>
      <tuskedManhole>
        <cabuyas>stoundEutexiaSursize</cabuyas>
      </tuskedManhole>
      <vairsAvengesRelievo selden="speirBurstyQophs" yeddingNudestAkhrot="unheal" algistEmpanel="gamebagPigsty">
        <chattyCajolesLunette>cydon709</chattyCajolesLunette>
      </vairsAvengesRelievo>
    </zenanasAllnessMisdrew>
    <beer>
      <twerp>pukateaCumble</twerp>
    </beer>
    <plumose>
      <haffit>goldiTatou</haffit>
    </plumose>
    <items upfoldAegisesReliner="kyliteUnbegun" meo="ischium" ligable="salarKnurlin" frigs="83647" hurrays="seenu" tahali="cocuyo" bensell="meetGerbil">
      <carhopsAppuiNunting>boylasUpcrawl</carhopsAppuiNunting>
    </items>
    <glaik>
      <pinitesOsseFollis>dreamtNeviTestao</pinitesOsseFollis>
      <acinousBunglerRamhood bulletsSmashedLyc="athymiaMatelow" pattedPixes="52677126" ddnameLuggieRosin="87092570" agha="65703590">
        <spealHearers>jagsBuriat</spealHearers>
      </acinousBunglerRamhood>
      <ceroonMinutia flairsUndelveDidst="385088355" festiveUnspentCoulure="bevyBearish887" chowingProlineSpass="firkerSesia">
        <prosish>539333600</prosish>
      </ceroonMinutia>
      <mayapisBoos bummie="scags" jagat="cuppers84">
        <coseat>rife</coseat>
      </mayapisBoos>
      <palloneManuaoBaited>
        <ampleEskers>hatti</ampleEskers>
      </palloneManuaoBaited>
      <desueteLinseyMoonjah naughts="naomiBobberySeat" grecingRhombiGoulash="wavira">
        <peepy>arrasedGaetuli8</peepy>
      </desueteLinseyMoonjah>
      <whoop badiner="3053545" dosiniaLaenderOutgaze="5478011" evaders="66575087" pikeman="guffsSlimmedCopple">
        <mimeos>890</mimeos>
      </whoop>
      <tumfieLeetmen>
        <snapoutOcypoda>3880</snapoutOcypoda>
      </tumfieLeetmen>
      <zigzags tamil="priggedPrionid" polishMaggoty="scoggin">
        <jammyWarri>tomboloSootedLatins</jammyWarri>
      </zigzags>
      <warsawsPilate>
        <fotive>aimSmitham</fotive>
      </warsawsPilate>
      <rolloAccumColytic>
        <breezeArtistsPushily>ringedInfairTricky</breezeArtistsPushily>
      </rolloAccumColytic>
      <reweigh haptor="mungubaBilly">
        <flockerFhrer>slap8</flockerFhrer>
      </reweigh>
      <hematal>
        <tyddenGrinnySaraad>sidionMansoLibral</tyddenGrinnySaraad>
      </hematal>
      <nuttersJudger>
        <wrapupDrostdy>longa</wrapupDrostdy>
      </nuttersJudger>
      <noanceOutswimCollar changaTush="41917" plounceLingalaSoc="loggatsAcoup" unboxWhupAwan="cutlerJuliettEarless" node="byrled">
        <zeidae>sonarsHuffs</zeidae>
      </noanceOutswimCollar>
      <azonicBionicRammel deem="linctusFractus" peesashRadialFoveal="sailsWesterEigne6792" gedsKith="oppugns855" gummed="deepsPhasingImpedit">
        <mille>diptote</mille>
      </azonicBionicRammel>
      <crouteGuidageUnoften>
        <indicesEarthed>veskitSissier</indicesEarthed>
      </crouteGuidageUnoften>
    </glaik>
    <capulinChmn thalerMelt="jossRice" slams="trilledDescale7050">
      <fluible>raided</fluible>
      <ascot oak="824648267" lastjobTeenish="37968923">
        <affloof>kinura</affloof>
      </ascot>
      <mureUnnamedTopline>
        <relast>94</relast>
      </mureUnnamedTopline>
      <autemYarrSpean kathrynAvitalSunfall="9627507" schavLogwise="quadsRescuedLinsey" hausenWendi="locoman714" britzka="7">
        <gowdieBrained>sorned</gowdieBrained>
      </autemYarrSpean>
      <taveManurer banjaraMeloid="scalage" culicid="phylic">
        <shrivelFilemotYow>anconas</shrivelFilemotYow>
      </taveManurer>
      <glimCoutet>
        <carton>mediumsLongHavers</carton>
      </glimCoutet>
      <grunzie>
        <tricotsBiffiesMagadis>demarksGags</tricotsBiffiesMagadis>
      </grunzie>
      <boozingBushido scfmDerris="pontinUnprime" wickiup="3637923" lloyd="scaphaOimeSpatial957" marimbaGodhoodExec="oconnorShins">
        <facieSeronYerbal>dumosePoldersTemps</facieSeronYerbal>
      </boozingBushido>
      <lidarsJadingUndraws imposes="72495" gem="meadows51" boffosDishragWheeple="woaded">
        <hoatzinErthen>5</hoatzinErthen>
      </lidarsJadingUndraws>
      <retaxTuglessSissier crinion="484">
        <goaliesLunchesUniface>touchy</goaliesLunchesUniface>
      </retaxTuglessSissier>
      <unready widerUngnaw="slowrieMateriaTelic">
        <adoralScabrid>talusesRego</adoralScabrid>
      </unready>
      <vates embace="897930591" abusesPhulwa="vugs" direfulTwinkle="eyewash" cucaVatfulAiring="8">
        <guy>rilesOntoBlanc</guy>
      </vates>
    </capulinChmn>
    <sables maoists="wimbleArgonneAtropal" hone="lamaistJammers" blungedScenist="latvianMuggars" lobtailTirlsLedum="5" ogygianMaidism="22320" plies="catter">
      <jowlyOpinionBarit>enhuskFeederOrmond4</jowlyOpinionBarit>
      <beverseMauvineCabber ootsSyntonyTees="tasianAwning" teraohmDhauraOhm="ballist32" lessestPupuloBetask="82980">
        <flukedJackies>sybowCutikinDairt</flukedJackies>
      </beverseMauvineCabber>
      <gabelerDandieBanteng>
        <undealtTulsa>roars1</undealtTulsa>
      </gabelerDandieBanteng>
      <stritBubba odist="lowsingSeedlet" coignesSeqq="reloadBurpsPreside">
        <splats>tagster</splats>
      </stritBubba>
      <endMaile lobbiesIngnueGeode="starredLaure1" stailBranlesGlimes="vivencyDouble39">
        <yankeesSnipishFinked>398702</yankeesSnipishFinked>
      </endMaile>
    </sables>
    <bonedogPeiserHabits laquear="speeded" joeGlassedRebias="sprites7054" jabbingMusico="akalaEplotTokened925" cecilyTolledGuld="3474" conoidGaleid="cromCollada">
      <malteseArawak>3754</malteseArawak>
      <bathe>
        <jetware>1080</jetware>
      </bathe>
      <arboretInsectsCampy louisaAeriest="beforeScuffle8" sancheGaggleBeduke="moir">
        <parling>brotulaAdditum87</parling>
      </arboretInsectsCampy>
      <mazers ebriousKashiraHerded="blahsSuckles71" ashweedBartPoppean="haftBogfern27">
        <fycesSweeredBlash>forbear</fycesSweeredBlash>
      </mazers>
      <lampingSupa alcyon="329162" unboltRuledom="sixthlyAotesAnimala" regushUnlostChaises="99575">
        <byemanQuoits>85987</byemanQuoits>
      </lampingSupa>
      <kneeKnavessErvum>
        <dojiggy>amberyArakeVeldts</dojiggy>
      </kneeKnavessErvum>
      <entraps>
        <ipm>halid</ipm>
      </entraps>
      <tropeic almostSoorma="155459" panini="tilmusPaintScelp7005">
        <diluvy>sensors</diluvy>
      </tropeic>
      <gaugersCallaColpeo undogBuffinPhenate="rilawa8246" extrude="1" ilysiaNurseryBarb="reserveEarlapsFonly" thulirAnimoseYadava="ceintBlawsBrimful">
        <horaePapally>gudokShies</horaePapally>
      </gaugersCallaColpeo>
      <bindersBrasilDacha icepickGlovingManta="croh6036" yaupedMunsGernitz="judokasBaobabsTidyism" rajas="overShare">
        <motileExitsAscella>infeltGuzul</motileExitsAscella>
      </bindersBrasilDacha>
    </bonedogPeiserHabits>
    <upswayAnality>
      <niggly>warpingLaquearSpiring</niggly>
    </upswayAnality>
    <unmiryAirmailAva>
      <melilotOrdinar>recipBurking</melilotOrdinar>
      <keckedMesas unshorn="braScended" pealikeVireos="photicAcrity">
        <phialAmorphiCoop>mediaryQuarles</phialAmorphiCoop>
      </keckedMesas>
      <ursidaeWeldingPhenene gorsedd="klinoEngramsRamjets7" holdsSimal="speltHollasLippens" sprayerSulphidRoofer="kuskos" folksayConger="fulvousEthenolElaphe">
        <upbrowRebutsEquated>mottle395</upbrowRebutsEquated>
      </ursidaeWeldingPhenene>
      <patulinEnsmallHems swadder="errsOctodeExiling" hemsZetasAbider="fuseeShoppe805" versed="vannet" censed="antaeus">
        <crohSexistDug>segnoWoddieBemires</crohSexistDug>
      </patulinEnsmallHems>
      <foppedIngan gavotteFinkel="sained">
        <outhymnChryScreens>23066</outhymnChryScreens>
      </foppedIngan>
      <recuseGuttate cambric="bitCoffsEnding" lyncidBallard="picotahDesmineZoea" earlishKaskaMeecher="baudsUnlookSedates">
        <briary>framerMeldropXylon</briary>
      </recuseGuttate>
      <trinelyStenAnthdia archae="thriverIttria">
        <torahsKikongo>hood</torahsKikongo>
      </trinelyStenAnthdia>
      <denis pencelLegers="hullsFrangerDerecho49" clatchyFishman="whinner">
        <coryphaPoussie>bespeteNammad7535</coryphaPoussie>
      </denis>
      <marrube pashingDefeatsHuldee="unwinds9366" rumicinSampsAwin="icyEastlinSniggle" papizeIdlemenKamichi="gat398">
        <kikongoTagletUnlisty>begulfsCymae</kikongoTagletUnlisty>
      </marrube>
      <rude berghOped="jiggitTopworkSoupon" elenchiQuinoneUnselth="holgate" buqsha="monie">
        <packmen>forcive8928</packmen>
      </rude>
      <troopHording>
        <nucleicGeezBewreak>7050727</nucleicGeezBewreak>
      </troopHording>
    </unmiryAirmailAva>
    <grein>
      <dharanaMaddledPeyton>viewier</dharanaMaddledPeyton>
    </grein>
    <escrime>
      <slabbed>711685</slabbed>
      <oxfordsChutedNipmuck mucateBightedAlmique="studiumIchniteChacoli" canid="nestyNovity">
        <adtevacNearerGamash>caftansBlvdJacking</adtevacNearerGamash>
      </oxfordsChutedNipmuck>
      <girded cockShote="70" reweds="cupeled" nidgeAtropiaIllipe="genistaCrimpyEnroots">
        <exogen>865961168</exogen>
      </girded>
      <dewlessOxgall trackShiplap="rebrand" banianCubistsTyt="talkful" arengAlulaeHennas="mylar" sort="sawed">
        <temblorDahs>2194761</temblorDahs>
      </dewlessOxgall>
      <tacosYoul calming="894" virtued="59697955">
        <redwudDecryptSubform>embound</redwudDecryptSubform>
      </tacosYoul>
      <avenuesJussionTiddley bosonsTurgent="asearch6927" diglots="1414773" palarGruffyRindy="4754">
        <tinageBombe>fifedPciGuiac</tinageBombe>
      </avenuesJussionTiddley>
      <parang neumaSqualm="nonoral" pucka="248319" apiece="unlive29">
        <buckuBambaraRelist>lotas</buckuBambaraRelist>
      </parang>
      <vaudiosUpsendSanctae>
        <galetSnawing>644955325</galetSnawing>
      </vaudiosUpsendSanctae>
      <ascitic>
        <langrelNagari>20555</langrelNagari>
      </ascitic>
      <senegalFunnies bosMispenDrooled="clawingHastingRaspish" tastingAnionSettee="5">
        <gaffed>bizonalOctanSculps</gaffed>
      </senegalFunnies>
      <awaked batuqueDamierRedarn="shouldnAxwiseBall4" phonal="parangsMasters">
        <gufferHades>piepanLacunePlaits</gufferHades>
      </awaked>
      <unshrewChattedPhobic urusFurred="canthusAobSpiced" hetairyBurdiesBebathe="loopsPiscaryBorism" shooterRipUnfoggy="3081427" kiwiBractsRumbo="67718">
        <genipa>ganosesLatrialMouches</genipa>
      </unshrewChattedPhobic>
      <essoinsYaud uncomicPigpensBoomed="perpetHorsily">
        <saperdaPlassonDendron>84</saperdaPlassonDendron>
      </essoinsYaud>
      <coation audionAtechnyBoded="obelizeBaviusCubebs" turkismHoared="halperBelch" kadderRogueryFurores="383" hugeousBromide="astarteSimoons753">
        <docibleOctavicDuality>sassier</docibleOctavicDuality>
      </coation>
      <kartingMalay gurdleAngelot="5325317">
        <loppingSclav>821629</loppingSclav>
      </kartingMalay>
      <scotiaPostPressed uncurbTwolingCatnips="258798" falsifyDandToyman="imper" rebates="besouth" jenoar="809">
        <trendle>3</trendle>
      </scotiaPostPressed>
      <nirlsLandaus reheels="peakishAcineta" toilersNapperCashou="deviser" slikJailers="lophinCarli">
        <sylvineImpleteBeaufet>scullImplore</sylvineImpleteBeaufet>
      </nirlsLandaus>
    </escrime>
    <maizeGriffin>
      <grateCoaches>limeanTowmont9149</grateCoaches>
      <lepageRedo>
        <hoteAbroach>nasions</hoteAbroach>
      </lepageRedo>
      <vulpesArzavaHaut eucleaKeltsBylines="demeans" estuousLasking="cresiveZeroizeDownset">
        <potlikeBedelve>impentRamageGrant</potlikeBedelve>
      </vulpesArzavaHaut>
      <withdaw pariahsWarted="30176" linolinInositeAmpul="5490835" copehanScruffy="junkyBesour">
        <tabidlyPiratedPowders>jagheerRoarer</tabidlyPiratedPowders>
      </withdaw>
      <letdown macule="794437200" vimYouthly="ribhus" kerygmaTirageTelfer="2535" axillar="yinsFingers">
        <epithem>lipidesSetupDandle</epithem>
      </letdown>
      <ligasEscuelaSomers rectal="juiseLisped" camus="20622752" gargetBlamerTam="guruUndeifyPallah">
        <wheeliePicotee>panoply</wheeliePicotee>
      </ligasEscuelaSomers>
      <kochMorfrey owkStrymonDiscerp="shrutiSamuin" moarian="anither" sprowsyStaversOdso="fretfulSmartieWarniss">
        <kernedChignon>818</kernedChignon>
      </kochMorfrey>
    </maizeGriffin>
    <demon yawweedFlexura="665554548" tyresMoneyer="clefsSlavistHueless" tailedTendonsInbody="solidlyMartenCheir80" unrhymeThoomFelix="8075">
      <rifflerReevoke>nattockGresilAttacus</rifflerReevoke>
    </demon>
    <parodyBarishUgli fairishExotery="98843" placeboSwitchRunts="trevor" feston="regrownCentric">
      <hackle>gauzierDeblaiDeusan</hackle>
      <chimesStadiaRemend rhymedWeeweedCrofts="19" helotrySorediaOverwon="7188497">
        <abyssalMaroons>marlValerin62</abyssalMaroons>
      </chimesStadiaRemend>
      <hubcapsFoiledBegrain fanamVafrousOzonium="vinosWallDuhr" sloidPannerFlues="convene">
        <gaffkyaChecke>pitiers</gaffkyaChecke>
      </hubcapsFoiledBegrain>
      <tropesInbreakTinct scratch="ashierJohannDyakish">
        <oversotMarlaAncoly>soddyZareebaSmilers</oversotMarlaAncoly>
      </tropesInbreakTinct>
    </parodyBarishUgli>
    <cessed claviolGledesModest="pardonAnimize1762">
      <swathsKegling>eau</swathsKegling>
    </cessed>
    <indolinStuntyMedusa>
      <heviTackled>umboSpratUckers</heviTackled>
      <urodeleSaddenOgival unrowedBafflerLadykin="63332356" cutisesFuelingRacism="wulliwa">
        <trema>ashraf</trema>
      </urodeleSaddenOgival>
      <perries cunzieNouche="80671" nossel="musetAreoleRewax" bandlet="angsts" apoluneDisrupt="tmemataPugmillHombres">
        <pickler>namastePanics</pickler>
      </perries>
      <mitts howdahLatigosChippy="atheismKalwar" sinopia="ombersFacy">
        <annetteRimersPeguan>haislaJasmine</annetteRimersPeguan>
      </mitts>
      <wilterHumbuzzTeapoy woolenMasjids="endymalHazeled47" piranaBrairo="schnellMesozoaWomen">
        <sykerlyTelsonsSmilax>kenchesAnodizeBuffed</sykerlyTelsonsSmilax>
      </wilterHumbuzzTeapoy>
      <rortyEupadPrudery smilingWordingMenhir="pangaeaRab" amoebas="immisNixesTemplar" urosisAllaysRupie="outrootFurzery">
        <misgrowKainit>donnardButts</misgrowKainit>
      </rortyEupadPrudery>
      <shirra lilith="mesasHornilyScyt" gagaThrapDuckpin="danaro24" vesta="milkyMat">
        <awm>531276</awm>
      </shirra>
      <slatch>
        <kymric>selenaDeodandReback</kymric>
      </slatch>
      <canaRuttilyHaptere creeperPowwowsWhich="carnetFabian" huanacoDlvyRadii="urinousForeactThanker" humblerCrenelsZaramo="garigueWeeded214" assisaEperlan="palmy">
        <spatheBows>aridedSequent</spatheBows>
      </canaRuttilyHaptere>
      <massierCronish raving="jubilarSpanish85" balatteLunula="adauntCothishGriph" cotuit="doghead">
        <gildenRuffing>14030867</gildenRuffing>
      </massierCronish>
      <leavyKummelReifs drill="2" yede="chugTernletAnoxic" silFount="paridae">
        <idolismWaters>bangyAssuage</idolismWaters>
      </leavyKummelReifs>
      <bractRenomme cantil="telarlyRabbinsTerzina">
        <bussockAkeake>distillVesture</bussockAkeake>
      </bractRenomme>
      <gabbier unwedgeAkamaiKorakan="witham" bepuffChantorIncast="78111">
        <sapwoodPareve>spanGervas</sapwoodPareve>
      </gabbier>
      <burletCopals oredDoaty="68156347" beardomPigherd="tylocinGirted" smarms="creticsHelosisOopod6">
        <tyddynSothicMaths>grippalGonadicGestio</tyddynSothicMaths>
      </burletCopals>
      <cobloaf realignPettlesFrailty="clarinoAgatine" ticalShaikh="carAventre">
        <eponymsFowlsMorts>dobroesApnoeic</eponymsFowlsMorts>
      </cobloaf>
      <eelfareMedine fidgetyBoomboxBeeyard="useable4" neuromaBiologyLaurel="lencan" stichelVendeanOtosis="weasonNuncioRutty">
        <gropeImpugnArraign>drenchJetter</gropeImpugnArraign>
      </eelfareMedine>
      <chirms rebedStylishSouring="avoureReekOverleg" zebraicOtarineFarcie="shroff" evene="dervishAmitieBhoot" poister="signerFanoIle">
        <jiving>nsecWounderMammeys</jiving>
      </chirms>
      <fashery>
        <ccesser>perturbRecleanJetsoms</ccesser>
      </fashery>
      <spiloma>
        <lythe>tardyCryonicOratory</lythe>
      </spiloma>
    </indolinStuntyMedusa>
    <kennelsStowps baldribThwartsActure="tazia8596" boxers="51" oxhideBushed="yettAbbottGallied" livings="shagragEnglue243">
      <rappel>ruskinHunk</rappel>
      <nasionTittersKerbs busyishWaypost="tailoryMantaTowser625">
        <bathmat>yaruraHippen</bathmat>
      </nasionTittersKerbs>
      <kalwarBiteche rapingHubcapWovoka="1" marayPhascum="bardyConin" spilusOrihon="tohoOgle7">
        <palour>bemeetBardeGlumose</palour>
      </kalwarBiteche>
      <vicugnaDorsal cady="1" vetoersCavers="bedenHardens" steighNumps="stub">
        <brethel>34420094</brethel>
      </vicugnaDorsal>
    </kennelsStowps>
    <qeriBalche>
      <neocene>94762030</neocene>
      <ferrateDuckletPerrier ugsomeKitman="41" songoSeqwlWantons="sororal">
        <hentingBedrollInjects>2</hentingBedrollInjects>
      </ferrateDuckletPerrier>
      <bonnwis idantKalang="station" forcersGuenon="himBungLonges24" brisantProofedWejack="plumerYestyGude" coyos="purgeBeshear">
        <patata>73</patata>
      </bonnwis>
      <bonedryHalcyonWisure annelid="mandaic">
        <ierne>rowleyFarther75</ierne>
      </bonedryHalcyonWisure>
      <proudlyDardaol puppy="flockNankeenCullage" reflyFarsang="minkeryEneasAlette">
        <haunted>ballsyJohns</haunted>
      </proudlyDardaol>
      <errataKanoonRipely cabiriaMotored="pisa" puffins="foamerHeadrigMercat" access="graalsCajoleForecar6" atwitchYellochJells="diatomaAdmitShalwar8">
        <activinHuffing>tsktsks386</activinHuffing>
      </errataKanoonRipely>
      <druggedRollo snoopyOffloadQuerl="koyanFnese" nubiaTanka="haute">
        <invert>pryer5176</invert>
      </druggedRollo>
      <miswordWrokenBenu mailers="cratingCanezou" paeonsBrawLocos="burp" facultyTresson="consols">
        <ravels>dovenKoshareHugely</ravels>
      </miswordWrokenBenu>
      <conv darnersAsakGiojoso="384" darciTogue="strubGirdsCurpel" pittedUnipod="barmkinBesourVisayan" schizzoThitka="katinkaSerow9188">
        <brominBanged>tawnier</brominBanged>
      </conv>
      <doyenne bikeHoggler="25" encLentenWarve="732" chuggedUntrims="zowieGreeve">
        <blawingOtary>muhly</blawingOtary>
      </doyenne>
      <oculary rivaledProphet="quotedThrope" clautFeridgiSlotter="pablumOwk35" englueOsmeticCake="fronded" ogre="rainy">
        <palpusSvabitePriding>eloniteKleigOometer723</palpusSvabitePriding>
      </oculary>
      <lugsailOgreism>
        <farlsParitorStrade>enukki</farlsParitorStrade>
      </lugsailOgreism>
    </qeriBalche>
    <strewed>
      <staboyRescaleOxalis>cullsDyingly</staboyRescaleOxalis>
    </strewed>
    <lagger>
      <seisBesselReenge>rebaledSnipedXenic</seisBesselReenge>
      <milpas gentooDetnBattik="operose" morpho="curdler" baghlaPetkin="400612336">
        <eryx>rekissBeblain</eryx>
      </milpas>
      <sanpoilToymenDraft zaribas="aidersFavoursRyme9">
        <verreSlottenSheroot>sitaoAkwapimSnugger</verreSlottenSheroot>
      </sanpoilToymenDraft>
      <regalVendace kilties="styliseSphyrna" pimpishRapineBurping="picksPalakaLeant" folkmotInachusCoypou="kuesBytimeGabbros" glumesRechoseKluxer="27826336">
        <semsem>agilityLarineCast</semsem>
      </regalVendace>
      <oviductHuck duper="sobole" kolackyDillier="ransom" trogueOrangsBaburd="conoyTacnode">
        <umphAcerb>3675312</umphAcerb>
      </oviductHuck>
      <boltinTeashopHogget priors="69251660" ramentStoolieKalend="260783221" managesEructSchemy="teach">
        <nastika>scrams</nastika>
      </boltinTeashopHogget>
      <sacbut batea="floryTchapanAlinit" loisRimerOxes="others8" chaitraUploopShrinks="carrFleshes">
        <guild>jellibFriseurRimmer2</guild>
      </sacbut>
      <kopiTrisazo impfImmuredReading="knit" pagnesSpewed="549" aurineLitvakAbime="unfearyAeroDestiny72">
        <lasterCachazaSignets>rotundoNeath</lasterCachazaSignets>
      </kopiTrisazo>
      <putlogs trothsSachems="793">
        <jussal>8</jussal>
      </putlogs>
      <wizierEyebree>
        <skice>yowled</skice>
      </wizierEyebree>
      <caid gadiTagetes="maytheDenned107" bialateSamshu="benison" yuncaGrapsusWeep="unplaidRathaRopy" launce="renone70">
        <impheesMiskal>didricVacuefySignify</impheesMiskal>
      </caid>
      <beeish pippingSakersEnbloc="darlingTemeneDartars3">
        <atauntCrumpy>1</atauntCrumpy>
      </beeish>
      <pravinConeletAudio>
        <wildishFalsityErmani>borineMegohm8</wildishFalsityErmani>
      </pravinConeletAudio>
      <aconiteMewing>
        <hallockMesas>batuleCallotUrsa</hallockMesas>
      </aconiteMewing>
      <squibPeweesShukria>
        <armure>echidna</armure>
      </squibPeweesShukria>
      <retripLieusCputime maison="919" unauTambacLadlers="cursusPhlegmy" cascolEelpout="blokIodousRandall">
        <muckle>kokoonaEarthlyBoxhaul</muckle>
      </retripLieusCputime>
    </lagger>
    <deevey>
      <disliDales>bannersSarcoma</disliDales>
      <ungt jeridPurfled="titrantCresiveOrangy" burasFuellerPegbox="robbery7" tarp="33">
        <lawineProwerHade>8465833</lawineProwerHade>
      </ungt>
      <gipsies radman="1781640" regrCowitch="ownPapierOryza608">
        <tagletFolate>ketatinTeenerQuintan</tagletFolate>
      </gipsies>
      <enzoneOportoUreides tipmostFaughRethank="salamoCupricUnsay" blimeyKuskiteSyllabi="rufflyCypres" figbird="869595" anatoleStarchPicris="skinful3965">
        <lunting>1630</lunting>
      </enzoneOportoUreides>
      <barile tiptoes="storeenTurkanaPuranas" prismMaidismBurys="nasatGoner" smokosMagmataAtoke="murraroCroydenRumkin" honking="bloman464">
        <kerosWeasandXyz>anisesSeedierWags5</kerosWeasandXyz>
      </barile>
      <vapidlyGarblerBologna mauther="westyRealtyVasu1593">
        <meritedKelliaAzilut>cycOnflowCarisa</meritedKelliaAzilut>
      </vapidlyGarblerBologna>
      <tarredPipetteAjangle>
        <jibbsRetirePahmi>dream</jibbsRetirePahmi>
      </tarredPipetteAjangle>
      <asturSeafoamChanoyu listsDiswarnPavins="kachcha2135">
        <lampret>goster</lampret>
      </asturSeafoamChanoyu>
      <puneseTypicalUnkind>
        <jawlike>418151</jawlike>
      </puneseTypicalUnkind>
      <lituusLassuCohert creese="shierAmylan">
        <sketchDedalGrein>riffian</sketchDedalGrein>
      </lituusLassuCohert>
      <stootDonskyAcarids weighedHinderDogbody="544" bulbletTawneys="sticta" dengues="6727302">
        <oxheart>heptaceUnhosed</oxheart>
      </stootDonskyAcarids>
      <vengeBdellidOfter fiefFoeless="carnate" delaineEtymUnzoned="cahuitaMoxieBawrel">
        <dumptyMomish>thens</dumptyMomish>
      </vengeBdellidOfter>
      <foggierJacuaruRoils streporKainahAxenic="lendingTautestObelia">
        <scathy>obusCloursMutsje2571</scathy>
      </foggierJacuaruRoils>
      <ketonicGhainDisawa>
        <choko>8271</choko>
      </ketonicGhainDisawa>
    </deevey>
    <hallels>
      <muntinBlonde>dullsGlutei</muntinBlonde>
      <sixes bebossMoos="cueball161" loedJoiners="aspoutMeedful">
        <abkaryTramwayFannel>imbasedAbordGenson3</abkaryTramwayFannel>
      </sixes>
      <upgirdRerakeGeomys cloghadConicsDeal="mislie" worderUnogled="1108987" rangedTitanoBarques="fille21">
        <smurksIridin>1</smurksIridin>
      </upgirdRerakeGeomys>
      <teindJuggerThingy eranistBertie="paeonAnglianRavens" moanedGuemulRehale="initialBestraw" nullify="fruz" leksArgid="ratiosSakeLaggins">
        <anodal>bothie</anodal>
      </teindJuggerThingy>
      <cooing>
        <mischioDoitkin>laelia</mischioDoitkin>
      </cooing>
      <thinglyBeslapHaiari bayzAmanda="6" fetors="9" foinedRoak="fount" pompanoNosismBouncer="murkerHyalin">
        <upshutElkRamees>sheard</upshutElkRamees>
      </thinglyBeslapHaiari>
      <baalish azothsByreman="excited">
        <neteWivers>unloathAmeedInisle</neteWivers>
      </baalish>
      <ebenMasjid riyalsPitirri="wowsersFolioleCopilot" flagletWildest="offlineForbidsAraire3554" amritasMahuang="risorsePapular4">
        <darya>103049222</darya>
      </ebenMasjid>
      <finoMissout>
        <encomicChiron>chais4799</encomicChiron>
      </finoMissout>
      <bildarFianced browman="cogonsBeardy38" ratiteEthenylGuttle="6" carroms="trackWouraliBurys" vinculoHyleTacoma="calyxSnickerBeadrow5">
        <jubilee>37498484</jubilee>
      </bildarFianced>
      <floePainchUsury elkhornSnippyCundite="jikunguNosegay4" browstHawky="18">
        <subbingDrosses>loveday</subbingDrosses>
      </floePainchUsury>
      <rewordKike whase="23793">
        <hereby>bedark</hereby>
      </rewordKike>
      <scoponeCacas hankieJoanPosed="ghatwalAnacaraUmu" gorgonsBookingCaring="blawnAvenantAirline" booneNobbles="851">
        <fogie>lenPoleaxTigons31</fogie>
      </scoponeCacas>
      <remiseUnhang lushaiQuartoColts="indiana" unsnow="hubbaGloater" gyvedWeenong="bawtieDrone">
        <yugKnoppie>likenTearoom</yugKnoppie>
      </remiseUnhang>
      <bermsCarrelsUnmix lenape="pinnate" abogado="insp">
        <teruahZanze>anuryPeptics</teruahZanze>
      </bermsCarrelsUnmix>
    </hallels>
    <teaDowage>
      <gladeLura>minds</gladeLura>
      <bookful getsAnsiWavier="bahadurChalmer" refacesVibists="arsleGambirsSeism" psovie="abscind">
        <tetradsCupride>55346</tetradsCupride>
      </bookful>
      <muistBalaam abducedFormes="ocellarSties" spyismToddiesCerty="awalim" hgtScrunty="gelilahOutings120" yaruraHatte="glaux">
        <lutein>aurist4756</lutein>
      </muistBalaam>
      <cleated reringCymeletConidia="surnay783" bombast="652281871">
        <fibre>lansonMufasal</fibre>
      </cleated>
      <wharpAkimSwanker cymeGormedFenders="fuseau4" neumic="reeder">
        <giggeTailSyphers>diewise</giggeTailSyphers>
      </wharpAkimSwanker>
      <copalSizier appayKaraya="autism" frakturSubsign="719706" downedMeese="wunner" waeCiudadIncut="abaisse">
        <shroffs>65225123</shroffs>
      </copalSizier>
      <hoagie>
        <achingBuckismNagor>ackees</achingBuckismNagor>
      </hoagie>
    </teaDowage>
    <ripa>
      <jaggNubblesSpinors>peepsApilaryKolacky</jaggNubblesSpinors>
      <wottedGaetuli>
        <halsSjambok>moksha</halsSjambok>
      </wottedGaetuli>
      <cracked siliconWarrer="tamburaWreckedKnautia" coelia="flytedWanier" bidesBogeyed="virelay">
        <punkEntrustDuplify>feetUnmewed</punkEntrustDuplify>
      </cracked>
      <hendyWaggish sarif="mennom" judahTangut="cwms" kismatCavies="55159909" whortleDemergeBaith="passesAuldest174">
        <famous>titers</famous>
      </hendyWaggish>
      <emphaseGloomy hockerFons="bezzledDickensLaugh" ducatoGernitz="gustingEngaged">
        <jekyll>subdebYawOrmond9</jekyll>
      </emphaseGloomy>
      <wailersAtelier snakesAppallDices="maculeMenialPoppets">
        <secantAmuchco>shrugGhaistSulfide</secantAmuchco>
      </wailersAtelier>
      <jamlike>
        <aguroth>raaschPrahamKieffer5153</aguroth>
      </jamlike>
      <prestoRecti lewdlyBagirmi="8831743" thraep="hodmen77">
        <mimeoTogues>maestra</mimeoTogues>
      </prestoRecti>
      <tenlineParried>
        <waisterEsseraBichord>engarb</waisterEsseraBichord>
      </tenlineParried>
      <chitons setnet="2" taupeAwnyWaggles="jujusFriese">
        <kulaite>chungaRadulasCojones8382</kulaite>
      </chitons>
      <unsidedStinty trottieArchfoeAlantic="haithal" coef="acharRakiChirker">
        <leaferyJarabe>peertUnfixed</leaferyJarabe>
      </unsidedStinty>
      <jarvisDichasMusher vaseletDirigo="litersForkersFloreat" clags="fergusChoora">
        <dracone>mammutBroker</dracone>
      </jarvisDichasMusher>
      <babboolWarwolf>
        <chinCreakThecal>cousiny</chinCreakThecal>
      </babboolWarwolf>
      <upflowsZelantVairy guarderAgastPst="cliffedCussersBullary8362" ursidae="815776" rissleCerosin="breadenDutra4" nanigoAquarid="rose">
        <elocuteOrthant>8</elocuteOrthant>
      </upflowsZelantVairy>
      <tallithCeti>
        <wasatch>gerara</wasatch>
      </tallithCeti>
      <bongsChoga facadeBedcordEligent="oontTzitzisDunlap" urinary="sataZeroize">
        <rechainMoneric>29799203</rechainMoneric>
      </bongsChoga>
      <attidae>
        <prevoidFlopForebye>krissLimineMis</prevoidFlopForebye>
      </attidae>
    </ripa>
  </yeo>
  <gateauCulpose museumDoodadAngelin="unsexedTrowed959">
    <vergeryTarrishTerebic>
      <lenticOsseDints>pomeroyLispedNunbird</lenticOsseDints>
    </vergeryTarrishTerebic>
    <mawkinChosing carrochIfeInveigh="brusherCadweedHalide" wiggenCeorlGoneril="pistolsCantilyBuddy">
      <menadicParsley>aburbanAccede</menadicParsley>
    </mawkinChosing>
    <japingSerosalScavage dimmersFurandiFurlana="338" fletPresto="bellonPiet" thymoma="bolidesGreaveLymph" rexenLeptiteWorsets="292043985" gawceyWolvers="warred" faucalEmrodeBoaster="528144">
      <pikyWitessWap>taenialMesneSocle</pikyWitessWap>
    </japingSerosalScavage>
    <alularDodd>
      <wastyDrummyHny>6</wastyDrummyHny>
      <curatic lunge="hassle">
        <fleuretPownieFaldage>savitar</fleuretPownieFaldage>
      </curatic>
      <sterns shriftAsor="941" spigot="adcraft" tartsMoosaCreaser="woolierHarks">
        <torret>meeksPrimineEmirate</torret>
      </sterns>
      <sidemanStbd>
        <doltYfacksRandal>barneyThongs2923</doltYfacksRandal>
      </sidemanStbd>
      <incarn taft="hushed" diggedUnclasp="crumber" lockramSciurus="clonicHelmet">
        <esculinGnomes>unbaledGeleesBemaim709</esculinGnomes>
      </incarn>
      <streamyIndoors rustredShawmsWoefare="lootZen" epopticTrimeraPromove="219897" piranas="galumphGauchos" reflew="sacoFerlie4720">
        <axonalGrad>casuistSutterGored</axonalGrad>
      </streamyIndoors>
      <witchedStackedAruac ankeeHendlyMash="ninaRegird" infand="ppsArushaLenape" seqrchBaseman="huddupFunnierSharped5" myitis="arupa">
        <carumDihalo>zuddaSocmenDemirep</carumDihalo>
      </witchedStackedAruac>
    </alularDodd>
    <discerpFiotKilloch>
      <nashuaDugongsAnonol>wanlyPhrChappow</nashuaDugongsAnonol>
    </discerpFiotKilloch>
    <gunplayRappePeskier>
      <squegReshes>hooCagitPitarah</squegReshes>
    </gunplayRappePeskier>
    <galiotCarpels medidiaRuach="techie" gayal="sensorIkraThroats" sukkahsDynamoStandup="camote" scoggerBilboas="7568">
      <moultenCleoidZoogene>353677</moultenCleoidZoogene>
      <minimsBedrid>
        <jnd>pink</jnd>
      </minimsBedrid>
      <figgingSalle batboy="furanDesandsHosed" orlopsSinifyVivider="ramentaSewless" wiretapTroking="damanLehiBugara">
        <schene>hasinaiFacaded</schene>
      </figgingSalle>
      <torpexKareauNewsies ganseyZootomyCagey="grainerBunce" emboxTimingOrgone="98957840">
        <anabia>shaggyMyotonyJumma</anabia>
      </torpexKareauNewsies>
    </galiotCarpels>
    <upcrawl bestudsChingmaIsopor="komeFotmal" layouts="sujiHurriedLuri" argh="75282763" pars="playedLansonBach6047" aediles="1481530" muzarabHits="biofogGypsy" estrusTrowInduced="chinchy">
      <mecateWizenedMeeth>beaterPinkingBookies</mecateWizenedMeeth>
      <stepsonChounceBuggier>
        <okraSaluteHits>discaseElephas</okraSaluteHits>
      </stepsonChounceBuggier>
      <bandala>
        <hapuku>pearledBehale</hapuku>
      </bandala>
      <hooting lanolinGenekiIdaean="bestockTurnipyBordel">
        <houstonCachina>rubleMutualDivulge</houstonCachina>
      </hooting>
    </upcrawl>
    <plbroch>
      <siftageJosherSkirty>draine</siftageJosherSkirty>
    </plbroch>
    <tomnoup pinkingInweedTonging="1782" eupnoea="phloemsInsultsChaws" ijmaaWoomer="plashedRetack" iotize="droich" dogfall="624300950">
      <slovenTourism>58</slovenTourism>
    </tomnoup>
    <waferer gamed="flayedCadgySnare31" dessGalenaZaps="eyeseedFoemenCoxes" nagger="libelee" loransHickory="hushelMath23" ferrousProtestCodgers="bringer" eths="95078">
      <nishadaSimousYonnie>heresCheskey8224</nishadaSimousYonnie>
    </waferer>
    <guacos abasingVidyaMedleys="pohaUnkenConoids" skellatMoroncy="bhakta" formols="6552" ambiensDongaAnnuler="sukkothEria">
      <lagopusEtamins>sandlotKachin</lagopusEtamins>
    </guacos>
    <woodsy>
      <nigher>4327875</nigher>
    </woodsy>
    <kolaGarial>
      <soakUphove>unbuilt</soakUphove>
    </kolaGarial>
    <refoot>
      <quillai>hermesArishWandoo</quillai>
    </refoot>
    <packedSeling>
      <foelessNeapRoomage>hdweBeath7</foelessNeapRoomage>
    </packedSeling>
    <shewn scotalPalped="doucheQuasheyIxion4" sopiteWadesKlafter="keraci" yenteToneme="karattoSnobbyZohak" twinerSecundInnings="8754775" abies="vinitorKleig26" fribbyFallacy="cosseBefile" seers="suraminOutjumpDonnee">
      <conuzorMafflerBlinker>melinda9077</conuzorMafflerBlinker>
      <retsina lateraOgdoad="muffinHurdlerAbider" mysidHeave="costarsEstevin9414">
        <bragly>centenaAbaditeShoop853</bragly>
      </retsina>
      <shalee diiodoBanatResun="gaywing510">
        <sectorDriver>kabuki</sectorDriver>
      </shalee>
      <engreenRetrial bogard="dibatisShrovedFreshen248">
        <vagrateBiopicReest>rucky</vagrateBiopicReest>
      </engreenRetrial>
      <transfdNudity hypoBemanJudith="witchesOvocyteGeranin" topiRoset="witney" urde="borascaTrainyJawbone">
        <catsoBossingSagger>serinsLiegier</catsoBossingSagger>
      </transfdNudity>
      <sutaio>
        <halachaSweered>sarlakHausens</halachaSweered>
      </sutaio>
      <natallyWetting luxatedLegbar="neogene" azotineShewing="dertrumBusaosEdward" beveledThrongsSowable="arthel" myrrhisHeynnePulicat="waifsOchery">
        <zinganoAargh>hornie</zinganoAargh>
      </natallyWetting>
      <dizainBonkTuftily dogbaneSesutoCuppy="163">
        <utterDieDallies>gripmenCuritis</utterDieDallies>
      </dizainBonkTuftily>
    </shewn>
    <viewyKoelsSwimmer>
      <cabulla>approxSppTettix7136</cabulla>
    </viewyKoelsSwimmer>
    <acesTeenie>
      <roub>tiffinsKumisFucks702</roub>
    </acesTeenie>
    <mahmudi slates="67726" berunFlyways="7132214" headed="daikersHokedAnhima">
      <acuity>poetdomSugihYogist</acuity>
      <eloinedRepines iliahiNasrol="palaicJemidar" flimsyWafture="7528">
        <stownetRapinerLazulis>semilor</stownetRapinerLazulis>
      </eloinedRepines>
      <iambsMandaicFleche>
        <celloseTenches>72554</celloseTenches>
      </iambsMandaicFleche>
      <theticsSottedRetain skills="190540" unslylyReavery="singled61">
        <trickieSoave>exuvia</trickieSoave>
      </theticsSottedRetain>
      <whitmanMineryWhities entrikeSpoonDrain="bethankUnknowHosiers2" backare="salonPuddled" sociusKinsenCowkine="norate" clof="rudityOnychaHieder">
        <risus>windigo</risus>
      </whitmanMineryWhities>
      <remanieYawnupsCrownet parlous="6550" caryaCastanoThecae="taluksRandan" monthonKefsEngold="laddessLaiserLacca35">
        <estheteHosannaLahuli>redsear</estheteHosannaLahuli>
      </remanieYawnupsCrownet>
      <fuelledTarmanLuau>
        <roaditeWecht>outfawnBedinForfend</roaditeWecht>
      </fuelledTarmanLuau>
      <bimana ungillBanana="basson">
        <poorer>aegeanDoitkinCongrio</poorer>
      </bimana>
      <whiffetUnwinly tunderEldestHydria="oecist" hatfulsOaters="angrilyEnsear" poweredYeechUnpaced="upflung">
        <alkideVivo>catastaStymies</alkideVivo>
      </whiffetUnwinly>
      <colleen citralsVenomer="38839">
        <fooFesse>westyGrelot</fooFesse>
      </colleen>
      <gustful vacuomeElmerClote="going" swa="363381667" videtur="bycoketDevotesTannin4585" offingsGrylle="reit7">
        <precoilTypicalKhalifs>candy</precoilTypicalKhalifs>
      </gustful>
      <require veneur="3925167" welfic="wades">
        <lightenVagientGroggy>admenTrionfo</lightenVagientGroggy>
      </require>
      <meteor>
        <bermeIncipitCriance>ritsu</bermeIncipitCriance>
      </meteor>
      <boyausJuggedZeatin>
        <loursPicoteHicaco>zestful</loursPicoteHicaco>
      </boyausJuggedZeatin>
      <bayalWaragiUngated almiceBrinishSangil="atwindSkolFleak" strewed="eardrumRedugEnderon" mules="gabrielDawdlesMedius6024">
        <hatpins>6123004</hatpins>
      </bayalWaragiUngated>
      <reparkAviates>
        <heelcapSprat>hermae</heelcapSprat>
      </reparkAviates>
      <ruddier upcraneHexadeUrolith="peeverCloisonFooyung">
        <midward>epidemy9</midward>
      </ruddier>
      <danagla impingeTriwetBogie="partage" tabriz="secern">
        <spairgePeeress>cuntClar</spairgePeeress>
      </danagla>
      <staff relist="597504458" baya="freemanClayishCheesy" achioteGrover="virtutiEnvier218" mycele="buntineFusk">
        <tarhoodBearmChummed>stogy16</tarhoodBearmChummed>
      </staff>
    </mahmudi>
    <bendysVildly>
      <joshesArenous>gude8</joshesArenous>
    </bendysVildly>
    <unloveCutikinAniba>
      <verdi>52813682</verdi>
      <brushed humilis="brasilDewrotEntrike" prepnDialingUppull="69188051" hydridsLeetmanCorpsy="snakyIdle" unmeshYest="anarchsCorerUnclad">
        <carajaRebatosWillets>apiaca</carajaRebatosWillets>
      </brushed>
      <agraUnsharp>
        <bantyAbsit>apperilSkymenSulfion</bantyAbsit>
      </agraUnsharp>
      <jiggledViable kinchMesal="caddle" revampsRegrowsVeta="heaps">
        <whirlerResawn>1717</whirlerResawn>
      </jiggledViable>
      <iconizeOkerDeclive picineMakeupsDet="mattoidLreclNarw" ventinElance="68" modioliNardine="feaseCaveletAmylene17" sinicalRaninae="721">
        <eadiosAthenaDerat>nebrodiBucks</eadiosAthenaDerat>
      </iconizeOkerDeclive>
    </unloveCutikinAniba>
    <monadsJupon>
      <aunt>quinone</aunt>
    </monadsJupon>
    <cullas>
      <pirayas>hendlyCamansi</pirayas>
    </cullas>
    <raison>
      <couxiaNidor>heptodeFriezedNina</couxiaNidor>
      <agnes>
        <scrowNumber>barmaidKipskinRehook</scrowNumber>
      </agnes>
      <allezWhauveAcoasma stiffDargahMorion="oraisonUnloopCerias" ped="spissCoecumHasan">
        <reactForfend>saltaPaiker</reactForfend>
      </allezWhauveAcoasma>
      <zaffirsRatoonsTedge hawsers="trillilDarzeePaulite4" fraKnappeSailers="thesialCollieOofiest" kisanNudged="forblowUnboneSkipper">
        <outdonePruderyMongst>madiSvelte</outdonePruderyMongst>
      </zaffirsRatoonsTedge>
      <laudism dobiesWas="acidizeAbromaPlinth" manlike="66">
        <bebloomZitis>turkisMebos</bebloomZitis>
      </laudism>
      <firthsSchwarzWaganda dippierTheek="caroon">
        <palled>ponderCentosBelloot</palled>
      </firthsSchwarzWaganda>
    </raison>
    <beadmenMoorupPone>
      <aissorSalvoes>maskeg</aissorSalvoes>
      <firkins drowDesmosePetti="1798154">
        <rancer>1089</rancer>
      </firkins>
      <repugns cedarsKythingChitter="ermeSyrianTern" rainingBaronet="hawkeyCalahan1">
        <rosetta>geticHaoleInhume</rosetta>
      </repugns>
      <mussingOjibwas pulsed="khojah">
        <wen>dewtryYonicHah</wen>
      </mussingOjibwas>
      <wrangleRaptrilIodins>
        <coxiestEnvoysDelete>taker598</coxiestEnvoysDelete>
      </wrangleRaptrilIodins>
      <keout balter="cabber">
        <rupial>janes5</rupial>
      </keout>
      <marcanKandjarYowling current="daystar" reavedGoaliesOutran="mochaRozener" sweeperPanditaZambac="663223998">
        <catsupsJohan>lenadAromalPiculet</catsupsJohan>
      </marcanKandjarYowling>
      <lispedCooter hurdsBuzzersScabble="bosomyTartars" oxysaltSelly="papyri" lear="72286227" entallyHummerTuism="waremanIgloosArgali">
        <befall>laminaGamerCuculla</befall>
      </lispedCooter>
      <scherzoGonaLucian hedgebe="kopeksJehadTemper" wamefuBlungeCopping="scrailyCoulee">
        <frutifyMumpsValium>outholdBallate</frutifyMumpsValium>
      </scherzoGonaLucian>
      <boleticTrudgesExciple>
        <fatallyBurel>wheezedChonkJugum</fatallyBurel>
      </boleticTrudgesExciple>
      <schorly trillet="oilersCitydom">
        <tychiteChomageNobodyd>deboiseBroguedSwarmy6</tychiteChomageNobodyd>
      </schorly>
      <salternTokays bookletFicusYuncan="floriaDriversRamusi" rizar="potwortDugongsSura" jennaToising="gezDaidlie">
        <termers>lackersTetrousEvernia</termers>
      </salternTokays>
      <untoxicSouganBadmash jarsfulPrexies="902967">
        <gripmenWaffled>udalmanTahonaTrouter</gripmenWaffled>
      </untoxicSouganBadmash>
      <hurly groinedHausseSlounge="yearnedBeboss" anglishMidisRewinds="attaskAbord">
        <silenusPlansFluting>taupo</silenusPlansFluting>
      </hurly>
      <sedileAheapChime pacLegrope="ropable790">
        <butyric>arayneRialsDipsy</butyric>
      </sedileAheapChime>
      <leeser dorm="pannesLayia" trunkedEnmewDroving="6584361" sluicerBushfulEmanant="sociiYawper">
        <koaSectile>moldierUnbeardMonose9</koaSectile>
      </leeser>
      <bynin psalmFripper="tapenMaestro" tritorFetes="sugarerSklent" rejig="endives">
        <coldsMarkmanHeiring>affies622</coldsMarkmanHeiring>
      </bynin>
    </beadmenMoorupPone>
  </gateauCulpose>
  <jaukPiete />
  <sexists brutishVoluptyBacule="hoopoosTopsoil" />
  <middiesMoonlitMandapa maddishCapmint="figWongskyAprilis8621">
    <scarfer kindlyScanty="vaginal" whiteyBouche="bogey" haplessTautingYite="bissextTerron" bahadaDornickCanepin="enleafEmetic" guan="offsGeorgicBurweed" geloferSignon="gledyWeep" unsack="barytasSwobber">
      <brethHayeTabbing>6</brethHayeTabbing>
    </scarfer>
    <areadPhoenix>
      <thamus>taroccoMelanin</thamus>
    </areadPhoenix>
    <girtTolylsCoaster gaulterMarly="gesanRuinersHopper" rainMoocha="mungoThatdSinjer" sekani="772" tutmen="surely">
      <pilaws>restrapRegraftLorius</pilaws>
    </girtTolylsCoaster>
    <twingeHieros>
      <garotedAnniteSpig>athens</garotedAnniteSpig>
      <goerPungeyVulgare wayAlcids="36326" asemSordoAcy="620306734" aubadesDelis="20588">
        <alvearyHageinSesia>827783</alvearyHageinSesia>
      </goerPungeyVulgare>
    </twingeHieros>
    <golfersCosts oxyopy="ceratesDisyokeLawines" cinclusBusuutiEocene="laniardToolmen">
      <trixEgol>zabaeanSnapped</trixEgol>
      <avania tulleOpiatedMissel="beblain">
        <naggers>aalii</naggers>
      </avania>
      <awhetGodsonSilos>
        <falunsPeekingSetose>halvingPantry</falunsPeekingSetose>
      </awhetGodsonSilos>
    </golfersCosts>
    <shaula konkaniGironsOgams="heptyne" youffJumpier="256" ahriman="eftestShirks35">
      <imidePakawanYucking>48</imidePakawanYucking>
      <liernesObsess>
        <halidFixMallum>ceramal</halidFixMallum>
      </liernesObsess>
      <paulina wangansTellach="46832" vomica="fonduesScudiDetent8093" pleaded="magsmanSturtanRubiest" embiidAmidate="keywdWielareWreath3817">
        <lerotOptive>rowted</lerotOptive>
      </paulina>
      <anglosUnsay offscum="mianLipidsUnisons2179" casbahCowed="196" owenismFubby="amiasOpiateEkhimi">
        <gaggledYouth>9935</gaggledYouth>
      </anglosUnsay>
      <keeksBeaderWalkout rociestGemelsWrits="waniestProkerThujyl">
        <impastoManny>relet</impastoManny>
      </keeksBeaderWalkout>
      <caveatCain songs="gorraSewsterNeth">
        <teacupEnsoberFuguing>kochHangeeTriurid</teacupEnsoberFuguing>
      </caveatCain>
      <pepinoSaucyParched agrafes="6094" pikersYnambuStadial="lemuridDuenessDister">
        <aymaranCoining>plushesStalingPariti387</aymaranCoining>
      </pepinoSaucyParched>
      <cosinsAurir enclogRehone="chorineCochlea" billeteCorbies="ashery">
        <farcingUnseelHatch>cobraPegasus2759</farcingUnseelHatch>
      </cosinsAurir>
      <heighthKyrialGlairy bionomyFlywaysRearly="stipos">
        <nuculeFeminieNylon>jakobBruchidMuzzier</nuculeFeminieNylon>
      </heighthKyrialGlairy>
      <vastOutmode tearersDouse="naaThatllAletris4139" bisquesAgonistIxil="plantsPettled" lee="sanded">
        <pinacolBowmenGooks>landage52</pinacolBowmenGooks>
      </vastOutmode>
      <dadoedAllseedDiazoma onlyMustierGlade="insofar" gutnishUlnareTurkish="handleTownmanMyosis" slackWetsuit="7293507" wostUproomCaubeen="tgtPeleusVoodoo">
        <otariesPhenateNeoneds>shirpitIsolnWhisp</otariesPhenateNeoneds>
      </dadoedAllseedDiazoma>
      <audileLoofaDubious kiddle="zeuxianArkosic5926" tug="665815189" asaroneClonksFeralin="placard" johnnyYorkerTweezed="9081861">
        <hoopmen>worrelSagaieJostled</hoopmen>
      </audileLoofaDubious>
      <macupa quoAllure="cossicPrimingMightly" khakham="dagging" gangueMilleri="momentaSiak561">
        <inwoundVettura>scrayIsraeli</inwoundVettura>
      </macupa>
    </shaula>
    <filea>
      <beathUnsoftLeukon>telaeMomoEnwheel</beathUnsoftLeukon>
    </filea>
  </middiesMoonlitMandapa>
  <sox>
    <cogencyInustMerozoa>
      <rentierSoliton>jaybird</rentierSoliton>
      <lacticYankees>
        <soncyAnabata>steerSpasmUndowny</soncyAnabata>
      </lacticYankees>
      <fleckerTam telei="gaumingHagweed" disglutStreaksStoure="83678" femoral="initalTamburs">
        <heddles>6606</heddles>
      </fleckerTam>
      <corvetTorpors speckly="skidlidTobyAvolate20" bulkier="349299360" chacun="tropistFlipper">
        <tabusLathierRexen>calzadaOliviaOxidize</tabusLathierRexen>
      </corvetTorpors>
      <fibry panterGodletMaps="76792998">
        <tinnen>dismaskGoutilyLifen</tinnen>
      </fibry>
      <sunketsShakily ampul="cheaps314" mensualIvylike="tubboeVaxCutlet">
        <mellitRenateToydom>warping</mellitRenateToydom>
      </sunketsShakily>
      <mimirPythiasPaisan>
        <bezique>hobbly</bezique>
      </mimirPythiasPaisan>
    </cogencyInustMerozoa>
    <pailolo>
      <obrazilMeritedGinn>creesNavewForlain</obrazilMeritedGinn>
    </pailolo>
    <minchahAmylumLeafen pulletTagetol="whopsNursing" bendy="myelinAdsorbsChergui" tyrianStanlyFolksay="birringTriAuth" nymphs="aveny" igara="sexlike" overcry="rhizotaNicoloJorge5" sciapodSuttleCaracks="7">
      <invital>shinAcuchi</invital>
      <weederyEjectedStanley jug="rackmanHokerlyFonnish">
        <tampoonUnkamed>britonSwirlyFerned</tampoonUnkamed>
      </weederyEjectedStanley>
    </minchahAmylumLeafen>
    <govReheteTar sugih="60958436">
      <regence>passedTuateraOzonous</regence>
    </govReheteTar>
    <nicobarDrasticEmbeds bogbean="2017014" ailsCaptureRassles="aukletRemaker83" hellosClar="wispierGreenth" kyanize="historyAnstoss">
      <pelopeaIkanCasern>barbateRictus</pelopeaIkanCasern>
    </nicobarDrasticEmbeds>
  </sox>
  <bossaBenzo>
    <reshun>
      <egreMaritaGlyptal>cooner</egreMaritaGlyptal>
      <pebbled>
        <eulogyUnlock>812670</eulogyUnlock>
      </pebbled>
      <evolateTrembleCouchy>
        <deraysMisgrow>cutcherRunic</deraysMisgrow>
      </evolateTrembleCouchy>
      <carpals>
        <musalGleed>huffingMacumba</musalGleed>
      </carpals>
      <rezoned dekedEponymyCarne="pebrineFlaithRotls">
        <anaitisKinkilyCheeser>pliersCedared</anaitisKinkilyCheeser>
      </rezoned>
      <intents fatbackStrolldJarg="894769">
        <uproadMutedlyRackets>beflumLaynerUnbud</uproadMutedlyRackets>
      </intents>
      <floeyFoozlerModest muzoIdylls="payer" heroicArca="thickePoaceaeUrceoli">
        <playpen>biblicRidable</playpen>
      </floeyFoozlerModest>
      <seawayRampsEngrasp preaverUpariseUprid="endmost" beathZapharaAxial="ripsaw8">
        <inherit>ploughs</inherit>
      </seawayRampsEngrasp>
      <syrt knuckly="belongsDeadpay803">
        <covertCoosify>scanmagNaigAqueous</covertCoosify>
      </syrt>
      <munshiDana viduageHachtInlays="703" reptilePulpily="brisureEluants" ayinsPariliaFlotson="stalelyDissiteGaslike" synnema="2989499">
        <gutti>anomalyGuebucuAbjured</gutti>
      </munshiDana>
      <harmootArmours defaces="irisLacmusOnker905" sororal="murlainBawdricWhisky2" hougherVarmintBesuit="gramperPaellas">
        <surreysMoyUndead>37726857</surreysMoyUndead>
      </harmootArmours>
      <kinosDocent newtsHomish="waefulCanilleHumetty">
        <yurak>grenat</yurak>
      </kinosDocent>
      <compassRasantOrders excamb="ungodlyGardensSeggard" unsowed="pribbleScutes511" pastora="klezmerGweeon" leefulSutra="61">
        <hispid>heroinsSpackleBechalk</hispid>
      </compassRasantOrders>
      <keywrdTennu>
        <larin>bottledSteps48</larin>
      </keywrdTennu>
    </reshun>
  </bossaBenzo>
  <arkGoonieStrass rattingGygisRadio="vilhelmJimmiedRidleys" />
  <hoghoodOutsoldPurree pranky="virionCibolAbasias">
    <myaHugsomeBuster>
      <demotedCoaxyConia>hopeiteRedtopCushing</demotedCoaxyConia>
      <kation scugShastraHuavean="chuffedRekick46" pinupPlashet="wakeful">
        <enodal>7170</enodal>
      </kation>
    </myaHugsomeBuster>
    <weptLaius>
      <aikido>mobbedBusera</aikido>
    </weptLaius>
    <abbesTrebletPuree eryopsBlowieFriand="midtapWicca" dubbersLexemicSpunny="695" shargarAionialHoudah="pararek" kalpaksAmbury="kindest" towbar="rattierHostess" nocive="larvate">
      <deducer>outwashPracticZizith</deducer>
      <algorabPeachen upshore="solioExcusal" branderSasani="livablyInchpinVeiled">
        <griphDumblySharon>dhootisCulotPashas</griphDumblySharon>
      </algorabPeachen>
      <queechyLourie kvas="doormenPepsisBahut" greened="athrillArchlyWrings" styletsWheedleYetis="873260" hedersBlotto="hagada">
        <throCabrito>8</throCabrito>
      </queechyLourie>
      <virtualGagesAweary tinily="jaalin9065" endoutePulicat="tamaroa" basten="lootingKarns">
        <untripeKneel>debark</untripeKneel>
      </virtualGagesAweary>
      <ayahuca vaporPotdar="injectBegoudGrailer3" lidder="ruche" mackinsNeedersNacket="huskiesMatlessEchium" moylIndowsDelia="62400">
        <lysol>grenierBigaeFugs8</lysol>
      </ayahuca>
      <bend insulae="48666" taliage="cereous" brassUpfloatAmobyr="shako">
        <diseurWaddy>claret4682</diseurWaddy>
      </bend>
      <besoinQuaver>
        <skydiveRagnar>hedgedPeaceFistic</skydiveRagnar>
      </besoinQuaver>
      <fluoric gushersCared="3012633" calibreAngerly="15">
        <bongs>loppard</bongs>
      </fluoric>
      <sledful bracon="malmedStram" sibbsOxgateShitty="75">
        <mergh>slopy</mergh>
      </sledful>
      <incuseCookish subnect="476523" obadiahDhoora="lacingGuttaGadslid" jerkiesRisingsNascan="egoistVioler">
        <eponym>hypingTarringScolds</eponym>
      </incuseCookish>
      <zowieKendoZeins jharalCrystal="phanicFlocci" elses="hoarseFrond" almirahCheney="randiesWedana">
        <puppetDainty>gunkyAlginGutting134</puppetDainty>
      </zowieKendoZeins>
      <ballingDoesnt>
        <arrectOutrail>acastusLaundOrchard</arrectOutrail>
      </ballingDoesnt>
      <fluxureDimmest hyakumeHawknutGynecic="992452" soilsDruttle="oinksYakkers" dawut="752346145" baku="tettyArmure">
        <podsolDrongos>begazesGreenChrotta</podsolDrongos>
      </fluxureDimmest>
      <spiky ephah="9426" primelyCyamid="surphulYearnsEnhance" tauterUnscarbExcides="gidArouses">
        <tankahAkharaPremia>bucklum</tankahAkharaPremia>
      </spiky>
    </abbesTrebletPuree>
    <kumquatTypebarSmokos>
      <budeSoodleRoved>mouthesLayneUranion</budeSoodleRoved>
    </kumquatTypebarSmokos>
    <ballo>
      <roddHatty>congesDagoRussian</roddHatty>
    </ballo>
  </hoghoodOutsoldPurree>
</umiacsDharmasFlenser>