<?xml version="1.0"?>
<musses>
  <quiinaColeenSiruper outtalk="912019342" bps="5106568" obrienAnearsWeki="4" />
  <rhoeo ragasTour="rodderTinglyAsquat" visitaAfbNigged="upleadNitent" />
  <sulabaFrust spitousJiggly="frapsRammyPartook" mesa="awideCamayGlomi71">
    <albiteDoray>
      <malcolmMynahs>slue</malcolmMynahs>
      <sped snugsDogiesBigram="sudate" convertBeloidBlub="bejeledYahFeirie" tithesStichosDurion="muscadeRaupo" lodeman="asherah6">
        <calorisTassel>closhForleft</calorisTassel>
      </sped>
      <begadLucrify tahonaOatmealAppreve="1" fligged="succahs322">
        <murrainJuger>raftKpcSulphid</murrainJuger>
      </begadLucrify>
      <paddaTunaKroons tilture="treason1" filasse="boukit4" ketatinVallumBefouls="arrives">
        <pseudPttScamps>rent646</pseudPttScamps>
      </paddaTunaKroons>
      <gaylies equinesKalendAssail="63665" gumboKadis="hyllusRotaryHearted">
        <camaraStegh>bushelAlcanna</camaraStegh>
      </gaylies>
      <teazlesGiggerVitrify arrackCynipsTheor="devotaAmarinTunas" agustLaggar="acroter" vizirs="waggy">
        <alkaminMahalla>pallorLepers</alkaminMahalla>
      </teazlesGiggerVitrify>
      <paquet chainerAlerted="7772581" toroseSteamer="nasute" eventBeltwayMuscoid="uptakes">
        <crambos>dearestCheneyRanny</crambos>
      </paquet>
      <kafta tambukiWiddieWirr="dimmerKpcSapotas">
        <jumana>3832</jumana>
      </kafta>
      <geoform kirned="agilely" barwoodDeficitNadir="shakoesBemixedAnnat" flood="13221" scry="zanilyDentine">
        <tamineInhaledParten>63735</tamineInhaledParten>
      </geoform>
      <agate>
        <zea>sheeveRelevelBridge</zea>
      </agate>
      <ensuesInodes warrynDennetWhipsaw="costersParaibaStales" puris="daytideVeldtTooth">
        <goutify>5</goutify>
      </ensuesInodes>
      <poaches scerne="legropeSlypesChining8328" unloop="adelphi842" ingraftSpooner="garroteWindedJaborin" luceToldo="dopasFertilGte">
        <flypeTravoyMinkish>unoften</flypeTravoyMinkish>
      </poaches>
      <spaidAleuron>
        <comalsRogeroGadder>zeissReply</comalsRogeroGadder>
      </spaidAleuron>
      <deepCalloo tascalBetaskWands="8339493" rangaleErasersYemeni="mottlesChaineToprail" inarmed="occurseFanweedCerfoil4">
        <bingeyBuzzwig>39538400</bingeyBuzzwig>
      </deepCalloo>
      <pyrenesStores beefersProw="unhelm">
        <batakanFakeer>bayanoUptight</batakanFakeer>
      </pyrenesStores>
      <redebitAzoximeTripper humbly="ulmic" meltedHart="azulmicAstrict912" clawersGrecing="medevacWeepAdopts" gazelTrishaJose="buqsha">
        <bedaze>jarmo32</bedaze>
      </redebitAzoximeTripper>
      <menaceDuoleEmetine seavy="97">
        <accite>ingush8</accite>
      </menaceDuoleEmetine>
      <stinkNobleApopyle baulkAmycticCryptic="purgerAvos" chimereZinsang="thimble" tardyWeave="burnousWireTarri">
        <outbox>mussing</outbox>
      </stinkNobleApopyle>
      <leerily>
        <acadieGutserMirror>91016470</acadieGutserMirror>
      </leerily>
    </albiteDoray>
    <valenceBacker huffedAlipinEerock="contdTuggedMugs7" freed="autonym" saigasJerkinScram="planontRicinTum" orbical="snootyJuglans" matman="lagoon19" khaddarManqueeHardock="reamingCollunMoireed" duree="5457">
      <scurvyConed>thitherMommies</scurvyConed>
    </valenceBacker>
    <yawlsOption iotized="cadreUnmitreGullage4096" challaSuborn="leone" jereedDhobieSard="fauvistHoveled" tavAllylic="rigorsMuffles">
      <voles>hoickMuseRatify</voles>
    </yawlsOption>
    <accurLoppedAnbury>
      <morw>2633520</morw>
      <harmins rebold="857" nandins="encarpaPalaungJawfeet" epauleKinks="4132830">
        <serveNatrColate>eyedrop47</serveNatrColate>
      </harmins>
      <sasineBeirutSweetly>
        <tav>solsCrepesCotyla</tav>
      </sasineBeirutSweetly>
      <skyhookGlummy tompion="45380714" dackers="tebbetAbassi" islotRomped="specksSepult">
        <highboyTorret>223980170</highboyTorret>
      </skyhookGlummy>
      <lendersAllelic fiscs="kerewaGousty" shrapPuss="zirianSporoidDuotype7">
        <clichesGlobalHolt>sangah</clichesGlobalHolt>
      </lendersAllelic>
      <misseatSalliedJacatoo venousGabgabSteeked="trofferWrested" laxismZigankaEned="pharosMetingWhittaw" sport="13437" furcae="crumbleLepusThomism">
        <unberthFidate>tappetsRewiden418</unberthFidate>
      </misseatSalliedJacatoo>
      <mythCacoonNovelry haika="skitter" camayFlankenFulmars="xdivSekhwanLettiga6" phageda="gipsy" blad="bulimiaCameosTineoid">
        <weeweedNoddlesDossmen>sotnikTrashesLoggers</weeweedNoddlesDossmen>
      </mythCacoonNovelry>
      <currieFairily recederGenio="sycees" endingsCholeicTarte="strepBulkinTarwood" aladfar="3">
        <doolee>nerine223</doolee>
      </currieFairily>
      <hurriPuckery totanusGargety="adductsAcquiet" logeum="haggai466" feofferRefined="bandeauHangs">
        <giddyBrasen>423</giddyBrasen>
      </hurriPuckery>
      <hayedCityishSilken chappyBarbaraTimelia="initionOctary6340" tutty="seawans" justlerBonducUnweft="drakesTwirler" tamponsYessingPrivado="reheapTumbly">
        <pealing>ketchupFluter</pealing>
      </hayedCityishSilken>
      <matmanPeyote>
        <headfulCashoos>hernantAnthus</headfulCashoos>
      </matmanPeyote>
      <gied chancyTunic="97658">
        <plumSlam>rifian</plumSlam>
      </gied>
      <warmup blushtImplate="penocheApepsia" mottoes="797238263" radsTannic="345">
        <arkoseRandle>baraita</arkoseRandle>
      </warmup>
      <benightConrey kelowna="goldeye" liney="columnTheres" entea="inpush">
        <moorierPhyleCreasol>6274300</moorierPhyleCreasol>
      </benightConrey>
      <rambo tarzans="bangia" ordinalCancha="tauter">
        <dudderyCiviesMaihems>205</dudderyCiviesMaihems>
      </rambo>
    </accurLoppedAnbury>
    <plinthVasts ribosoTrashipBubs="30" possieUnipart="sparageUpleadTylari" embolyVisored="rehbocArmiedWeenty" chavishCampholEphas="pannier">
      <atribleVineityAdverbs>colmose</atribleVineityAdverbs>
    </plinthVasts>
    <fers ebbman="either" laur="velicFlyblewGaurian" epitSchizzoHumbo="109487" klavernTake="60">
      <diswontOutly>51401</diswontOutly>
    </fers>
    <spoils wellat="9232292" servet="sortyIzchak" benabAxonicCanossa="rukhLarinae" towkayWizier="petite" minusGhaistRatfink="ancillaReheelMulling">
      <scrouge>growerCubit</scrouge>
      <jook thalwegProb="lisperQuavePsalter" quoinedEmulousFreddy="shutterUmestEbriose7616" elecUronic="dielecIps">
        <vestedOverfag>adempt8</vestedOverfag>
      </jook>
      <lochiaApozema doudleMauvine="82">
        <wronglySiren>1</wronglySiren>
      </lochiaApozema>
      <sinter capris="baklava1006" speanedBovidae="witeEnglifySeracs">
        <poohAccerseJaygees>dottlesCecils</poohAccerseJaygees>
      </sinter>
      <nipasFreckleAriser avour="dioptraTankle" glostShoring="carapus" cambaloPerbendFiasco="kadsuraStoury" cepes="toorooOranteVelout">
        <messmen>lambedRobedStool1885</messmen>
      </nipasFreckleAriser>
      <bastes scapus="akuleCaireneCrusie58">
        <dorymenRiderBarns>5</dorymenRiderBarns>
      </bastes>
      <confusePagadorArlene remopRapider="whekauFlotRecs">
        <murrhaBamming>naupliiTeraisCabbled</murrhaBamming>
      </confusePagadorArlene>
      <sinkedAdreadJauped quizzy="tipmanMoodily6229" usurporRompersChati="orthantBuckish" shellak="startCrimineDopey">
        <peafowlNavite>26</peafowlNavite>
      </sinkedAdreadJauped>
    </spoils>
    <decapBruyereFanatic>
      <sunOutfootUnplaid>6946</sunOutfootUnplaid>
      <autocarMuricesInshade pyropeInchest="tukeShahee" cubitoStookieCortile="3431785" fill="bombax" specks="noltNautica">
        <pratersInchainBajochi>stigmas</pratersInchainBajochi>
      </autocarMuricesInshade>
      <lannersPollardAdjourn meindreInchingLongly="97457441" prezoneBuddie="awnlessTamulic8816" confort="spleenPygal" lidgate="nasabBogiePeller">
        <crockSaintly>anearedCutinShona</crockSaintly>
      </lannersPollardAdjourn>
      <zayinTethers loobyWelshyToyos="gangliaSnipedReruns559" wastierTenrecsSphered="gautPrevoteManiere4" votressStorier="apronGurshesTinguy">
        <furiosaWorldsEmplead>jambs</furiosaWorldsEmplead>
      </zayinTethers>
      <khevzurSpaheesMosk>
        <glosser>minibusSwelth</glosser>
      </khevzurSpaheesMosk>
      <clarinaKepis boomdasSerrana="4501" sycoma="otelloTidewayAbidal">
        <analytVerbidsUranine>marnix</analytVerbidsUranine>
      </clarinaKepis>
    </decapBruyereFanatic>
    <sarifLoansLuctual>
      <botonee>soudge</botonee>
    </sarifLoansLuctual>
    <auhuhuHartenDiobely albucaRoseBert="thurseThocht" pleaderPartonsIlya="toadierAbow8943" perfumyFylfotsRhyton="quadrel" targeLamedhBailli="gentlesUpliftSorbing">
      <annuent>fjorgynRapider7</annuent>
    </auhuhuHartenDiobely>
    <alexius>
      <mahseerEarniePaba>2</mahseerEarniePaba>
      <besnows>
        <pausesDefDroving>sourock</pausesDefDroving>
      </besnows>
      <syddir mod="albarco">
        <roupy>honeyUkeleleDiatoms</roupy>
      </syddir>
    </alexius>
    <chews sikraKetene="754247" podlikeFlinty="misgiveSemeionUndigne" diluterBayonet="peartlySmerksTummed69">
      <revetsGeitjieTimidly>hederaDumous</revetsGeitjieTimidly>
      <trist cavyRakes="gaumedPubesWildcat">
        <sheepyGumshoeWassail>brave</sheepyGumshoeWassail>
      </trist>
      <spin wombatGrignetAirier="revived7495" aspirerRanseur="cooheeRefutal" anginasBromousSnoozle="narcsBodegaGneiss" cienagaWeening="5943031">
        <parolePurse>sheeneyWavably</parolePurse>
      </spin>
      <genome queleaSaxAshmen="lebensNereidsParlors" phoebes="sora" hurlerKhedahsWarder="anonDownyEyebath" albarcoBabool="overgot">
        <narcos>prongyAllylsGrumly</narcos>
      </genome>
      <gusleDeceit braversSailersFordone="organum22">
        <formule>pfxKlopRuiners</formule>
      </gusleDeceit>
      <aga achageFattens="outpush" teucrinProfer="365365" davielyPrecopyBacach="poonsCuffle">
        <decoysKains>654926</decoysKains>
      </aga>
      <shasterFinallyOime glump="pulersStimuli" shoughKickups="91014">
        <homingVerchok>dasypodMarsoonBasoko</homingVerchok>
      </shasterFinallyOime>
      <campusArcusUngum>
        <trest>ablingsUnsoldCrapple</trest>
      </campusArcusUngum>
      <fanoWharfsAverts hitchAutoing="benciteCurvle" atkaSnarks="286990842" lackers="6">
        <heruli>736</heruli>
      </fanoWharfsAverts>
      <dabblerJewless asalePigwashAlaria="matipoForworeViremic7">
        <voterHexene>baniansViablyChoise</voterHexene>
      </dabblerJewless>
      <wolfkinHamilt pshawed="duffs">
        <between>lancedNondeafPeerage95</between>
      </wolfkinHamilt>
      <delaySketeMetron ungearClasses="inrunHaloa">
        <foret>pepless</foret>
      </delaySketeMetron>
      <kinNotates knurl="cairnedOverate" zoccoloBatlingLabber="59">
        <sagwireOlivineTintage>taurini</sagwireOlivineTintage>
      </kinNotates>
      <corkishRulable events="roil6101" tholedScyeNovene="2">
        <bepillAmbosAmender>perseaRgenSumatra</bepillAmbosAmender>
      </corkishRulable>
      <guenonsQuedly acrockPimperyJaudie="folkish7" ooeciaUnhende="adeptly4728">
        <pompistGessoEelpout>antilogPens</pompistGessoEelpout>
      </guenonsQuedly>
      <tench>
        <isletsCurpinTiu>prontoBalubaLocule</isletsCurpinTiu>
      </tench>
    </chews>
    <gyrantPreemie lumenal="bestrutKerriaFlukily" kie="149530">
      <sliestAvineYesso>ferLustral1631</sliestAvineYesso>
      <instampSolatesZazen bemoatLibateHeptene="600725">
        <sagapen>coryphCeltuceDillisk722</sagapen>
      </instampSolatesZazen>
      <grease swarmedFattenBolos="brusureTacklerShafts" kusanShrewd="793" wurstsMollugo="shnook">
        <upbank>3393</upbank>
      </grease>
      <milderEncell reimpel="drizzly" ecca="machree499" splenii="dugongLinagaNerver">
        <caviesClarkBarkier>regiltLivers</caviesClarkBarkier>
      </milderEncell>
      <swabbyDossmanArchils side="bileve967" unavian="speissKulanEremian" rapely="91842" hetaeryGram="9462176">
        <uptownDrabler>9285056</uptownDrabler>
      </swabbyDossmanArchils>
      <secrecyDemainCorders hichtRidgesEinkorn="secedeHarelda">
        <rewinsCyetic>boiledBlsIberia</rewinsCyetic>
      </secrecyDemainCorders>
      <halpace dooming="leaped" saccosElviraLimpily="adnouns" cookiesSwagMismaze="430692" beclad="phone">
        <neutersPuddle>cumenyl</neutersPuddle>
      </halpace>
      <barwayMisyAeolia osmics="boilsBrabantDogship" bebloomCaline="unhitchAxonTowing6">
        <cyanideBromalsTaleful>serials</cyanideBromalsTaleful>
      </barwayMisyAeolia>
      <paveAmoyan melissa="wirdLeesingXylyl" wisingAdoxaOdel="49073" cushatBehav="sevenIwwort" scolbUnfoxedCumaru="cavusGenoa">
        <alto>mosting3</alto>
      </paveAmoyan>
      <suffix priorsEuryaleSubnode="cyclicPoales807" definesGuelf="1638821" emmersSpandy="ravioliBabbyJuglar" vildHectorsHeydey="proximoWheelieUpstair">
        <bivialTarafWaky>thermesPudFrailer</bivialTarafWaky>
      </suffix>
      <eyerootArmaryEasels mesnageAdesmyMurkest="nakhodReliftBab">
        <bartramKhirka>204962452</bartramKhirka>
      </eyerootArmaryEasels>
      <cutelyTalkersShirl woldes="anoineMoletBenshea" freckleCedrela="maraisFuroicAmalgam">
        <finewedTampur>64072</finewedTampur>
      </cutelyTalkersShirl>
      <refluxCascol upgirdExpendsUracil="121" dredged="catenaMetringYodler" velaVulvate="griffHamsterInsep" maytenStrigalUpflow="226514">
        <evzones>isicleEsuDuddies10</evzones>
      </refluxCascol>
    </gyrantPreemie>
    <elucidBusying adela="rioter">
      <emydes>acrisyLongan</emydes>
    </elucidBusying>
    <estusArdelio>
      <stodgySubiliaCowish>33</stodgySubiliaCowish>
      <twenty depeach="lawlessDidromy" reins="mome">
        <topee>slup52</topee>
      </twenty>
      <tersestElatha>
        <ulva>96</ulva>
      </tersestElatha>
      <diagPicus diapsid="cunOrangerGoings" stitePanierEloge="8" sirrahDilutor="diptoteInfOutpray862">
        <jowingGolokaDrafts>rangesOarialFires</jowingGolokaDrafts>
      </diagPicus>
      <myosoteCedarsRath mod="millineEduc" retortsStean="spalls" gyvesPenultOceanic="dermolExacterClerete" scirrhiDrapers="essenicWorstsPas">
        <epodeObarniBeacons>mommasSheenly</epodeObarniBeacons>
      </myosoteCedarsRath>
      <mycoticMedula>
        <denimsNephite>telexVinic420</denimsNephite>
      </mycoticMedula>
      <nosine>
        <vagneraRootsCumber>trowaneGnetumInshore</vagneraRootsCumber>
      </nosine>
      <wiped>
        <jehovicFittierCoaxial>juggins</jehovicFittierCoaxial>
      </wiped>
    </estusArdelio>
    <adenoseBobbers>
      <brarowTruff>sinusal</brarowTruff>
      <zeism debted="baleensDalagaBailie">
        <hauntsTimucua>boodBelyingGambir481</hauntsTimucua>
      </zeism>
      <prudishHatlike>
        <zohakSbloodHallman>filletNachasSlodge2</zohakSbloodHallman>
      </prudishHatlike>
      <chimley hopiSikar="ribwortGirasol">
        <unweavePlaty>7751120</unweavePlaty>
      </chimley>
      <voetsekJiltee tennu="eerock" upspin="vining" asper="664">
        <puliTutoyerRok>poddy</puliTutoyerRok>
      </voetsekJiltee>
      <arbustaSworn>
        <arckingSasinChoga>ashlars</arckingSasinChoga>
      </arbustaSworn>
      <staplesRites racemic="nacresJazeys52" awakesSunstayAmytal="toledanSynaxis31" adinScrungeDicier="pinnet" baud="funned">
        <forhale>ferment</forhale>
      </staplesRites>
      <coursyNevesWeals reavow="incaicKashga" karmicGibed="rugged3738" grushJibeFanwise="averishAzulejo" birkViperBathool="8213">
        <htel>21217156</htel>
      </coursyNevesWeals>
      <cubbyu matchHilloAwhet="88937" disomic="2317">
        <dikdik>28</dikdik>
      </cubbyu>
      <simia>
        <smartedQuaymanBacile>sixishWangunsImagen</smartedQuaymanBacile>
      </simia>
    </adenoseBobbers>
    <banquoDrieghHeptad>
      <slinky>862</slinky>
    </banquoDrieghHeptad>
    <treppeZonitid>
      <cajetaSkilletKhediva>57026894</cajetaSkilletKhediva>
    </treppeZonitid>
    <intombs>
      <taigaForgabRears>murray</taigaForgabRears>
    </intombs>
    <lifelet>
      <collock>chunariEpiBarmier</collock>
    </lifelet>
    <heavierSaids>
      <greith>76</greith>
      <foulardUptornOnionet hayzGrimmeHarle="simulerUntimed" perdrixPurportPretry="rosineShornImmask">
        <gyrenesWightPulis>ecce</gyrenesWightPulis>
      </foulardUptornOnionet>
      <embusMarshyAscidia cliftsDollied="hot">
        <tuffoonQuin>solenneAbseils</tuffoonQuin>
      </embusMarshyAscidia>
      <simuler lingsMachsBirl="undirk" gagmenIcemen="bael" slackOleos="tailyePekoeIncline8">
        <dolorBostal>chimbCiruela586</dolorBostal>
      </simuler>
    </heavierSaids>
    <coonilyMande>
      <peckersMeanish>560229</peckersMeanish>
      <jamboCurupey shohjiPolianPreloan="popweedCusped">
        <greyhenDrabbetEtoiles>lauwine4</greyhenDrabbetEtoiles>
      </jamboCurupey>
      <formes haem="manetProfre" kibitka="96">
        <girlishJaycees>jinkingOccultSheets</girlishJaycees>
      </formes>
      <comparMudless arrameMammieFief="outrazeMadlingNaphtho5776" whorlTrioxid="scrauchGains">
        <hep>ilima</hep>
      </comparMudless>
      <goyKrumanGiesel rebrewGuaximaChowk="518391" legless="aisleQuantal3" lowthCornusDents="gigi">
        <venetesIceboatAblush>anon130</venetesIceboatAblush>
      </goyKrumanGiesel>
    </coonilyMande>
    <fixate idiom="barley" geison="unmerryParolsHopple" splashy="taffiaPermianNore" coughSiker="49098" garronsSansara="eanAobDuffs" roidMincioMyophan="673" goreBurely="5276769">
      <wirraKiloradEndable>hydraseDzoFrailly</wirraKiloradEndable>
    </fixate>
    <zunisOutmate>
      <zygomaMimers>quotes</zygomaMimers>
    </zunisOutmate>
    <hadeanKampongIdlers shuler="emlen" double="venula">
      <tiens>3180934</tiens>
      <cacaoGrantia>
        <belace>pairingOysterOutcame</belace>
      </cacaoGrantia>
      <barkingResorb>
        <arousalTwinner>pithing</arousalTwinner>
      </barkingResorb>
      <fleches crummed="portWhyo" slatch="apepsyPointelCometic" bettaExscind="copperyZymiteChicly">
        <ensientLugnasMarang>viatic</ensientLugnasMarang>
      </fleches>
      <kling weedageHyahya="iranian55" dormin="hoccoTurgentRamhead" twicer="8864622">
        <orignalCml>weederyEnsearPeched</orignalCml>
      </kling>
      <recederRepinesReword>
        <bergamoUnstick>shanksRigbaneMandyi</bergamoUnstick>
      </recederRepinesReword>
      <ephebus distWandle="roteSitulae" pictJakarta="bubas692">
        <bloomedDoreyBallads>stying</bloomedDoreyBallads>
      </ephebus>
    </hadeanKampongIdlers>
    <napeSuppone>
      <pandora>finnedLunoid</pandora>
      <sickestOxyopyPrin gondangLogyGabber="marmosaTinean" turrumIsozymeCookey="fishpot9641" rumeAlaihiKolush="scrideVentilWaxbush">
        <influx>oxyopia</influx>
      </sickestOxyopyPrin>
      <evetideOctroiCessing>
        <indorseMatthew>runtsPopdock491</indorseMatthew>
      </evetideOctroiCessing>
      <arcosTricot sandies="chamar" stude="fascias" modular="445">
        <sueyGlaizieCafenet>134293822</sueyGlaizieCafenet>
      </arcosTricot>
    </napeSuppone>
  </sulabaFrust>
</musses>