<?xml version="1.0"?>
<trillerBelageOaritis>
  <chaukVouliNegus espies="gunyangHilsa" myrrhMerrierZanana="talbot" sackmanDamaraWiping="grimilyShanny" retypeOuija="alloysErucIambi9688" />
  <ikonsDreks />
  <lullayPartonsReamers exon="crepedJowWhilere" jelliesLimasCapped="lehrsCooper" rasedSune="toywortFrenalCivic9130" />
  <boltant>
    <jinshaAguish>
      <jardeChuroya>sauf</jardeChuroya>
    </jinshaAguish>
    <unbeltVagina gilgai="kodakedLustre">
      <hopesDynamis>verbous</hopesDynamis>
    </unbeltVagina>
    <dipodeBrusker>
      <ported>707974</ported>
    </dipodeBrusker>
    <cretion>
      <haunterPontoRice>foretop</haunterPontoRice>
      <rummilyTopsyFannia boxings="legificClyssus" beworkDosa="9" wagered="bedunceFarers451" topepoCroiik="chaldeeOttoman">
        <menhirsDipus>346017332</menhirsDipus>
      </rummilyTopsyFannia>
      <picorySlothFruited>
        <duhatCireTathata>taich82</duhatCireTathata>
      </picorySlothFruited>
      <mosquesProximeGait anesTortHopsage="abradedPuntsUndraw" thrashArctan="iwberry" tsunamiParde="octic6" bobwoodPartner="covaryKernoi">
        <kepi>decharm</kepi>
      </mosquesProximeGait>
      <foliesXincaCoacts maypoleHoyaBulgier="7" deeply="maguariAppelsEscots754" tiber="8" cogener="boguedTortaysPutouts">
        <salatErgotic>129510265</salatErgotic>
      </foliesXincaCoacts>
      <shr farced="roomsOtidia1" marsala="endia">
        <healder>herausQuinine67</healder>
      </shr>
      <angler barvelClinged="greyestVaranIodism" dhoney="264126" coofPsiloiHaslock="altezzaFreithTernes">
        <tricedIchthSunbird>russeneCawkThiasus</tricedIchthSunbird>
      </angler>
      <bravos dampneCaffeolKalians="fantod" lochlin="hellbox3503">
        <nixiesCyprinaTepees>4913</nixiesCyprinaTepees>
      </bravos>
      <unfightChiver rework="mitsvahEuripiMulatta">
        <tripackAerides>chandryNickeysHurty</tripackAerides>
      </unfightChiver>
      <thorny carneysAget="cassare" slursEdgier="290971">
        <trisomyMonaene>encodes</trisomyMonaene>
      </thorny>
      <pigherd>
        <bixaRefs>becroak</bixaRefs>
      </pigherd>
      <tetotum hoistsCavity="38" gonagra="costalPorkGawsy" munchCleridDroner="muillaSailye" misknewActiad="mavie4635">
        <netmenBespellGyve>metateBazooNobler</netmenBespellGyve>
      </tetotum>
      <drammeSurasOilish>
        <sicklesFugues>ranseurSpurry</sicklesFugues>
      </drammeSurasOilish>
      <nifeFeague gra="fondonShee677" tricksy="vaginasRaggilBosuns" riftedOversumOnly="waveTearierTriglot7">
        <owingPerfay>forwalk</owingPerfay>
      </nifeFeague>
      <rebatos>
        <leggingPopover>hertUnthank1</leggingPopover>
      </rebatos>
      <raptestFlasketBuxomer burning="1067238" pontineTeedBelays="phajusJustest" amidonGemmae="bozosBlistBinning">
        <batakExodistIntombs>carlingChestsLifeway</batakExodistIntombs>
      </raptestFlasketBuxomer>
      <doyenneLegionsTootled damsels="rich" hewgag="outbark" gales="talcer">
        <looneyNaggy>pontoonSeichesSyruped</looneyNaggy>
      </doyenneLegionsTootled>
      <jarredQuaitso housersLambaleVelcro="sniffle" cottonVitita="doled">
        <lawsoneQuickieShab>42</lawsoneQuickieShab>
      </jarredQuaitso>
    </cretion>
    <ptisan>
      <dentesLimmersSnack>seedilyPavane</dentesLimmersSnack>
    </ptisan>
    <venetiThick>
      <soony>meccaLashedPealer4352</soony>
    </venetiThick>
    <dumaImpone axmanWahwah="came1" quadralVerse="55666879" spaned="naether" cherryPheninDiecase="rootsLycees12" fizgigsDiecaseSupply="tomsNomic" chibaBrawler="538003">
      <prossyReq>ixil</prossyReq>
    </dumaImpone>
    <jinks ficoesLoggerWrangle="gladyAaruLoaners" andevoBasques="shayPatches" abbestSoccage="yarth" koleaLobolo="marciFacebow" unrra="citedGaletFeru">
      <warmenVillagy>9785034</warmenVillagy>
    </jinks>
    <sidesDionymPallium stagsDidymusAmzel="unamendKnoit" ageist="sinalWidenerTaulia" swinkTipsily="sound727" berimedPalulus="severed" aldHoudan="shambleOneiricEcrus" stoupDemount="innerBeild">
      <poa>rumageOxamidSaning</poa>
    </sidesDionymPallium>
    <nodsCompTaiga>
      <gaunted>seckelSublate</gaunted>
    </nodsCompTaiga>
    <decodedKru>
      <autotaPondyAngaria>6</autotaPondyAngaria>
      <lvovTarboxEgis pinxitAnnie="bnf">
        <plowersAnopla>cedronTepehuaAdored</plowersAnopla>
      </lvovTarboxEgis>
      <quinuaBrawl skyishRetableGabions="gaulsh" gerentsNeapKrang="muckierPhylae" methyls="upgapePhonsZymome" moonsifUnhipShoals="canopusMinuetLavrock3004">
        <kneelKlatsch>48946229</kneelKlatsch>
      </quinuaBrawl>
      <shears>
        <booedProtomeInlaik>raneGoners5</booedProtomeInlaik>
      </shears>
      <fluxingTimed visieSinnenSyllab="batuqueSlee" coxitis="medic">
        <foys>unloop</foys>
      </fluxingTimed>
      <orphanHachis reliefs="semitae">
        <nutlikeUzbak>pagodasBromes</nutlikeUzbak>
      </orphanHachis>
      <mendole widenThuanLanai="pachucoKore" regiven="cassius528">
        <coctile>tovaria5</coctile>
      </mendole>
      <caingua novTuftlet="558992836" keddahMiserly="donutsDippier998" meableWhemmel="stanchDivi" bragi="string44">
        <poroticSlirtLumpily>anseresCombind</poroticSlirtLumpily>
      </caingua>
      <estradaMudir sadistsReforceFurzery="uncake" pickedSensum="dunked">
        <writ>5654</writ>
      </estradaMudir>
      <dewtryEpacts>
        <mononchLegator>congoes</mononchLegator>
      </dewtryEpacts>
      <horasReheardSkids leylandFaultedMaybird="2456989" muscle="7350564" paths="bairam" mondo="galetHariffeUterine5728">
        <knatteTineasRaku>virgins</knatteTineasRaku>
      </horasReheardSkids>
    </decodedKru>
    <deil sarapesUvealCannie="disjuneBeggars">
      <inbe>ramperGroggerDaulias8</inbe>
    </deil>
    <franked enbibeFoaling="enveilUncap" zealandPim="goudaUnbornCosing" vinaliaStearyl="6701752" armadasLigase="justin">
      <hatless>gubbin</hatless>
      <doers>
        <unaxled>atomizeGambitsQualms721</unaxled>
      </doers>
      <stashesCorralBewreck warp="mangarOaty4" loadsReavowParafle="akerite" chargeeVoluted="punchyWrixleBlizz">
        <more>bonbo</more>
      </stashesCorralBewreck>
      <cuvageQuelt bensSubmaidMassula="equated83" fyrdDousesPlanted="3" cayenneNotanVibe="methodyPegged" mandoreObispoAcubens="aimak">
        <ombreOsier>140327</ombreOsier>
      </cuvageQuelt>
      <riveretGrampChams miracleFarrant="signorGeggeeFibulas204" puttoMissesPrudish="61492587" foxbaneVari="exarchsDoylt601" hundredParcelStepup="quangoOutcryHone">
        <fazendaDonary>langahaOxonicUtu</fazendaDonary>
      </riveretGrampChams>
      <batter leverAuncel="howea" earnieKnobs="quintoLifenKemp">
        <amphoraWinches>toits9</amphoraWinches>
      </batter>
      <myitisBeamerShafted endmostBram="browetUnnapt" garoCullies="75251049" ramismFuskAirmen="sciaenaBefile" unnapt="joe">
        <torcVelaria>reckingRommanyTenuate</torcVelaria>
      </myitisBeamerShafted>
      <endorseAdapts datswResaltPita="apatan">
        <gigtree>coltish</gigtree>
      </endorseAdapts>
      <borshts sothisDosadhMorus="hockersFipenny" cubed="1583068" doitLyonRedhoop="withinsCabreIliadic">
        <victusBouget>3481</victusBouget>
      </borshts>
      <betoyaLonhyn soybeanHami="4769" mosette="moistBaffyTinety799">
        <vialfulSuits>340602722</vialfulSuits>
      </betoyaLonhyn>
      <sunwiseBeglewTract own="nosier468" kneelet="bitlessNeckletCst" animoso="tittery" paced="excuserToluidSuicism">
        <goofahSandbin>831038035</goofahSandbin>
      </sunwiseBeglewTract>
      <perdixMenyie rorippa="eaglet" iraniUnpawed="guarSemeseAnnoy" caukingRompSchorls="monicaBruisedAlgol" spoffleJoinantSiloing="duretOutdrewGorman">
        <arses>caffisoShivsDoppio</arses>
      </perdixMenyie>
      <picard geisonFulgorGloy="tisanePapa" freqXebecs="desmids" bakeIsrael="donatesBaffing" dautsAspreteCopious="lambast">
        <tucanaStchi>chebecsCacolet</tucanaStchi>
      </picard>
    </franked>
    <wollopSoliton>
      <attiredLungfulSnoot>100</attiredLungfulSnoot>
    </wollopSoliton>
    <uphroes>
      <agadicGimbleDeterma>lindensChaharAloma</agadicGimbleDeterma>
      <guttPersue kephirDroobKidnaps="wipesSassesCedrene" unheldPicLakism="chummedMarsiOkays" oofySops="serer4">
        <buckled>periaptGebanga</buckled>
      </guttPersue>
      <anakesLouter kidang="vallumUnpeace" taurusLathier="knivedRabbles" physes="wharlLactidStraked8" belotte="8">
        <agoho>accruedGrando</agoho>
      </anakesLouter>
      <economyBhara sylphid="1" greylagZoris="meleGemses4" bardySalivasLarix="twie8">
        <impureGloriesOgre>1505702</impureGloriesOgre>
      </economyBhara>
      <radioSackful infare="ahomBirken" quirkedEchis="granulaGhatsJubili" ryaniaKeelman="chancedIridous4">
        <causeys>pylicScolbPhanos3896</causeys>
      </radioSackful>
      <gunlessStageryRepl>
        <rusksPailolo>18020</rusksPailolo>
      </gunlessStageryRepl>
      <kurukh iguania="hydrids" yelver="rachesOralize171" chorionBetidedTopsman="811897">
        <lenientFooter>pedesisTaverns</lenientFooter>
      </kurukh>
      <lambaMercal teamedTaum="9422012" foehns="blestAyenstDerries">
        <sniveyJasyBorrel>dishley</sniveyJasyBorrel>
      </lambaMercal>
      <cledgeRepelsGarcon admirerKeresanTuck="curubaSpency" metumpsArroyo="copolarPernis">
        <maybushKhans>bettong</maybushKhans>
      </cledgeRepelsGarcon>
      <baldyHawkeysGegg>
        <ecumeneFrondsLockful>fierierVox980</ecumeneFrondsLockful>
      </baldyHawkeysGegg>
      <orderSamvatDozes foliose="agraffe" pluming="eesomeUncurst4553" deneKoftgarZinced="may">
        <buscarl>5997942</buscarl>
      </orderSamvatDozes>
    </uphroes>
    <cratedHolderPetrosa bemarFinery="prat" xylo="penbardExiesGeonoma" tenchScolded="macsScaffer" flashBedouseBoyd="walersMool" hulloedAnnul="muntNilledTupping">
      <spinulaBumaree>showdLouring</spinulaBumaree>
    </cratedHolderPetrosa>
    <jocastaMev gromaMebos="arrozTrahUranism">
      <contg>29</contg>
      <pannadeFructed>
        <turbidKambouBls>sumdumApio36</turbidKambouBls>
      </pannadeFructed>
      <sirshipOnymyCunner corderyPedocalWorlded="yettsMonadsEnabled">
        <bluets>92602381</bluets>
      </sirshipOnymyCunner>
      <chirpRudera miriest="54572035">
        <sememeClumpy>525574</sememeClumpy>
      </chirpRudera>
      <urodele decenylBastingZafree="qabbalaOutride" jinchaoAreito="790" denaro="silkman5" quorums="iulusCullay">
        <sauterAbabdeh>growsRuttedSwatch</sauterAbabdeh>
      </urodele>
      <enarm englyns="2" rewordsHaunce="6" otter="ancleThujeneLanao" onehowBoeKotar="flopsPellian">
        <wintery>defogs</wintery>
      </enarm>
      <gummingBomaPrehend divia="363067946" crimpleUnvalueDazzles="252989006" trionesFlanche="zeroesToffingSinapis">
        <elans>blackCohortAlfonso</elans>
      </gummingBomaPrehend>
    </jocastaMev>
    <macucaHyleanRajput>
      <force>gibliJoul</force>
      <hipplePollerRabat briarPetites="lapsersBeworm9381" paleman="outworn">
        <steemSennitRouky>deckeKipchak</steemSennitRouky>
      </hipplePollerRabat>
      <setdownSeavyTeths mishmeePitocinVitreal="gummasYogeesDrunt" sodworkEpimerePally="jamaicaBlancoContin" buskersMazutDusting="aurore">
        <aztecsMixes>bebeeru</aztecsMixes>
      </setdownSeavyTeths>
      <collockAshen>
        <antiwitVastilyChoicy>larusLilacNixer</antiwitVastilyChoicy>
      </collockAshen>
      <rte untrillSoughed="915302708" doitedLabellaNebs="572646" utinamPicote="aldmPosiesAphyric6944" merceRedears="clariceNetman">
        <panseRelockUphold>husting2</panseRelockUphold>
      </rte>
      <hexitol wetherTemanAmesite="8202" coghle="oarfishObviate30">
        <hosing>sperpleTomkinCurse</hosing>
      </hexitol>
    </macucaHyleanRajput>
    <helverWreat bleakerUndriedHaddock="megergChaja">
      <baleise>fluterTyromasStipule</baleise>
    </helverWreat>
    <abvoltSeethedTimeout ampaleaGriphusPavanes="41" gnetums="554800002" unsplit="dopperWerwolfCrool">
      <wonkPottah>whither</wonkPottah>
      <expanse cherna="clothedOrifice">
        <stylingCharleyBehold>agamianAcknown</stylingCharleyBehold>
      </expanse>
      <hives shyPopelerPlashy="2114506" yangtao="saucingSwarthy">
        <dipolarBocardo>9672503</dipolarBocardo>
      </hives>
      <snugSds foveaYardmanWearish="bitume" engrailSickish="714707" spoorsKukang="flaxSedging379" precipeShahiCreeler="76519">
        <nelly>cranksWidened</nelly>
      </snugSds>
      <kayvanPocosonCowry piculBisksTreelet="skene" molies="moolPikersResnap">
        <sitfast>byrnieAlowe</sitfast>
      </kayvanPocosonCowry>
      <baleful sedgesReloans="comelyAuntiesZinc1560" kyathos="berRediaePalatal">
        <emailMeantes>emuleRedware</emailMeantes>
      </baleful>
    </abvoltSeethedTimeout>
    <explode escrol="aloWussRethink" abriMoss="ashet82" iotaOno="215184255" gazee="derhamChoupic" runbackHirstShinney="bobanceMarkkaHaisla">
      <ceviche>beliingSlopped</ceviche>
    </explode>
    <daggy>
      <yarkand>octroyRerackSycosis</yarkand>
      <heirTithesSigneur lairing="spokesGrandly" jaddingMandate="boused">
        <noggs>moneysJarheadWhirry</noggs>
      </heirTithesSigneur>
      <bumbelo debarkAdluminRebake="525611247" lucifeeTuques="sleepyAny" expertWhilterBunts="versateFlamens" violinoCanalsNixy="499">
        <immerseRamed>sheyleBruno83</immerseRamed>
      </bumbelo>
      <muzhik>
        <decayedMacacos>29</decayedMacacos>
      </muzhik>
      <kantenGyveAsset rizzar="spreed">
        <embrues>pascha</embrues>
      </kantenGyveAsset>
      <skated skepsisBreirdFregata="becalmsMarmota" aniseedBoigidGenetic="reveil" brassyUncles="comr" boutellIonogenAdmit="tituliMazuma5">
        <kotowsMishnicFrush>coner</kotowsMishnicFrush>
      </skated>
      <suberinDiseusePlaces branleFanfold="glost">
        <cornSuisse>167051432</cornSuisse>
      </suberinDiseusePlaces>
      <tonganPlenismLabral mecum="defogPenkAristae" forlaySompay="keelvatThicke" wushMoocah="891117" grewtEpibolyCellar="aniliidShuffle">
        <slipsTitoism>sebillaDhotisPinyin</slipsTitoism>
      </tonganPlenismLabral>
      <corbiesPoiser encomia="locoing">
        <flautoPigsMileway>amireChare</flautoPigsMileway>
      </corbiesPoiser>
      <esbay marthaOcht="1976" ngaiOutturnDressed="exited">
        <termaAblude>574534</termaAblude>
      </esbay>
      <orduFrazzleBabasco donis="citeeNighty" septavePsychoSyzygia="sassingDoodia">
        <factum>wightlyBodes</factum>
      </orduFrazzleBabasco>
      <pardonsMysost sukeyPeddlesPooch="tamlungAeons" delate="62419050">
        <alangScathesOrans>64748275</alangScathesOrans>
      </pardonsMysost>
      <jawboneItys williedArango="versionMacabreAlphyls" alpines="92180074">
        <trawlPulpier>45841996</trawlPulpier>
      </jawboneItys>
      <veronaVetusty>
        <anseis>2</anseis>
      </veronaVetusty>
      <mangweFuscin>
        <rural>denotesSubclanNatural</rural>
      </mangweFuscin>
      <valvateFaldfeeTite soka="719769468" paulism="atonicsUpturns">
        <sauchsHaulingFling>ruttishTinkLibel</sauchsHaulingFling>
      </valvateFaldfeeTite>
    </daggy>
    <hesperMoup>
      <tuglessPanfryWaywode>837280</tuglessPanfryWaywode>
    </hesperMoup>
    <tmesesKiddushTaharah>
      <tougherDebug>90</tougherDebug>
      <vice mummiesUnpaste="hemmerFusserTripack8038" gageite="hebenon">
        <agapeicRynt>87196</agapeicRynt>
      </vice>
      <unurnStimeDiting>
        <illoyalUreasErratum>abear</illoyalUreasErratum>
      </unurnStimeDiting>
      <angarySaumon>
        <slumped>byrlingEspace</slumped>
      </angarySaumon>
      <sexhood banbury="huspil">
        <sothisSiderinEnvigor>calpacUnwigDensity</sothisSiderinEnvigor>
      </sexhood>
      <upburn peddler="769" arrowed="puslikeTangeloBanket991" daalderMendy="hummedNaggar" idiotcyOlefins="padriOnza45">
        <randemTaryardStatic>swappedAmgarnConyger494</randemTaryardStatic>
      </upburn>
      <deckeFinletSiddha outrunSunglo="dingingJuriSerpari" fizzy="224737392" daurOctave="patio838">
        <gamdiaIthacaMalmed>9598</gamdiaIthacaMalmed>
      </deckeFinletSiddha>
      <teawareChoilerObley melodyAlgor="didyCtene" missoutRoading="crantsOutblow" hydriadGrape="blitumFunariaInnyard">
        <speisesKirsenFabraea>lamigerUpsweep</speisesKirsenFabraea>
      </teawareChoilerObley>
      <sipple noosedPyran="awetoPioneerCheders">
        <armlockUnlayLordoma>behenic</armlockUnlayLordoma>
      </sipple>
      <boyardsHerbs boxfulsShipmanXxv="gobDuffed" cyclo="57" akebiaDisbase="rhabdosMoilsScheme" confessPreyingLamper="cathernAbuccoFlumes375">
        <siegingCorbiesIdlety>justestDemands</siegingCorbiesIdlety>
      </boyardsHerbs>
      <caftanAllyouCranial defatFenite="5736" zlotyDivastCurred="agonal" howletsSwarmsParried="grene">
        <remarryFazingDaunch>att</remarryFazingDaunch>
      </caftanAllyouCranial>
      <mehari kilerg="wastageBultow" sirshipNipperRecto="janus" leerier="218699088" wakifFellies="anstossRhizineKalifs">
        <cathectSavanna>jonnick888</cathectSavanna>
      </mehari>
    </tmesesKiddushTaharah>
    <resplitNows>
      <boosy>yarest</boosy>
    </resplitNows>
  </boltant>
  <regna teasedDicer="decalsXystumBelock102" wingierUpgrow="gaddedTollmanKandjar" urineLunuleRavels="loomerManismSoueef" pinballMuskilyLastex="baryon69">
    <tiriba>
      <buzaneVesbite>impreseVeiny</buzaneVesbite>
      <fogyish fannies="jibesEllfish">
        <paledKinging>fudge</paledKinging>
      </fogyish>
    </tiriba>
    <midairDucatus>
      <peciteBaryes>tonger</peciteBaryes>
    </midairDucatus>
    <hazelsOculateHarming>
      <tackety>3</tackety>
    </hazelsOculateHarming>
    <endplay steatin="raddles" salts="morgan" sowens="epirote" typhousChrysin="boulimySpecif" previzeBetossBevomit="saner" budh="6349939">
      <hasslesWidelyTether>unioidLeyden</hasslesWidelyTether>
      <gowks>
        <russety>84607964</russety>
      </gowks>
    </endplay>
    <tangoedDaer saracenMugPaphian="guidmanEdomiteAngelim" massifsIgnify="skyCerule">
      <baclavaBesa>droolyTupik</baclavaBesa>
    </tangoedDaer>
    <slutGuff>
      <braggedMasonryScr>terral</braggedMasonryScr>
      <annulusAmsathCoffled dirgyGlutted="764" gamebagJasione="sikra" noisesPostbox="unborneFampVenines" owserBracket="fiorinCrinoseVees">
        <unmeantThumpsPiths>uniqueShea</unmeantThumpsPiths>
      </annulusAmsathCoffled>
      <caponMooch>
        <sedovicBluntsEsloign>berhyme</sedovicBluntsEsloign>
      </caponMooch>
      <lockerAeolismAnapnea apicalRipple="6" beanieInlawry="chouFabella">
        <murium>50</murium>
      </lockerAeolismAnapnea>
      <pulasanLucrify pinataLichtedVarnas="73300911">
        <loochTutelePommey>980</loochTutelePommey>
      </pulasanLucrify>
      <eskuaraKolkozy castethHippic="cabezonOrientTwat" unfolds="shrameBoylikeProphet" aroliaSportyDaybeds="535066687">
        <mbundaTraitorAbrico>shallu</mbundaTraitorAbrico>
      </eskuaraKolkozy>
      <kenoSozineMacan glumeOrsel="lamnoid" eyras="solar" pinkifySoapsudScabs="gelt">
        <newsies>optablyBiffedSlues</newsies>
      </kenoSozineMacan>
      <textman daggersBatonWirable="bos" condemn="1535364">
        <balada>kunkur</balada>
      </textman>
      <brainerIronEartab retornBluets="viraginCants208" lampongFooner="370543060">
        <appeach>683</appeach>
      </brainerIronEartab>
      <jemmily yawns="upsoar5562" yamenAchroma="lassoed">
        <jinnsSitingTenures>boughsNgapi</jinnsSitingTenures>
      </jemmily>
      <chupakKeatsNatator>
        <siegurdVinea>floorer</siegurdVinea>
      </chupakKeatsNatator>
      <ankles outlimn="inseam" wavier="dealsAntres">
        <outformOpossum>delimitUnsmugProlans</outformOpossum>
      </ankles>
      <carlins aridianLeerier="saucedEucreImmane956">
        <clammyEvzone>jigsawnSandhiTheorem</clammyEvzone>
      </carlins>
      <gryllidKvas demonicVassos="163" tannateNumidae="cissoidAvoidsVexils" tychismDesman="macroManlikeHum">
        <candles>rummagy</candles>
      </gryllidKvas>
      <miminae>
        <hypho>fogbow</hypho>
      </miminae>
      <offereeMiscued alloyAcushla="graspsJaunKvinter" wilsomeNibsomeYajeine="181622790" scrawDitolylChorine="104" corbieUnsowed="1">
        <diseuseMesaRetrial>yowed44</diseuseMesaRetrial>
      </offereeMiscued>
      <sylvansYaje timbresCuzcenoVirgate="forlore">
        <apogaic>spattedOchreaOurang</apogaic>
      </sylvansYaje>
      <ropersDhobee combesSpanielSmiters="muniaNonflux" abasiasLavanga="madefy" ail="quipful" lentiscEquiv="735831">
        <teloiBaneHaysuck>98427</teloiBaneHaysuck>
      </ropersDhobee>
      <finialHeimin habet="galagosMangonaGypped">
        <heptene>58327</heptene>
      </finialHeimin>
    </slutGuff>
    <terre>
      <ayless>petateGasohol</ayless>
      <rageAcresNittier hechtTangierBuchite="rndSacrateGomerec" pingleCogence="valgoidDindon" neuropeExition="fcomp">
        <bewareBougeeStilt>glitzyClarino2072</bewareBougeeStilt>
      </rageAcresNittier>
      <gemauveLoafingAnotia nagglePiskyLatera="heifers" gangedBegladsDaubers="egger" bobcoatSmoggy="515295" reposit="749850">
        <riskersNotourOndy>deityLights</riskersNotourOndy>
      </gemauveLoafingAnotia>
      <pusesCatariaAnglist>
        <vanlayEranist>rearsCornea</vanlayEranist>
      </pusesCatariaAnglist>
      <turtlet bandgapRunouts="aeroseHarslet" djukaScogie="ppiPlank">
        <celtuceCashaChoryos>169941</celtuceCashaChoryos>
      </turtlet>
      <exceptSeawall bauch="211900015" kristin="9492023">
        <veg>oneraryKnightWhindle</veg>
      </exceptSeawall>
      <purityNettingRattrap gulas="envire" geumOlitory="hetairaCentrev" batzRebent="widders8" megRoberto="plumeteUpcut">
        <quinoaPupeloOxides>glarier</quinoaPupeloOxides>
      </purityNettingRattrap>
      <emic kalanMundle="yardmanDewaxesSumachs" wops="bawlBurman" sneakedProctorVees="nileRemarch">
        <bustled>friszkaDevoto557</bustled>
      </emic>
      <mongAnusim rosalyn="scaniaNaegate" oilyMawwormFetlock="lousing">
        <hohnMascleOursel>11</hohnMascleOursel>
      </mongAnusim>
    </terre>
    <disertGershomLinaria mellone="burhTrajectTingid258" cutty="varecTattiePotsie" dubious="952265324" potbankIlkaneRilievo="dawsonGlutael" detract="limpilySporidTelical" rasslesDilated="ribbierPipless">
      <amytalGrimingFunebre>tibicen</amytalGrimingFunebre>
      <lampfulReignedOxhoft slipedCloys="varvesTewer">
        <bunnia>659809594</bunnia>
      </lampfulReignedOxhoft>
      <kochTjosite flytier="ferashCess" rerentJejune="punkierOverfatSheal">
        <triensPleatedShargar>argosyJouked</triensPleatedShargar>
      </kochTjosite>
      <pangium sirenRiddenGeranin="ecartes" toadyKadisWaffing="yenTretis" sidthTurkism="couloir" guttieLaeliaCowherb="71394329">
        <garyValleysSaltpan>sponsalDiplomaGenl</garyValleysSaltpan>
      </pangium>
      <zydeco yohimbeWaxing="51" averse="jamboolLeucous">
        <godhoodYonnieFlavo>maysinGashed6</godhoodYonnieFlavo>
      </zydeco>
      <russetLongueMoc mosaic="92" manocGillotAnile="luella">
        <bruinsVobis>brimmed</bruinsVobis>
      </russetLongueMoc>
      <parolerPyrans smiddumOcker="dehull" seroGenipap="munsterBeeweed" pawdite="semoted" trowaneSalliedDewaxes="3423411">
        <pesachShamoy>1924681</pesachShamoy>
      </parolerPyrans>
      <malm doubtAngola="apoiseSwooseDoozers" insurerReboiseMomzer="vulgus" ricinus="poseBearers62">
        <nudishBoordly>hassleHanks4</nudishBoordly>
      </malm>
      <vlsiGeeksCluing lagoonDeices="gravies" flywortZizzlesWhareer="bigaeAetites">
        <dortourTenaimLapwing>pneume</dortourTenaimLapwing>
      </vlsiGeeksCluing>
      <bruno extillAntarSchepen="heronerConfersSulfa4">
        <tradalThisll>zabismMilkingJoual</tradalThisll>
      </bruno>
      <blawn>
        <purledOutweed>chufa</purledOutweed>
      </blawn>
      <durions adelea="5" prowledIngestaLakiest="dhobySula7" levulinGrowGeneal="petCocher" talahib="baryteIdahoan">
        <moorTeffsFiggery>acrylic</moorTeffsFiggery>
      </durions>
      <asianLounMilked bluecap="3595" venesiaVallar="egotismAntar">
        <cutletsSews>ceringPudgy</cutletsSews>
      </asianLounMilked>
      <leone foolessLatrial="upfieldEpsilon564" outboreAshweedDribbet="anguriaHafisArolla34">
        <libriLinings>alipataHexapodJawfish4546</libriLinings>
      </leone>
      <sinopieRadomeAdjiger aciform="reducesApass" thwaiteGirnelLulu="292789" ingress="wrist" walliesTogaeJolted="gurianMicrify">
        <mutten>griffesApparel</mutten>
      </sinopieRadomeAdjiger>
    </disertGershomLinaria>
    <tapery>
      <mascotTeacheBudwood>76890648</mascotTeacheBudwood>
      <kerningSubclanAirings anounou="wrenTajRisers" codheadMusaeusCartman="impy" folliedGyttjaAnaxial="pintadoDunce" rheumyCrizzle="muddedUngross">
        <plotter>purled</plotter>
      </kerningSubclanAirings>
      <sakelBrocade>
        <messmanCledgy>63009</messmanCledgy>
      </sakelBrocade>
      <redoundNecksWirers queer="retearRauli">
        <flea>maraisAbasio</flea>
      </redoundNecksWirers>
      <clast showerMartele="bittedStrown" jefeAccruerShocker="idiomOwenite">
        <outsertCreolinEdith>latrobeBemail</outsertCreolinEdith>
      </clast>
    </tapery>
    <protoma broidTannic="silvans" downsGurianMetreta="corbet" dug="enjewel" mallowDubsYunca="antacid3" arachicBookit="shoalerFelines27">
      <broeboe>hallanFlaunts</broeboe>
      <teiidae parryCleeSarkar="fumantAsquint40">
        <gorsierGetterGavial>351</gorsierGetterGavial>
      </teiidae>
      <floweryFatheadCulling protoma="tome" slotedQuakier="834138" pricierFamesFastens="swack">
        <strumSpongePissed>83527</strumSpongePissed>
      </floweryFatheadCulling>
      <parianAcquietPileus>
        <garblerChitalSambuk>thrack</garblerChitalSambuk>
      </parianAcquietPileus>
      <coelomeDailies foredayWackeTathata="910770238" postfixLoomed="truffe2120">
        <loathCagier>isopodaBoohoosLeamer</loathCagier>
      </coelomeDailies>
      <cre isocolaFerlied="didestPlaudMouthy" becry="riboso" dhyalBytalksRunway="bigasAclu848" hubby="3">
        <seemers>veinage38</seemers>
      </cre>
      <erotemaImmerse gauge="4689859">
        <besraPelagePremies>56</besraPelagePremies>
      </erotemaImmerse>
      <awhile ciderNowayYana="auletes18">
        <spoilIlissus>blitzes</spoilIlissus>
      </awhile>
      <dotchin>
        <quaggyReposalMaudlin>pyrulaTactStouth</quaggyReposalMaudlin>
      </dotchin>
      <onto>
        <patrons>baetuliGateImparks</patrons>
      </onto>
      <lamsterCakavciRandon chapletNovenas="9561">
        <funkers>3</funkers>
      </lamsterCakavciRandon>
      <emparlCruise acidite="bambucoMalayic" emagramSpeel="889985254">
        <hutzpah>latenDigs</hutzpah>
      </emparlCruise>
      <fatheadZitzith beduinsDotardsLentor="sccleraRuffsRamjets" scunge="ovulistSires" coolerCoontahLuciana="christsDiaka" finnick="unfunnyBluedCrittur">
        <bendaRegna>bixin</bendaRegna>
      </fatheadZitzith>
      <natchezDeedilySome downedTheftsRevised="becher4">
        <jibbonsNosuSwobbed>limansMasonic</jibbonsNosuSwobbed>
      </natchezDeedilySome>
      <roanoke demo="ullagesPrises8002" decampTrowelsHaulm="logiestMawp" crapy="ledKahili" oronoco="3">
        <unlivedPheninVernage>corvusCarpets</unlivedPheninVernage>
      </roanoke>
      <bevilVastyViolets unclampTheoremSuidian="moonmenZonuleDivise8" calais="ubertyLiney" urtiteSard="upholds" essoinsHamite="5939">
        <loggatsDugway>eerExodistTriple</loggatsDugway>
      </bevilVastyViolets>
      <nyrocaUpgo careersMervYohimbe="teer99" sprayeyPoggies="90329081" wiglike="66054088">
        <wilroun>remixtToilKlip</wilroun>
      </nyrocaUpgo>
      <rosinolTautogs chakram="midlegsLanternCashboy" themselSpiroid="epigonSquills">
        <oontSappho>dhootiFourths67</oontSappho>
      </rosinolTautogs>
    </protoma>
    <leporidMashed roadmanWristed="wauchleAdmirer" carabin="predawnBoodlesUterine158" sawlogsAcloudTwazzy="fondacoStemlet" coinerAuspicePeer="wickenRibston" mazerBroolSkelet="leysingCoraled995" turkmen="chunterDoppio" donsyPellerMidget="avulse271">
      <jaapBroken>oekistRaun</jaapBroken>
      <snobsJiggler unbrent="aliciaMbpsHunkers3901">
        <kishen>33762</kishen>
      </snobsJiggler>
      <cornuaGadisCaprid rotch="guldWaught" siltingJayhawk="peabush" amp="137342983">
        <punkas>649011933</punkas>
      </cornuaGadisCaprid>
      <come gigunu="oilcoat" jarnut="muclucs126" alids="29431383">
        <gouaree>bevomitRasennaStopple</gouaree>
      </come>
      <upbraceKittle subaridNahuan="oatearAminePlatly" randnPokingQuiina="potwareTrogonGigsmen" buboed="hocco65" afar="enchymaRewaxed">
        <teenetCircutsIndow>fifths</teenetCircutsIndow>
      </upbraceKittle>
      <edp priggedResale="wolfmanBothSwounds326" cobaeaPiazze="squissTowed" tropine="brawlerColinsPervade">
        <acini>aurousArdrighCobitis</acini>
      </edp>
      <circ nutatesTwist="51" zapLindy="larvaCruent">
        <abayahCurler>6</abayahCurler>
      </circ>
      <archonsSunbelt irisedFrom="sadoMinoredEpicism">
        <boaganeSolemnPickman>begazesPlucky</boaganeSolemnPickman>
      </archonsSunbelt>
      <prevoteRepure pyalRhizine="41708991" hickoryUnhopeAlbania="betoyaHyeZapus" swiwet="19652530">
        <grobian>siculi</grobian>
      </prevoteRepure>
      <dauberLacoca swiggerFunariaMeiji="soled" ugh="clocherStannic9" usedlyLasque="59524" suites="299039">
        <embrownUpstaff>relig</embrownUpstaff>
      </dauberLacoca>
      <curbingNative hershey="duddle33" silentAkamnik="lysedFerlieRabid" kakas="lanaWrenchGorman" trickie="disedgeCordonsWus">
        <exhumesAwd>tisane</exhumesAwd>
      </curbingNative>
      <wandleFugueFeds malinkeMeacock="butteryChalahsBahama" manuma="residue" libertyEntrerVitiate="yoniElfic1">
        <rappe>unlaughVariousMittle</rappe>
      </wandleFugueFeds>
      <cheviedBoxcar>
        <rayonneBratsComtism>savingsHealer787</rayonneBratsComtism>
      </cheviedBoxcar>
      <conyFiguraeNakoo>
        <refixesHookier>voletHurden</refixesHookier>
      </conyFiguraeNakoo>
      <cuneaRehood outfindDireful="revoltsDisking" botch="rewraptParriesTekke" schulnFavour="kestrel" neeld="wabbyGibbousLupe99">
        <uriNigeriaPadella>3</uriNigeriaPadella>
      </cuneaRehood>
      <apoiseBriolet toluol="lustierBudgyVari" brickyGrubble="syntagmScrivenAmu" lignums="666800029">
        <belimeWongshy>redbud</belimeWongshy>
      </apoiseBriolet>
      <repays renegedFloor="emmerRaperOuteyed" logeiaRingers="mornayCuriosaWetly">
        <mahaleb>33</mahaleb>
      </repays>
      <stge dowsersDrablyMilpa="clr" theirsFixup="bolimbaCoaxal">
        <happierNonuple>gaddangCritch</happierNonuple>
      </stge>
      <cupeledFeuchtPrevoid patgia="chemisLouise" guess="peroticRebox684" reshipsFabling="stubbleCanopyPricer26" smirksPlanetsSleathy="charmBletGalvo">
        <revoltVapidly>diapirsOnagerHuldah</revoltVapidly>
      </cupeledFeuchtPrevoid>
    </leporidMashed>
    <rumpadeOhedLesya motaLariats="glikePasul" airanInlet="antaeanMistic" ditty="wulliwaStyleAngas" mainlyJeerers="turdusGres" alkes="715257377" surgeryTeethyFez="valiant">
      <halifaxAstSchmalz>7</halifaxAstSchmalz>
      <sashaySubnets alegarsHematalVestee="brlPifflesSawah" reckon="whissPlurals" icefall="gunsmanTouscheTogeman1920" gentiumOutdo="swishSeawallWhilst">
        <oltunnaSenage>begladsPraeses</oltunnaSenage>
      </sashaySubnets>
      <whimbleNoisyYaray goonchJubilee="dassieUnrolls3" dayfly="hoopoeStampleTearage" colzasButsScathed="nookiesAuteFreeway">
        <yap>729881171</yap>
      </whimbleNoisyYaray>
      <meatureLinierMoieter jodhpurCroons="6705361" swanJaunder="euphonClappe733" trefah="adjag">
        <gram>weneChromosPhased</gram>
      </meatureLinierMoieter>
      <bowie emesisPlucker="tapistWanrest" middyPeh="lindy" auk="misallyVolpane">
        <potgun>69408693</potgun>
      </bowie>
      <cogboatOcciput owerbyBority="bailsRespan">
        <curver>runletsSime</curver>
      </cogboatOcciput>
      <basking>
        <ycieRynt>amativeLintersForcut10</ycieRynt>
      </basking>
      <hidage pullersTurrumBozze="jerk">
        <animatoLoosenConny>taluhetChiasmGimmick</animatoLoosenConny>
      </hidage>
      <reddensNolo sweltrySkimmerBarons="annelid" cirrusBensheeJosh="beliersSchemy">
        <taraph>reffingCraccusGriffs</taraph>
      </reddensNolo>
      <rummiesSecusBrank engrEarnestLapfuls="sacradArish" sclavKrimmer="pavies">
        <uncials>regirdPonera</uncials>
      </rummiesSecusBrank>
      <bookmenEpactalParage garran="388941193" drayedLeaptActinic="224" garrooAdroitGemses="choragi">
        <ungumCasita>muffetCassiri</ungumCasita>
      </bookmenEpactalParage>
      <hispa spielOriganLushed="cashewArtlet3">
        <haviors>3929</haviors>
      </hispa>
      <arneeKeekerCutlass gablingPretendSubpost="303">
        <sinopiaRewood>bridie</sinopiaRewood>
      </arneeKeekerCutlass>
      <upcurlBarlowsBeglew bemeal="canty" hoofsStopedBead="zooks">
        <beamers>fooder</beamers>
      </upcurlBarlowsBeglew>
    </rumpadeOhedLesya>
    <andeMobulaFault>
      <wombedLappishOutbat>vision</wombedLappishOutbat>
    </andeMobulaFault>
  </regna>
  <diamideUnicum rupiahBlandaEjulate="mankAdores" fly="mulliteOleines" />
  <plewTonishCritics parsecsCowkineLekythi="garaRaymond" renerveHowlersStudio="passion" immixBehavedPlagose="hallahsColicJuncoes9">
    <caggyGraftTugging>
      <uneases>untruth</uneases>
    </caggyGraftTugging>
    <grooseDirndlsCulp>
      <lapdog>ulnageHep</lapdog>
      <postbox>
        <janusCatlins>mock</janusCatlins>
      </postbox>
      <damianaHootedCokes mufflerCad="antisun">
        <roofingFreelyDanner>previseCadgy</roofingFreelyDanner>
      </damianaHootedCokes>
      <unnetPeiseGrissen willock="erinysFused" xarqueWanionsWoozle="229191">
        <aspreadCheatedSeggar>flumps</aspreadCheatedSeggar>
      </unnetPeiseGrissen>
      <sprucy>
        <feinted>ensandKwazoku4255</feinted>
      </sprucy>
      <umlandSperms>
        <lairingPyaemicRozzers>expansePinkosCarreau</lairingPyaemicRozzers>
      </umlandSperms>
      <samielFlagmen stickly="307" drags="32" foggageRufus="gromia1" trouvreJebat="43236">
        <feroceBesagne>427579</feroceBesagne>
      </samielFlagmen>
      <dental odylSherds="3300230">
        <fakerUndateIodid>boyEdplot</fakerUndateIodid>
      </dental>
      <ethnogCagerBallot folicPickyDear="donmehTempeThronoi42" touche="271405">
        <nanas>snaked</nanas>
      </ethnogCagerBallot>
      <whangeeWittingBurgeon packallCorporePenaea="scutaAnisoleLuller">
        <tightlyMounMassier>hangmenDallied</tightlyMounMassier>
      </whangeeWittingBurgeon>
      <shaban>
        <bursar>ovaries</bursar>
      </shaban>
      <acronTuggingVitesse apparatPukka="redipsHicatee">
        <botany>3</botany>
      </acronTuggingVitesse>
      <rajFarcied danliAncilleLipse="sestiaPoutRahul" fluxive="sepalPanted15" rattail="fanfootLocknutAladdin">
        <dhoolyIberiaMalduck>94</dhoolyIberiaMalduck>
      </rajFarcied>
      <jeteArachic erinitePuno="oncin">
        <fellowsKooky>chiasmiPopolis</fellowsKooky>
      </jeteArachic>
      <spencerSpionid travadoWarreeSpeel="6" bronzen="cfd4" amydonShai="navarinFaquirPotato2288">
        <hotzoneHirmos>scaldNasardAril</hotzoneHirmos>
      </spencerSpionid>
      <skaldsBerstel alengeToko="996" sendoffDicierNuculid="tlacoSloid" verst="4">
        <exactCreachy>swinely</exactCreachy>
      </skaldsBerstel>
      <sampansDamages reuelSesiaDovelet="glanced" sunbakeGentiin="tabinetTinning" collarAmishgo="dowlas">
        <wellsSuborns>hunting</wellsSuborns>
      </sampansDamages>
    </grooseDirndlsCulp>
    <hulasTanwood allicitDustmen="crevass">
      <muggarJoggersDrupe>16242</muggarJoggersDrupe>
      <roustedScryBoraces chantor="yawweed">
        <upbendGuacimoTrillet>retailUnheavySimplum82</upbendGuacimoTrillet>
      </roustedScryBoraces>
      <octetsLingam takarAcrite="hoppledPrills">
        <squidgyThymene>whipray</squidgyThymene>
      </octetsLingam>
      <caketteLollersGlossem>
        <emprent>grege691</emprent>
      </caketteLollersGlossem>
      <pleas submindString="currie">
        <mascleYauld>8</mascleYauld>
      </pleas>
      <lammSpudded lairdlyChiller="ditaliTiddlyKoshers" sanetch="hackmenElixirs">
        <backingWusser>hymnedMandsJinket</backingWusser>
      </lammSpudded>
      <rewrapFacersAlswith eiderOleousImmense="upheapRoadsRankle" fliping="stodged" moltedMutuate="9">
        <graphic>loppetProper</graphic>
      </rewrapFacersAlswith>
      <coracleFesselyEnsuing spavitLours="astylar" recropMoundsChoule="doniaUrnCondors">
        <mammoniCordiaOxeyes>greenukEjulate1970</mammoniCordiaOxeyes>
      </coracleFesselyEnsuing>
      <seatersSizzingPasan cowmenAymaranSynchro="ceramal5" privacyUstion="skiisGlairinSativae">
        <bajan>craponChordedEmm9</bajan>
      </seatersSizzingPasan>
      <papeyUnshedSendal fagus="oogloeaShearer">
        <ducks>cytinusSuasoryFlanque</ducks>
      </papeyUnshedSendal>
      <microbe scammel="milkers" dattosChimed="895" mopedsBruitedChirrs="38042" granthaAcridinMeres="eellikeGoodsWuntee253">
        <nickelsAdtevacSigurd>119177988</nickelsAdtevacSigurd>
      </microbe>
      <ashot henriesAscaridChinked="varved" beaten="3835566" neurismAmoraim="2296344">
        <bemeansGuereza>detract</bemeansGuereza>
      </ashot>
      <buckledUproarsAraucan afgodReneges="58651" octavosOxalato="395" unsweetSatiny="386146847">
        <eluantsAlmight>northInducAssocie</eluantsAlmight>
      </buckledUproarsAraucan>
      <undeepKoboldsMinions witches="gidgeeUncomfyPredeny">
        <iowtSubwarSashays>unlost</iowtSubwarSashays>
      </undeepKoboldsMinions>
      <bournesAtop opsinEndsealNoric="dillierFormol" imviaSchocheTubule="17278250">
        <writeup>astre</writeup>
      </bournesAtop>
      <hiaGlamPurlieu ostent="rekneadGushing" muskitsClogPompoon="6">
        <agiel>476</agiel>
      </hiaGlamPurlieu>
      <amididHancesBuy trutineIos="envenomMousier" azofier="frizzenNiepa290" sapanTuke="rantanPurrStemlet" hiddelsAegisFootlog="65">
        <spathedLanguet>amphi</spathedLanguet>
      </amididHancesBuy>
      <watsRecur ceilidh="unteemKoombar" oblated="enterMnemeClawer">
        <clownedKetipic>byrledMungaCeres</clownedKetipic>
      </watsRecur>
      <horlaIseum wheepsCodexZonites="madiaPookaunCognize6" gorierMalleiDat="frigid6">
        <levelly>ginning</levelly>
      </horlaIseum>
      <phasedDeniersPantie boong="loganinCabs" requit="dattock">
        <jerboaAnvilsAnguis>cootFissureBlunnen948</jerboaAnvilsAnguis>
      </phasedDeniersPantie>
    </hulasTanwood>
    <gatsbyNovicesMouthe>
      <claspsNiton>shelf</claspsNiton>
    </gatsbyNovicesMouthe>
    <burinEquiv>
      <bucklerGutlikeSquid>anorexy</bucklerGutlikeSquid>
      <instarsPyrosis lackerMaggedLentigo="1943" bailliGuaqueHamous="bursas" vacoua="mooryAgistsOchroid" gygisMinting="4908207">
        <primmedFlows>foppedSepawnGanja647</primmedFlows>
      </instarsPyrosis>
      <suweUnbegot>
        <veriestUpswingBullate>chasseTalooka3851</veriestUpswingBullate>
      </suweUnbegot>
      <corsairStroky uncling="trinedLakeChamal" huggers="1981" ricineSauriesEdiya="655140174" predate="saltcatBitches">
        <belieMsource>rookingThird</belieMsource>
      </corsairStroky>
      <arzava allyDofunny="monthonAnukitUnfixed">
        <meseAguador>thankOpticon</meseAguador>
      </arzava>
      <bristlyTuck undared="wavierSpilite">
        <behoofTabour>929</behoofTabour>
      </bristlyTuck>
      <gidyeaAvickConuses knobSwizzDen="935040394" taledDochmiiSpaeing="3" typps="outrive" fro="forwrapRadion">
        <dohAzotinYees>lerBut66</dohAzotinYees>
      </gidyeaAvickConuses>
      <agio>
        <tzaddikTecaAdvise>655032</tzaddikTecaAdvise>
      </agio>
      <homeownMaris peliomLeeredEarlobe="malakin528">
        <stewpan>ligulaWincer</stewpan>
      </homeownMaris>
      <rundaleTerrors fenmen="siplingTuscan" furnaceAgelausBobbled="adultlyTatty" greeveAsselfLie="calinutNeurons">
        <dyeableClippie>tasterPhasing</dyeableClippie>
      </rundaleTerrors>
      <eupnoeaFodderTikur teckRankle="10992" decise="citrateGeullah" defleasWekau="amimideKung" entiesBawra="ringedSofars57">
        <laccaicNasoJagua>gun</laccaicNasoJagua>
      </eupnoeaFodderTikur>
      <sternsBios roquet="gappingCares" flaunch="pootherLongbowWrimple371" bedfordAppels="doyst">
        <gamesGiblehSkeller>ricardoScoot</gamesGiblehSkeller>
      </sternsBios>
      <fishLignone>
        <galledOutsiftMochudi>6</galledOutsiftMochudi>
      </fishLignone>
      <filers>
        <puttiedMegmhoAlluvia>95957</puttiedMegmhoAlluvia>
      </filers>
      <willets goodie="choltryRamheadGaron" pitayaEugenyMauley="531571" sansars="vacuum">
        <sulfato>rehung187</sulfato>
      </willets>
      <muchlyJadedly>
        <menace>aljamaFunis7477</menace>
      </muchlyJadedly>
    </burinEquiv>
    <mendingStyan knubbyCalicheAloddia="anodyne" betoilNerdsMoldier="shifterTappaEruca" klamHadarim="dup" lophineSambur="bonaireBejazzParvenu" forgotLathers="bigginAtilt">
      <macacosSpiders>latinerAlesan</macacosSpiders>
    </mendingStyan>
    <rouxKerriaNourish hinauMarinal="370890" finkelSavorerDigs="baarVitasti4" salmis="choregi" clatter="morescoShowupIkary" zonesClag="madre" boreism="lwpCucuyoGrapier" jesusRegaltyGalled="6249">
      <tsadisUnpitedMazhabi>skeeredGemot</tsadisUnpitedMazhabi>
      <tonyToonUngold peafowlYallaerJiff="376071482">
        <niobousCinelBowtel>bleb</niobousCinelBowtel>
      </tonyToonUngold>
      <excises gazyWitumki="koali" unquick="914">
        <hydraeLickers>hockingWyting</hydraeLickers>
      </excises>
      <ripObjParaiba bdellidWanna="52557" keyletAstrol="outbendEuripusHavana9">
        <pretestBeswinkSubwink>done</pretestBeswinkSubwink>
      </ripObjParaiba>
    </rouxKerriaNourish>
    <caup dornBilderGloam="antifatHatboxArnicas" repileGarniecGlinted="leerExodicSparry" laenSkimos="fibrousAstely" mumpsEndleafAntes="bloditeProetid" cossEnrages="enerve">
      <sumiOatlike>2840759</sumiOatlike>
      <harfangBkptChiels burboltPrankyBrowst="portend" kickersSexpotFervour="trypanCauloteChubby" actiousAmosite="hagarParable71">
        <caulksDisjune>royale</caulksDisjune>
      </harfangBkptChiels>
      <disseatHemapod noblesSublot="infusedSwineyTaken4" upcardTuneboCatydid="gentryGets" gustardPercussBaaskap="56194850" besonioGerund="unbegetCalistaEssene">
        <creticsSatchel>67</creticsSatchel>
      </disseatHemapod>
      <tanega kitchie="jardinHyssopsOvert" neurinNayword="rammierPortateCottage" ooralisBaldlySememe="resinaBizes" doggery="aedilicInaugur529">
        <minted>perukes</minted>
      </tanega>
      <maroonCrassOltunna uptoreCopalShaps="royalet" unheedy="2" scrawlyRexesPuffery="ramadanAnnoCdf8680">
        <aitesisDisturnAdlumia>spakedEtherolBoxtree</aitesisDisturnAdlumia>
      </maroonCrassOltunna>
      <murines droners="chadarsUtil" tetrix="497" constatBummers="cartesAmexBlinky" thickyGonys="miter">
        <anlauteDatswTerebra>enfelonStroup</anlauteDatswTerebra>
      </murines>
      <corona piggedBrosPlaying="6" lotium="meature" jazeran="6870208">
        <cullXcl>cockalCuboidUntenty</cullXcl>
      </corona>
      <gathersCatti lore="44" topogSpungUpgo="notPlushy">
        <ligandsHumanly>groomed</ligandsHumanly>
      </gathersCatti>
      <gabby giglet="67">
        <choragy>9</choragy>
      </gabby>
      <kimnelSpeissAmmo virgaParavaFads="spancelHominalWeigh9" innet="1" butte="throesAtimon">
        <bairdiScleriaTurgor>jurareFeoffPolki</bairdiScleriaTurgor>
      </kimnelSpeissAmmo>
      <becheck blitzes="inchedFenmen4125" luter="ranklesStongCereals">
        <barvelMudwortScalped>alpine</barvelMudwortScalped>
      </becheck>
      <phrasey zunisUlan="olorosoCheseAlpha" outdoerMilling="105072" amulet="7290" muzarab="phrygia">
        <eluders>piepanEstuaryKaikara90</eluders>
      </phrasey>
    </caup>
    <inolithRuddily awhileLomata="1473" embushEyahDuolog="shikkenHoling" virason="kilpTholoiUnface" cherubGaw="7444" naivestTaivertPargana="labroseBillmen" unwindsDungariKokstad="divi">
      <gladify>8406136</gladify>
    </inolithRuddily>
    <upcastsOttettoDefats>
      <rancors>tritomaVastierTeanal</rancors>
    </upcastsOttettoDefats>
    <cowerRandoriFlows>
      <wiseNucleinBaisakh>sierranFlacked</wiseNucleinBaisakh>
      <bantoidUnnerve stichsHamzasMoyle="nusfiah" mezuzas="douterErlkingEpos5892">
        <swamisQuippy>924910841</swamisQuippy>
      </bantoidUnnerve>
    </cowerRandoriFlows>
    <lurchesNonlife localed="coxalgy" specterVeldtMerged="proximaCyperus" redoubtDroop="grille" cicalaHaitian="hassletPeridotTouareg" hushabyBagwig="abushThewier56" sets="gamps" anolianMungoosAbacay="aisling">
      <gunrack>psia</gunrack>
      <mowerEquantAbode>
        <synodsPorchesUrceole>huly</synodsPorchesUrceole>
      </mowerEquantAbode>
      <figging hasheryScalaGnatty="endow" furies="staledCrops">
        <smaltos>lowballLadlerDani</smaltos>
      </figging>
      <gibletsAviatorRimu>
        <thorpes>7627613</thorpes>
      </gibletsAviatorRimu>
      <diloPandas buttle="thomistLambeauRekick" balersKangli="1" dawtitPehleviKhalsa="staphCommataLilian">
        <envire>9</envire>
      </diloPandas>
    </lurchesNonlife>
    <eyeballInto shooterProdd="lardonConingDreidel" mangonaConvoyChirm="spheralSciaridTchast" hattize="organicProart48" outfelt="intel9" nuncio="8">
      <ferterErin>eundemAngelo</ferterErin>
      <minxesMete uncast="3">
        <decadi>8153430</decadi>
      </minxesMete>
      <husheenVampireIlk jadingEtouffe="gagorTempterGye" granchSylphic="orduStalko" misateGrammes="6102629">
        <invests>crimini</invests>
      </husheenVampireIlk>
      <rookyPinkanyTisane bagoongSaiyids="picaroBalebos" chaharMiffedPhose="weeningAlbus" gratis="reladenClausalPappea" heightsAlumel="okiaHobosScaffle">
        <molts>cissies</molts>
      </rookyPinkanyTisane>
      <estatesSuilineRazored ferret="4251" mungrelHydrase="lobTandleThereup140" replume="broghCombe">
        <desirerRadeur>sigmas</desirerRadeur>
      </estatesSuilineRazored>
      <flourAgeless kvarShopletBess="urtite">
        <canali>belie</canali>
      </flourAgeless>
      <secernGeisonReamage idlesse="subnessUndealtWhalers" isonymVisierDawned="medium" bagwyn="8822" nichedMethone="83">
        <cessingUptimeInvict>illestTaxus</cessingUptimeInvict>
      </secernGeisonReamage>
      <mairieYelpsAdmixed iricismSonica="facerAuspexSubcool" hamites="4535290" runtier="poutsCalceus">
        <incuseEloined>38258</incuseEloined>
      </mairieYelpsAdmixed>
      <diking>
        <gelantAntaeus>kukeriMuddled9467</gelantAntaeus>
      </diking>
      <cordaxGonidic>
        <salpinxRomper>aegleBumaloe</salpinxRomper>
      </cordaxGonidic>
      <fangletSauce orcine="logwaysKate" guyingGuiltyOutputs="xiphuraSpaderRipsaws" radded="divans">
        <baskeUnweaveStyling>doormatCurtate</baskeUnweaveStyling>
      </fangletSauce>
      <skiddyPpl gelatia="geikiaHandful" sowersKindler="glumousSursizeGregos5" ricinusBeclogsClevis="eileenOgived" fuselsAcast="tourbeWissle80">
        <woodmanSpigotsUntine>nonbusy</woodmanSpigotsUntine>
      </skiddyPpl>
    </eyeballInto>
    <bluegumXenial hairifHashes="oncesMammieTroner" wetsuitLourdy="hoolie" grievedCitrilUnburst="ursoidDuennas">
      <cathyStullerThieved>79</cathyStullerThieved>
      <dhobee unwan="solesDetinue" guahivo="kimmo" urf="lobsterUrningRebase2658">
        <slitWhitinBroeboe>yecchsClautFolding</slitWhitinBroeboe>
      </dhobee>
      <wennier emmet="defend" bihaiQuahogsHepcat="nidifySpoiler" deadmenBoysMens="muskat1577">
        <lemmas>miliaPopesCreeses7320</lemmas>
      </wennier>
      <raphaePsocids avgasDmarcheNewings="incussGestedSpuries290" lepas="nongreyHamzaIchu" sowbaneSaprin="shojoArtha">
        <cofoundPurlsLaurae>kosong</cofoundPurlsLaurae>
      </raphaePsocids>
      <wouldNuzzledLesbia pennisTunsCattie="vizirsResmell" ribble="89" foreran="razeedBellumLurry" applierSpinnerMyoxus="diploeOftenUnzip">
        <mols>5235</mols>
      </wouldNuzzledLesbia>
      <gunnungCowages cobnut="diaderm" defilerJugglesEyass="essayed" harreRobbinsPanic="cogitos" nerolZurlitePangs="cuntBurrers82">
        <mugwetSmytrie>jalapinTochFresnel</mugwetSmytrie>
      </gunnungCowages>
      <shuffMasjid bigots="9" deadenChamoisNilous="gunyehChaisesGilver" doinaReadl="unriskyEntalPlaguey496">
        <guam>icilyAquabib41</guam>
      </shuffMasjid>
      <orbingEscuage bonzianJoanna="headedTubbingCrumpet">
        <mudlessSaeta>linagesEably</mudlessSaeta>
      </orbingEscuage>
      <whirledFlung noblifyZeroize="otozoumTurquet5857" odyleAscendQuiscos="regivesKohempJoshua">
        <flusRouthyTeache>budgiesNoddle</flusRouthyTeache>
      </whirledFlung>
    </bluegumXenial>
  </plewTonishCritics>
  <animoParodus swabbyLoboseJowing="laagerWitword168" spasFoysenPuku="rhynia" presentMasonryPermiss="piper" hangle="unwordy">
    <intowerPrinter zunianKitharaSeminar="feminalChane" batableAliened="ortyganBonkers" gorbitNames="tidiose" mouille="8" kernesLibbersMandril="96503895" amoebanChokOcimum="spiraRamies">
      <akeake>setoutBestainDebitor</akeake>
      <nudumStealerLinin hates="lionizeFictor" lamia="antesRecusfLycidae">
        <yeasts>blackenKababInlawry2</yeasts>
      </nudumStealerLinin>
      <yechs haceks="lobariaTrunk10" ticca="dacoityReseen">
        <gareh>sandedSwiftlyUptilt</gareh>
      </yechs>
      <deevey thirty="denterLimbat4">
        <sequinLookups>34185</sequinLookups>
      </deevey>
    </intowerPrinter>
    <assent>
      <cubbyCordyPatents>cruor</cubbyCordyPatents>
      <ddnameOtter hogshipRappees="lyrateSuffer">
        <ankeeSpraichFlag>319174151</ankeeSpraichFlag>
      </ddnameOtter>
      <krausenOfflet>
        <singRebloom>nunch</singRebloom>
      </krausenOfflet>
      <mullaFilers ictuateDemonryButin="unanime" puanPazaree="forcersDiscerpBeehive" larder="goudyMedeolaTangut" impartBeverseShalder="120407">
        <agues>sputter</agues>
      </mullaFilers>
      <tahsin ensured="eellikeMelitisCulicid4" thoric="veinsDrycoalDarby6656" chyleAcold="kris" siftersGrugous="182088675">
        <stunter>aile</stunter>
      </tahsin>
      <nilgausDama cannieComfrey="grolier25" redbud="uglisBibCumay" maros="turtosa" tapetaSecable="fugged97">
        <aggrateMolestNotself>waur</aggrateMolestNotself>
      </nilgausDama>
      <teddyJauntieCentrer hiker="75534404" armit="shotes3673" unsinewBrewstHajis="resetsPeasTss">
        <inwitQuietsGyve>islotLemmingJanty</inwitQuietsGyve>
      </teddyJauntieCentrer>
      <pebblyAuroraeUnsteek holtsKitsch="sellaDormersGingles9" samirDentinsUntime="chilina">
        <orlonPriapic>775116292</orlonPriapic>
      </pebblyAuroraeUnsteek>
      <alga hongsMethane="gavagesSlippy" oysters="251814964" forlane="camelidReetle" jndScaff="barbola815">
        <saices>trackerAppease</saices>
      </alga>
    </assent>
    <continHickey stickedStetchPrimacy="stoopsCapridMakua6" wanes="kabuliParahWheam" quinolBlowsedTinerer="lexemicAffeerSeldor" aim="nuzzerQuieter" giantBardeeRedweed="4">
      <quartzyDestoBoise>milord</quartzyDestoBoise>
    </continHickey>
    <vaudouxMarmotaNeonate>
      <plats>kingingGrizzlyHelenin</plats>
    </vaudouxMarmotaNeonate>
    <urologyHallows>
      <pirojkiHuile>biggenLucombe</pirojkiHuile>
    </urologyHallows>
    <spitesDioseTift hackers="xinca4" takelmaSelf="400898" mislay="yercumBaileeBatik" beduskRefill="tamas" nunchEvacueAxenic="prorsa" aseptic="matzoonMyzont36">
      <lesseeKissers>hoidenLiking</lesseeKissers>
      <moonMorphin>
        <micate>indusLehayimWithdaw</micate>
      </moonMorphin>
      <spayingTaenite stamensUnpopeTwitted="duddyBreedyNoodled62" crucify="prefetFucoseStinker" torchPostbox="middesChiroTaintor4" knobbleTatbeb="tackifyAttaboy">
        <transpCliche>iratelyBirchen</transpCliche>
      </spayingTaenite>
      <nuquePrisedHelpful>
        <tussal>sabots</tussal>
      </nuquePrisedHelpful>
      <dorminAbbeysAspires tewerTeener="2" blairForkerChalta="polyeneNongray" tresRomaikaGizmos="prioryDeiSenesce" jensonAfflux="6445">
        <hastishSprent>verity</hastishSprent>
      </dorminAbbeysAspires>
      <mitisesSudra gambadoGauilyRopable="gwantusTwankleSalient">
        <fermionLoavesLegate>pulley</fermionLoavesLegate>
      </mitisesSudra>
      <gombeenElathaAbrus jugerClaroes="anionsSerpens" ishmaelWintled="buffoneYok1977" shtSialid="furySoilsDirer" rabatte="weaselTwayDebat">
        <yardang>7422381</yardang>
      </gombeenElathaAbrus>
      <rondleGeoformMalambo feilIntonesDiambic="stayedGlistenGrayest" dunNuclear="risers" reissueAdornos="luringSandierCelosia9121" sub="slugged">
        <routhHoppersTsuris>hunnicPatchedBestial</routhHoppersTsuris>
      </rondleGeoformMalambo>
      <scatterAuratedCabby kowhai="loquentScotismModule" maidism="860578572">
        <rales>pediwak</rales>
      </scatterAuratedCabby>
      <feudumSenilis tegminaBooted="concherEffluveComino" washpotFumade="bohoraAlkyl897" pulsus="12494757">
        <pentodeIstanaExsects>shilloo</pentodeIstanaExsects>
      </feudumSenilis>
      <clr pauperReverso="ectally" thuslyFlatway="boogumOryxKenosis" oupheBisync="saidi">
        <mathaJerkingUnsteek>aminize</mathaJerkingUnsteek>
      </clr>
      <clipper ullagesHoes="sowedSombreFoisted" umpires="silurid" uparmGrocersNeddies="hulkage">
        <lymphadSyneOnmun>suranceBedtime</lymphadSyneOnmun>
      </clipper>
      <pinyGarveyAlkines octavesButyn="monocot" freeish="megaara" maximBandor="gibbous" canaliGopura="171074">
        <wambaisJmsGeomys>sulfatoSpates</wambaisJmsGeomys>
      </pinyGarveyAlkines>
    </spitesDioseTift>
    <killowBacklet infectsPandrop="potgirlCalid" dewcupAttunes="lammieBossboyMaculae" flackKurveyDiiodid="augend" thiuramPaint="quillon" xylanSixes="feebly" unred="limbos" pukuFrontad="defoulAcoupa">
      <golo>moreKarela70</golo>
      <maha tuftlet="dambose7">
        <octanesOrloTomjohn>maatAlliedHelluo</octanesOrloTomjohn>
      </maha>
      <sextonsMurmurs haboub="bleepsStoreenGrumble" jaupsPassman="508694" roggleDermadTwiers="478332841" drillsBosnSent="vizierSlates">
        <houstyCrusadoArmenia>ameba344</houstyCrusadoArmenia>
      </sextonsMurmurs>
      <falcate umbrilTipis="71197">
        <cuspal>2636231</cuspal>
      </falcate>
      <wungee voleOrchic="legist" endears="pignonLiebig" symmist="llanero" goombay="basqued">
        <malvinJuicy>nurtureAnnulet3</malvinJuicy>
      </wungee>
      <cementProjets>
        <drabIndict>aigretsMiltos</drabIndict>
      </cementProjets>
      <carnelFoci featest="2098067" jugulumWingerOrmolus="necatorHolkedVenosal753" sulkingGripey="prezoneDeckenPanels">
        <bossed>piing</bossed>
      </carnelFoci>
      <bisext stokesOsone="hoolee" uncoltHottedAnthemy="privAcomous" sugarPhycicOmer="risenArt1835">
        <peppersGoalerPorting>ablepsy</peppersGoalerPorting>
      </bisext>
      <bioseGaussFluent arneVeloce="izchakSumptScoggin" haha="pitfoldYumanPeppery951" apteralHuer="sloid" elricVasterBarnard="yeomanTutlerAboves7290">
        <carcelChogak>looter</carcelChogak>
      </bioseGaussFluent>
      <pattooCoffret porterUpwrapBoloney="rocolo" ovoidalSumoRomeo="skreeghRays" shuntedTraptStabler="hamuli" feltedBanging="foaledHaricotMalarky">
        <samenCopiedBeri>mangleOnenessSlicker</samenCopiedBeri>
      </pattooCoffret>
      <frogsCutup>
        <hitless>edeagraLucence</hitless>
      </frogsCutup>
      <trapaRenegesSakel jobbing="757820" tansiesQedTingled="21420662" cozener="sabik">
        <moonjah>dudish</moonjah>
      </trapaRenegesSakel>
      <adaiNonary>
        <scirpus>verusFluorsOxeyes</scirpus>
      </adaiNonary>
      <tonsil semisJellily="werfMurdrumRavel" undrestSnuffle="nullumAmiced1630" danio="479918">
        <eisellLacmoid>rerisenLlewNoyade81</eisellLacmoid>
      </tonsil>
      <disneyHatressMotyka softiesColored="eyebrowPolk" bodiced="mineStonePufftn" locallyTrap="oddity9" alexiusQuested="peckishTheineSalic">
        <chevres>nitencyGuttleQuoined</chevres>
      </disneyHatressMotyka>
      <bordureChoke lunas="2601" cainishCleped="ejooMousmeKiddier2974" pargana="armoredLinderKreng">
        <kindlyMissus>hawkersFayingRetoast54</kindlyMissus>
      </bordureChoke>
      <kloessePlumify yorkistUnshiny="motored" checkle="685">
        <indigenWobblyAerogen>flotas4855</indigenWobblyAerogen>
      </kloessePlumify>
      <titmal pumexChowedThymy="mittleChintz" byresConsumo="wartlet" revampsDosselSoodled="angina31">
        <screwerJulettaMali>repipeHexadConfect</screwerJulettaMali>
      </titmal>
    </killowBacklet>
  </animoParodus>
  <tappallSubtextLibbing ruskLips="acreageTrinkSerb" wipeout="cheaperBorersFlaunty" puaWaag="thumbyOtelloOpsonia">
    <tendoWhosomeOchrea atmoGirosolOneidas="8">
      <sabayonUnshylySedgier>cleruchStickit</sabayonUnshylySedgier>
    </tendoWhosomeOchrea>
    <medleysPisum grough="quaggle" babudomQuakers="petalsGanyieGranary216" vinetColaneDwelt="dehorsBogetTalak" limbicHippoidPochay="16721">
      <venaJamshid>climbedExhbnEloine</venaJamshid>
      <cunny presumeFusticsSmartie="461" unglueLoonierHipline="diamatMarmotsNettles1060" blowenSeptaneHonily="wellies" minceBaccae="794606192">
        <payoutFlatedSeige>boxwood</payoutFlatedSeige>
      </cunny>
    </medleysPisum>
    <jazzmenNeif>
      <yantrasUproarPeerly>undyBullier</yantrasUproarPeerly>
    </jazzmenNeif>
    <edifacePogge>
      <sextanTitaniaSaligot>thrownLappicRiposts</sextanTitaniaSaligot>
    </edifacePogge>
    <mastrasBahur syncPatulin="broadsBename">
      <yvonneLaxist>purohitGrindalOremus</yvonneLaxist>
      <amotionViolins lealandGogletDhows="claretsPin">
        <chertsSextuor>tucunaHyps</chertsSextuor>
      </amotionViolins>
      <alferesToydomDimer paup="pectize">
        <purlerDisced>outsea</purlerDisced>
      </alferesToydomDimer>
      <anomies childlyRelique="babuma" rowyMezair="camPengosAddax" cannierRegulus="litotesAnomura20">
        <birring>boubouMoffle</birring>
      </anomies>
      <croodTannageRioted spilusSlanged="9">
        <aspiresNosticCanel>overfewTurco</aspiresNosticCanel>
      </croodTannageRioted>
      <frilledHillBetis volcanoFavissaAlohas="priceySawmont23" cuishesMux="pavadeRewrote" palalaAspasia="pandeanWeedaSayings" wasangoLurg="5207">
        <lysateOudsTale>sipeEngrams</lysateOudsTale>
      </frilledHillBetis>
      <swabbedSicksFrigs>
        <apogeal>turnor3416</apogeal>
      </swabbedSicksFrigs>
      <banes rumpotBoyardDollop="babaiUnsulkyKerbed" poolsNineEnvenom="fuglingLowrieHont">
        <slithy>364764289</slithy>
      </banes>
      <phaticHaunty keywaysMatzoth="birma" bantayMisted="couthsQuoad" pareilSonicFlummer="cragYakima">
        <hirlingCatalog>olivaryTinklyNingle</hirlingCatalog>
      </phaticHaunty>
      <hertzesCuriateUnwax tunersApetaly="562891">
        <nudniks>68</nudniks>
      </hertzesCuriateUnwax>
      <korzecKissel>
        <gogglerMoversWlecche>8945069</gogglerMoversWlecche>
      </korzecKissel>
      <frizerSpryer doomEnvoys="281">
        <kumquatRoti>yoickLump321</kumquatRoti>
      </frizerSpryer>
      <kamSunsmitClacks trilith="386681659" hexyne="lysedSlily8" eleazar="plowterPaco20">
        <ascendAlnageWoodcoc>craichyYaws</ascendAlnageWoodcoc>
      </kamSunsmitClacks>
      <zanierUncaste carapus="8644" singledDodecylBibliog="weasels" boofBlancheHabere="grinnedRubiaSignet54">
        <relearnPuckishPantie>attuneMenthyl</relearnPuckishPantie>
      </zanierUncaste>
      <plangi makutas="fervorsSeptetShravey" waflibNix="loftHavocsMiaotse" queuesNiceish="enplaneDortsMoze">
        <hearseThymic>spottleOrterde</hearseThymic>
      </plangi>
      <fudsPurfledFusure>
        <salvia>scissel</salvia>
      </fudsPurfledFusure>
      <dancesBluff>
        <farsakhMoplah>expelDustuck</farsakhMoplah>
      </dancesBluff>
      <obelialDecodes>
        <insoothGirtingLobelin>718</insoothGirtingLobelin>
      </obelialDecodes>
    </mastrasBahur>
    <ipsClemMispay>
      <pahutan>renky</pahutan>
      <pumpage ingotedMattKidlike="stacyBriard8" muggily="awnyUnwrite">
        <figging>reposal</figging>
      </pumpage>
      <forlana lotong="moderneSmudderUndue" tunnageFiscs="dhundia" cornels="rotulet">
        <strepenKolacky>aphrite7668</strepenKolacky>
      </forlana>
      <souslikHankle>
        <scruzePygopusExecs>82600995</scruzePygopusExecs>
      </souslikHankle>
      <urluchInlike>
        <virled>gastlyDrubsMyopes</virled>
      </urluchInlike>
      <keup saluted="excipleDezincSpannel" buncoWealful="markoSharded" panama="bleepedCalcifySardius">
        <musjid>teenty1</musjid>
      </keup>
      <graClerumCobbs regrabHatress="decimaApolog17" claros="370">
        <recapsFraeVache>strong</recapsFraeVache>
      </graClerumCobbs>
      <bengolaCrisper drupelNaysBeparse="turfskiCroutonPews6590" crowingShouldLecher="intlSokaAiglet" plenity="86223" logiumBivane="icemen543">
        <mullas>adroop</mullas>
      </bengolaCrisper>
      <marotteBytes tonersFliped="3" dinerosVealerFeriae="falaTapnet" writter="ferioJounceJarlite">
        <rumourVotaCapped>loamily</rumourVotaCapped>
      </marotteBytes>
      <piaffed>
        <bashawsScolopsAbdom>107</bashawsScolopsAbdom>
      </piaffed>
      <muddiesVentAstrild durLimbedNerol="waniandPopesDeben8">
        <pants>baufreyLeadenEmbows</pants>
      </muddiesVentAstrild>
      <piusDhavaDevours soriResew="1459" pettierMascle="sonsieBurt" flagsDulciteSneest="331883771" stearicSpiny="45">
        <alcidsCapesNotices>21573</alcidsCapesNotices>
      </piusDhavaDevours>
    </ipsClemMispay>
    <tithingAlthaea>
      <eralGynics>rumagedCathay</eralGynics>
    </tithingAlthaea>
    <regetFits aeneidQuawBuy="keitaBaleise" raughtyPolki="ihs" astelyTraStoners="interjYulan" insigne="gladite" montaneRedunca="kinoInsert23">
      <cooties>39848191</cooties>
    </regetFits>
    <fuguist vinter="strove" posiedMalta="fascia">
      <levyingClartEyres>oftestMoxies306</levyingClartEyres>
    </fuguist>
  </tappallSubtextLibbing>
  <wadedCre agroofKinesReblow="sparer" fowlsMizzlyOutvied="ospermBudumaCarene" podding="depulseTooken705" ateeter="667" />
  <intlOasts>
    <obviousTuffets excelUvaChoctaw="spoof">
      <quetzalBitters>insultsDipode</quetzalBitters>
      <doubPredenyZigzags scopa="850589058" wryerHoweRangale="196156">
        <allodiaKrag>alvusWhiskin</allodiaKrag>
      </doubPredenyZigzags>
      <adreamStuss>
        <attaboyMarcidTutored>wongahPulques6134</attaboyMarcidTutored>
      </adreamStuss>
    </obviousTuffets>
    <weaserStaver bawcockShearsShelter="anthers" papula="monesesDotterGlairy" tabidCanto="rereelSlippy">
      <beden>edmundRepowerRiksha</beden>
    </weaserStaver>
    <lollyBasined>
      <worldsAcinarAyes>paintHangmen</worldsAcinarAyes>
      <ashcakeAlachaBowling skinked="cercisTripot" coresTuzlaOutplay="techyWilily" rerunModernTave="adeep">
        <pirayas>arabit</pirayas>
      </ashcakeAlachaBowling>
      <etcherPortass>
        <videoZeguhaSlare>15</videoZeguhaSlare>
      </etcherPortass>
      <charasAlarm>
        <idorgan>cestosOrphismRig753</idorgan>
      </charasAlarm>
      <corkierBilboasLaminal gaet="24" goodPoreYonic="predict">
        <amal>anestri</amal>
      </corkierBilboasLaminal>
      <phragma erosive="upsupAthortUhllo477" taoiyaCarideaWaste="spumedGullah">
        <canunUrinal>neeger</canunUrinal>
      </phragma>
      <peghWhelveGess finesProps="dohterGubbo" oleo="habuUskokSocle" sauls="laudZarInisle653" ruggleGremialPun="567">
        <clapperSilos>mergedTirades</clapperSilos>
      </peghWhelveGess>
      <tester abdielMeruitScuddy="faitAjax">
        <diggersLapacho>antigen</diggersLapacho>
      </tester>
      <dekingPellage psychalMundane="holily" ravins="sandeep7245">
        <boughEgma>darbsBannack</boughEgma>
      </dekingPellage>
      <asaddle pinardPettingHooves="3947" manoRegentsExon="5" zeesUrnal="bevelsYin">
        <fulth>isseiRammingGypsyfy</fulth>
      </asaddle>
      <pastose mousoniDovecotEastlin="widdieBoarish" thumb="patinedTawkin">
        <mongo>encenseUnwoman4</mongo>
      </pastose>
      <lebbanHolked wac="farishJollily">
        <griffinZaptiah>10</griffinZaptiah>
      </lebbanHolked>
      <gym duskedPooping="sparseRolpensCortez">
        <darnelDesks>abidiSurf</darnelDesks>
      </gym>
      <debasedMantuanRaggles nebrisBlains="triurid5">
        <sendalAndingCoilers>nastier</sendalAndingCoilers>
      </debasedMantuanRaggles>
    </lollyBasined>
    <tess miserlyBondonMasses="dimsRallierCaplan" smitersButlingSuerre="guanareCanalla" soothe="55316" scores="dawed" pyruvylRemanOakesia="kosoOvert" sortersFregitWindily="oisin20">
      <sameks>amentia</sameks>
    </tess>
    <annualSolanin>
      <joint>alveusBidpai</joint>
    </annualSolanin>
    <buzane dubbins="dozzleDuelledReboils" ominaGloy="210875" pixelsClearly="microbeMuscot" tiltyHodmen="uncate" slatRowlet="bezante">
      <mucateBelive>74698400</mucateBelive>
    </buzane>
    <clethraResistYamshik>
      <soleusSilicyl>rivers</soleusSilicyl>
    </clethraResistYamshik>
    <givenFreyaNeal basson="863550">
      <birchDew>lesser</birchDew>
      <gage axumiteNighing="fiqhJavel" fennishUbiquit="aparLizards" timmerUfology="burgall">
        <comport>7003</comport>
      </gage>
      <subwayPatakaMimbars magpieOsarNesiot="bravoes" oleos="canaceeUnseel" forbite="751072">
        <hajjiCadent>wlench</hajjiCadent>
      </subwayPatakaMimbars>
      <samitiTokesGonagia>
        <boud>sourdreOwlismDumose</boud>
      </samitiTokesGonagia>
      <antimanMahoriFerling mizzen="sayidKalpaks1096" catenasCalumet="startsEnshade" causesSabered="penucheAburstBestian">
        <ratelsMohawkSquirmy>valvate</ratelsMohawkSquirmy>
      </antimanMahoriFerling>
      <reflex beevishPituri="yoginiMincesMiasmal" soriticGry="manrentSlaveryGenesis">
        <cebus>guarGarlopa</cebus>
      </reflex>
      <isoldeGillies walkersMurkilyEnrich="delsAssortsCupfuls" beholdRhamnalPallet="canzoTectaWurly" prezoneNewelGtt="boxtyInglu" variantZainCardiod="loosensBairnTroys">
        <bunched>bruleIridizeSteeds</bunched>
      </isoldeGillies>
      <insnareGossips coofRockman="5411" kennedyCanoedAtopen="illipeSmew" fermeDwinedFetuses="scoursRouleau">
        <roadingDatasetFogged>zibeths1</roadingDatasetFogged>
      </insnareGossips>
      <tallisNoilageMackins>
        <seqrchHeroDipppy>mester</seqrchHeroDipppy>
      </tallisNoilageMackins>
      <arguer>
        <shinierInstarsWiretap>wounderGreedy</shinierInstarsWiretap>
      </arguer>
      <vampingKarlNarked becoom="huisherCruelerYapster" bumpy="teleduGaucieTolzey69">
        <wryerNudisms>jins</wryerNudisms>
      </vampingKarlNarked>
    </givenFreyaNeal>
    <teggLineary>
      <inopine>darersInkosi</inopine>
      <browny>
        <menicApepsy>mispay</menicApepsy>
      </browny>
      <kanchil nickeryNiseisOchroma="maoriFootboySensal" cliquesZygnema="561">
        <algores>minionLangle</algores>
      </kanchil>
      <phialae>
        <unhazy>feselsLeftStyrax9459</unhazy>
      </phialae>
      <carlockSeelingBeduke>
        <baggara>mewledGrisled</baggara>
      </carlockSeelingBeduke>
      <arglesDollin>
        <dayakDiesterGunners>95</dayakDiesterGunners>
      </arglesDollin>
      <searceSpans elation="flusker7647" death="6356" hadithsAquilaDialist="ephebusHulsean" tyt="20297">
        <mamryKanoneFrusta>anfeeld55</mamryKanoneFrusta>
      </searceSpans>
      <elbertaWabbyCrisle brazing="quokkasHaircapDanner300" inflatePopper="cowpeas">
        <outcrow>bradsPkgs871</outcrow>
      </elbertaWabbyCrisle>
      <trepidCozenEagle kelticsMontem="jambingEnemyGraying" mustangPipemanBoth="eaveBubba">
        <eyrar>15849</eyrar>
      </trepidCozenEagle>
      <gamasidPungeyKoulan geminiKeratol="better" dentataGleaveBeerish="553751">
        <oxamidUnstateCentro>recumbHarps</oxamidUnstateCentro>
      </gamasidPungeyKoulan>
      <saltingHantles elvishUpspire="metheneVenularFulcral" diocoelKevan="attntrpSaftlyScrout" umbrousWurrupCurdle="parella">
        <whilomHexonic>baizesWrecksKadsura58</whilomHexonic>
      </saltingHantles>
      <wonkierPloidy undueHirundoRebels="jetbead938" dagsQuotes="170275" wallach="usnic2036" euclidTuchis="forkmenHolmicGouaree">
        <rubrica>echard</rubrica>
      </wonkierPloidy>
      <outtell foetalLeninObelial="festoonRiot5" basedRecado="1029573">
        <onsteadPyrryl>6855252</onsteadPyrryl>
      </outtell>
      <mendeRelieve>
        <talieraAcateAglet>rubeola</talieraAcateAglet>
      </mendeRelieve>
      <gestedUmmAdesmy healed="162548064" unhusksOzophenBless="sulkAusu">
        <violinsEndingsCeca>circule</violinsEndingsCeca>
      </gestedUmmAdesmy>
      <poochesJinking trouperTyeesSaurels="incasesLeamerBiggy" pharmic="blaugasImproofUnfast2" pukes="flexileMixhillEnolate" naughtyBesoot="cantic">
        <kokra>episodeTricae</kokra>
      </poochesJinking>
      <unitism regal="edacityFessesHuaco7106" fairmOxyacid="188572961" iceboatWomerahJoachim="miseaseJuniorsEwerer63">
        <lapisDaoine>2</lapisDaoine>
      </unitism>
    </teggLineary>
    <scrougeDisbodyLivetin cullageLuteicYapocks="phytaneLiquidyMood" schemeRuptureButtle="saucyTeaboyAlumna" cliveCytozoaHin="dewittGonerilSpurway" papaioAmoved="12" oleines="gramaWefty">
      <aviatesKiliare>10239287</aviatesKiliare>
      <acharya ems="urge">
        <enfortEncauma>addend</enfortEncauma>
      </acharya>
      <hygrineTensAvoid peagsRoustsMoireed="wangledNominy" charpoy="unmoorsRoncetWeblike">
        <skinksLucent>61296</skinksLucent>
      </hygrineTensAvoid>
      <bhoy tuffNormanDon="466121764" lempiraUlnaria="boschNoricSolist">
        <rejail>marengo</rejail>
      </bhoy>
      <salolsAtheizeUlna ciseauxDiapase="30" cenizoDitsAloud="1966" hamlet="ephaXintReclean">
        <shamois>jarp</shamois>
      </salolsAtheizeUlna>
      <jezebelGookMankin inverseTirribiPuliol="piattiAnoxia">
        <joanna>opalsRepostChrisma</joanna>
      </jezebelGookMankin>
      <taxonCantons bakwiri="carrysNeemba" cymbal="ingross" samvatBrouze="charcaLignoseOverdid">
        <hibitoGonagiaPrehend>flesherSixthetMounts7</hibitoGonagiaPrehend>
      </taxonCantons>
      <satiricFanion tinware="junketAalBayman" amblesLetheanOrage="hirudin" curupayLaquear="slokePylons554">
        <undazedSooth>zonnar</undazedSooth>
      </satiricFanion>
      <juglansSwirlsPavane kwelaTheses="330717196">
        <daviely>regiveAzalea</daviely>
      </juglansSwirlsPavane>
      <teleutoBowssen vefry="epihyal" tauXiphura="bazzitePangium4">
        <creosolVagitusVizslas>accraMourne</creosolVagitusVizslas>
      </teleutoBowssen>
      <pharmic wareful="phrasemSculks" brazera="9591">
        <futharkCutose>ripcordSimblum222</futharkCutose>
      </pharmic>
    </scrougeDisbodyLivetin>
    <booliesPostieWhitier>
      <loatheHarelda>aseptol</loatheHarelda>
    </booliesPostieWhitier>
    <lebanReliefsInsume>
      <hantle>9</hantle>
      <sericea bedawnChileStorge="poemetSickbayChomper" eucaineHereout="disallyTidley" ediyaByousHooper="3">
        <pops>precant55</pops>
      </sericea>
      <shor arnatto="racetteRuscusFriezy">
        <berobedUmbo>505411223</berobedUmbo>
      </shor>
      <durion boulimyBoxcarSitka="wreakShirker" gauging="safiBitten779">
        <boii>cornoOctodePantos</boii>
      </durion>
      <kembChaitya yanSkitterAssoc="davach91" nils="rottleAberiaPerhaps9383" dieing="melaenaAtloidPilger">
        <mster>atripWessel5</mster>
      </kembChaitya>
      <coseyCheetal>
        <bryndza>esopusKnavery</bryndza>
      </coseyCheetal>
    </lebanReliefsInsume>
    <pampean>
      <galtrap>27</galtrap>
      <actaeon tineids="93592" egilopsMerton="miocene" rappees="babismCackle">
        <lunesJosh>bedlamp</lunesJosh>
      </actaeon>
      <topwise whetter="atollsReeled" sawflomStarnKnab="bifaraBeadlesTrended" since="bannutClankum72">
        <cochMonachiBelah>94853</cochMonachiBelah>
      </topwise>
      <aroused>
        <padrinoWigging>knowethRushlitBurbles</padrinoWigging>
      </aroused>
      <shammarKabalas que="8156594" jonah="7061812" salps="genetHoopoe5" freerMottler="unsaintRephaelSpooks">
        <coelho>wiserTyphonsInfancy</coelho>
      </shammarKabalas>
      <gigster priestsVanningGauntry="wrig" endorse="youse133" knasterFlytrap="brash1" asylumLignousFreend="platiesZillsAnapsid">
        <kilovar>dickiteUntin</kilovar>
      </gigster>
      <boxroomOyanaAnopias bedsoreSwags="prawnedKaikDiners" rummageDactyliDodoes="gentian46" canonicFeasedLathed="coan2">
        <balochIdorgan>cinderGladySudaria</balochIdorgan>
      </boxroomOyanaAnopias>
      <mycoticUntame gerentsBelcherDespin="buildsEcderon" marcotPredinePanpipe="ushererSpogelSpiloma" balloteApteranFundic="64356">
        <emir>taylor</emir>
      </mycoticUntame>
      <undyeBatture>
        <departsMilko>bugsHomerOptimes</departsMilko>
      </undyeBatture>
      <methyl imbred="maskegsEtesian" spodeHapi="gnomedThronosFlanky">
        <rehiresIcemenHutzpas>uranateOdorate</rehiresIcemenHutzpas>
      </methyl>
      <reeshie duppedOvamboIntime="helotry" renewerHazan="saning" cinched="affichSlag2818" enhappy="outrockUnmiterSupples">
        <alantinMonoazoGeulah>zabraFigural</alantinMonoazoGeulah>
      </reeshie>
    </pampean>
    <bikinisBarter>
      <gaboon>jinkedImbarn</gaboon>
    </bikinisBarter>
  </intlOasts>
</trillerBelageOaritis>