<?xml version="1.0"?>
<berakotJotunnPreens>
  <gibesZips />
  <pourEugene />
  <annistEsd caimito="divest" />
  <keppen shoranKhepeshCoffees="uncase" aqueity="dolliesWheerOrgiacs" />
  <juventPhenic woilieWaremanViewly="rumoursLignes4" redoInpoursLizards="censer" />
  <cedrat donovanShalder="nakir" />
  <stainAblazeInark gelderCheese="897903560" delictsHitcherWabber="guacoHerbistAides59" uncoylyPokedMowha="934" americaResat="actiadTwiggedLianas">
    <angilo>
      <boaters>rampire</boaters>
    </angilo>
    <abackOutwardLogget>
      <glumaCodamin>campmanSilique</glumaCodamin>
    </abackOutwardLogget>
    <dagobaItdMedusan jolterCaracas="lepridUnknownRudesby" penship="7234" slinge="outffedPattie63">
      <imitWaxesMazer>4</imitWaxesMazer>
      <lavicTroupesPapules overateNeftgilHutlike="rafik">
        <shinnedSpane>nevada</shinnedSpane>
      </lavicTroupesPapules>
      <bashersVirelayExtra>
        <mambos>fishes3</mambos>
      </bashersVirelayExtra>
      <upliftIssuing guran="arrests">
        <hookishVasesCut>dheriAzarole4954</hookishVasesCut>
      </upliftIssuing>
      <touredMaulerAse reclude="routesArcaded2" nolos="trinedValve" grugousAlsoMunched="jerkerCoddle">
        <zestRannel>tensityPavierDrowse</zestRannel>
      </touredMaulerAse>
      <nisusMucorsPengo egohoodLuthernPreeze="sewered321" averrer="rabatosGalls" warlord="arniStrunt">
        <azofySore>texts</azofySore>
      </nisusMucorsPengo>
      <ankhElastin>
        <tibbitJumbalsWyted>bonnets6</tibbitJumbalsWyted>
      </ankhElastin>
      <bumbleHijinks azoths="glynnPatent" fumaria="cottarsNapaeanFluffs" foreleg="puleyn" upmoveDaikers="sheavePisacaTrotyl">
        <nope>bewendMagpiedNonterm</nope>
      </bumbleHijinks>
      <knitchFleuretNyala aginnerGross="903371" inboundHoymanUnpave="medical">
        <looserEyedropIdist>endossAiolis82</looserEyedropIdist>
      </knitchFleuretNyala>
      <pyaemiaTunishGedackt boubou="jitiNaologyGuarapo" lycium="smallyAtopite">
        <bach>clubbedApathy</bach>
      </pyaemiaTunishGedackt>
      <sanest eltrotAudianEvetide="941" chauleIllanunHolcus="gaeRenting" nouveau="jointer69">
        <karatesPfcShangan>creasesAtaxy</karatesPfcShangan>
      </sanest>
      <thulr>
        <caccia>alarbusGrucche105</caccia>
      </thulr>
      <keuperDimaneAgonic>
        <nods>lechersEgall</nods>
      </keuperDimaneAgonic>
      <alaninAerMousier>
        <teensyGyne>dagame</teensyGyne>
      </alaninAerMousier>
    </dagobaItdMedusan>
    <gahniteStrette>
      <cyclHelicesWiser>succeedCrcVmsize</cyclHelicesWiser>
    </gahniteStrette>
    <findsReliesMoutler>
      <retinicMedaled>succin</retinicMedaled>
      <sparySeedmen onyx="menorahSpignet" errantTaperlyBigener="443373" alidad="prebendFizgigsWrongs">
        <mawworm>taskageQuimper</mawworm>
      </sparySeedmen>
      <feminal cobbing="parked" encadreKoae="clanned" curin="retrampMutase465" pfd="applied">
        <bolts>queiBinoticBarrels</bolts>
      </feminal>
      <greedy horas="spaverDivesTuchit">
        <phocid>gnathicPatent</phocid>
      </greedy>
      <nuzzle feeblyWraw="greenlyRodsterInless" sops="657">
        <rephase>studier58</rephase>
      </nuzzle>
      <mirky oyersSteenieWongshy="pewitDooziesUnbliss48">
        <tariqatHamzahCourt>outfoxKatcina1</tariqatHamzahCourt>
      </mirky>
      <creel unsawnItaKafir="entrant">
        <splad>hivesTazeea5800</splad>
      </creel>
      <tramper>
        <shitsCep>elisorValeric</shitsCep>
      </tramper>
      <swotter sekaniOxtersBoopic="lilackyChobieOecist" umbonicBagnios="kulanSaute">
        <molsSilvern>89273816</molsSilvern>
      </swotter>
      <organa jms="bobcats273">
        <monontRottan>gripierAriusSakkos</monontRottan>
      </organa>
    </findsReliesMoutler>
    <rotters>
      <reflairMohairs>bingeLagsCotele</reflairMohairs>
      <mohaveYelpsPickle vapours="tagragBaghdad" ectopic="embruteEsprove">
        <sneezerMoneyCheeser>ramaismNobleBruce</sneezerMoneyCheeser>
      </mohaveYelpsPickle>
      <bansOrblike palier="colics" beothuk="foambowCharet" poryHerders="yikeTenuousSlipway">
        <hypnale>wafters</hypnale>
      </bansOrblike>
      <cavie paleolaBiduousAmaine="5668488" reaskEyeshot="hallows">
        <scopedBedfast>92348</scopedBedfast>
      </cavie>
      <gaymentModifyPun>
        <ibexParaph>connuHaplomeMimzy</ibexParaph>
      </gaymentModifyPun>
      <nereid wailingLudianLimits="eppieCupping" ochavaGiansar="yaoort">
        <tiresDiswontRobot>4</tiresDiswontRobot>
      </nereid>
      <disp slourMattiGenetor="tswana" wassie="24337696" arales="email1391">
        <turcian>brimmerIonian</turcian>
      </disp>
      <illitesLeafitSatanas bijousKiaki="6">
        <chubbyNethRikari>buoysGingham8332</chubbyNethRikari>
      </illitesLeafitSatanas>
      <plupfTeleses sursiseNazisSajous="accede9082" renvoyUndug="penisJunkieForeuse" hick="2" slangedIncuteHammily="retrierLento">
        <paneityPaepae>hoastTrikayaPitpit</paneityPaepae>
      </plupfTeleses>
    </rotters>
    <aucubasBursted samucuNongreyEdenic="solomonUnwrap" blateGallied="hotrodRiffian">
      <kusso>389018156</kusso>
    </aucubasBursted>
    <obeliac datos="barrageMocKhair" vendingTempiStott="anyhowBibles" moiraSugentLops="sonsJuicyBreards">
      <nupsonKeelingPampero>pteronEyryDuddy</nupsonKeelingPampero>
    </obeliac>
    <zoeaeProplexAdam guillem="298527492" manureAnelaceFlavid="burletAfoamTawgi" evelessMouth="totalsPlater217">
      <fuzzSnooze>myoidWinked</fuzzSnooze>
      <fagerTestateDroves sparadaKloofs="scriptLoos5" duykerCypre="3887">
        <sardarsTrabucoRoon>colinusQuaddleReree</sardarsTrabucoRoon>
      </fagerTestateDroves>
      <undular tadpoleYuckingHellish="clites">
        <pshawAngliae>bironSwizzIngomar</pshawAngliae>
      </undular>
      <rennTuilzie hamuli="trullanRolloBourses">
        <liteBefleas>peppyShebar</liteBefleas>
      </rennTuilzie>
    </zoeaeProplexAdam>
  </stainAblazeInark>
  <rubbed coffer="oryssid">
    <jaspePaar cosmoid="rolesYoginsUtopias" soilBolasesMythic="5" wiking="atlasesRigaDumpy" halvaCredaScutchs="tain" reswell="tilingsApeiron" eurusTimbalsGabion="succourSwooses">
      <dizenedEmbraseKakar>savouryNellyAdion</dizenedEmbraseKakar>
    </jaspePaar>
    <ucuubaLill>
      <warilyCoupledPoa>blueys</warilyCoupledPoa>
    </ucuubaLill>
    <texan>
      <hamite>tenutos95</hamite>
    </texan>
    <padresAlchemy lynchBreatheAce="henneryLadies" turcianLithog="39802" wallas="mutated" viaIndylHain="ironist26" petziteTaplingKwanza="tollersEncist">
      <doricalOctectRebute>hoecakeEnvire</doricalOctectRebute>
    </padresAlchemy>
    <waffingBemeGuilery>
      <rurally>34931559</rurally>
    </waffingBemeGuilery>
    <fluxed eyrArcatoTinning="burden" unvexedHielandGaspers="49" tyros="mrsMinimiPuntos" inlookOurebiToyman="349065" latonTikkunUndog="bustierNebrodi" cooeysTurners="9">
      <suffolkWizes>preter12</suffolkWizes>
      <comdia lynchesJohnsonTail="51170" postea="roralHereoutDesray">
        <twiggedChaus>45602745</twiggedChaus>
      </comdia>
      <velte movant="glutterAssortHod71" gothDrang="incurseUnlessPentad">
        <spreedCaneton>2</spreedCaneton>
      </velte>
      <clayeyCensorJagua>
        <geoidsSitupsGuatoan>forstBedelveFundus</geoidsSitupsGuatoan>
      </clayeyCensorJagua>
      <tremie remedy="bukatBecketApheta" alismaPyrroylGrapes="881243" enbrave="657439">
        <birotaNiotaLigulae>ducatsMistic</birotaNiotaLigulae>
      </tremie>
      <rulyBatterJambee reproveCaxiri="qasidas" burgher="7290" mannoseMarrano="bodeful">
        <doffTipsify>outdropPterinsAground6407</doffTipsify>
      </rulyBatterJambee>
      <caredVuggy waukArciteHaptere="overnet" devoutAlveary="betrayHabeasOutpush">
        <penk>merice</penk>
      </caredVuggy>
      <upsetsAegle>
        <yeelinRebuiltPylorus>sandbox</yeelinRebuiltPylorus>
      </upsetsAegle>
      <aenigmaBrinded vomicaeChimedBraws="fungiaPussier" dardan="88522" idledPondsPalla="urimSistent" funster="atteryRevampLowy">
        <galbeFlyleafBro>8</galbeFlyleafBro>
      </aenigmaBrinded>
      <paruriaEliding tirledTribesCoxite="tricksDiazomaDorm" fedoraIdylerCremona="92768316">
        <browse>kerbayaSpurnsStedman</browse>
      </paruriaEliding>
      <sonovoxGeaseTaffias beetleBasques="1402227" egged="155" badiousWaxed="totyman" popweedWindowsServer="trichy">
        <prescan>lunesLammedCozener</prescan>
      </sonovoxGeaseTaffias>
      <cowitchStardomLosel rastersUpriverKersey="lippierMoper" unpaganPrebidDoctrix="530" yeniAcierHiera="acetumDupletDunkle18">
        <hic>91</hic>
      </cowitchStardomLosel>
      <rimpiBundhMobbish premake="abuttalPizza" ablThongy="trapaLit">
        <subbedLoadumJisheng>530</subbedLoadumJisheng>
      </rimpiBundhMobbish>
      <paiksRheoWerwolf beseemStibine="8678925" vicugnaWhirsAbettal="sinfulBesugo221" taigleRouens="synodus">
        <aulaeEvectedTenzon>urutuDetur</aulaeEvectedTenzon>
      </paiksRheoWerwolf>
      <chilion>
        <ovening>toluylCattieTarpum</ovening>
      </chilion>
      <epitaxyNacre appeals="brackBolshie8" nihils="sorbsAbaue" eimeriaKefiric="infameEspial" iranicNashuaSked="sakeen">
        <neighOdaller>lallanMonacan</neighOdaller>
      </epitaxyNacre>
      <uruguayCaveatsImages>
        <fermage>strideGnawingDescale</fermage>
      </uruguayCaveatsImages>
      <fawnyGregePaloma silence="520794272" marlyChiffon="6132" freefdTouserUnglory="giselDagabaEndlong" sevilleEpeiric="misMarcos">
        <walrusRockish>thapesNaggly</walrusRockish>
      </fawnyGregePaloma>
      <muraenaSafeHinger unladedDowfart="27230432" azraelRailage="roumanBbs" bonnnesSextons="rosehipSetuidChalmer">
        <tussis>purreicPolacrePyrene</tussis>
      </muraenaSafeHinger>
    </fluxed>
    <cigale>
      <wastage>gainorGrits</wastage>
      <idantShariatArmpits>
        <silkieLiberia>38930494</silkieLiberia>
      </idantShariatArmpits>
      <debitum alonzo="ume" unfeatyHippier="40" bindweb="24178609">
        <meliola>eliasUnhentTerzet</meliola>
      </debitum>
      <roubouhBaggieDunking skeeterTrilobe="tutting" mavieEvolate="drudgedRel" katun="roachZonedBrakie" coronet="tapnetAskablePercent8">
        <magnifyMacks>descantOrarion</magnifyMacks>
      </roubouhBaggieDunking>
      <upflowsHogmaceFrosh fisnogaRebaked="norman" wow="orary">
        <entwine>231780013</entwine>
      </upflowsHogmaceFrosh>
      <ungularButyric flamensBedlikeUpfeed="bardishSestineVoided" jibbedPlonked="hakePixel" epihyalJuise="midlandBoudDaulias" optiveSpurned="bepaintCedronDancy">
        <grovel>chopinMammon</grovel>
      </ungularButyric>
      <anthdiaAmusedAntiwar ligularRubus="finites" enmove="4">
        <illsWaveyWaldorf>gessoWeys6204</illsWaveyWaldorf>
      </anthdiaAmusedAntiwar>
      <sceptreTripodyTripe>
        <linda>croton</linda>
      </sceptreTripodyTripe>
      <updivedTubtailOsmin pupiledStyxMormaer="gabbierTamaDittay">
        <saltpanHaideeMar>910542688</saltpanHaideeMar>
      </updivedTubtailOsmin>
      <fec analgen="burlapsInched">
        <fowler>605846031</fowler>
      </fec>
      <nunniRonco rawerRefineStannel="11">
        <askoiPilulePalude>neuronConnuCaning</askoiPilulePalude>
      </nunniRonco>
      <indraft dryingQuamash="fieldedPlainVagal">
        <warniss>airthDiphaseAccourt770</warniss>
      </indraft>
      <inkpotFilo>
        <dryfat>trodeCelloid</dryfat>
      </inkpotFilo>
      <besetsBrawledTestis wain="502700037" cyaninsCorr="hoeshinVanillePilot">
        <araneinNasalisPaction>bemoil59</araneinNasalisPaction>
      </besetsBrawledTestis>
      <wordsSwerve>
        <tukulerCorgi>flyawayAbanetRecoast</tukulerCorgi>
      </wordsSwerve>
      <gugletsCierzoTilters uparch="58150704">
        <tsuboTrubu>rednessKickup</tsuboTrubu>
      </gugletsCierzoTilters>
      <twoferLatiner fencesCerago="elytron" dawpate="smootMangoro">
        <pituita>jigger3</pituita>
      </twoferLatiner>
      <topcapAddle hellman="74495910" pais="crickey" glar="burnies8">
        <jactus>nicolas</jactus>
      </topcapAddle>
      <bourgBalete beroundKaskaOutgnaw="bothies">
        <fibulaMannas>717663</fibulaMannas>
      </bourgBalete>
      <ternery>
        <papize>snood</papize>
      </ternery>
    </cigale>
    <xdivPyralesBake wigdom="edamSixer" wavererBethorn="25735499">
      <kamis>immaskDepermExudate65</kamis>
    </xdivPyralesBake>
    <conflabGrenadaPensil>
      <cummers>desuvreMimeoed</cummers>
    </conflabGrenadaPensil>
    <dadayagManominEspial>
      <diademaTweestBefan>cockingHitoshi3370</diademaTweestBefan>
      <sargeMockishWitch ldgTepor="dienes" seagirtDevaul="reflSqueak6">
        <moisty>byrledLazars</moisty>
      </sargeMockishWitch>
      <cairdHetericOcuby sawaliCupiubaSignet="spotted37" movingYdsAmaut="oxgoadSackbagRetints209" zoistLulls="9" cumblyServal="frae">
        <uncockYat>plaitsGooiestSnoga</uncockYat>
      </cairdHetericOcuby>
      <phonalDynUnfroze stad="775">
        <kilnman>nothalDonnock</kilnman>
      </phonalDynUnfroze>
      <misknewAldusLayner styrol="folles" uncowApishMoaning="adepts">
        <deashes>hadingChirino7</deashes>
      </misknewAldusLayner>
      <flaneMyitis saggierGrisons="rabboniHemmers">
        <phaetCrawdadKolkhoz>kokan</phaetCrawdadKolkhoz>
      </flaneMyitis>
      <gaffleSapiaoNarco ethrogsNetful="sawmillHolcus" legger="bedpansPuku2682">
        <bearcatTopkick>26905169</bearcatTopkick>
      </gaffleSapiaoNarco>
      <weentyGemotes wizardsSuez="unquitSuncup" coptisSnatch="cabritSark" encoopTedium="5514556" lanes="candourCurtseyReadept5753">
        <mabuti>abroma</mabuti>
      </weentyGemotes>
      <longpodRoquets frontisPatonce="vainfulDeformUriah" hamburg="runtPendantGloats5">
        <beingMakoTechnol>oestrid</beingMakoTechnol>
      </longpodRoquets>
      <pandora ochavaScrimy="lefsen" uncularUnctGarners="supplesFarmostUsar" btryShptMacaco="orewood8394" huffierCringes="endlessMoochaUngag">
        <exonianCatalosHovels>ropp</exonianCatalosHovels>
      </pandora>
      <gazonArvejon>
        <cosmineSentiDomains>dolcanGoldeyeOlder</cosmineSentiDomains>
      </gazonArvejon>
      <hostelFrixionEvadne knowhowDiglots="beslapKlossePicote" ibis="solionCoursedZoarite" syrtTiplessSneath="trokedCretins">
        <toileCubitedLeelang>enflesh</toileCubitedLeelang>
      </hostelFrixionEvadne>
      <anattosLamaistBoody curialMasticDiarch="whitsPomps23">
        <bogeyedTipperRefs>trippleAffixalClinks13</bogeyedTipperRefs>
      </anattosLamaistBoody>
      <duodeneWatapesDieing thoman="tabard" hoyleRaptorsAvower="gaspyHatpins" nematicUnbone="sagene" depassEleanMetwand="tutelae">
        <fraserAbouts>quilly9</fraserAbouts>
      </duodeneWatapesDieing>
      <abusedBlowupBuran>
        <amen>acnemiaMilkier9</amen>
      </abusedBlowupBuran>
      <fichat>
        <sleeky>441</sleeky>
      </fichat>
      <unrapedVeldts aurungZeesAnathem="skidi" jinxesStoter="sorasArmitAsok" caam="toiting">
        <psaltry>paganlyLotos</psaltry>
      </unrapedVeldts>
    </dadayagManominEspial>
    <maltmanRedroveLew>
      <healingWaxworm>qintar</healingWaxworm>
      <jain ghoster="biked" aloma="710373358" nellieIndiesPetrel="468">
        <statersOntal>strettoLactealDating</statersOntal>
      </jain>
      <unclipSilva>
        <paisasRamalBoasts>bangiaGrassetRuffe</paisasRamalBoasts>
      </unclipSilva>
      <cessor kearnJellies="unopted">
        <bibbRissoaOutlove>96967</bibbRissoaOutlove>
      </cessor>
    </maltmanRedroveLew>
  </rubbed>
</berakotJotunnPreens>