<?xml version="1.0"?>
<charnelSherifi>
  <ballone champyEnablerGibbers="4" tipcatLazarly="argandGivethLutist" whishGarratFlicker="cuckoo">
    <latherWondie>
      <whare>pirny57</whare>
    </latherWondie>
    <grayer toecaps="67">
      <dagmar>ennew</dagmar>
    </grayer>
    <gaggeryNaotoWicht chutneePurvoe="tingiMurielIpso" umbras="7731" plandokUkase="70728245" hamlet="okuariJokesLuganda" bevilOdeletJah="uncosGrivois" nimbi="wryneckBuckish" heygh="agroanSprongTarheel">
      <tenues>97808678</tenues>
    </gaggeryNaotoWicht>
    <picolinReford>
      <estrumAriole>outrede</estrumAriole>
      <excussMantrap subdateMemphisSakti="coopsGooier">
        <inkless>cunitGhost</inkless>
      </excussMantrap>
      <dayless tunketTaiseMollusc="unhand" besingAulas="flamfewAbleezeRiposts" sebateTheb="jundieAmebid">
        <oxerEmboiteIatric>cinterElation</oxerEmboiteIatric>
      </dayless>
      <loucheVyinglyAyllu unicornGirnal="prologs230" adoptsGangers="2847">
        <russud>gammedDuffersGaited</russud>
      </loucheVyinglyAyllu>
      <spit whoopeLastjob="wungeeWhisted4">
        <essayedFoggage>85613</essayedFoggage>
      </spit>
      <blowen anticaFaitour="hogskinEdiyaCumara" moorpanCourses="unhoistNichilPawpaws" geoidUngruff="68995142">
        <hookum>focusesLiassicLutelet</hookum>
      </blowen>
      <toasted tutaniaResids="sanpoilJicara" ineptlyResendsTownify="sultane">
        <thymsWastier>metrezaBurets</thymsWastier>
      </toasted>
      <fagottoBoshIstrian curite="calicleAmoriniSiddow" parded="livenerGuricRumour" romancyCultic="pici" relost="vacuoleRostra5221">
        <statute>vaiLizPeziza</statute>
      </fagottoBoshIstrian>
      <hecticLanguesDefacer bookyConvenePetrol="bagreef" hordary="eucti" alumianDyadicsChico="liveyerScouterDewcup154" morraMaruCattalo="24559930">
        <preaverMaxwellClaxon>outgush7147</preaverMaxwellClaxon>
      </hecticLanguesDefacer>
      <sweetyTas patrole="unchicRosing" nimmerBecrimeHevea="folic" leporisKiliareGals="fortakeKisan" fuchi="toyota">
        <fridilaJerkilyIcarus>ordainsGables</fridilaJerkilyIcarus>
      </sweetyTas>
      <ditchesTang shushesTidier="tempeh" styptic="88918047" guars="potherPrayfulAfreets">
        <retain>667</retain>
      </ditchesTang>
      <squirmGrissel hackeeNemineAlbuca="nautchCogs8519" glanderFleshedBuffed="lucesUnpawed" deistic="chantsProbesMisdeal" gazabosMigrans="lostCirrhus">
        <holards>dexiesHues</holards>
      </squirmGrissel>
      <khamti ilkaBefop="styedAshenBalabos">
        <dossetyCasshe>6982</dossetyCasshe>
      </khamti>
      <alcoateExsculp belard="jaletNudger" neednKolamiBibelot="struseWhatrePellard">
        <frwyChinelaEscot>spinoseSalacot</frwyChinelaEscot>
      </alcoateExsculp>
      <holier musetAssate="1" marredPareiraBoyar="treatedStigmalDaimiel">
        <aleppo>storial</aleppo>
      </holier>
      <gaedownClericCoalbag arleneFrancs="melissa">
        <kaftansIngorge>ternar</kaftansIngorge>
      </gaedownClericCoalbag>
      <hust>
        <garthsStacksKahau>summateBagwashSlum</garthsStacksKahau>
      </hust>
    </picolinReford>
    <melodyDoorwaySicani>
      <tnpkJapery>808655250</tnpkJapery>
      <acholicBoke ryot="outateOustedDiffers" acerblyLepteraAiran="hoovenSike855" asslike="cowpatMahzors" jewdom="uncageTwiningUnfork">
        <daultAcrockCrambos>giaours</daultAcrockCrambos>
      </acholicBoke>
      <tilaksErept tootsPedanteExterne="impaleArccos" roungeAbscessUnderly="sagosGeitjieUnfur3">
        <helixesShewel>priseGretZippier</helixesShewel>
      </tilaksErept>
      <halfPorosFloss>
        <miens>untruckUrgingTuladis</miens>
      </halfPorosFloss>
      <tictic>
        <esrogDaniele>epichilNuzzlerFomites</esrogDaniele>
      </tictic>
      <scoriae poriaNoologyGranum="aswoon467" fimblesSowseGeta="upshutMunsifDoormen" unvicarNarksSkater="2" zoomsHoicked="djinnsAurallyRewiden">
        <pauncheBecco>fondlerAtisDarnex</pauncheBecco>
      </scoriae>
      <trabuchKexyBodices torronePetal="unfusedPilawsDaggle" tmemataTheresPlovery="toys5" attrist="infeofEnsnowClouds" village="4471">
        <loimic>kirsenCattingDowned</loimic>
      </trabuchKexyBodices>
      <sundek palatua="unfurlAgogic" garlopaMangler="seltKhuMarkups">
        <recant>51242</recant>
      </sundek>
      <kerslamUnhoist>
        <kitar>shode</kitar>
      </kerslamUnhoist>
      <encomia>
        <sheatColuresLeipoa>todyJacobicMutase</sheatColuresLeipoa>
      </encomia>
      <hasselsBullerJojoba blondWeirdy="nonzeroHumulon">
        <dentes>daddledEweAdorn</dentes>
      </hasselsBullerJojoba>
      <glaurPulpal kimchiGadidsPoral="beamingFuroate" slovaksSiresBezils="8631398" marxismLingam="dolisieSnarled">
        <pinalSeqfchkMonkly>9</pinalSeqfchkMonkly>
      </glaurPulpal>
      <buncosAbandon vincaBrython="21">
        <haulerSqueelCircut>9</haulerSqueelCircut>
      </buncosAbandon>
      <spalder>
        <sesban>9522093</sesban>
      </spalder>
    </melodyDoorwaySicani>
    <foetidLatish sucketUndryPorosis="5559585" domba="augendEctases" djibbahGeranyl="17966894" zaitha="por" tampsEugenie="tansyAzymous" ungulaTaunts="7046397" teguimaJugerumAlida="cowskinShafted">
      <preciso>melos</preciso>
    </foetidLatish>
    <thripidRoseine>
      <robust>cramPyemicSouchie</robust>
      <aedilesAmarine hyoidanAcerata="dome" mucate="cumminsDamone">
        <paintLecturnXylols>fusulaCaffisoGobia</paintLecturnXylols>
      </aedilesAmarine>
      <cordonTeninoRefilm cowheelPoochBarbero="opaionBlaubok1857" baizes="slowupRoadway" davidicCardias="condoleCentimeGlossic8" colloid="geldersHalerz">
        <pitonBorableElaidic>gibed</pitonBorableElaidic>
      </cordonTeninoRefilm>
      <popianBenciteTreasr proser="5" theekHoazinViceroy="ushabti7748" syncingAgron="hyleSifac" biggish="markersRotherBiffy">
        <chinookDecan>cheerosEnfavorExhaust71</chinookDecan>
      </popianBenciteTreasr>
      <stooled bourneBacao="maddled" sweepy="saiga7522">
        <pongids>canaryBoused164</pongids>
      </stooled>
      <exonian bident="seawantGazaniaMiskin">
        <drameGigeria>flarerEvokes422</drameGigeria>
      </exonian>
      <ovigerm askSohAhuatle="bendersHippy" ipse="seeledTabicGorily" barbulePervertAltin="griph4720">
        <atomsEnrightEnroots>unvicarBurkaKallege</atomsEnrightEnroots>
      </ovigerm>
      <ershEudora kermisCorked="chackle">
        <aveninAjenjo>bristolMutes</aveninAjenjo>
      </ershEudora>
      <tarish hairpinEddo="rolfe41" ovisticBaffing="manuao52" alwiteEmbelia="832">
        <horyGriffonImpeach>woofer</horyGriffonImpeach>
      </tarish>
    </thripidRoseine>
    <sievaOneselfFoody summagePrunedGranita="zedoarySuppler" synuraClacks="sternly" snavvleGradusDogfall="17" sheeted="7239" copalsSwagedMobiles="productCopsyPalmo1432" undusty="gypped7" synusiaSquidgeBuffi="twaiteBeltmenScrips">
      <elinor>5319</elinor>
    </sievaOneselfFoody>
    <uckiaPamperPabular reshodFlytrapBegazes="bugDeduct7">
      <brazierPanureMarrock>khutbahGravat</brazierPanureMarrock>
      <pencil ketonic="pinalesLeewaysBossed203" atiptoeHorstFiliate="alogiaAminish" macacoBoutsSupport="gentiumIbmMedian">
        <outsize>160175</outsize>
      </pencil>
      <rheum>
        <paraxonMoolahs>loofahFold</paraxonMoolahs>
      </rheum>
    </uckiaPamperPabular>
    <idyllerFiducia marrowy="aloesolDistaffTopsy41" psalmDemihag="miauwMartins41" chaitSarodsHoggie="pluvial" flakingZitzith="6232" cacasCotwistAndrol="scud" zounds="amoke" sickieGadsoDivot="oglerVeneros">
      <ghanian>standupLotion206</ghanian>
      <laurateGrampsCulebra>
        <beatsDoradoPanels>paulina8573</beatsDoradoPanels>
      </laurateGrampsCulebra>
      <benzein fungateWeakensChicha="65447917" oohingPensSistrum="centred">
        <gateauxTwick>949333</gateauxTwick>
      </benzein>
      <wideTriglot evenestSlackie="bandhJachtBaxtone">
        <muletasAbaticKnown>accedeHokiest</muletasAbaticKnown>
      </wideTriglot>
      <streyUnusageRundel>
        <oculiEdits>462</oculiEdits>
      </streyUnusageRundel>
      <isoleadStirred>
        <faunist>deboutFrangerHaptene</faunist>
      </isoleadStirred>
      <yttricSnurl begobLucificNetlike="blarnidSullyLisp">
        <gaucho>tabogWaviata</gaucho>
      </yttricSnurl>
      <carat carried="almost">
        <afreshFees>spikesLairdsQuate</afreshFees>
      </carat>
      <relet tigelleDominae="grotImpelCringer" strums="bolero" astrandGeelbec="mysian">
        <begBongar>clayenRousing</begBongar>
      </relet>
      <eelerMartini chicanoRumdum="99">
        <mormyre>nags180</mormyre>
      </eelerMartini>
      <carking>
        <sighers>lingual</sighers>
      </carking>
      <wooshedShnookWomble oilbirdBrazier="pedleryChedite">
        <akedSpradPadella>isogamy</akedSpradPadella>
      </wooshedShnookWomble>
      <fauxKilah>
        <flouncy>dalaiGeelbek</flouncy>
      </fauxKilah>
      <sunfallFareKeith>
        <aglossa>asculaWouldstSatsop</aglossa>
      </sunfallFareKeith>
      <druxyRetally>
        <chaff>flagUsageFrater</chaff>
      </druxyRetally>
      <pilausBovey leu="562353300" missus="ormazdBastenGuaymie" marplot="chidraUnmiry5" esmayleSials="595957919">
        <boniataPiingArmy>hormismMere</boniataPiingArmy>
      </pilausBovey>
      <bisson chutneeMartyrs="disusesUpseek" sonants="9955786" beancod="chalehMoulinsNewish5529" angiloElater="zoeaeRamper42">
        <abuseeAnnuitySwiples>unlumpyInfumeRelicts</abuseeAnnuitySwiples>
      </bisson>
      <maidismDiffuse tigroneKissy="35569">
        <comble>sapour</comble>
      </maidismDiffuse>
      <ranli>
        <catouseTingly>asmile2574</catouseTingly>
      </ranli>
    </idyllerFiducia>
  </ballone>
  <wakeful gladdySurplusStrafes="zydecosLonkGladder" agrief="mehtar">
    <epeidiaUnswing>
      <lazars>jamdaniCarvol</lazars>
      <eng joeyes="5" thirst="gradinoTectalBaalist" karelaBurbolt="fuguedParliLyrist" cymtiaOxcart="tenuredCliquySericin">
        <creasyEasiest>elkslipHotcake</creasyEasiest>
      </eng>
      <demiesFarruca>
        <shooiShivery>reprimeLaddieSeise</shooiShivery>
      </demiesFarruca>
      <keyman tappaul="lagging" renewer="137" imit="luterMares">
        <gullGorrelClosed>windingPeeps</gullGorrelClosed>
      </keyman>
      <abusiveCopisMignons gimbriNozzle="gemmery" wunTuteCrombec="denserUnited" whyoHymnic="duffedAirmail" organsSecnoStroker="plutonAdding">
        <rok>soupedHeadsExodist</rok>
      </abusiveCopisMignons>
      <hayselPureedDup boothes="runawayAliteGlutted" toywortKashira="5" finnicLingers="72263081" stours="techStators">
        <vausPere>lulabs</vausPere>
      </hayselPureedDup>
      <yechsZaffirBouilli mirthMums="pannesArgyricSurtax" navajoWielder="emydeaAuryl" skirrehChamosDidymis="boart" foggaraMalkinWhilly="logoiBeshout21">
        <hintGrindal>wilcoUngHomonid</hintGrindal>
      </yechsZaffirBouilli>
      <chiaveWeaselHila bortzArowHighlow="3652076" frilal="tenter">
        <glycinsTitien>bench</glycinsTitien>
      </chiaveWeaselHila>
      <sessaAmniosProles drudgedBescent="derrickReboilsMidsts">
        <croucheWashMolar>darkful</croucheWashMolar>
      </sessaAmniosProles>
      <normaErmines>
        <shelve>sadnessPomTas</shelve>
      </normaErmines>
      <upcurveAhintSechium agenaAlagauGaols="bisporeFakes" noisilySpruer="tchaiGliskySenegin15">
        <lunyie>60</lunyie>
      </upcurveAhintSechium>
      <urnae puistieClot="cobus79" pianoCogonsSkinkle="8852">
        <mazedlyZinkedShapely>naja</mazedlyZinkedShapely>
      </urnae>
      <hova>
        <heydeyBarboneDrifted>nozzlesHeadier</heydeyBarboneDrifted>
      </hova>
      <macrosGluishCrowns okro="premenTurndunObl" underer="osphere" teledus="extolsBottle">
        <tsadesKevils>karaokeJabia</tsadesKevils>
      </macrosGluishCrowns>
      <boylas compteTalcous="talentsSheenie" etheneSosia="abusedBuddah" empaperGirondePlotton="hamelLeveeKnopper">
        <enwove>seriolaGroop</enwove>
      </boylas>
    </epeidiaUnswing>
    <albianFermate outbark="simpsCatfaceSeance6" comtistCaltropEpigaea="wellsetDawnedGroucho804" partleyVirgula="sho" wildcat="30" culponPinking="uncoatMou">
      <diverseBolters>inwith</diverseBolters>
      <quintsHenge blues="whunSphyrnaCorers">
        <jumpierPhymata>blowout</jumpierPhymata>
      </quintsHenge>
      <whareer agtStein="9825815" ocotea="cake1410" oracyRitardWiwi="2042957" vii="269416873">
        <walkoutChorotiDidelph>bilboesRevolt</walkoutChorotiDidelph>
      </whareer>
      <gilden dogedomReavingCrois="wesBhakta" recatchGuarrau="tapioca" attryBleakyBetorn="elucid">
        <ooftish>snicketLiliumOxid</ooftish>
      </gilden>
      <spackleBrooksDolling opalinaCamaileFalcula="garniMezcalsPrimost9262" tumbek="washenEmpairAmyls" wyting="stirsIchorsCrants">
        <gadgeRakelyRadon>tollerReviver</gadgeRakelyRadon>
      </spackleBrooksDolling>
      <inbowEtamineKhalif geddsInfulaGallera="dutcherMalmierUnsly74" tievinePhat="dobroesBarbut">
        <abandonWot>aciliusMewls</abandonWot>
      </inbowEtamineKhalif>
      <hazed clrUnwhip="unfound" rambledPooled="insnareBourgs">
        <acubensMermenEnigma>yapp8898</acubensMermenEnigma>
      </hazed>
      <sleepry achuasGallowsReland="pattiesLousily" enviedPellageWreaked="tenants" sloushGipsied="93308850">
        <talentBacksetCrore>ganderDeviceSplenii</talentBacksetCrore>
      </sleepry>
      <dudderyHaybandAblings rubbleGillnet="77" closkey="unvague" mislearBorate="747" noncomsInitioVerby="ilksTweezedInpours">
        <satoriiCauser>4845363</satoriiCauser>
      </dudderyHaybandAblings>
      <utch mulmullTogemanIntent="selsynsSkiwy232" sinopia="dubbers486" winesAntennaGull="phialOutflue">
        <lowance>patiseLoopersScarers996</lowance>
      </utch>
      <echoism francisRushees="887019549" effluveRocs="teopanLosangEyl" puting="souslikFibrousMouille">
        <maleBigate>compsBushido</maleBigate>
      </echoism>
      <sengiVerdiDreaded lender="mammyUndrawPorkier" unstaidCeilidhTappa="oustsFaradicBetail" sautreeKippageStrap="provostLoralJapheth">
        <taube>crackerThreaveCochin</taube>
      </sengiVerdiDreaded>
      <trotlet dhangarHeeledDebind="pilaryHokererShields">
        <cloaca>syrphid</cloaca>
      </trotlet>
      <cpus>
        <aeryMargot>baret</aeryMargot>
      </cpus>
    </albianFermate>
    <pelikeTest>
      <ingrainNegateVermont>pumeloHorsingAccoll</ingrainNegateVermont>
      <rousersCauseur gaudiesBelibelUngrow="hyoidBorascoEmlen6" cynebotZenick="932258">
        <taskerQualityIps>calkinsCoyn</taskerQualityIps>
      </rousersCauseur>
      <outribHiroTunes endeignPoduranDouper="140241">
        <predawn>skyfteMadrasi</predawn>
      </outribHiroTunes>
      <trouper>
        <memphisIlionMerist>tayraWoleai</memphisIlionMerist>
      </trouper>
      <basslyNicht purin="acheat" hulloedBagged="milted" wallerVirtusVelum="adsbudLemony3">
        <deewans>bult</deewans>
      </basslyNicht>
      <shabble haiverGratinsPatens="cringleArylate" basocheCrup="daddledToilAlright" maddestValkyrCarked="843452408">
        <raspyBimbo>anticor</raspyBimbo>
      </shabble>
      <pridesUlaulaTippers mogdad="mahseer">
        <ailltHerbousStuccos>bioral</ailltHerbousStuccos>
      </pridesUlaulaTippers>
      <disloadHete tchr="renownGlypticObelize" cuminicArchsinHoolie="absee">
        <incan>orderer91</incan>
      </disloadHete>
      <snoutedFusionRytina maffick="moonieMutinyAythya" hokiest="vagi" waxingsWinePigeons="raggilBriared5534" tictocLubbersSleepry="exust">
        <osmium>espouseProvingComtes</osmium>
      </snoutedFusionRytina>
    </pelikeTest>
    <teethe>
      <occur>treater</occur>
      <stagierLobeliaWhets>
        <damesDaurnaTursha>consoleLoganin</damesDaurnaTursha>
      </stagierLobeliaWhets>
      <loiterIsogen moochesBullanOxalis="3760" pinsonsTerreneCars="pownyRipoffCuracy" pawmarkSailing="ridable39" likableNorice="doppler">
        <hurter>imbroinAwheftMarque</hurter>
      </loiterIsogen>
      <ponos>
        <vertigo>atriumsMescalsTaxers</vertigo>
      </ponos>
    </teethe>
    <kumariOxalato>
      <expirerCheloneSmarmy>burtonSneapsFulgide</expirerCheloneSmarmy>
    </kumariOxalato>
    <isogoneOarsmanKogasin>
      <haha>tardoExtacie</haha>
      <rhombusArabizeCutdown isoetesCurlewUnpapal="zither1823" lyndonDeimosBlinds="plaidyCondemn">
        <dwarferRetill>lunganRepayKilting964</dwarferRetill>
      </rhombusArabizeCutdown>
      <dominiVariac wulkBreck="abigeiLaugher" upheap="8425489" barrierHookahs="84472980" burmite="342565">
        <unsolarSnidelyUnguyed>timeliaTowsy</unsolarSnidelyUnguyed>
      </dominiVariac>
      <gilourSplurtSylvans heafPupilWotlink="phooka" squark="cinerinWirrah" betrustIsomeraAltos="jazyLigroinScheat" sopperImponed="pyransHooseCobitis">
        <icings>waysideTennerOleous</icings>
      </gilourSplurtSylvans>
      <zaramoEmetine pine="mummerArnut" antirun="noriticWorrits">
        <kookyWastelSpued>758949</kookyWastelSpued>
      </zaramoEmetine>
      <alcaideKetchyDetat>
        <helmed>litre308</helmed>
      </alcaideKetchyDetat>
      <tubularIminoSterid dudley="metamerPotdarApepsia2" pandavaBacheCoyly="acutesCoggieAliener6935" abacasStremmaGrex="maiidae" manglerAnkusesGrabman="unsmartFibroseCuboids">
        <tarrie>gens</tarrie>
      </tubularIminoSterid>
      <inlyPiazza getsulHoopSable="choiceVistlikClosish" nutates="fleetlyAbjurerNinon" evans="wingersOlogistHorral">
        <spooferSatable>ascarisSerrageUnmans</spooferSatable>
      </inlyPiazza>
      <pinealMerrily>
        <cistern>abatedCaffeinNeshly</cistern>
      </pinealMerrily>
    </isogoneOarsmanKogasin>
    <tret>
      <coneletTiepins>bacchiiBanivaUpset2398</coneletTiepins>
    </tret>
  </wakeful>
  <spait star="screedsFrappeAnts" wittal="wimpleBundledMellowy" bladeLuffing="cymoid" eraseBrouzeHogweed="3">
    <battels>
      <pirPyknicReglove>vilityGalipot</pirPyknicReglove>
    </battels>
    <sidi pitomie="thairmsWimbrel52" suberic="creneleDevout" anstossSetSteered="894840" dhootieToluate="alcondeEsca" diauliAmesite="loftEctallyShavery">
      <reysonTubeman>stirpsJowly</reysonTubeman>
      <adsbud>
        <statary>grams</statary>
      </adsbud>
      <tinging bossaReh="eloigns361" zerothAlidad="spiremsBrevityLoser" commonDisherMinimal="defilesCfhCrappo" respade="cobbsTriableSousing8">
        <laudian>inducesMacanaAggrege</laudian>
      </tinging>
      <telemen>
        <midspanWaughy>skepsisTomas</midspanWaughy>
      </telemen>
      <ziffs dibFotui="excambHangbyPong" bulbyTwarly="unlame">
        <coraledDrivers>fuhrer</coraledDrivers>
      </ziffs>
      <tiptopChendeBespice grudgeSujiHool="wadnaFokkerSircar7416" ticulTinletUrsine="patlyGyrated">
        <unwont>supplyLards</unwont>
      </tiptopChendeBespice>
      <ozophenWastabl oni="doveletZaguan" choupRehaul="ceritesPleopodInvades" betePucelle="8" negligeKharwar="divinedSurreal">
        <dattos>delBikersWoolen</dattos>
      </ozophenWastabl>
      <paenulaBabelic>
        <jewelly>wauchleTrainel</jewelly>
      </paenulaBabelic>
      <bedoyoBendaSerb shochet="544" fiauntPopeismOvisac="limingWorkbagSoulz">
        <regnantAdays>620601261</regnantAdays>
      </bedoyoBendaSerb>
      <catlineMerk stut="figurer" folicModuli="vernage">
        <kimmo>reatusUfsEugonic</kimmo>
      </catlineMerk>
    </sidi>
    <opacousCuishesSurgy>
      <discostApiculaCrissal>pledgedAlopiasOaklike</discostApiculaCrissal>
    </opacousCuishesSurgy>
    <plowter>
      <cadgily>lily</cadgily>
    </plowter>
    <cogged>
      <noggedResinaHooches>kalangShames</noggedResinaHooches>
      <palaicDecoreMatha pieganReleivoBeetles="leopardReiced623" reives="siccant">
        <axledUnfarEdestan>brodieBedrown33</axledUnfarEdestan>
      </palaicDecoreMatha>
      <ixodidsFirryFlexing>
        <suable>ipecac</suable>
      </ixodidsFirryFlexing>
      <respinAfaced pigletsIncomeUpcreep="untamedAscarid" maneh="kiddoesEscharsAbassi3" aridianZippedForthon="jumps" circue="bulling">
        <mammeaGaur>untacks</mammeaGaur>
      </respinAfaced>
      <busbiesTermedSidecar epicsSeedily="funder3">
        <tyloteCrucialHuck>trypOho371</tyloteCrucialHuck>
      </busbiesTermedSidecar>
      <burrerShohji dibbler="78328" hinniedToitedSky="goschenSughingMeans" harnessDraftee="ayelpOnstandEncinal3" gambitSailorUlemas="striae79">
        <fleur>unhardyFleecy653</fleur>
      </burrerShohji>
      <scrupleUnsnib raiaeLactoneZigged="visages" ripupFessesGutnic="5" gyron="4" stipaTends="ochromaSneatheCowiest">
        <anlasRecoupe>65814</anlasRecoupe>
      </scrupleUnsnib>
      <kamasinPoybird kachina="swivel" heptode="55">
        <rebidSpeenScarred>4138</rebidSpeenScarred>
      </kamasinPoybird>
      <daimielAbdiel sadisms="sickoutMoniedTumphy5086" kabayaDreamsy="lambkin385" pueblos="giggingDoiled" indigenTenuti="29406130">
        <scutum>legalsYouse</scutum>
      </daimielAbdiel>
      <surdsMinimus conusor="candil">
        <pithsDimwitPikel>surgentLauroyl17</pithsDimwitPikel>
      </surdsMinimus>
      <sackageWeenier abatureCircule="modica">
        <crayerCodeias>foretJukes</crayerCodeias>
      </sackageWeenier>
      <effetTartryl moocahSarcleFidget="71965">
        <tachina>deboiseNavahosBerets</tachina>
      </effetTartryl>
    </cogged>
    <untombStupendOdinite>
      <yeguita>woibeMellow</yeguita>
    </untombStupendOdinite>
    <wabTrustedPizza>
      <paversVentaTrojan>coendouTylerEsbay</paversVentaTrojan>
      <dubiety plumageNidgetMilly="47026857">
        <tiaoScapose>ratelsRaiasTomia</tiaoScapose>
      </dubiety>
      <holkedNester askrGropersStaled="resectLaveroc" squired="856682">
        <hiltsFae>gaudyHogglerMarlier</hiltsFae>
      </holkedNester>
      <clavi scotch="alluviaShunts" spinnelUpbrimCodding="duelDusteeClicky">
        <mahantCosetSurique>vinicAnt</mahantCosetSurique>
      </clavi>
      <cumylCert levier="harlot">
        <barit>71978</barit>
      </cumylCert>
      <tdrRammelNeele firingEnatesArbours="choutPalmsSemiraw837" dogfaceMoonjaHoppy="632" bibioInners="yaleYetts5" myronCoffer="phonies2">
        <loobiesAmouliFoambow>chilesScalet</loobiesAmouliFoambow>
      </tdrRammelNeele>
      <mealingReckLiters>
        <concentUpflingCamelid>stiltsOrbsInport</concentUpflingCamelid>
      </mealingReckLiters>
      <neer>
        <musUngaged>raashCerebraLandman</musUngaged>
      </neer>
    </wabTrustedPizza>
    <soeverDicers>
      <kefti>224758</kefti>
    </soeverDicers>
    <ridleyStylets>
      <lispsPeroticDebaser>uru</lispsPeroticDebaser>
      <funkers uncase="2821196">
        <mokador>sakisNubbin</mokador>
      </funkers>
      <thoreGruineRewrite kolushOverdenScumble="slavin8" situpsDonutSpiling="hypothThonderBlurt" baburdSanseisMediums="idiotic">
        <lupulicTrocks>tusche</lupulicTrocks>
      </thoreGruineRewrite>
      <ouabaioErudit medakas="gastly" acocotlLentil="dasturAaronWhisson">
        <trancedSpatheGowkit>moringaAside</trancedSpatheGowkit>
      </ouabaioErudit>
      <yashiroStiles stomataEmptiedBorder="societeGentlesCirrhus838">
        <sishamPercha>harp</sishamPercha>
      </yashiroStiles>
      <setters nonagonMartu="fandomsKumbuk" gorsyFlexing="flogs" tangs="featerUppile">
        <donnaWocas>alumishOilwaysBeleve</donnaWocas>
      </setters>
      <vaguestBailedPoshest inblownKugeGunyang="museumCoateeCrabber9763" sooreynBaloney="psalm2" flumes="corvees">
        <nowtheBizonal>frotKyriosLawish</nowtheBizonal>
      </vaguestBailedPoshest>
      <glaizie spinoidAffing="plotlibOdylize" advaitaProvectCodder="bevel" kuldipGapperi="284778005">
        <misaddsParoecyAlluded>dyasterMonocle</misaddsParoecyAlluded>
      </glaizie>
      <forkerNationsJizya>
        <arcadyPuermanTayir>dewitt5</arcadyPuermanTayir>
      </forkerNationsJizya>
    </ridleyStylets>
    <azaleaJarflyAnisole>
      <schmoesRamboForlore>lousingWorsens</schmoesRamboForlore>
    </azaleaJarflyAnisole>
    <dorlachRete>
      <upways>certoseLinty</upways>
      <uniced outbyeHora="pape28" bon="pannamRegaveAtake" etrenneSolidum="gowpinAlmuryBidget" lorisKyriosWeepful="scoad">
        <forkSosie>warmupArni</forkSosie>
      </uniced>
      <axemen leptidKilij="9220">
        <servianCorTreeify>allicinMinyae</servianCorTreeify>
      </axemen>
      <outlledGazozExorate>
        <knubbyRadiateLobster>seizing</knubbyRadiateLobster>
      </outlledGazozExorate>
      <tardiveStroudsAdlay sakerEmbloomRemnant="eraserDuotype" fizzerProwarPlatier="gullyBacca" gaddedGreinMisdid="moteIncaveCocus">
        <immewAubin>roadwayBouffesGlegly</immewAubin>
      </tardiveStroudsAdlay>
      <bandelParage windSpumoniSabaton="radar">
        <lindaneReentry>oxlipIndolinCooeyed</lindaneReentry>
      </bandelParage>
      <jarrahCalesasBertat staretsGloatedSozzly="55" yodhGangersAnepia="tondino" outturnAutor="perkinPeafowl" straitBosniacFlaxier="aspectsLagena">
        <yakker>fotui5</yakker>
      </jarrahCalesasBertat>
      <palaungGeasterUncome varaTaipans="vacuoleBarfish" inoInsameCords="82" devalue="zoona">
        <swamperIsis>193118475</swamperIsis>
      </palaungGeasterUncome>
      <agnate didal="damningSoybean" examplePoetess="temper96">
        <penile>1</penile>
      </agnate>
      <bhavaniCeviche>
        <digramBisters>nearing</digramBisters>
      </bhavaniCeviche>
    </dorlachRete>
    <gluepotEightWindle endore="9429574" wielderWaxweed="508331342">
      <ungiantBucko>heil48</ungiantBucko>
      <tutele gurnardHunhTriode="firmityRhyttaWir" spallerPouncyTutors="tripod" yecchs="roles">
        <teleia>tecuma</teleia>
      </tutele>
      <assemblWashout tyroneStadie="21684">
        <sashery>fhrerUntidyTownman</sashery>
      </assemblWashout>
      <amalgam meedful="oxhoftCredit">
        <yokel>engarbAmusgo</yokel>
      </amalgam>
      <wailedBabiesHoster nitinolCunenei="tottle" exilerGreets="tatteryMehrdad" fakeer="650">
        <gerbilCamball>psocidsSidi</gerbilCamball>
      </wailedBabiesHoster>
    </gluepotEightWindle>
    <undriedVampireBudgie>
      <tracerEarwax>kernosZaurak</tracerEarwax>
    </undriedVampireBudgie>
    <octavic>
      <tamarixTarhoodNabobs>90139459</tamarixTarhoodNabobs>
      <ceritesPunting sunders="fubWorth" inroadsLoci="potionKotowerDomage" join="elfinLemmaSymmory5">
        <reckonEvillyHorste>hwt</reckonEvillyHorste>
      </ceritesPunting>
      <carperAssegai orgyiaNestsBeshag="69289736" preaverPaeonBesomer="chefSatangsSisal">
        <refitNcoTertio>anonang</refitNcoTertio>
      </carperAssegai>
      <kohemp amentsHaleday="uppointGreigesPiebald" vauntedFconvDaymare="semmetCarlo" bluer="trieneAzygous">
        <sofasDubberGladii>heer</sofasDubberGladii>
      </kohemp>
      <quinCafUpslant outsits="lauiaVilayet2022">
        <staggy>teamerAxelSmitch425</staggy>
      </quinCafUpslant>
      <jabbersVinitorDukhn cowererColat="mixenImmound" arrowed="crinkly74" patwariCschLamprey="80022">
        <batiste>nullusFinnish</batiste>
      </jabbersVinitorDukhn>
    </octavic>
    <czechic unnigh="measYardangExhume" spyrosMarxistFumets="915491" creviceJockey="doblon" revetoAgley="mouWited" lohanNybble="hilborn">
      <precopy>sucklesShrubsUpbreed</precopy>
    </czechic>
    <eventsSchtick slideVedetNip="5" utilGundeckFull="starved" deist="8" repast="scanmagTutelaeMatchy" slantRoemersStraw="woubitContuseNutlet" treks="237595" mistypeExcerptWrapt="wrytail">
      <taconicUphelmIndical>ringedCamarinWizes</taconicUphelmIndical>
      <isolde>
        <saiph>amolishKabalasFusht</saiph>
      </isolde>
      <thorias puirLoglike="ghrushSnuffs1350" sockman="boardedSutteesTroker" bemoansSextans="mamryLamiidJiggish">
        <scroggyOuttornPhobism>3</scroggyOuttornPhobism>
      </thorias>
      <lysine culmingCurf="9" hawkedProddKhatri="apoiseCimbric">
        <suedTaylorXyz>eponym</suedTaylorXyz>
      </lysine>
      <gapersQuite tulchinRekeyed="755" sylviid="89928" beinlyInfairJinny="oficinaAsway">
        <rooms>disnest</rooms>
      </gapersQuite>
      <oinkedLiederHaida casuary="milvineApogon" presaw="claesProddleBipack5877" strewnBemaul="sterkCynaraVinum">
        <tikesJoggledFrizzed>booth</tikesJoggledFrizzed>
      </oinkedLiederHaida>
      <trawlsFibbingGizzard uredemaBouget="levellyAlcippeTorso" embrute="fohns" natalFlooredWesty="gilpeyMamminBleu">
        <karatIberis>morinelHoker3</karatIberis>
      </trawlsFibbingGizzard>
    </eventsSchtick>
    <rudyCootchSkeer drooped="broguerGaltrapSuppers" barium="echappeAmorphy2" beelikeBoletusSophora="minkishMosks" deysHandelQuested="1" tattooShuler="editionQuethe" prunesDeprave="wedanaArnotto" craze="augustePellageEndwise">
      <jottingBifidlyRuption>estroneSolders</jottingBifidlyRuption>
    </rudyCootchSkeer>
    <rebukeJuleps driftedInburntScrotal="90" burgallRagglesBasto="ramateWhey" odessaTss="piercelFuttah" brayeSensusShally="leesingCecums7649" exilingSensaTebbet="261" urgesPavlovDardaol="956725">
      <tinnedIndigo>stacksBatatasFlexes</tinnedIndigo>
    </rebukeJuleps>
  </spait>
  <knez decrewGriceCyanean="isodoseFlotsam" darbsSolidusEquines="160930000" loveeLacmus="swartyCormousAntenor" />
  <haideeSuaver mikael="itersTerrar259" betseyTariri="sinnetBritainChangs">
    <narwalMyocoelWarst thringSophtaAdder="spathicRotula" congaed="bravoes" pridedMatiesFacette="dovish" paniersTanist="nagsterOmagua185">
      <wispsChaldeeFunctor>divans</wispsChaldeeFunctor>
      <haglinBridaleTrilobe must="melded" lealUnsash="2411485">
        <topaz>peaiCronk</topaz>
      </haglinBridaleTrilobe>
      <poister evans="pulexElainsInforms263">
        <trintleVetsDodders>castano</trintleVetsDodders>
      </poister>
      <pinrailIonogen marengo="hobnobIncraRiling" reeking="aspectEscharsStop" sickens="teethLippie32">
        <lourdy>raggleTraiks</lourdy>
      </pinrailIonogen>
      <dulness codify="abrahamTetrantNymil" silagesDulcin="inclips7177">
        <waft>dicolicMcfDiabase</waft>
      </dulness>
      <mindersSoodled cuonDormsPlywood="touaregLupeCurares" begroan="mythismPrance" czarishCrag="neverAionial" sestinaPassadeDuads="7">
        <gadgety>304208</gadgety>
      </mindersSoodled>
      <pinheadDebite drogerPinto="121435036" asemic="gammasUnuse">
        <juriesCinerinExocarp>venefic5</juriesCinerinExocarp>
      </pinheadDebite>
      <imbuWoodcut>
        <deters>rapidoLenadHelide9499</deters>
      </imbuWoodcut>
      <tragicDerbend exstill="sowlPardale" ladsSinful="spereGenual">
        <lupus>spieler</lupus>
      </tragicDerbend>
      <quireAmtracStram pulexRehung="prinkySexyBusway">
        <deveinPesewa>veer</deveinPesewa>
      </quireAmtracStram>
      <casuaryRelatorCalaite tecominTowropeEwe="cuemen" pottersNatuary="clade" dustblu="741">
        <sam>wali</sam>
      </casuaryRelatorCalaite>
      <yeasts odes="outyelpLaugh" tendoTrowed="flane" palmira="chunterUnmoved" hernialAcmes="sievedRelimitMangel266">
        <setsmanHasht>aciesSquidPilpay77</setsmanHasht>
      </yeasts>
      <wraxledBowler entererGhuzFluer="rappingPinyin" limitalFogdom="ppt" wibbleHiking="grad6" sereanLongbowStomp="agletSolvendNontax368">
        <posaune>hellishFanums</posaune>
      </wraxledBowler>
      <fleshesUnshoedGurr georgeVetiver="cetylPetitioMoran" nuagistAttarsThrum="wildsLambiesTattie" statistMalloy="shastriCrazy" swegoYawned="frigs">
        <marmion>planfulChasidUrling</marmion>
      </fleshesUnshoedGurr>
    </narwalMyocoelWarst>
    <canepin boeotia="sabecaCrumpet167" copingsZayinBallam="zebecksCeilidhNither">
      <dortourDispone>40</dortourDispone>
      <tipcatsFrenzicClof guideBurro="8471026" nowhitMeaticPurpart="gradingYoureCatchie" awalt="folateTehuecoShairns" camiasLepcha="ixia">
        <gownMolet>taataEdemata945</gownMolet>
      </tipcatsFrenzicClof>
      <duesHippoid bashaws="baradTreedGuavas6447" progs="uppiled121">
        <unheavyAvidly>mizpahBlowoutEarflap</unheavyAvidly>
      </duesHippoid>
      <posadaYokutsRoomier>
        <mushaaCarroon>coucheeTreesLumbar</mushaaCarroon>
      </posadaYokutsRoomier>
      <bonbon loanersSwindle="baculiFeeb" quintoCaper="creelSumak" boulimySlumpedObrize="doles" palsifyVapoursTurkis="kapurWatala">
        <inkwellScabine>17</inkwellScabine>
      </bonbon>
      <attunesSlidedBerated burnousLogshipGrabber="ephoric845">
        <muckman>bothrosPileup</muckman>
      </attunesSlidedBerated>
      <lorelei>
        <narrJeepers>dements</narrJeepers>
      </lorelei>
    </canepin>
    <tavCompsoaGoers>
      <carlotGozzan>outcomeGinnet</carlotGozzan>
      <uhtsongTarveNeigh bemolRefuserBarcan="9" shulsSachemsAcarids="52973">
        <kultursAseptolRaison>veray</kultursAseptolRaison>
      </uhtsongTarveNeigh>
      <skyedDruidryPressel rumbaed="barnmen" chiminRueAstalk="388" valisesVenoms="cannulaCarvedTimely">
        <mfrIdeanHant>bereaveCraver</mfrIdeanHant>
      </skyedDruidryPressel>
      <cowgatePanagiaComales chaffsRetardsFunnels="dimpsy">
        <antenor>adeona5135</antenor>
      </cowgatePanagiaComales>
      <minbar ditolylMorphew="predoom">
        <tagel>alibies</tagel>
      </minbar>
      <behymn runedOvertoe="beild" healedSueve="dbrnDamozel" pectusRamneekSigmund="7">
        <carumBalas>lobolaAgcyNay</carumBalas>
      </behymn>
      <outbyePolkWhereat sternumAwny="wofulStere" burbleOutfacePandoor="253">
        <chrism>bogmireDartoic</chrism>
      </outbyePolkWhereat>
      <farmAeneus>
        <rynd>517992248</rynd>
      </farmAeneus>
      <jerrids borerJosephGoods="pandyOuterKarmas673" setbolt="chickyBenet">
        <pyrStyletScaled>mopeder</pyrStyletScaled>
      </jerrids>
      <aldineFettingChitty umiaq="garranLochlin" ariidaeCribralJava="96470">
        <trayfulGutlessChien>91171</trayfulGutlessChien>
      </aldineFettingChitty>
      <puistGranadaCoddy coupleSapLamut="61128">
        <dorter>31479</dorter>
      </puistGranadaCoddy>
      <collieOvalishMonnion oiliestSiol="metrise" cheats="trimerCapmintFluked2182" dretch="abelite35" spudded="unfilmClinchGaspar">
        <savers>spitzesWadnaSmurtle7583</savers>
      </collieOvalishMonnion>
      <flcheDunnoSippets braying="labroseRebates" kalianFeeable="nielloBrosesBunged" rajahsTins="odylistSlubbedBegazes9539" benches="vaiFuriant">
        <foonerChimp>4675</foonerChimp>
      </flcheDunnoSippets>
      <mechaelEyer>
        <priapi>cuprosePurlinsBobbing</priapi>
      </mechaelEyer>
    </tavCompsoaGoers>
    <calmedLurkersKitling>
      <illanunCoombesForbled>casina</illanunCoombesForbled>
    </calmedLurkersKitling>
    <sandanOutcame>
      <salmis>1</salmis>
    </sandanOutcame>
    <rectus>
      <uprightBilboa>khivanScopa</uprightBilboa>
    </rectus>
    <randanHotdogsSavile spirolTorstenShill="abattuSeesawsBetsey40">
      <rondle>sonlessKisser</rondle>
    </randanHotdogsSavile>
    <boxcarsCalinut>
      <cricKhesariRemarks>skitterUxorialSilky</cricKhesariRemarks>
    </boxcarsCalinut>
    <bobeche>
      <tichelLave>crinumsFaunus</tichelLave>
      <uncriedMorseRale mimpeiFreshen="subnessGuarRebag" mopseyBauchUnmans="qurshesBeclasp">
        <infixUrim>boraHachureAlbergo</infixUrim>
      </uncriedMorseRale>
      <joebush hydroxy="didicoyKerrie" sumsChyak="scrodOkia" trashedVariaVeskit="philtre">
        <viertel>edilesMopusFarcers</viertel>
      </joebush>
      <jarbot citifyEnquireTuffets="sprucer" hanging="unfussyRehTauric" cuttoosReify="fiador" hatcher="actoryThinned">
        <colonyBeryl>wizardDelintWaukit2</colonyBeryl>
      </jarbot>
      <toruliSpokanLushed bide="atrenSinkage" tope="6232" opecWendellNasus="gausSkout" thorinaFady="demyThugged26">
        <geminiGermaneTaloned>deifyOpianyl</geminiGermaneTaloned>
      </toruliSpokanLushed>
      <grazie tampionDurion="jeddingShadine3">
        <delapse>levPlud</delapse>
      </grazie>
      <besayle cheek="7872952" laylockDames="7202213">
        <gebbie>misting</gebbie>
      </besayle>
      <mesnageHeirOpacate tining="spouted" nocakeTakeingMacies="dvandvaAnukit">
        <drivageEngemBauta>radix</drivageEngemBauta>
      </mesnageHeirOpacate>
      <rehoopRheen fourche="fusureKainits" slope="messinManilas8480" smeeked="vizToshesKeitloa">
        <among>sepalJubeZant11</among>
      </rehoopRheen>
      <barotoBaylet baycuruJalee="displayAlaliteCoacted" helipadMicellaLidded="trampleEncash">
        <outrave>fazendaKhmerEmceed</outrave>
      </barotoBaylet>
      <bolerosAtma lususesMuchlyOuthowl="vapidBemud" oleoseUpsoarsSafavi="keatDoolieRoofed">
        <bunkersAlezanCampal>noseanStonify</bunkersAlezanCampal>
      </bolerosAtma>
      <bedawnSnast aitsSputeNebby="iodizerYackedGoaves" hookasFlytier="10236" piuri="garawiCurcumaTelegas8442">
        <fondedSpielsVerite>jumblesTangramRoofage</fondedSpielsVerite>
      </bedawnSnast>
    </bobeche>
    <girbaMoasBoder pareticWaffiesOutbeam="7430" digram="cymbaloSystemsBairdi1" roselleCookery="wiglessRobePrivet" boylaSeeders="whaly" keelQuarle="37514" forties="4">
      <virtualTroopJuring>haplyMinoDiamins</virtualTroopJuring>
    </girbaMoasBoder>
    <gibsonCancers bluethYetzer="beyond" altaredSpaedKnout="tousche485" gigglerCtoCents="87970983" suitedJingPrinks="coudPrudely">
      <hastatiIambicStopper>8</hastatiIambicStopper>
    </gibsonCancers>
    <couldnaSmlLoftily>
      <ptarmicAssoilsBuddha>impalas</ptarmicAssoilsBuddha>
      <atripCasks litraStrawen="kifsFlanksHaughs" laveerSuriana="lurdansRapes" earclipSimpaiRecurs="demonicBuybackTils23">
        <saidiDolmensSpninx>1887567</saidiDolmensSpninx>
      </atripCasks>
      <bulbose>
        <troggsSwep>gambesHeavens</troggsSwep>
      </bulbose>
      <mingled plumletOxherd="aurums" scraggyGrovers="freshenHalvah">
        <pliskyJivedTears>shock75</pliskyJivedTears>
      </mingled>
      <xylitol satinedSkyeyKaki="barbaraDudgeon8" vocalsOnus="alaki" propoxy="44" batty="poggeConnuLantern3">
        <imitantEmbulkHeruli>4</imitantEmbulkHeruli>
      </xylitol>
      <pyridylPoked bilifyVamper="adelineWifing">
        <urn>wamblesFoyboat</urn>
      </pyridylPoked>
      <dreesHosed macaqueEmf="pistiaPlockPsalm" badge="asherimZapupeSongman" killese="diarianChaitAlmadia">
        <taunterCave>moplah</taunterCave>
      </dreesHosed>
      <seawanShant chesterMecca="touaregBagpodCaymans" xyloseDimoricWeasel="reeperCorals2" freyr="slagsCoritaFleeter2922">
        <ostmarkBenzil>5403</ostmarkBenzil>
      </seawanShant>
    </couldnaSmlLoftily>
    <bethorn atop="kuesCoatie" yaudsMumjuma="olivet">
      <punaluaHyppedSangar>5995305</punaluaHyppedSangar>
      <gushierDuckpin>
        <scentedBelimeGrate>weekwamOsirism3842</scentedBelimeGrate>
      </gushierDuckpin>
      <eerilyAnonyme elneSist="prettyAquarid55" onoMolter="barbeau55" galeCalanid="6931759">
        <warks>kamassOozed</warks>
      </eerilyAnonyme>
      <heliumPlicaeRentree unsaked="waferMurriesFilmize38" lutists="jinglyChamDiverge70">
        <wherveAlakiBarms>blayk</wherveAlakiBarms>
      </heliumPlicaeRentree>
      <onerateIsmJong redelyUnbowDolf="4353" banchaAdmove="dargHurrockErrs816" sawmontLinha="orfrays" brownerAbroach="bragged">
        <washupToweryDaymare>agyrateBalmy74</washupToweryDaymare>
      </onerateIsmJong>
      <rax hirplesRuthsUnsteel="1552562">
        <filterWinglet>vinny</filterWinglet>
      </rax>
      <classesCrowdle blanchExcurse="tringaTempre" cullAssurge="justlesDauke5" unkindChold="upstart31" atrepsyAccess="210">
        <gulasDillVestlet>impendOmphali441</gulasDillVestlet>
      </classesCrowdle>
    </bethorn>
    <girjaGoddamKeto trijetTwereCathop="iseult" repunchAxially="80624" onlay="57" rebagVangHedeoma="caracolQungDill" safflowBiggahBakerly="wanganMahomet" rowens="clankum" apogeic="oxcartsPingler">
      <divotTobiah>anisil13</divotTobiah>
      <quor cumber="pellard">
        <goshawkArnee>pledgetCurstShammar</goshawkArnee>
      </quor>
      <meshugaOppose aseitasChap="9334" ctn="sprack702">
        <mosulRecordsAwards>teatmanDefersFieldie</mosulRecordsAwards>
      </meshugaOppose>
      <riffleSolos killjoyDales="acronycChymify">
        <swirled>plumula</swirled>
      </riffleSolos>
      <debord hoickMels="hoveler745" doggetReblue="volvell" sledgedMannifyRottle="lowableLardoon" misty="50">
        <wanker>plunked9</wanker>
      </debord>
    </girjaGoddamKeto>
    <craterSlumber>
      <roquistHoarder>jinni</roquistHoarder>
      <tyndNutter arielsZihar="karela158" chriaBanana="suckedNutlet" ursone="aluminAlloy">
        <lows>dipleSuratSexy</lows>
      </tyndNutter>
      <ruttyEyelet sudoral="mistedReutterRendu">
        <anuraFacticeMythol>3827613</anuraFacticeMythol>
      </ruttyEyelet>
      <creance>
        <alcaabaSenors>fumbledClkProcity420</alcaabaSenors>
      </creance>
      <bulgurSergio zayinsCisele="howNonnyVirgate1" telary="cruthUnlovedBenjoin2" thistle="18341302">
        <compt>bluesyPagne</compt>
      </bulgurSergio>
      <seraiTetrousCurrent wicksGlypticMilrind="amoraTheclanDeters">
        <nitency>skag</nitency>
      </seraiTetrousCurrent>
      <bosniac abbasiArimasp="anattoFretty" duplyBroilsBomber="463893265" hybrid="sambhurFeudingVoyeur">
        <cad>loraStomodeChucked</cad>
      </bosniac>
      <hildingWeed naturesMockadoLola="provect">
        <tenent>4208</tenent>
      </hildingWeed>
      <bubbiesEssene>
        <invtAntaFilicic>brinersMiriest9766</invtAntaFilicic>
      </bubbiesEssene>
      <overallCunonia koftaMyotics="tomcodPanaman">
        <lameterIslandSardars>imparksInitio</lameterIslandSardars>
      </overallCunonia>
      <mulk>
        <fordsNijholtAzox>840818</fordsNijholtAzox>
      </mulk>
      <itdSukkoth zeoidei="guddlerCoulieKajawah">
        <kanaujiAview>renableTestataThrew</kanaujiAview>
      </itdSukkoth>
      <marrubeGneissyArc insteadTotal="warwork5077">
        <photsOxide>schilluBritishGreaten</photsOxide>
      </marrubeGneissyArc>
    </craterSlumber>
    <racker scorper="decus" subnetVicudaScion="cultive" serrateMyelAxogamy="unrackPearlerChelone" reqHandStuddy="wambuguPinyin">
      <gubbinsBovidsJohnnie>muzzles</gubbinsBovidsJohnnie>
      <sasinsShitaAfaint>
        <buyable>kroon4972</buyable>
      </sasinsShitaAfaint>
      <derailJazzing targetsDime="lowableDanklyLinsey" mordvFerulePanowie="huss" reprobe="gowlLikutaBoggin" indone="pepful">
        <angerly>bedbugPurYeather</angerly>
      </derailJazzing>
      <eyen criboUnbeard="87" kickishFilth="57511">
        <vulturnGolee>426910619</vulturnGolee>
      </eyen>
      <positedDulsesBiplace huffcapSerring="janiceHadden" apparatMyiasesDilutes="ratcherLastexFlowage" peddleGynRhabdos="grifterEdgrowTissuey" quirked="upturn7395">
        <cunnersBrimingBesluit>stymy25</cunnersBrimingBesluit>
      </positedDulsesBiplace>
      <dentinMomishTeerer>
        <cheerly>tollerKeist82</cheerly>
      </dentinMomishTeerer>
      <puce sporous="234609" veronaTroparyBabkas="65829526" absolveClaviol="inbirthKantian1199" monyViscousKludged="polypiViverra">
        <libriDrolls>int3100</libriDrolls>
      </puce>
      <avidyaTickly befileNowrozeDiploma="27249868">
        <ambasConsolGoon>colobinJewry</ambasConsolGoon>
      </avidyaTickly>
      <cuddyNougatsReinter gervais="recueilCamelotBooboo">
        <sclaffsCalliVerek>spignutHideoutGinners</sclaffsCalliVerek>
      </cuddyNougatsReinter>
      <undewed rockabyGammick="agone" leashes="58807462" devvel="lowingsRubrifyFriscal">
        <soteres>deposeLawzyPoesy</soteres>
      </undewed>
      <owdChapes ozonerUnsolar="bleatedBraille" digressObverseThames="mahalLoafersCompo" darci="fetalCuspingBryony">
        <liningProngyGule>sulaibImmisAppeach</liningProngyGule>
      </owdChapes>
      <jegOmphacy bonjour="quohogsWakensBabiche8225" stodgeCalin="mengCamoochBugloss">
        <limetta>57680976</limetta>
      </jegOmphacy>
      <alvanObeyCleg>
        <bainiteKaverSkeely>civicalUproot</bainiteKaverSkeely>
      </alvanObeyCleg>
      <exaltee mendsUrea="3" juecesBodrag="4">
        <artefac>alumen</artefac>
      </exaltee>
      <vulturn oaters="433" jubhahsShypooToty="3234683" maysinSiums="sierran" chirped="uplaHyakumeBawley">
        <oxheart>foilAuxins</oxheart>
      </vulturn>
      <swithAffrontAnoxia benzyl="chinnamFilar" serumsGuanaysIngests="gallium">
        <dumbyHuashiUnwarp>nee</dumbyHuashiUnwarp>
      </swithAffrontAnoxia>
      <replacePelageAlohas>
        <pimelea>4330318</pimelea>
      </replacePelageAlohas>
      <hyneLca coniinePneumLode="seidelsBeblotRefine" enskied="gargler" rushyDibbuksCursus="bottineSkims">
        <zooty>looksPianSmyth</zooty>
      </hyneLca>
      <kafirsVandasSalvors>
        <omersChampedChiao>stema</omersChampedChiao>
      </kafirsVandasSalvors>
      <rayletAntres grieceSavelha="reamass" pythiadFafnir="cyanine" gaufreUpshotsKashube="themPinas" cabretRestesBowe="kakiSeiseOdorize">
        <flamfewMoot>longans</flamfewMoot>
      </rayletAntres>
    </racker>
    <recoalBitumeRuglike>
      <chelura>neuroidTidbits4596</chelura>
    </recoalBitumeRuglike>
    <latencyAdoptee isonomy="pastyLehrmen" erodent="dislade" vowessRisingsShigram="1" secsDungFriborg="cooeyManos" imbu="donableSailors">
      <suetsSpalls>606</suetsSpalls>
      <gaudiesReslotNoonday unlinkTurdus="baroniHulsiteForties" minorcaNervusMat="simeon5209" pteroidBedpans="direct86">
        <pignusCundyAhem>fittyEpongeUnbrand31</pignusCundyAhem>
      </gaudiesReslotNoonday>
      <bekkoTuppenyCognate sawflomRectiPeised="batadWeavers" hyponymLambast="arabiaTorpidBridles" pootMaries="roughetRule7271">
        <tammie>bade</tammie>
      </bekkoTuppenyCognate>
      <velumenViraginCornice jorram="marica">
        <semichaDipsyGalleta>needntKeeled</semichaDipsyGalleta>
      </velumenViraginCornice>
      <attacks>
        <impactPuddyMarsha>ikaryIbota</impactPuddyMarsha>
      </attacks>
      <facetsAlipin gummoseGaurianPodarge="unbind" vaagmarRemandsNeology="regentsFoisons8">
        <fenchylAgrilusAmor>peaveysCalamiSamgha5385</fenchylAgrilusAmor>
      </facetsAlipin>
      <preenedShrinesEpiderm darbCopecks="10">
        <sewenPapreg>unfaced</sewenPapreg>
      </preenedShrinesEpiderm>
      <cronel>
        <acus>pommageTusksRouches</acus>
      </cronel>
      <viduagePeckleGrapeys tript="finisesChaster" navite="resene">
        <mendedRoguery>kylies3140</mendedRoguery>
      </viduagePeckleGrapeys>
      <safewayBichirAlod>
        <sadie>arraignLinkboy476</sadie>
      </safewayBichirAlod>
      <piafferYardage surcloyLysinsUnclay="debbieApplyKintra" courtinCorvetsSlavism="pettledZanjonSlide2" galjoenUnskinVitular="violinaHitlerBipeds9639">
        <wienersFairish>tough</wienersFairish>
      </piafferYardage>
    </latencyAdoptee>
    <fringe tailageEdeniteOuzel="didestTabsTawer" hoardedBoomy="turbanKhuldaGtt" nighishWongah="3596771">
      <eryngoIceboneOrexin>siloist</eryngoIceboneOrexin>
    </fringe>
    <cruels underfoLibrae="abadiaSordCaviare" outplotLally="cavings">
      <ocellusReplialTenuate>vistlikDepths70</ocellusReplialTenuate>
    </cruels>
    <narrSummity>
      <stoutenInwithThouing>strow8717</stoutenInwithThouing>
      <tufters>
        <senecas>80250</senecas>
      </tufters>
      <spikily mosaismToursSpoofer="spaik" roberYairdGalloot="7120320" yelpedPantherUrnae="knubMazucaCarum51" prasineTusherPings="3">
        <spoilSloe>okee</spoilSloe>
      </spikily>
      <uraticSkelpedSolodi mirror="causaeBullnutAbir" hamlets="gavagesLasius">
        <lactoneKos>itemed</lactoneKos>
      </uraticSkelpedSolodi>
      <torc petfulCanakinJoshers="outcantEscharKibbutz">
        <opa>fizz94</opa>
      </torc>
      <puffs rannel="woffler" spitBulse="46123708" pemphixTsetse="haftedPitwood" plusher="tricar">
        <tebeldiDharnas>lullBaling</tebeldiDharnas>
      </puffs>
      <cadbote pateraeGluedMuran="80336799" amucksAlienMislead="518" exacterGordian="femesGloboidWigging">
        <braceEtcher>slojd725</braceEtcher>
      </cadbote>
      <humousSpicWomp rudeAsportWitham="brogMuslinInks" tatler="duffleAdharaRetenes" ollapod="epitela">
        <danceVervine>locoes</danceVervine>
      </humousSpicWomp>
      <ernstAller>
        <otarianFlush>triarii</otarianFlush>
      </ernstAller>
      <uncivil teton="4476264">
        <undies>tornadeGoby</undies>
      </uncivil>
      <ulusExtime phobism="clubmenEvoking">
        <raggetyHarpistScalp>witbooiOperons</raggetyHarpistScalp>
      </ulusExtime>
      <backy undaubCythera="platen">
        <gambadoFiglike>ransel</gambadoFiglike>
      </backy>
      <tdrCosmos>
        <succourViperCapfuls>547</succourViperCapfuls>
      </tdrCosmos>
      <catclaw embedsProberComby="massCelts" luiginoEuropaMitts="primeDalkDione" heroicKolobus="redhoopEncaged49">
        <pogeysSnitchyVees>718693203</pogeysSnitchyVees>
      </catclaw>
      <altinAlmsfulSurahs pulingsBooteryFawning="95173612" highly="moosaCokeyTelial">
        <wallahKachariCrapy>rickshaEneughSlating</wallahKachariCrapy>
      </altinAlmsfulSurahs>
      <padtreeTrammie hapliteEpileny="chilBoxmanWritee" sackersSaggersSlaws="uncinus">
        <assessUnhangEvelina>payong</assessUnhangEvelina>
      </padtreeTrammie>
    </narrSummity>
    <emmets scotchCrumper="shields" tie="snivyShiaVigias553" barytasSurfedGoitcho="morselsSpheredOriel17" betaxed="quadrel">
      <betrap>1294</betrap>
      <pullerShadsHewed>
        <factorySeem>unclingMaros</factorySeem>
      </pullerShadsHewed>
      <parodic linalolMantalGooky="repunchBemeet">
        <baylikeClayish>tamanu</baylikeClayish>
      </parodic>
      <packingUnvowed layYirthCulp="64637010">
        <stratasTossesHymnal>rakeeSpinets</stratasTossesHymnal>
      </packingUnvowed>
      <nailbinBrokery twangerTubed="paizingTamenes" aporoseAdepterBethorn="4159" dsectsEndereSeisin="musimonLugwormSoilure" chuffedWadders="apraxic">
        <capons>drunkTunistDies</capons>
      </nailbinBrokery>
    </emmets>
    <toymanShapenTiou woodmanMantram="brideLollBifer2">
      <phearseIndii>observeArealAnklung</phearseIndii>
    </toymanShapenTiou>
    <orisons neuma="mopsySilanePeckage" aylessCobbly="enolicKhulda" blore="1402053" filmicWearily="civitas">
      <puma>incipitDrinker</puma>
      <foelessUphung yajenin="spairgePeason9742" attourMonerLobed="colony">
        <athrive>myelonPewingSomma</athrive>
      </foelessUphung>
      <aithWainmen ketuba="boyish">
        <stowthMia>drugget4</stowthMia>
      </aithWainmen>
    </orisons>
    <guajiraDoiled>
      <bossdomAmid>48210009</bossdomAmid>
    </guajiraDoiled>
    <tridentPhilol ocular="parvenuSenegalLeon" ouabainLackeysAbyssal="serangDammedBalanid" goitchoSitzEria="hoondeeAridianAbohm" thiramsYengees="cratedMainourPaddies7853">
      <tested>triakid</tested>
    </tridentPhilol>
    <saut>
      <bailed>stainerUnmaskFringed</bailed>
    </saut>
    <seelingPavo nibbleDinomic="caninalBeloam420" kerbing="82345" germingKajawahLaridae="euchiteBonaci" oilcupElementMisturn="daikers" cowedly="sickishBetraceSalomon" nogginOxgangDori="3577">
      <sughedMalmock>jacamiUsance</sughedMalmock>
      <copiedThymyUnstrip wildernGabelerProw="tzetze" ultimoLadyflyChewer="6">
        <lollsHarled>817931470</lollsHarled>
      </copiedThymyUnstrip>
      <conatus hicoria="breirdThadHeres" biologyCaseinsSennits="stewingTyponym" rappeesCraniomAvarice="braceGangion">
        <unlYabbiSomatic>chevies</unlYabbiSomatic>
      </conatus>
      <negrita>
        <relayedTolanes>roscidKhedahs</relayedTolanes>
      </negrita>
      <huelessRatters>
        <carveneBenim>rawingTermesJabules</carveneBenim>
      </huelessRatters>
      <orf>
        <amalicWriting>sakell</amalicWriting>
      </orf>
      <gemotsTaproom>
        <licorne>sarafanClearlyRhytta</licorne>
      </gemotsTaproom>
      <desaltsMiombo growanDjinny="circaRankineDustoor" sepiostGharrisGappier="cutlassAtaman" vizirs="40334492">
        <primacySlifter>peter</primacySlifter>
      </desaltsMiombo>
      <skintBawtiesNonact>
        <libidosWhorle>romanesGropingCultive</libidosWhorle>
      </skintBawtiesNonact>
      <staretsCitril oompah="196005" bess="553235">
        <jeopardRehboc>reprosWarningTypesof</jeopardRehboc>
      </staretsCitril>
      <meindreIstlesArmlets>
        <chowry>whorryLouster</chowry>
      </meindreIstlesArmlets>
      <vivifyAnele jereedsIberism="coalboxHerpes51" pyramid="iodizesTapererMisname" glebousIncra="widgets">
        <caloricRebindBowpot>diapirs6811</caloricRebindBowpot>
      </vivifyAnele>
      <smegmas enluteFennelSowarry="tearerLevir" loosePlatinaSemipro="sperketUrutu">
        <initionLintolMatting>joel</initionLintolMatting>
      </smegmas>
      <airnsBirder outwin="warbite" fanworkDolmans="cytasePortingRazored" gooseyEstudy="chewedMioses">
        <piledBlast>tottum</piledBlast>
      </airnsBirder>
      <sunbelt targesSwansOutlip="olidPopweedGynura1517">
        <rosebud>kronionPuleynBalian3882</rosebud>
      </sunbelt>
      <rerobReboast dunceryScuzzyPielum="bilbosJurata">
        <scapulaStylers>aracari</scapulaStylers>
      </rerobReboast>
      <inline steamsVest="piroMaghzen" dewoolUphale="kahalaLoke" raulNaiasTabber="tannish">
        <poufs>neilCamaceyShadufs</poufs>
      </inline>
      <snake karchInga="uncool" takingsWinlessInsulse="seedsTongmen" odellPonosCleaded="pinionsFristBegohm" basquesCherteMult="nymphetRagbag">
        <citolasGorgia>cabobWintryAbrim</citolasGorgia>
      </snake>
    </seelingPavo>
  </haideeSuaver>
  <wilkin dowsets="lish" />
  <cours askoyeShtetelAbidal="bertherNichil" karrooFusateFolder="sheatKaaba">
    <foldenBoderPeroba>
      <zilaDaidly>gandersDefoilOuttear</zilaDaidly>
      <harper chubElisha="6" sazenLaurite="gallateJustledSaltcat" screenyHoots="pachakSyllab">
        <madcap>pothuntLeifValor</madcap>
      </harper>
    </foldenBoderPeroba>
    <resew>
      <biacuru>midtapSuhuaro</biacuru>
    </resew>
    <cadgyBuirdlyAbider>
      <blob>59698828</blob>
      <trionymStylerTrutine ambroseBarky="pillowShitsLacy144">
        <muzoonaUhlanTartans>muncheeKokama</muzoonaUhlanTartans>
      </trionymStylerTrutine>
      <schuhKeltersBinocs urticaSexilyCoelian="ostrya36">
        <weest>parotid88</weest>
      </schuhKeltersBinocs>
      <dautieMartrix signeurFiotHarries="idyller">
        <skiviesYasmak>blabbyAchor</skiviesYasmak>
      </dautieMartrix>
      <adeniaReliefFledges tunsCarrier="bobstayCarocheFrancs">
        <kissageShochetMysidae>etwiteIsmsUpbound</kissageShochetMysidae>
      </adeniaReliefFledges>
      <squires mornedCrusado="coupure5402" justedArbelaEphod="frickle" sulphoIminoMidguts="locky">
        <ahwalObliged>tilledHanoiRerival</ahwalObliged>
      </squires>
      <offererBuba bobstayWhacky="61712918">
        <canelasTosk>squiresNarky207</canelasTosk>
      </offererBuba>
      <redfoot huemulIpil="wishaAppendBlabby" currieBoatmen="7544" engine="kanawhaAlginBai">
        <laiose>8029830</laiose>
      </redfoot>
      <gorgetsJaggy chacoSatientKabiet="52010570" phloxHuchoGashly="covaryPernodCowbane" succoseColon="associePlaiter77">
        <strangWahhabi>evitesLithestNoyous</strangWahhabi>
      </gorgetsJaggy>
      <drevelNavewSylph reefer="heildJelloidGrind" estadal="38" territsMedakas="alfurGroanedBabs">
        <caestusRamanas>53958278</caestusRamanas>
      </drevelNavewSylph>
      <spindleAnkus phlomisGorger="gussiesPlagoseBuller" aked="62" relaxesMongersPalgat="arnLekythiLeerish">
        <genlStylateKeels>skittleFervorRoripa</genlStylateKeels>
      </spindleAnkus>
      <shooedColetFarseer unwhipUsedly="espiedHurley" coreboxAttaUnpay="3" mooseyGunkyPulicat="barbelsFruitedUpwith79" tinned="tabes">
        <tinletSalpa>bunraku</tinletSalpa>
      </shooedColetFarseer>
      <yashmakBure noncomArcusChaster="kaleVexful5650" thighWhapsGerms="81259" distillCecilsRelives="steroidNephewsLollopy">
        <edaphonFurlaneSeapost>opaquerDewoolForcat</edaphonFurlaneSeapost>
      </yashmakBure>
      <kenmark>
        <sexfidPlastin>budders</sexfidPlastin>
      </kenmark>
      <coombe lowellEileen="confabsBlasiaSilvas864" nudgedSpooled="disnaOtomiPaynize" ungullSpunchFishman="violanWice73" navetyCigar="84199">
        <impetreArmrest>kelepJaseyedConjon</impetreArmrest>
      </coombe>
    </cadgyBuirdlyAbider>
    <giggish>
      <fieldy>onymous</fieldy>
    </giggish>
    <luddyGhees>
      <visaWloka>yehLess</visaWloka>
    </luddyGhees>
    <inquestCrenae>
      <oxgoadHexadicLehmer>cologsMakar830</oxgoadHexadicLehmer>
    </inquestCrenae>
    <effendiVakil>
      <cyclerSawan>31608539</cyclerSawan>
      <usnea oside="98" anychiaNauplii="datablyMytilusAsteer">
        <menusMeharis>hamletWypeGoose316</menusMeharis>
      </usnea>
      <blowsRayonneBoomage flobInteger="lignite" enleen="leg6179">
        <infield>embayed7</infield>
      </blowsRayonneBoomage>
      <axiallyMastmen samenCarefulMerce="embdenOrangey" unlawGunebo="blaugasPunchyKuchean" tuchitRearray="pikWomanOlof">
        <compone>waivedBali</compone>
      </axiallyMastmen>
      <frierBachedLaccin wlityGenealMeshech="almudsStetsPothos" absitTiswinScrip="8831949" mythusAmulas="5067" duckiesAirpost="slices">
        <tryt>inaneErthen9</tryt>
      </frierBachedLaccin>
      <platoidBamboosCalyxes bitolylKationFaculae="unmeted" jathaScienceMistime="enfork">
        <polkasChalina>jilletHostedHuarizo</polkasChalina>
      </platoidBamboosCalyxes>
      <omnist aweeSorb="toeless">
        <simblotScollop>debarFootierStarlet</simblotScollop>
      </omnist>
      <deckerCadbaitHaves canglerFubEpizoon="parisonHomier" shen="pochardNutatesKamares">
        <justFlungBoo>matres</justFlungBoo>
      </deckerCadbaitHaves>
      <rebendQuinton solute="espartoPianicHafis" molls="boaters" swearsOlax="kalasieJoltsCajones">
        <setter>biorgan</setter>
      </rebendQuinton>
      <hydric fecket="notaeumProwledSilanga" muttEmerit="cellae">
        <predietDogie>eeliest</predietDogie>
      </hydric>
      <piperlyImmiss dagabaCystisStagery="chukarsPatolaEthnize" haggerPliBalao="6637626" locheSimblinOtiant="188968835" meropic="cowpony">
        <aroides>7137936</aroides>
      </piperlyImmiss>
      <duredDehairUpfeed parisis="stiffer">
        <rfs>pecuniaVisGullies897</rfs>
      </duredDehairUpfeed>
      <throwstTopazyOrgana thrummySuturalSwapped="obovoidAmerced" stodgesFenetre="offhandDhal12" pedlarAntijamWorsen="matingsGrenado" achymiaLilasSirs="corrumpSawRappe">
        <meiosis>zymasesCountry</meiosis>
      </throwstTopazyOrgana>
      <extolHornie>
        <choribi>panadeChimers</choribi>
      </extolHornie>
      <gauffreKerchGluepot demigodThow="maguey" swathyBreengeFrights="30840" lrecl="steleSnightAinee">
        <spodeSheroot>890</spodeSheroot>
      </gauffreKerchGluepot>
      <joan>
        <decals>rice</decals>
      </joan>
      <unslipAwlessJowly cupule="situsesTakes26" diazo="cadoukAurous" fustics="hircusBultow" vibrios="bakeout">
        <argolidTuff>creedsCutoffsBlicky</argolidTuff>
      </unslipAwlessJowly>
      <coypus alecostFiatsDagging="smoteDunted" bedurTrammedGingers="upliftsOarsmenChude">
        <bodgieCharleyOnehow>dorlot</bodgieCharleyOnehow>
      </coypus>
      <neotypeSloopsHandily coalier="arrackMonody199">
        <butteryTabagieAhs>spat</butteryTabagieAhs>
      </neotypeSloopsHandily>
    </effendiVakil>
    <flobbyUnaryRepose escalan="devilryOrisonsWatt">
      <ollasFarosLucifee>51917178</ollasFarosLucifee>
    </flobbyUnaryRepose>
    <queen unposed="hoju" pandoorHisself="oddsideKal" prevoteGurniadMiddies="spaughtFambleGedackt794" peaiKopec="asepsisEight">
      <vibgyor>miglioPappus</vibgyor>
    </queen>
    <deemedShirtCivy bootboy="koumysTrioseElkuma">
      <woubitCradled>2329428</woubitCradled>
    </deemedShirtCivy>
    <thulrFleshedNards>
      <newelsZoogenyAxiform>pissantAbend</newelsZoogenyAxiform>
      <safawidDirges mobableAmyloidCuttles="knowerAnklong" scolded="9225" worble="digger315">
        <wiggly>manchu</wiggly>
      </safawidDirges>
      <apostle shalomSoavesCaelian="legroomSnoolsRabies">
        <accurseNanpieEsseda>upwindMonaco4</accurseNanpieEsseda>
      </apostle>
      <denude thyrse="mutiveOffendIjithad">
        <fant>civie</fant>
      </denude>
      <poitrel teasers="gazeeMorsingBebeast" abazeButyrVoraz="petasosFeezesFoisons" fellataGunjahDensen="82659831">
        <kylikesKhedivaImmoral>toccateBortsGeatas491</kylikesKhedivaImmoral>
      </poitrel>
    </thulrFleshedNards>
    <esteem noumeaTapuyan="623665607" unpure="vaudoisTroch" ravishAquadag="setsmanUbi" soultre="muscid3199" dhaiApothecPoloi="maggedEverseVanille" tesseraRatchesCakes="494695">
      <chapperRaffTreblet>arlineCebus</chapperRaffTreblet>
      <fireIsotere>
        <chugsRobin>9</chugsRobin>
      </fireIsotere>
      <ponteeSuetKickish prisageLampmenOutraze="hotbedMgtDeli" bints="64882064" chevageAsprout="pliskieTies" chowingBarillaPoteen="8">
        <admiresCosmatiMythist>50</admiresCosmatiMythist>
      </ponteeSuetKickish>
      <palings lemuriaPsychid="fishingFlavic802" infimum="inst">
        <sodded>elandsSympusRare1</sodded>
      </palings>
      <sacrad vedaRigidly="judogi">
        <ponteeIntend>wrawler</ponteeIntend>
      </sacrad>
      <cath gufa="buttonsPangedQantar" tephras="baxter" sudoric="cicone" aegle="ragtags">
        <loftmenBattue>5850</loftmenBattue>
      </cath>
      <apnoeal>
        <ecurieRaku>bereftArrisesFumuli</ecurieRaku>
      </apnoeal>
      <gleysIndict dimitEavesTetum="adobo" hexyneRecceZoogamy="dultieUpshift" soothedAculeus="7091" movent="splotch">
        <pinlock>gadgeLarine</pinlock>
      </gleysIndict>
      <curacoaMislit>
        <encage>warnsLeaning</encage>
      </curacoaMislit>
      <sokoJoch joll="lustlyEntallyPielike" armedCoinerTucano="mags" jiltMufflin="elymus">
        <mullersLoadsDictaen>mashal</mullersLoadsDictaen>
      </sokoJoch>
      <shindys doggersWiver="gedunkStapesWyles">
        <dimeraWaggleLatoun>somalo</dimeraWaggleLatoun>
      </shindys>
      <ghast eiryBissonJicaque="agustExpoundFabian" stanleyLakshmi="bighaDiviaParsic50" mockup="363814" slavismBaggy="tantras">
        <tabiraWheeled>gaurCueballEnzone</tabiraWheeled>
      </ghast>
      <manitosUreidBatuque catwalk="dodos" nowelHorning="bungey" odylicIlvaite="warnishLaddiesBiacuru92">
        <waerHydnum>pistick</waerHydnum>
      </manitosUreidBatuque>
      <bristlyVeniceRedbugs caboose="lisperNouche" enfraiConceit="syllEmaneBraggy" legeEmpery="jervineEthnosDegames">
        <audiosDalan>acerberSteelieHubbed</audiosDalan>
      </bristlyVeniceRedbugs>
      <panama gesith="pickin" cripplyCubbyAustin="sussy2957">
        <liverSciChamade>gorierSporid850</liverSciChamade>
      </panama>
      <wandersLigandSucuriu hurdleMohism="badrans">
        <menuki>92</menuki>
      </wandersLigandSucuriu>
      <gramasTellJugulum chantyHalimot="squeegeIgarapeCygnet" infantHikedGith="unspitArteriaDiamin" huariPamlico="cyborgAbounds">
        <acidyEruptedPangens>pruntedBakubaFictil450</acidyEruptedPangens>
      </gramasTellJugulum>
      <haleOvermenPlanaea faut="23091431">
        <radianCupolaGabions>molimenDissue</radianCupolaGabions>
      </haleOvermenPlanaea>
      <serowsBilayerRukbat>
        <jezails>tirritUncous</jezails>
      </serowsBilayerRukbat>
      <exostraSpeltz wariestPourer="linkingMateleyBichord" azafrinKylies="besiegeBynameTomia">
        <sniderSthene>peyton</sniderSthene>
      </exostraSpeltz>
    </esteem>
    <mymRisibleAquilia fidley="stunk980" raffing="gabfest" segnoXebec="overlegOutsets">
      <nylon>raceTorilis</nylon>
      <irreal>
        <remus>cheviseThirled3779</remus>
      </irreal>
      <pensionKyriale diacleAnesisModern="wadsetSeldomDieted618" swardedUnsews="211" trifleToadeat="2" reachyUnlealEnters="toheroaLukas">
        <flicsDustups>coarsen2739</flicsDustups>
      </pensionKyriale>
    </mymRisibleAquilia>
    <diwaniAcostAllover>
      <wingtipHeweLucida>4</wingtipHeweLucida>
      <physNitellaAimee felonesDeftest="225" glidderRussellEnglut="storaxCachila" unboxed="regraftMaclesRefeign" rookus="teguria">
        <nellieKainginSumless>freshBirk</nellieKainginSumless>
      </physNitellaAimee>
      <decades>
        <anoura>sevenLibreLoyd</anoura>
      </decades>
      <kvahPaxilli>
        <archersBurley>toricAtlantaAzured</archersBurley>
      </kvahPaxilli>
      <lazaretDjelab kayaks="aster">
        <geosidDomoidCutouts>mendedMalleal</geosidDomoidCutouts>
      </lazaretDjelab>
      <acerraAppends>
        <hyaliteBudgetMiskeep>loweiteSelaminHsi</hyaliteBudgetMiskeep>
      </acerraAppends>
      <mehariManiacsAgura bouncedRaiaThicks="finnickTamped" schuhPennae="5690">
        <rivets>growerSleeked</rivets>
      </mehariManiacsAgura>
      <havaiki nooky="koraitSuccubi" swashesQuippuYeaned="jays">
        <hooch>kareetaLanesFattens</hooch>
      </havaiki>
      <deathy>
        <bedot>pappainHiemate</bedot>
      </deathy>
      <motetEsteemGees beingLenin="aburst8814" ectasis="piskyFibsTossut" sunnedLocandaLatino="tidingLuellaBergman">
        <docken>cussesAnasaziDreader7431</docken>
      </motetEsteemGees>
      <spooksKraaled kamansiSwearsMild="weentSledded" emusiveCooerEquiv="fusk" eudemonBasongo="compaa">
        <untiptFairlyPontine>mooryOlga</untiptFairlyPontine>
      </spooksKraaled>
    </diwaniAcostAllover>
    <macharOpiatedPlaces>
      <campierScrideKecked>editingEnform5</campierScrideKecked>
      <lattenSakisEoith curage="lungingPatener380" disbudsSpringeCasava="cahokia">
        <koryak>reals</koryak>
      </lattenSakisEoith>
      <copulasBowwowsMegarad onlap="quashedHenry" ulstersAcquitsOrans="soko" spale="polarlyArrayed" gecko="6578">
        <lamiaeEscrow>dodded</lamiaeEscrow>
      </copulasBowwowsMegarad>
    </macharOpiatedPlaces>
    <cantutSemihUsable natchOscPekes="934" unitalGlumpy="endballCarderBogatyr169" weepfulCicadaeLouted="558" seraing="stubblySiltyEveque7">
      <pausalBannat>sere</pausalBannat>
    </cantutSemihUsable>
    <davidicRobing>
      <bigotryIsopach>painedNight</bigotryIsopach>
    </davidicRobing>
    <globins>
      <combite>7</combite>
      <outredeSoft byroadsGinzoes="9" slob="orpineDecoat" gagging="figuralMoutan5" myelins="850928">
        <stralet>27954</stralet>
      </outredeSoft>
      <dargerIlot highly="unstoreAcorn" hombresForcetSmelter="exodistPunnersPajero" arcoGloppyCarices="81">
        <bailiffDrubs>choomPotencyGasp</bailiffDrubs>
      </dargerIlot>
      <rhabarb schemes="kedged" spoilerFaginsSialis="swanked" budzatBeshine="seeledRiffs7">
        <abuttedDottyOne>whirsJoining</abuttedDottyOne>
      </rhabarb>
    </globins>
    <koinesWareTeddy>
      <truckerCyperusFibered>gravelySteeply</truckerCyperusFibered>
    </koinesWareTeddy>
    <amoraim>
      <pisan>5753381</pisan>
    </amoraim>
    <kambaCheeseVoder>
      <spancelWadgeVolar>tottleChiliadCroppie</spancelWadgeVolar>
      <edaphic hogginWellatBotts="dezincsFirstlyMarrano754" remixtGilles="rutchAmercerRibber" tenpin="rissle">
        <oppian>8</oppian>
      </edaphic>
      <sarsarsSiluridGivers ereptic="7412" rigs="flume">
        <swartlyBikerRinser>beloneTalcerDurous2343</swartlyBikerRinser>
      </sarsarsSiluridGivers>
      <ospore tidingMedimno="roadmanLobeDhamnoo4235" caroonFurzyCliff="malist" lakh="291264111" rancheAraua="reauteKelpieSilva">
        <mufflePiolet>34194</mufflePiolet>
      </ospore>
      <shambuUtah heartOyeletSlavs="476025" reccoMouthy="riflesChukkar" ordinalMowt="defetPress6253">
        <bunchy>aetat3344</bunchy>
      </shambuUtah>
      <etheredCyul>
        <procbalShurgee>1533</procbalShurgee>
      </etheredCyul>
      <adipic rewaked="johnsGoddingLaurite" fortsGoalageMatawan="662" propusPhytic="leerishOthin3" polyneeVarvedOocysts="mopsy7103">
        <yacking>unlofty</yacking>
      </adipic>
      <savourAnamite>
        <runways>abeggeDubbin</runways>
      </savourAnamite>
    </kambaCheeseVoder>
    <sillersSluer wisedQualifyCyclar="rotBracers" filaceOniumUshers="670482839" techTarsomeFlav="croftSloggerEpact">
      <pragmatViggle>tamoyoPadauks4</pragmatViggle>
      <ensoberCraftyHacked flued="puddly" hylistOddmentWant="warmed">
        <changsThieves>agpaiteKeldHousage</changsThieves>
      </ensoberCraftyHacked>
      <pavlovCandidLyrid>
        <animoMoaria>nicolArdish</animoMoaria>
      </pavlovCandidLyrid>
    </sillersSluer>
    <isortCafeSitao toluyl="2" parboil="17348209" wagging="skewy">
      <sess>ratbagLongly</sess>
    </isortCafeSitao>
    <cookish yahunaArbaloLittles="rattonsVariacBadawi9593" ginned="eloniteAmaistScoffed" gularisSerer="fides" basan="unleanWrenchBegroan" amictusRavish="29040213">
      <umauaGunkyMun>caulksDartledWheelie</umauaGunkyMun>
      <cyclopy pirlie="3995">
        <yurunaGowned>dammarYemingErethic</yurunaGowned>
      </cyclopy>
      <leaferShippenInflux slaver="flukes7408">
        <glor>sauryBedashAjhar</glor>
      </leaferShippenInflux>
    </cookish>
    <timarEmbars agendaOofier="mitringPamhyWilder">
      <berseem>faverel</berseem>
      <hermele chienAdipicAnaboly="piliDholeSacred" echinusBrasse="kopeck">
        <kieyeTwal>terreno</kieyeTwal>
      </hermele>
      <tabberPoopsie santimsRedoxStashes="dortour6" fearful="kusumCoghleMyoxus" punaiseSharpsHull="hispidRectoryYachter" highly="petreSolum">
        <abortSinnen>david</abortSinnen>
      </tabberPoopsie>
    </timarEmbars>
    <herdingDensestLarcher>
      <deraign>1190014</deraign>
      <araraStevelDements bantu="jauking" cathrinJangleScouted="sawfishWokenFlocoon" kumhar="dismiss" inclSkreelNudism="unterseSlakedLindane">
        <bagsful>haratinAnodal</bagsful>
      </araraStevelDements>
      <unbark cahuy="aditsAmorosa617">
        <nocturn>rump1640</nocturn>
      </unbark>
      <yeaomanGrayed evirato="upendClitch268" adeliaDelateAsimina="unshadyGlaconNeuric" gaulDiarist="areach" asarta="flatbed">
        <dimpledThujone>spicsLasaNappie</dimpledThujone>
      </yeaomanGrayed>
      <duped yanksReplum="headingSteadedAbrotin741" ivinWhitlowNudist="35">
        <legpull>8302959</legpull>
      </duped>
    </herdingDensestLarcher>
    <semangPrayaGuerre>
      <jaloppyWhing>pippenPonentBasally2</jaloppyWhing>
    </semangPrayaGuerre>
    <waviraToweredWisdoms unhoary="damier" pandiesPyransCults="clinesKitsEmulsor" lipide="soormaEcdysesFamp" claverBagelIodids="8" glosserAndricPreach="clonus" propyneZuludomMutedly="danakil">
      <zygomasPhasemy>dumas</zygomasPhasemy>
      <elected scrog="endossCasule" clarice="maltedsGlink">
        <paellasEchoic>myrtBarwareEssenis</paellasEchoic>
      </elected>
      <pace dumpledIwaiwaChumble="vealing" amnionSoryEagling="whackSlapsCruises" taluto="vibices5433" gushing="abaton">
        <sokemenEludingRevisit>mygMowlandJarool</sokemenEludingRevisit>
      </pace>
      <nerkaSlowish uncrookSuddRicht="siddur">
        <sylidAtleOutlaid>fuzzleLegate</sylidAtleOutlaid>
      </nerkaSlowish>
      <amildar arlineUloncus="joristBoats">
        <tondiMyrrhs>monkism</tondiMyrrhs>
      </amildar>
      <barrelsTam oxgall="norway5052" figment="queestMikronsRedbone">
        <affiedCaesiumMockup>assisanHettieShansa5</affiedCaesiumMockup>
      </barrelsTam>
      <spivsChauntsGisants vroomUnpured="henbane" sandingAutomenAtwist="54" travis="otidesEmporia">
        <moonjahGoodbye>5075</moonjahGoodbye>
      </spivsChauntsGisants>
      <aphonicGenep swivelVasesPeddle="phellemImbroinPerrier99" toucher="laria98">
        <resiny>jacket</resiny>
      </aphonicGenep>
    </waviraToweredWisdoms>
    <unitiveUnquickRives>
      <stentor>9081</stentor>
    </unitiveUnquickRives>
  </cours>
  <unifaceMilkoShafty amnia="eserinCaraipe" canganTransfdBadgir="squared" minisubTenoner="94" />
  <tottery oolithsHydridDapper="lidaMasons" />
  <kebarsMuslin leskeaHowesManny="564886226" costarsEpodicSophic="4083">
    <cavalla lubraAmiablyStets="glutoseVac">
      <blinterTupmen>lesPestis</blinterTupmen>
    </cavalla>
    <jalkar cresylAchreeHyalins="phearseJudice">
      <suavePhys>77217</suavePhys>
      <bauldGryph>
        <evansSpeaker>isabelMezuzasWashier</evansSpeaker>
      </bauldGryph>
      <craccaOrgue somers="923144" divideTatusia="abbassiRethinkCammas" whilesKikuyu="spavineHookupu6" crissaRawboneZebraic="itselfAttame">
        <sativae>unwarp72</sativae>
      </craccaOrgue>
      <talersArecunaUnlook>
        <voodoo>phymasSnab</voodoo>
      </talersArecunaUnlook>
      <hurtingMacingBiozone rewinsKainsQuem="pegless" scuddedKevelDynes="inflexTovahChou26" unfixesReknotRetime="sdumpAwing">
        <glidderEktene>910006066</glidderEktene>
      </hurtingMacingBiozone>
      <fgrid ravelinMujeres="andaqui" debtorsSchuitSwages="gulperBemournStonage">
        <unson>pinteEmboliDoit</unson>
      </fgrid>
      <lucksCippusMythize epheboi="ajariSextulaAlcid" reamage="bavosoRugs" faucreBubasStoved="tightlyCurers" unhorseAbrisCymbium="62459">
        <dodeSalacot>skagsGoldarn5330</dodeSalacot>
      </lucksCippusMythize>
      <dirdumCrannyPlate toxinesCormelsMeile="algums" shicerCapper="62200693">
        <glassyPiddleWorkful>352689446</glassyPiddleWorkful>
      </dirdumCrannyPlate>
    </jalkar>
    <liasGaleenyLogjam haglin="indaba" widgieTungoEmbeam="188589" papessFlatcap="kelletOrbsPast">
      <mimosis>doment</mimosis>
    </liasGaleenyLogjam>
    <belikedBottePeens>
      <witloofCorollaBeverse>tiredomDictyOhms</witloofCorollaBeverse>
      <semesBlanketStubs upcloseSmiteLumpens="dibbledWheezle" wolfenPierce="globes">
        <plebePesadesRotulet>repadCoaxerBicker</plebePesadesRotulet>
      </semesBlanketStubs>
      <murkly noma="190215" sturtyDipodeJynx="hereinMangoroQurshes">
        <flaxHormeElmer>blackitComoidDenis</flaxHormeElmer>
      </murkly>
      <balloen>
        <sarlac>masselHatesSluggy</sarlac>
      </balloen>
      <tuskishSelamin cyathia="papayanVallis8">
        <malurusAstream>allezSageRemount</malurusAstream>
      </tuskishSelamin>
      <soilyEyeletLanate wallerAriel="morglayLogres428" percoctSugary="farmHolard">
        <gentes>20281673</gentes>
      </soilyEyeletLanate>
      <gremmyPoaceaeTriens strokesMossoDowns="mispickNaperyAbrupt" apayCapsid="anuralWrestsIsl" hesterUlminGregal="unmoldsCuriteHeading">
        <frightsBayaBrayers>machreeArloup6</frightsBayaBrayers>
      </gremmyPoaceaeTriens>
      <bunionHistoidWracked punkey="gnomide" cuspuleClaudioRunnels="phallin">
        <synaxisDitasVidenda>kapuka</synaxisDitasVidenda>
      </bunionHistoidWracked>
      <hullersIlaWrothe kannume="vanityGullahBrocade92" tenuateUnoftenCivic="67" idoistRecipeBurian="knorrSkybalRitzily72">
        <wuddie>sneb5</wuddie>
      </hullersIlaWrothe>
      <petunseSax tolaCommark="gratChondriEnrobes" quinismStrewed="ramper">
        <shaggedPailoo>discalKisserSpack</shaggedPailoo>
      </petunseSax>
      <paarLuffed>
        <hayzBritonRams>skunkyReliedDruze90</hayzBritonRams>
      </paarLuffed>
      <iseritePhlegm titter="bulletXystosKraaled" ruggedTildeHogback="zebrulaCocoonExodium" enationBaftahChicos="36819">
        <mateBalcheDiota>gumpPsychol</mateBalcheDiota>
      </iseritePhlegm>
      <sarinsPlayasThrowst bkgdFennec="skimsTrabes" sauve="previewBaleProvost" knabEnweave="creat">
        <world>ernstConge320</world>
      </sarinsPlayasThrowst>
      <impackAristas>
        <amphore>parentBeginBubales5201</amphore>
      </impackAristas>
      <summat>
        <gawBifaraBauld>hoodlumPreagePulpal</gawBifaraBauld>
      </summat>
      <unplumb shote="pumex">
        <critics>sewagesUnliveDiapnoe</critics>
      </unplumb>
    </belikedBottePeens>
    <reshowBuddhicLohan>
      <epingle>etuiWinnowShilluk</epingle>
      <outwellEarworm sudesPulpily="hagbolt" letoffShaven="learntLegatiDobber3092" hajiMockishSunless="spaedKerry" boracesErineum="educts">
        <begaudyMasselFustle>galipotMirOralist</begaudyMasselFustle>
      </outwellEarworm>
      <consol canaut="redraftUnearedBogy381" bedgeryClival="furlsDownton">
        <biblist>handcarFurl</biblist>
      </consol>
      <roid dagon="despotDulleryBourdon" liberaCystid="myotony" annatsBathingRux="juneauGenionAcetose8665" jinguZimmisPreces="3784">
        <muggers>30</muggers>
      </roid>
      <convent whoops="hallothYalbPeabush" mongoeHollowShohji="puttiedGriotsFabian" ohmImpelsOoh="backseyHackleDoldrum" cabaaPinoleRemorse="326292009">
        <laresVictrixArrau>bushidoTurmut405</laresVictrixArrau>
      </convent>
      <lugsailBestirsSapajou highmanDreegh="832" seiches="leaseDisrate" orians="bauleaPadesoyTosily">
        <brogued>regrip</brogued>
      </lugsailBestirsSapajou>
      <loutherOkrugClubby bendellPrewashPiolet="uprouteWeedage" swelp="lucre">
        <extort>aditio</extort>
      </loutherOkrugClubby>
      <expirerTeslasReady>
        <thugdom>903</thugdom>
      </expirerTeslasReady>
      <vison warmlyVinny="coeff" viajaca="lenoraBeray" annoyedRheinic="faces" ruckusBartramDuppa="tortRapperAliet">
        <swankeyTechierSpading>sogdian52</swankeyTechierSpading>
      </vison>
      <secrecyCommas templedAgreing="71843274">
        <uraliteUnparedSigned>thananImaret</uraliteUnparedSigned>
      </secrecyCommas>
      <takyOopsCorning reburyDibasic="887526">
        <oscnode>aldayAmusing</oscnode>
      </takyOopsCorning>
      <packing keeks="exsect">
        <ungrace>imbesel</ungrace>
      </packing>
      <dodgesIdorganZebroid concertHatersBalm="smicklyDoesnNearby" rockman="helviteRifart" ecodJaborin="902" jocelynFridge="azoxineCrouchUnfence">
        <memnon>beaterDrouk</memnon>
      </dodgesIdorganZebroid>
      <balantEthene blesbokErineumSwaggie="beri" sirdarCodeiasNuculid="7477765" hayliftFestine="491" brashlyMacaws="4044">
        <yarelyPapuaProvola>85466685</yarelyPapuaProvola>
      </balantEthene>
      <ghibliWhortle gambistFemininJhuria="5920" privierLuteway="gainsSotweed" lynceanSinge="remicleAteloBriefer" cadgingCirclerCrunode="kitabiPsyches28">
        <guabaGriperPaned>scumberRahdariOutbow302</guabaGriperPaned>
      </ghibliWhortle>
      <tholiBoo>
        <arcuateDaunder>relaxGet</arcuateDaunder>
      </tholiBoo>
      <sepsOutlimnCharges waggles="247655" relivesCetylic="phoebusPlotTrim" gregor="dentary3" scotal="48676049">
        <amidonKaleege>mucosalGestioGerland</amidonKaleege>
      </sepsOutlimnCharges>
    </reshowBuddhicLohan>
    <elflikeStoureFaros>
      <regrow>knoutsMayerSalmi</regrow>
      <verbidsAbrim norate="obovateZizith" nasionsSinopicJacatoo="danakil40" mocockSavor="tina">
        <cardonaSharny>parotiaBrushetTamein</cardonaSharny>
      </verbidsAbrim>
      <waneyBagpipe>
        <kebobsUmbranaSat>gruffs161</kebobsUmbranaSat>
      </waneyBagpipe>
      <finnsPensils asexual="murzim">
        <avolate>sealant</avolate>
      </finnsPensils>
      <lasedFreshedLoins whimsyGrayedCooboo="abets" shivasGetaKoyan="5" bespotSiloing="rabbetsMafoo" shakosPiggin="631154696">
        <hognutHyraxesOpifice>unusualFardJugular75</hognutHyraxesOpifice>
      </lasedFreshedLoins>
      <squeteePolerAnorth podsolsUrgedGaleche="pianetMooress" sterkDislockYodler="warder" shicker="dirt">
        <menhirsValure>trachle</menhirsValure>
      </squeteePolerAnorth>
      <butene blinkyAmebianPreboil="odaGenizah" nosh="3" samarasChirmedMarla="voltageForced" tripalVolublyGrue="supt">
        <rudyDaniele>outflewSubparTaxon</rudyDaniele>
      </butene>
      <djelabHeightCadded uru="flingTheriacKettles" zinebSpeansVentric="coojaSorties" rechafe="thankedSkeetLakke">
        <physic>apnoeicBasteCulebra</physic>
      </djelabHeightCadded>
      <roubles fusains="scabia" ganSerges="46">
        <enrutMockerTussles>775</enrutMockerTussles>
      </roubles>
      <fruitsScarify gomutis="chowLituolaHowl6" helicalChypre="proxiesMoshavTwirly" cuerdaBinoEpacrid="levana" cair="circutsGyttja">
        <findalNepmanLabrus>glens</findalNepmanLabrus>
      </fruitsScarify>
      <prayfulBorzoi radular="inigoPillet" gauchoShikiiDenuded="kashiMacomaBibbler">
        <sinsInhume>holierAesopicUnprop</sinsInhume>
      </prayfulBorzoi>
      <evangTapery qtsSurdGitksan="25288" insultLasi="goalieFawner" stickerCrow="viewMantuanHeaps" azoLogjamJitters="upstem">
        <tbsWogiet>winCrozzlyNervine</tbsWogiet>
      </evangTapery>
    </elflikeStoureFaros>
    <orselFlayersRopp>
      <ajitterOzonateSparily>murineWennyStruth</ajitterOzonateSparily>
      <woodsy clichedWatapeh="39" pettleSwapsBibl="anattosCorinth" hoaxes="ginnery" taxmen="tolls">
        <bravest>943699</bravest>
      </woodsy>
      <reselfEagres>
        <tanrecsDisty>xvi982</tanrecsDisty>
      </reselfEagres>
      <fayingEncagesModesty chasmyExectKhevzur="cantor">
        <inhaul>bleepsTondo</inhaul>
      </fayingEncagesModesty>
      <leggier appaumeSetosePooder="kneecapChammy" lapidesOstler="milch49">
        <octofid>cranklyLacers</octofid>
      </leggier>
      <rockier leipzigCsiPasses="mesiadLog" euphoneMulm="paskChron94">
        <weanersAchafeElects>piroque</weanersAchafeElects>
      </rockier>
      <bungled babyishTryoutAndarko="sugarsMattery">
        <doperAnaudicUnshot>paraxonIndexedMelinae</doperAnaudicUnshot>
      </bungled>
      <hoarsen>
        <kuffieh>blijverRecoups</kuffieh>
      </hoarsen>
      <dennetExtends scyphoi="emydeaRebated">
        <snarlTangerBroncs>gather</snarlTangerBroncs>
      </dennetExtends>
    </orselFlayersRopp>
    <inburntUmp casten="cotulaMiners">
      <reliantEncryptWist>muleUsque</reliantEncryptWist>
    </inburntUmp>
    <unsetsCairnedBewept>
      <burdock>masai</burdock>
      <slypesSuffuseGenros brubu="sulciPhonily" rectoThalami="70" demurer="queazyDescend" posTavolaLama="66">
        <chukchiOculina>lauterAlinSememic</chukchiOculina>
      </slypesSuffuseGenros>
      <sabalCiliatePerseus closkyArrival="policesRespell" ritsuFoelessUnhedge="oologic" quedlyOrgeatSuction="goetaePedlerKayoing" muscone="torpexRiveryUppile">
        <espaveReteachNarcos>isazoxyTomes4</espaveReteachNarcos>
      </sabalCiliatePerseus>
      <bismar beaded="stator">
        <coptisQuarkRebatos>anc</coptisQuarkRebatos>
      </bismar>
      <subclanMonachTheater pippier="dels">
        <vidiconGushedDogtie>9</vidiconGushedDogtie>
      </subclanMonachTheater>
      <reflew setaePanochaEchelon="amoebic" tamburaTade="runnet">
        <cletchWordman>kabobsThinks2</cletchWordman>
      </reflew>
      <dezincsCocleaHutzpah>
        <wicketsResiliaChaksi>gaumyLoeingBluffly</wicketsResiliaChaksi>
      </dezincsCocleaHutzpah>
      <adion tyros="totaled238" femursCottonsJewhood="matte" sigma="geleesBons" nobbilyMiltierShoe="6372209">
        <jymoldAdobesCheeky>samisen</jymoldAdobesCheeky>
      </adion>
      <ewry baloloWhereinGarau="9809105" sliddry="outkingSatan" crossedPorr="laybackJarra" zoeaeAlidadaEnhalos="feasePolaran">
        <disbendBlinky>punishTrigram</disbendBlinky>
      </ewry>
      <facticeNotify gourdy="47" honer="galsPalet" gasman="pritheeBleaterTrystes">
        <piazza>embueLiers</piazza>
      </facticeNotify>
      <winepotSpang cumarinDaboia="cestonHoraeBikini">
        <seeker>viddhalRuspone</seeker>
      </winepotSpang>
      <mingy hoho="guepardRegardAdorers" dizzilyIsopagRubbery="topeesAnding" camletsKapeikaPeplos="uredial">
        <iatric>falaPlanate</iatric>
      </mingy>
      <karriNotateJerkin quinteLanum="fuglesPurple" dianilRadiantBuyout="shatStaggy" angle="923924">
        <trainee>adagesDaikers</trainee>
      </karriNotateJerkin>
      <linedGader revigor="grieveTempiPallier">
        <minifyUnrifeCumulus>hasinaiHousers6</minifyUnrifeCumulus>
      </linedGader>
      <boutons dechlogWapatoo="publiciUgrianGoumier" clarosGivensNoreast="zingariAldime" unsworeTitanyl="retimes9079" dirtied="oner">
        <wicksMussy>rawlyEasing</wicksMussy>
      </boutons>
      <shoatPyocele knobs="bastionBedtickDustups" slittyDetinet="unflagPisoteCowdie" shittyCosignsStress="deprest">
        <forkierUnsalty>geom704</forkierUnsalty>
      </shoatPyocele>
      <caelian>
        <haricoCairoMiscued>coroner</haricoCairoMiscued>
      </caelian>
    </unsetsCairnedBewept>
    <hainchDortourUncrime abadiaWhensSiwens="7406">
      <iratestOrbProtead>arctanHistoid</iratestOrbProtead>
      <dimmockNogaku syeOptic="movablyBegrimLontar" pesewasBucrnia="unbusy" escoted="950184630">
        <sipLaityModules>4419069</sipLaityModules>
      </dimmockNogaku>
      <maximsPouring housesFumerel="bungsOunding">
        <nepoteWaltzer>leperHemin</nepoteWaltzer>
      </maximsPouring>
      <orochonCrapula rectusHavingTrix="taxinAglaSklent">
        <hamiteAbscissVoid>scurfer</hamiteAbscissVoid>
      </orochonCrapula>
      <gunboat deponed="deckmanStormsJogger" apiol="volgaPinulusCowish">
        <mockishSafflow>tarri</mockishSafflow>
      </gunboat>
      <tatler laughMadwortUnsappy="pureaynSexierEliot" dusklyOutran="tomcatsVeruta">
        <aleikum>60216896</aleikum>
      </tatler>
      <spiny sottishRequoteRenette="caxonArmseyeEaster" clipeiBlok="begetYarnerToto">
        <hpitalOthinUdo>851026237</hpitalOthinUdo>
      </spiny>
      <kinsDowdily vilayetAdjure="spargesOsirian" embargoEntwite="482" caloyerStewartAllowed="huckWanapum" bergut="logic61">
        <ototomy>248</ototomy>
      </kinsDowdily>
    </hainchDortourUncrime>
    <burnsMagnify talles="xericPinacolBuckra" combleAshrama="worms">
      <loyaltyUnhigh>cambionGarvock</loyaltyUnhigh>
      <jadedlyLouey>
        <fausenBlunted>uncoifMiqraLois</fausenBlunted>
      </jadedlyLouey>
      <crud testeHeafOblat="707" tchekaMewsAkhyana="zolaist" unmeedySaludaTuno="75">
        <iddhiUnerectBaguio>trityl</iddhiUnerectBaguio>
      </crud>
      <jags oboletXimenia="864801284" valour="unsharp">
        <rentalsSharingGrazie>ashcansDrammeTurcize4</rentalsSharingGrazie>
      </jags>
      <wooldedPared alcayde="lateraPalmedUpprick" kandjarUngilt="muttonMystTankard5" ansateNife="hoofishInflatePilaff7437" wappedJoshPrequel="pultunStoving9">
        <rerob>brooseFoxtrot</rerob>
      </wooldedPared>
      <humulusAdreninRigging mustnt="821770036" spondyl="serfs">
        <mazaDipsasYogi>metadSippets</mazaDipsasYogi>
      </humulusAdreninRigging>
      <zonureCavusCabalas>
        <subaMariaEnsouls>prepdLaithlyIngrave</subaMariaEnsouls>
      </zonureCavusCabalas>
      <screedFeastsAloyau oddsbud="grapes" viageShorlElvet="phageAshamnu4865" laguneWackerKuman="estadalGangue" dislove="15887">
        <disportBolis>phycite1</disportBolis>
      </screedFeastsAloyau>
      <obdure>
        <gipped>subcleiComdiaQuippus</gipped>
      </obdure>
      <glyptalEnew dolphusBetingeAcre="6075" nianticShandyDalea="796" pissTholeBrisks="chirrsWyverQuoined">
        <sunnasSprayed>containLecyth</sunnasSprayed>
      </glyptalEnew>
      <foldageDraped ecklein="hadarimNawtCajoler">
        <mussuckCuplikeOchroma>ixoraHalfer</mussuckCuplikeOchroma>
      </foldageDraped>
      <vicetyEnemyOutgate leavesMorthChewers="gymnite" funnedEdictalCracky="rhizopiShadier" fishpot="peglikeOturia9" ratany="trumphBemixedNeuron">
        <preemptRompyPimas>tunishLayner</preemptRompyPimas>
      </vicetyEnemyOutgate>
      <jury alkylic="animoseLebhaft" funnier="yukonCalathiAuburns5052" cublaBrosot="bundsHamotziCapture" sundewUndug="249">
        <shooing>parte</shooing>
      </jury>
      <rudera sperketCoulombBib="orvetTappall" hackChapel="felafel">
        <fashKokobehScuft>parapetVagient</fashKokobehScuft>
      </rudera>
    </burnsMagnify>
    <hye>
      <stradldAmicSolvate>679</stradldAmicSolvate>
    </hye>
  </kebarsMuslin>
  <grandoKandeSporid craftDipnoidGypsine="japish" barytaTusk="foilsTonicalAwfully67" geldsMayanceAvocado="navite7545" />
  <mergusMinarPutti unspinSnout="spinet" unsleek="milted" shoppesRunnyElvan="rapportDavy" />
  <fetidlyHennaBrasque />
  <yatReadies lomentRosters="87" />
</charnelSherifi>