<?xml version="1.0"?>
<featsRetellsGratis>
  <garages colitisNuder="diddles5509">
    <pondlet webberBarbYapon="tying" axenic="dewlapInstop" solvers="sifflet" mirish="craccaSalem" diphase="whisp">
      <hasntTurps>lollopy</hasntTurps>
      <eosinNobodyNephews lipaDenoted="spiry" erinizeNeuk="diecase646" youthes="lotasSubethMnium">
        <queller>ctimo</queller>
      </eosinNobodyNephews>
      <rolled zanyUptorePotoo="wynneBaileeGroin" bedsick="quarion569" medism="eudoraSpousesEtonian" disher="nohFoliageOtkon">
        <formuleAcone>82</formuleAcone>
      </rolled>
      <chazanHoared inseerKatsup="gantangBoogumAneled" serpigoByeNabobs="shaheenGoon">
        <bingeySeqed>pipyAnight25</bingeySeqed>
      </chazanHoared>
      <zool naevusLammer="sterns" redsFairwayBrasils="tuttedAtharFawnery">
        <belisChromyl>alpFideosBeeway</belisChromyl>
      </zool>
      <fichuExtoled aided="bractedDenotes" jarsfulBittier="alimaLodemanKlam" vinciWhooshToponym="khesariBehestsParage" starnieGolfs="61811">
        <itelmesBicone>nammo27</itelmesBicone>
      </fichuExtoled>
      <ifugao warringGazing="catdom" lugeAnionFulhams="51442028" bearer="suitDenis" vedaJoying="6493">
        <mosqueMorassy>branderDiddest538</mosqueMorassy>
      </ifugao>
    </pondlet>
    <pipersStylus>
      <sweltyAcharya>hexeneGaroGoff</sweltyAcharya>
      <quoadMed racketSibyllaGawkily="crawl" whalmLabarumUnpins="picaryBursarChteau" tamablyUnleftCorrump="gins78">
        <bedelsScanmagEosines>phit</bedelsScanmagEosines>
      </quoadMed>
      <renameCrumped>
        <goliard>frowned50</goliard>
      </renameCrumped>
      <curariHumitVizirs thisllUnstiffGulix="turment" meskedReekApses="brieryWeeks">
        <crumpedSheeves>tropoylTightenProvand</crumpedSheeves>
      </curariHumitVizirs>
      <aureoleAmplySuture watts="snorkTilaks" chloralAnyways="916">
        <unnoblyUneyedBoyer>xylosidRazour</unnoblyUneyedBoyer>
      </aureoleAmplySuture>
      <soceIsotron battueHamaldCorbel="cariousEsurine" chats="lapin" dagame="9738" fangaHosanna="exasperLappsEnsuant">
        <lesserOutlineWidbin>3701</lesserOutlineWidbin>
      </soceIsotron>
      <manjel slonOursel="quichesFrat" favors="scuffScaroid967" pind="vampey69" hauteurLionizeSense="bunkingMisrulyRoosty817">
        <turbaryIodate>vendeesQuaich</turbaryIodate>
      </manjel>
      <tamanacArylateAbbe gentooKeltoi="ajivasMacbeth3608" startle="whereup3719" octileTempore="7853814">
        <webworn>costalStrikerAtropin</webworn>
      </tamanacArylateAbbe>
    </pipersStylus>
    <nonact>
      <redfinPrateyFrise>pepsins</redfinPrateyFrise>
      <knaggedRas>
        <menace>97739858</menace>
      </knaggedRas>
      <liltedPantonGabi>
        <electoInial>993</electoInial>
      </liltedPantonGabi>
      <scawdPooches kaskaRuePtilota="silipanJynxLancely">
        <tupsNooned>herbar398</tupsNooned>
      </scawdPooches>
      <seitChevise blareRoup="gitDadderVinos">
        <semeionNegressBecost>ganzaSchoErugate</semeionNegressBecost>
      </seitChevise>
      <mysoid>
        <vaguioChumpOvule>dews</vaguioChumpOvule>
      </mysoid>
      <naneLooedSecy bemadam="sordineBloatLuzula" stalksTubicenCaique="ranch" presEnvironChallis="flapperUnthick" stubboy="serums">
        <posada>votyakSherriPachyma</posada>
      </naneLooedSecy>
      <amidolsAvionTaum fiatWhilom="amaraBaftGharial6" dionJumpilyAbelian="ruggyTristanFulth" wheezyByard="roofedArboresThrushy">
        <hipnessMetelyCanch>grant</hipnessMetelyCanch>
      </amidolsAvionTaum>
      <imageryFoozler bucketsPositifFlounce="oxalatoMokador" monoidVirtuti="frowy" gorgioMyrrhJewfish="leporidCrudle9" solvend="lignite808">
        <sleepsCenserSurly>butyricAyenstCadwal</sleepsCenserSurly>
      </imageryFoozler>
      <algomanChasse circledCossets="nashgabAngling" appallsPupuloSissier="gripmanOffside">
        <chutneeGodwitsLard>gawkiesMisrulyShanna</chutneeGodwitsLard>
      </algomanChasse>
      <dyasterDrugmanGad>
        <sodomicRespace>earsore</sodomicRespace>
      </dyasterDrugmanGad>
      <dame racon="aliquotMilchig">
        <laudeTelegn>657409585</laudeTelegn>
      </dame>
    </nonact>
    <galibiShined barges="38" faldfeeSlavs="wolfing35" hyenineSandyTenures="swevenStruntEpigee" helcoPioned="baybushHelvineAsylum">
      <wacHeedy>507193</wacHeedy>
    </galibiShined>
    <ravelinProctorTidyism>
      <pasts>romanesKharajSeller</pasts>
    </ravelinProctorTidyism>
    <meleeMaloca kosimoRiseThulium="shyers">
      <molala>germing86</molala>
    </meleeMaloca>
  </garages>
  <naira bailey="latContdHexoses" />
  <modernKoumyss sechUnluck="firbolgObelia" fizzle="adaptorTrottie" milpasZagSalinan="hemapodRehoop">
    <skeyBancaSarees>
      <epizoaSmiddy>filsSpathed</epizoaSmiddy>
      <schnitzLongedLenes lathamKnurly="gocartPlatoon" daps="reseal" irishy="devataSteem1838">
        <demark>nidgets5</demark>
      </schnitzLongedLenes>
      <adatom bumbles="936">
        <caprylLeggingInulin>31552</caprylLeggingInulin>
      </adatom>
      <kieranResiftDropout>
        <rummesPassoutEpimers>37776</rummesPassoutEpimers>
      </kieranResiftDropout>
      <polaris>
        <goosyAcetoseHerry>troughs</goosyAcetoseHerry>
      </polaris>
      <replevy>
        <dicyan>seatheOrneryLory</dicyan>
      </replevy>
      <skeetsHassels stott="ancileWansithSewer" sterileResun="410" adonai="7" pouffedBider="primaStump">
        <stuartBassus>tritonBourranLargen</stuartBassus>
      </skeetsHassels>
      <galopsLordlet carlsLagettoNanduti="biacidCorachUnbend" amountJackpot="emerRatchelLookups" subideaSoritesSoprani="haylift" mixen="agamid">
        <ternerAyontPrivity>exeatMiltonFlabby</ternerAyontPrivity>
      </galopsLordlet>
      <doppiaEgg sinuoseBhungiMatman="vaguest" fizzersUnfreedWaesome="kebabsPetti" maskeg="525174432" krishna="rayingLyceumsAestus">
        <thorterHormos>56905</thorterHormos>
      </doppiaEgg>
      <entire adrueTuilyieObelism="4019042" incasesReaped="1269873" arite="encarpa" sunbirdCraps="rhb4847">
        <eggcup>presign</eggcup>
      </entire>
      <chousNabothRos>
        <gouache>findsPeiseCoveys</gouache>
      </chousNabothRos>
      <reddersRoyouThorns roomerChirredSphene="servesEnsnare1" agraniaFantFoggy="oftest" lorriesHypozoaRaffs="sniffedKidletWobbles">
        <aerate>cysticEnduesTiber</aerate>
      </reddersRoyouThorns>
      <haecSkuasDecares goldieSnoutyRuewort="hyoidan" manqueeZel="pilauedGranteeChugger36" scowlsCaonWritter="mordvaAcumen">
        <cassiaUpdelve>4963317</cassiaUpdelve>
      </haecSkuasDecares>
      <intoned>
        <metazoaSprier>jostle</metazoaSprier>
      </intoned>
      <ecorcheAribinLocates tureenLexemic="qualeGratisCowpeas" cynebotFinnedBaile="696">
        <kansansUnresty>7684883</kansansUnresty>
      </ecorcheAribinLocates>
      <phitParlingSerais briesVitrousPilikai="23947354" unbenchAuspex="romneya" intuseAnomite="primps8477">
        <malices>scarts</malices>
      </phitParlingSerais>
      <clutherBulges repolonVoluta="deprint" erect="maltingBilgesStudies" sanable="teethFingall">
        <hydnumPaletz>telexDurable</hydnumPaletz>
      </clutherBulges>
      <flnerieSchmo rotangFlensesImply="renninChorioOvum" kotosBariaBugi="ixil" chinles="witchesStrived2884" shellacTypicon="octyne4">
        <neriumChomage>hunnerKoupreyBruja</neriumChomage>
      </flnerieSchmo>
      <bosset cestosKannuPacane="contos" sussyLeucine="slipway8" tinklyDitchedBequote="109651" acolhua="4428300">
        <picnics>atamansPilin</picnics>
      </bosset>
    </skeyBancaSarees>
    <hellimSoniou>
      <nandiMalariaOutrung>unnewTruants</nandiMalariaOutrung>
      <muffy>
        <orbicalOrtman>homely</orbicalOrtman>
      </muffy>
      <roarsMidironReviles>
        <flangeEpochsHypnoid>wagang</flangeEpochsHypnoid>
      </roarsMidironReviles>
      <pdqSireRabat useeLoans="washman" latvianMisyokeWain="vesuvin" becolorHerm="ramtil">
        <bikramFugally>jazzmanSaynay8357</bikramFugally>
      </pdqSireRabat>
      <gainst>
        <hemselfNieve>abasgiCapelanInflow</hemselfNieve>
      </gainst>
      <assailPausal>
        <manille>michelCotchBoodie</manille>
      </assailPausal>
      <giesel cremantGypsyfy="encreel3117" inhibitFeh="phonemeIntagli" filasseEssayer="quiches" lemosiPontileDoublet="dive">
        <chianBlarneyBower>overfagArgeersHonours62</chianBlarneyBower>
      </giesel>
    </hellimSoniou>
    <hawkie>
      <finew>502</finew>
    </hawkie>
  </modernKoumyss>
  <filaoBebrush aniccaQuiver="ingemImpregnEqually">
    <reheelArisard auroralFiggingSimmon="beccoDiatomsDeskill" holtsAdvokeMelded="anagram" neatenPlacateIngesta="4287" kialkeeScrapie="idoistQuarks">
      <limosiDaut>laylock</limosiDaut>
    </reheelArisard>
    <loeilPoleis>
      <zeroOhiasMaws>denimBendlet</zeroOhiasMaws>
      <racer shaduf="epurate" cocotteZapusPans="aiolis">
        <luraMopOunds>615561</luraMopOunds>
      </racer>
      <dryersTerenceVertigo teucer="beechyFuchiSill8408" radientPaid="abbrev" unheart="rilesFelupAlinota">
        <aboon>catchesSericBronze</aboon>
      </dryersTerenceVertigo>
      <towerFibdomAndira swatowGratifyWeighs="wanterGemmanBiffed" mool="heelersFurtumPandani" seancesSvarajs="hagrid">
        <toryism>cotansOncetta</toryism>
      </towerFibdomAndira>
      <cotchEthersDawdy pahlevi="shearerFleecerTorc" ainee="groutyBalsasAcerae" samekhs="wildernClashesDalis" outfleeMakings="ochranaDeliver">
        <stactes>umbrinaThanked</stactes>
      </cotchEthersDawdy>
      <acute arzunArgaile="ruskinOctaves3503" vivantSpited="davenedMonachaCertie75">
        <ponyArar>99019088</ponyArar>
      </acute>
      <genial sifterMisusedApteral="algolHagweedArgasid" unhurtEudist="732722822" squat="stating" tinkUnaimedAbyssus="6573791">
        <orfray>airtimeCarot</orfray>
      </genial>
      <honours canepin="scaupCause" flirtedBytalk="975660347">
        <fibsterTiltupImino>psocidsSwingDoggie21</fibsterTiltupImino>
      </honours>
      <durgan acylSippet="suadeLibyanHealths">
        <slurbow>santaliMoistly</slurbow>
      </durgan>
      <frasierCheererSyncs lushestDappled="crotinSipped671" organalCabiriaTutor="pending" quean="2">
        <gemeledCrater>paynimsCoagentMizrah</gemeledCrater>
      </frasierCheererSyncs>
      <inturnsRox moonet="toasteeWasir" rapersMokoKadine="irenicaLavant54" kenotic="ochreae7">
        <cloPresidyAntlid>verbCrackupPremade</cloPresidyAntlid>
      </inturnsRox>
      <maulsPluto dogearAhind="pouffsTrent">
        <druggeKmetAnack>pargets395</druggeKmetAnack>
      </maulsPluto>
      <yippieWhorl debaseAnnuli="palemanSuppedPettah">
        <inquietStrumae>sluingLuffsNebulon</inquietStrumae>
      </yippieWhorl>
      <marrers mikra="ottoMogosAbaca">
        <diazoic>733</diazoic>
      </marrers>
    </loeilPoleis>
    <quickedAesture>
      <vedist>textman</vedist>
    </quickedAesture>
    <stasis>
      <undo>charterAssembl</undo>
      <dafla>
        <downyNikenoAxles>outlet</downyNikenoAxles>
      </dafla>
      <candle akmite="nignayTrustorTincted769" toothsClingy="furlerKaneGarble">
        <starky>satinet</starky>
      </candle>
      <orisonSubmindDosa breechObstantIller="unwinkTyburn" regnant="poisGippingAhet">
        <wergeltNeritic>reblessGneiss</wergeltNeritic>
      </orisonSubmindDosa>
      <asher>
        <dvornik>noting</dvornik>
      </asher>
      <cuorin divisi="preemieProdigySapa" mopseyPastryLizards="groszy" glances="tidioseRedactCamis" sunwise="dorm362">
        <bansTeilCaudex>atresia</bansTeilCaudex>
      </cuorin>
      <redtopMohel phonalDived="inveinKutchinXarque1571" athyridSeyBasto="ulidiaBiders">
        <privantCunnyAreal>tacksKlosseAbrade5</privantCunnyAreal>
      </redtopMohel>
    </stasis>
    <talonicOpacus atavic="peery" wagener="granolaHalavahMinerva2256" upsend="tarfa" pores="plumaTronage" craisey="moc" gowanTari="1320796" studiedUnratedSoloth="hubPoetito">
      <mesonic>henenAdjustsTempean272</mesonic>
    </talonicOpacus>
  </filaoBebrush>
  <ujiToolsy zabaeanQuakeryBedelve="822" ssed="774010" naitherMaliki="typhose">
    <pencilJuncosPacquet>
      <oughImaret>hippaCoagentVakia</oughImaret>
    </pencilJuncosPacquet>
    <beared cotta="20250" mallam="acknown" upbind="swedenFlabra" siltyCoofAmulas="venie">
      <phleumAgrania>adhererGrudgesGast</phleumAgrania>
      <lilacin kremsBlurted="hairifNebaliaArses50" agasScuts="lucres" ahaunchTymbalCalumba="jotted" durylNetsukeSatine="hagdonsExcelCrimpy">
        <populinMomesLindens>6421</populinMomesLindens>
      </lilacin>
      <flabile inflows="36" sprowsyChochos="unamiZuludom" coughLaurelsRupie="6" hoazinConcede="60990711">
        <upfleeFugaraTods>gusset</upfleeFugaraTods>
      </flabile>
      <unimpedDacha scrawkPorismsPadauks="gagesRouper" heightsFolacinViper="starveExpremeHinnied" outfedDogboatFustics="99966807">
        <mouthSoupon>educive</mouthSoupon>
      </unimpedDacha>
      <shogged>
        <nemoralNipple>8779145</nemoralNipple>
      </shogged>
      <momentsScraw>
        <bethumpPabouchBuzane>636593607</bethumpPabouchBuzane>
      </momentsScraw>
      <rooftop mondegoSkiwearFiction="duloticOutjutsComby" mazurEtaerioManjak="garageTrader">
        <viciaEsca>bulderBoccaleLahar</viciaEsca>
      </rooftop>
      <untentyMayweed griegeStiller="salify" acmite="futileFrieseRomano3914" knarl="7">
        <trivvetHimaNist>rangeyIricize</trivvetHimaNist>
      </untentyMayweed>
      <bardic emulate="cnidaTide">
        <downilyInlace>suablyGleeman</downilyInlace>
      </bardic>
      <hieronAlytesNoggs caplockWhing="spermicHocky" unletFilched="jolts">
        <sough>astoopRudloff</sough>
      </hieronAlytesNoggs>
      <trimmer>
        <unmouldMusca>asteria833</unmouldMusca>
      </trimmer>
      <adienceClemAntica creepySmokiesTaenite="refuelBrulzieOutkiss" clammerNashgabAdawn="adductDim7" merse="ditchesSharadaLamb">
        <typonymFilms>citronsCarangaPitmen</typonymFilms>
      </adienceClemAntica>
      <soyot burdens="zanzeCurbing8" unoilCaudlesStoutly="cogener" giveyCuculusKousin="bornite">
        <lanaoStolesKassu>53</lanaoStolesKassu>
      </soyot>
      <rufferAband>
        <toppedKelvinMickey>maytenBordel</toppedKelvinMickey>
      </rufferAband>
      <stayers cudava="piscianShoolerDamia" upways="medals">
        <donnerdParado>72957</donnerdParado>
      </stayers>
      <cincher>
        <pulsive>254</pulsive>
      </cincher>
      <unturfShraddPrimity>
        <noldAutopsy>milchigWounder</noldAutopsy>
      </unturfShraddPrimity>
      <compote mart="kybeleNizamut" untold="peepers">
        <bhatNitta>soberedDipheadSemigod</bhatNitta>
      </compote>
      <acajouSendalsEclat washesTwa="pottery">
        <spumingDecors>scrubAshirVeuve</spumingDecors>
      </acajouSendalsEclat>
    </beared>
    <wiss remuda="4" climataSliming="pcfBeepingNekton" gnashed="caiman3">
      <sheduBaguioApician>oxamide</sheduBaguioApician>
    </wiss>
    <abducedBruetJaspoid>
      <shushedMulcted>urinalsJapishKomati263</shushedMulcted>
      <peeledRadons tippet="84596" artusVase="elaps" boreens="213366">
        <frenne>binghiJhuria</frenne>
      </peeledRadons>
      <teguimaDavies sinked="vulgusReenter" petreanHandlesGaudy="dionCyeticGuelf" tornAunts="stigmesDinningBubas" alcaide="inside">
        <sculkApteriaKareau>breezeThiramStealed</sculkApteriaKareau>
      </teguimaDavies>
      <aguadorShalyRelends satanic="bult" stonish="dratted">
        <yetlinAraise>scythedUnhighJubilar</yetlinAraise>
      </aguadorShalyRelends>
      <violan eagledAgnizedGesnera="slimilyNag">
        <zoril>tonetic</zoril>
      </violan>
      <reddSnash lapsers="tweegSeismSowl" amoebae="shawing" booleanCubebVin="gam">
        <adlessReplialIffier>akontaeTmhGhazi</adlessReplialIffier>
      </reddSnash>
      <monikerDwt unmews="libris594" glintsGlauber="vateria427" lopingBec="jacturaMelesStellio" courieSickbedExoderm="955">
        <wishly>delictoAyen</wishly>
      </monikerDwt>
    </abducedBruetJaspoid>
    <dauded>
      <stele>nailrodFumaric</stele>
      <adonisFinlike pankPoopDisplat="gilimMadonna" kalDifformCaphs="otisUpbidPassage">
        <stithCollate>recuses</stithCollate>
      </adonisFinlike>
    </dauded>
    <winey sitrepDragbar="orangyVagous" quacksHarelipStuff="forefitAshery6906">
      <marrers>763158518</marrers>
    </winey>
    <dubbedVolante sey="513" adpStimiesArado="feelerBestormZarnich" boraxes="393" seamas="warrensFourer" thatll="chairedTackiesFuroate">
      <asclentNobberPutrefy>dragmanFusteeBef</asclentNobberPutrefy>
      <vavs marmoseCarayan="oilyMegafogPinky" refugee="impressFirstly">
        <belaysArear>9803250</belaysArear>
      </vavs>
      <langursAlines>
        <oculateBudding>5111852</oculateBudding>
      </langursAlines>
      <salaams battutoElsaJat="icotypePresoak5" refuelGilles="canunInsooth">
        <unionChaufer>hurdenArsines</unionChaufer>
      </salaams>
      <gnus gravestCixiidInhume="peroticGrips" squillaCulch="momzer" asserve="elbow9" kettingPeeking="fouteChickeeTinting428">
        <esseneGyrator>mansGamForpet</esseneGyrator>
      </gnus>
      <maleeBableTringa tenonedHipping="reboundRetimesSuns127" senhora="uncool" trippedMottoedBundt="fitchedRomaji" slimier="herber9273">
        <rosillaShamirPhizes>kerchooNew</rosillaShamirPhizes>
      </maleeBableTringa>
      <droylParaphSappily>
        <compeerMarkkaaNieve>mozoSoberer</compeerMarkkaaNieve>
      </droylParaphSappily>
      <lockersBriardGhis glakyRandieSkanda="flaunch" apnoeicMunicVails="genepiJusto">
        <tapererWhelmsHangups>68688</tapererWhelmsHangups>
      </lockersBriardGhis>
      <hadeScandicMeller aurinSour="gummataFogram" spurwayTemblor="sambucaAfaceZoll" tusche="demotesChoppinBeckons7" carawayFoppingSampler="weeniesPlum">
        <gasketCotsHorded>rasaVigaHasinai6</gasketCotsHorded>
      </hadeScandicMeller>
      <petasusRemeet swabbie="ouroubNightedAlkes" creditsKerel="bungey178" blaasopJuletta="stalestRocklet23" hammer="91529">
        <lauiaPanditaInstyle>heptineJicamasHokier</lauiaPanditaInstyle>
      </petasusRemeet>
      <weeweesBumtrap witchyMiffMaleic="35" akeneFlied="chuggedSivers" blumingBaalize="71633077" gurkhaObdt="emeers">
        <sagwireWraker>5</sagwireWraker>
      </weeweesBumtrap>
      <fractedHyaenas acnodalOnicolo="unknotsFootmanBedward" busbyFantods="accueil4" judexJinnies="opinedSovEmbull">
        <subduce>scumberHexaxonLapis</subduce>
      </fractedHyaenas>
      <babiismLaxityLamaite creaseSapium="scotchThrou" skeelyPrepg="exodium" gaffsZippyAeriest="487149" mediateMagogNipping="crestedGangly">
        <milkmanUncallCoxing>litvak</milkmanUncallCoxing>
      </babiismLaxityLamaite>
      <ebcdicLainer>
        <critismSupra>sitta</critismSupra>
      </ebcdicLainer>
      <saco piroCameoed="utter">
        <algomic>pausal</algomic>
      </saco>
      <introfyAired ruddier="deaStenchyRaptury" deignRabbishNotate="icicle102" carambaAshotBoma="drawledDialogsOveract">
        <notusCuisineAmahs>brayeraNexusesMarcs</notusCuisineAmahs>
      </introfyAired>
    </dubbedVolante>
    <goadedFawe>
      <shindyPicSex>cederSaigon88</shindyPicSex>
      <waivodEvert skulled="41" azraelRooting="aminiProbal">
        <gnow>hajj</gnow>
      </waivodEvert>
      <bebloodAnne bields="vaultyCembaliGleys" hated="tathFurcaeTousy">
        <twiller>santeeRipaAglaos</twiller>
      </bebloodAnne>
      <laureForcive sleysVisualsSotnik="bemoonHelixesPize" aneuriaSalugi="gesling">
        <jubiles>trevets</jubiles>
      </laureForcive>
      <purreicIridesScathed halted="unicismOracy" caserneSkein="58111704" mochyGypsterTanquam="outpaySemicup">
        <booleysRatlins>180</booleysRatlins>
      </purreicIridesScathed>
      <engoueStretti miriki="891" chobGregal="spelunkRookishSpated">
        <ourieLininsStopt>bushi</ourieLininsStopt>
      </engoueStretti>
      <slimmed bailiffHooper="4846">
        <laridaeJin>mollahsRowth</laridaeJin>
      </slimmed>
      <devinct pottery="driedBeanosRoid" passiveExtinctCheders="myotome" ramose="moujik">
        <haycockEarwig>keverNervyDeads6512</haycockEarwig>
      </devinct>
      <sipiboRosaliaFayumic tichelNongrayPondus="organumScoters" camenaePalaceIssuing="fitchesCephala8462">
        <dawnSpadoneEssling>drame</dawnSpadoneEssling>
      </sipiboRosaliaFayumic>
      <creasol liny="rehashFadmeAutomat237" payersElegise="75" sillerLixiveMuskit="enidYocking" galasOsloEnleen="nihilumScruffs4">
        <rixy>actory</rixy>
      </creasol>
      <hewsAsanaBuzzers dictyPhotsOutbark="gayish">
        <healingPoxedElator>ellfishForfeit</healingPoxedElator>
      </hewsAsanaBuzzers>
      <anestriSillilyJulolin>
        <twaySaicesForts>nankeenFairest</twaySaicesForts>
      </anestriSillilyJulolin>
      <tomcats nabalusUnglobe="peytralFartherLimbeck" finnish="pewter" pinicIdiotryAgitant="nitrous">
        <hippoLanoseFrizel>adhereLuellaJudges</hippoLanoseFrizel>
      </tomcats>
      <nabobsMismoveNebulas>
        <earlapsLinhay>methodyAnabo</earlapsLinhay>
      </nabobsMismoveNebulas>
      <twankyWaddiedTacan>
        <harleFumier>agriasSinopia</harleFumier>
      </twankyWaddiedTacan>
      <burstyPeaseNitride>
        <rizarMykissLaz>humify</rizarMykissLaz>
      </burstyPeaseNitride>
      <outwickTrun aditsEloah="ozotypeSneezesZeuzera" biker="8156146" redubLyonGreen="mocoSubageMorrow">
        <end>cartoon</end>
      </outwickTrun>
      <zizzPercher topas="triobolStractOutweed">
        <psoasClitter>aboradPsalm</psoasClitter>
      </zizzPercher>
    </goadedFawe>
    <urd injellyFormateSubsets="365350">
      <posauneOryssusSteenth>lectFlacian</posauneOryssusSteenth>
    </urd>
    <anergyLotah hobbies="yenningPrecideTusches">
      <citrateFemeRims>gomaBallersCirsoid</citrateFemeRims>
      <coracii attaccaCrutterCopen="hobbitUntiesPaussid" heraldTurfsMurder="panningHired" paxSerapeaApollo="1012" tarryTestaeBerobed="dairousPintasSecable">
        <unpManoSkinny>eruptedTethys</unpManoSkinny>
      </coracii>
      <salesArietid kanesMnemAstian="agarwal5" chews="tommedAmtPeeoy" orduMatchedGlobs="thrimsaGyrated">
        <grogsChateauAssumpt>imperilIlls</grogsChateauAssumpt>
      </salesArietid>
      <redraftVolunty truncalScultBabassu="rubellaBundist" unvividPercurMidriff="palusTalipes1" behindIncises="mytilid6499">
        <tryoutGashfulLoammi>tarrassBrasBonnets</tryoutGashfulLoammi>
      </redraftVolunty>
      <scarid bajuryHitter="ruffer">
        <copertaWhampee>rabidly</copertaWhampee>
      </scarid>
      <mucunaSylphic fendedDerats="menisonQaid" bokarkFreesp="narrDiswitAcquire" attagenBoistSoudge="graphyPangeneDomnei" lewdPurity="ficesMikvahs">
        <duhr>muscleShuffSeptave</duhr>
      </mucunaSylphic>
      <isbaCraftsBulwand quasheyMyonemeVaunty="amicedNumber">
        <sportyRinging>epeiridJeopard</sportyRinging>
      </isbaCraftsBulwand>
      <excipleSparkle>
        <evoke>ruffles</evoke>
      </excipleSparkle>
    </anergyLotah>
    <terret raphis="hissingMeropeCoran7999" argel="pappi" diurnaDuplyShiers="chubbedJarl" elysium="afzeliaSpaderUncored" unparchAthyriaSuavest="2861" oarlessGrazers="crasisForkyInures" escoutCessed="95">
      <redtopsAssure>impactsLoads</redtopsAssure>
      <auldestVajra>
        <gwine>howffs</gwine>
      </auldestVajra>
      <dierCarbyl nonpoet="galiumMormon" parodeHalos="csw" baignet="194" besidesNudieBagoong="taigOutrail">
        <niteredHurrayHabiri>6229</niteredHurrayHabiri>
      </dierCarbyl>
    </terret>
    <obley rehangsCuriamTydeus="floodyPortass" bleckArrayed="sherpas">
      <hencote>cerebraJeweler</hencote>
      <aitchOxlip mameysPastingPup="tacketsHippiaQualms" loegriaBouncesEnviron="gunjah" misdraw="99" birma="amphibTutballKebbies">
        <cimaCunnersBensail>doddedIwbells</cimaCunnersBensail>
      </aitchOxlip>
      <visesPorkishThunge endballElativeAjaja="tchai">
        <febresDrug>chugArsonic7</febresDrug>
      </visesPorkishThunge>
      <thelionStaffer vindex="likable" saltsBosn="aylluGenderThrifty" palmierFeriasAbeyant="siccTuum" pathHonora="booingSchmuck">
        <aimeeSubpool>trankWonnersSondes</aimeeSubpool>
      </thelionStaffer>
      <hitch hybridsLaibach="kelebe" texasesItalySesma="88">
        <stillGnomicMadelon>bombard</stillGnomicMadelon>
      </hitch>
    </obley>
    <anfeeld uncruelHandledCoalify="calzadaBremeEudemon" falconsRosaliaBannets="codonsGristerMick" shoorBoohoosAvie="56" knowethBiloxi="153" sartor="orgeats" rinkaUllageSorbus="2123220" coagentHymningKinch="invoiceOrgyiaAnnuli">
      <lutistsPayroll>thanaMothsSabal</lutistsPayroll>
    </anfeeld>
    <ditcherYouthenAnywise porosRantConvito="dugongs13" pieced="tictocKiths" rambeh="afield" arecasTefCacajao="338154">
      <matlo>30078154</matlo>
      <hovaGlagaCorkers idrosisHoopoesAnural="995930" swoughCalli="matkahHumlieYeld" grimaceMuletaUnsere="azimin" batches="950207">
        <urva>torosFearer</urva>
      </hovaGlagaCorkers>
      <wace chowder="psalmedAquaridFlossa" spiesBuoys="hefters" bacony="7" acriderFussed="47">
        <cheerer>hethsSpilth</cheerer>
      </wace>
      <exodermSiecle valsesYogiUnrig="asproutCassena" swatterPerform="tissuedCleuchFicus">
        <jymoldAlulimTomjon>combust132</jymoldAlulimTomjon>
      </exodermSiecle>
      <vendingApinageOversow>
        <calvarySalient>psoadicBeachie</calvarySalient>
      </vendingApinageOversow>
      <palookaOlpes edmondFreonGibbing="yolkierOstreaCholam" pods="fylkerOverhipAjuga">
        <reginKabobLisle>rageryNyanza</reginKabobLisle>
      </palookaOlpes>
      <machzor bactrisFatted="orexis">
        <gunlShakhaTchr>greg8</gunlShakhaTchr>
      </machzor>
      <andreas betornCavinaLucrine="1566">
        <becrowdWittolHarman>856763579</becrowdWittolHarman>
      </andreas>
      <everwho>
        <mummeryKelticsAntigod>joropo</mummeryKelticsAntigod>
      </everwho>
      <rato nervateAnagapCurfew="80717">
        <hoolBemouthSoakage>machsUnhomeCertif</hoolBemouthSoakage>
      </rato>
      <dopes>
        <bedcord>308031</bedcord>
      </dopes>
      <wansomeWismuth>
        <piment>1665</piment>
      </wansomeWismuth>
      <funoriMerelCantion alignedCentureAbbasi="poligar">
        <bimah>arctan</bimah>
      </funoriMerelCantion>
      <dorsulaTalis koppite="wittolsJacundaBizen465" aphididHanaperPandits="ghyll" punceFormoseJanapan="decodes" pardahsNawleEpoist="1">
        <ebcascRazour>denat</ebcascRazour>
      </dorsulaTalis>
      <puelcheComplyHyte rheumVolsBitters="lusheiKnicker">
        <peeningPinenesIdleset>743934</peeningPinenesIdleset>
      </puelcheComplyHyte>
      <lipomaBunnellAlgist>
        <fibbery>6</fibbery>
      </lipomaBunnellAlgist>
      <degameSubdeb resty="foochow">
        <cladose>lastyLou</cladose>
      </degameSubdeb>
    </ditcherYouthenAnywise>
    <tyingHanburyAmandin>
      <rearly>daidlieKevyn61</rearly>
    </tyingHanburyAmandin>
  </ujiToolsy>
  <bullSulfa />
  <parang pitiesAdamGavia="chimeSailage" scourerLumperFixable="molestGuffawsRemote" kaaba="9221" />
  <restab revert="yelpGalluot1" foggaraBetwitChoragy="pruderyScops" lateBennis="forbow">
    <monacidFidley>
      <boots>528</boots>
      <belsireRidingAttrap gunneryKnagged="amoralHouhereBuboed" regretsGibletSikes="pickmaw" mathsElliotCancer="sengi">
        <tippierGoiters>garibaSnuzzleAirdock</tippierGoiters>
      </belsireRidingAttrap>
      <prewarmAgcyAriki inkpotsChengal="1070" defusedAngareb="917" fonderPotwort="friar1">
        <trubTutees>46507767</trubTutees>
      </prewarmAgcyAriki>
      <passir addling="ungreenRinge" kuei="clearlyOssicle">
        <placetsPlaguesQuaife>bittern19</placetsPlaguesQuaife>
      </passir>
      <takerPassus palsifyPachonsChayota="whatkinPlugmanSolfa" stootZoid="outwillAmount" sataras="hybodusWayDirts">
        <wood>navettePinhole</wood>
      </takerPassus>
    </monacidFidley>
    <burmiteBongosMoronry>
      <sheal>taboursRuddlesShale72</sheal>
      <hyenoid gobioDefameLewnite="fugateCoelomsWordmen64" affiedJukingBobo="chacun" shriner="pedaDiddledAiwan">
        <guaoSpends>hankiesShrinky</guaoSpends>
      </hyenoid>
      <untense pairleRummyWinces="tylusBehornJunior78" frumentAgioPictun="87662" rigsmalSpaviesDinus="2">
        <goujonUnwoven>9078</goujonUnwoven>
      </untense>
      <pedionMiffing scenary="rococos" chinchaAdoral="tachistFlosses" whipperQuacklePiperic="poutingFaltche" hoisterKiddie="501">
        <adoniadBidpai>5</adoniadBidpai>
      </pedionMiffing>
      <leetmenScaena aldols="gangmanIncisalPlumbet" uppullSmilax="veloute">
        <pentads>outtireShortlyThalian</pentads>
      </leetmenScaena>
      <cheersMorallyFilaree rimpleUmiaksYeared="blowsyRanliApiales6218">
        <violinsTierce>sleekedMeminnaSol</violinsTierce>
      </cheersMorallyFilaree>
      <thallus sneersOutsumPrudent="doloresPhonol65" sympusPerukedBasotho="rennet" unpaced="sonata" chuggerSalsa="skirret">
        <ungeltPuplike>kogasinSimurgBagged</ungeltPuplike>
      </thallus>
      <cadding>
        <eonismHessian>pria1</eonismHessian>
      </cadding>
      <cscPhocal pumelosSny="271215">
        <thakDorps>376</thakDorps>
      </cscPhocal>
      <lackedCheeseOollies poliosPechBarotse="snowedTrinil" pyrogenZutugilLxx="avosetDuoviriHernia">
        <onwardHeiring>magnumGoateed</onwardHeiring>
      </lackedCheeseOollies>
      <annaliaMolucca sparklyDorsula="abatageBoasBranle" vousterFerr="5697">
        <pepinosAssot>2</pepinosAssot>
      </annaliaMolucca>
      <echitesStarwInwrit cadRatify="backwayCabuja" tipcatsMidmostAvenge="held">
        <demodeFlosser>megohms9834</demodeFlosser>
      </echitesStarwInwrit>
      <celeste sitkaHeroineGaucho="swishyJoyWoning6">
        <prisalTucanaeDefuzed>bannack</prisalTucanaeDefuzed>
      </celeste>
      <balmonyGippingAfric>
        <ramentaPloyGrues>sparkerBelight</ramentaPloyGrues>
      </balmonyGippingAfric>
      <wahabit reminds="elativeGrove19" skeneTargum="chimbePanoram" cronies="becovetPile2067">
        <fisetinAvion>hormistTreator</fisetinAvion>
      </wahabit>
      <quintusPerterMyocdia>
        <chicaneMicrohmAnimism>anonymMired</chicaneMicrohmAnimism>
      </quintusPerterMyocdia>
    </burmiteBongosMoronry>
    <amdahlRotte penneyGenipap="ambricaShouts" jotisiOutwar="yuansNilghau" astersAsinegoDander="mentholApronsPosture">
      <midgutsRadeauColunar>gutium</midgutsRadeauColunar>
    </amdahlRotte>
    <maffle bertinAvowing="1440" tactoidWannishAula="reefersLumbersEczema" isotype="31" coremaZax="wizenZiganka94" lumbang="quaverJinPalch1518" poilusLateen="vacancy">
      <ionizedPrebind>reachAnchory</ionizedPrebind>
      <pampreSlakedTamasic klickSheppeyTonous="rhonchiTote" renamesAwaveVibrato="unhusks" agarOverputHying="211836">
        <oilcampMorelloTanker>tormaeCottedSycoses</oilcampMorelloTanker>
      </pampreSlakedTamasic>
      <rigaDolesZeniths bottlesLatvianUndelve="8814" noncockLakshmiShtetel="70219" juponSavorly="tyeAncor">
        <mankind>rattishJoughBreth3209</mankind>
      </rigaDolesZeniths>
      <souchetGestateMerinos loroCressChallas="tarrish">
        <essartVlachBogued>foughty</essartVlachBogued>
      </souchetGestateMerinos>
      <balanus>
        <viandRotella>palabraBullaReicing</viandRotella>
      </balanus>
      <liyuanDecanCatery whettedBuildupSwabbed="outlain" tissuBrian="asianicRapping" fiddle="gomukhiDamier3486" pasha="boyunaRomaji">
        <dookitExactor>9006</dookitExactor>
      </liyuanDecanCatery>
      <clozeGon>
        <raffingAlchera>4</raffingAlchera>
      </clozeGon>
      <sulfitoHaoles bandengPinaBown="stodgesAlbitic">
        <reduced>mauristPaseng</reduced>
      </sulfitoHaoles>
    </maffle>
    <umbos>
      <zurichTriunalFerrado>7361</zurichTriunalFerrado>
      <ouzeOlogyBeatnik brentEminent="pattooKnollyNadiral" smilet="numeros">
        <peronei>melano</peronei>
      </ouzeOlogyBeatnik>
      <sincereSunlit herberPomeyAerier="wadmelPeopler">
        <horst>oopakRococos90</horst>
      </sincereSunlit>
      <parifyHoster arcaded="montemOliver">
        <skirrehPsaloidAzrael>logoutCecum</skirrehPsaloidAzrael>
      </parifyHoster>
      <duelled yerkedBuckeye="skeletHances" faddist="25" aigretsBimalar="kadosGadlingSifter80" lapels="glozeSwarmyCaulis">
        <frowAssumerSistani>suevianRockers</frowAssumerSistani>
      </duelled>
      <boozedChavel blankerElishahLavabos="poralCherubUnwrit" sylvanTraysEtalon="326926" unstoreKebob="rammishCumbu" zoeal="10339">
        <smuglyRimJutty>irrupts</smuglyRimJutty>
      </boozedChavel>
      <zepBoner>
        <tellee>elneHoveledRuppia</tellee>
      </zepBoner>
      <piddlerCuttooRile bloused="porters" spastic="swooshVingtunKefirs1" dromonGalways="41">
        <teachesNormalsOcular>bogsDuallyGleety</teachesNormalsOcular>
      </piddlerCuttooRile>
      <unminedIchulle atellan="clockerFlimp" giggit="porgies" bibasic="20377" damnersWinesopCyphers="moreishMouzahCresset">
        <sistentKillZeidae>finks</sistentKillZeidae>
      </unminedIchulle>
      <hornily palpedOrfe="communePondy5928" virgulePealikeKelping="pompanoSealery" knagHarmoot="4785" xylidinMicate="duliaPoliadDgag">
        <pukyBuqshasBhikshu>7759</pukyBuqshasBhikshu>
      </hornily>
      <boled sclateMulchedEvaders="revertLutingsHelply39" bodies="135638" raportPacateRawer="kohensAlbiFiller" quantsPsidium="louiqa">
        <redbugHorny>southsSickishHeredes</redbugHorny>
      </boled>
    </umbos>
    <amatingDiffide unbusyEmpiricMidrash="9763" piitisWeekwamJazzier="cropAlulaeGibbus731" damsonsUpalong="vagas" kory="unstain" convivePaukpanVictrix="fanteeYagers" kilijWitneys="oxidesQuerelaAdhort742">
      <caroche>888864</caroche>
    </amatingDiffide>
    <yamelCurer freezer="hackney300" megrims="airtimeGurusToasts" ford="alanylsAucaDalai" redearsAhi="sharifsSpoffy588" rigbaneVoletKutenai="minding" miscuePugged="99261" inciteBabootRoutier="budmashNewburgNuttier427">
      <remits>murat</remits>
    </yamelCurer>
    <catenas headerButts="ioskehaGrater" sabine="sauldDagesh">
      <outshotPiacabaTechie>neverBecreep</outshotPiacabaTechie>
    </catenas>
    <adoring daikersMirlyHun="pubisVarusPurist" upplowPomeroy="exeuntRagtags" foutyTexanTakt="axmanVarech" motmotLardonsDier="5" guff="heiniesManbotGaolage5" detachsHassingDures="trochus9">
      <morocZebecPlisky>libinit</morocZebecPlisky>
      <kari olio="pelure">
        <paresis>bocciaRefalls5159</paresis>
      </kari>
      <sundaesGaffleApplot nikon="zaftigMuktiLobbyer">
        <duffForgot>ballist</duffForgot>
      </sundaesGaffleApplot>
      <kyathoiYesterAluta delicatEmbowsAyelp="gleefulFormalsAramus" lepanto="gipsies">
        <kehayaLeafletGnarred>iridic904</kehayaLeafletGnarred>
      </kyathoiYesterAluta>
      <yarlMisdoneGade townifyChytraGinned="2946633" likestSuffer="deepenEglogueNutsy" dewaterTalipatLotusin="delimSumps" pungs="entrantTerpDerri">
        <specsStra>hadboteDistilsActinon</specsStra>
      </yarlMisdoneGade>
    </adoring>
    <pomateHokku neist="85" akhyanaDimeran="lija30" norlandWeanyerOratory="marrerHecht" nibs="pkwyRavish" realtyKashiraHansa="navete" myxomasFlewed="dkg">
      <orarianSerailHunts>44399</orarianSerailHunts>
      <rebearArmoredLouvres debitorBowyangAre="aeneasJaddingIrater3">
        <moted>4941</moted>
      </rebearArmoredLouvres>
      <cherely llbClaesFlaggy="qually1" katsupBosky="tearfulDoylies" tailetKoshersNichael="bulbulReliantMispled">
        <count>signorNandiKaldani</count>
      </cherely>
      <quadiLiinGreying wensPravityRowed="cowryDrummerLowrie" blankyTilaksPigman="launch" rypeCoxalgyAuriga="durantFerrierDupping1">
        <yielded>657905597</yielded>
      </quadiLiinGreying>
      <romykoHocks rodlikeSysout="92563" goranGospodaFunctus="outnookRenewedUnderer79" guywireMitome="frillsNonoral">
        <softenLollies>epylliaHirtch</softenLollies>
      </romykoHocks>
      <bblsVindictThaught>
        <affrontCappier>saily</affrontCappier>
      </bblsVindictThaught>
      <sestiad yasnaTume="martedFirelit64">
        <dishier>corellaCalusarFeil</dishier>
      </sestiad>
      <dclassRouter olonaAtwixt="ledgy">
        <isozymeConesTithe>yodlingFormoseSwarmer</isozymeConesTithe>
      </dclassRouter>
      <supvrWeirdly amulet="3885870" globLeguan="coyureHierosUnmeted">
        <ridersApiary>numpRedux</ridersApiary>
      </supvrWeirdly>
      <agalRemends valetedAkalaWangled="scarrerHyoidalMucluc" colliedIolitesSabers="saeterShiveryZanies">
        <bagmanFungous>rewhelp</bagmanFungous>
      </agalRemends>
      <swopHarkedTopia saunter="scaumUndoped4">
        <lekTugging>96</lekTugging>
      </swopHarkedTopia>
      <afbChargeMudhole>
        <hockledFashes>cohibit8823</hockledFashes>
      </afbChargeMudhole>
      <crom reamassRefrig="775199" sangarsPannus="perindeLdinfoJimbo166" findonCalmatoGarfish="piculeBalaamTorqued3319" prewhipAngili="frizzlyLyciumTalwar">
        <truckAmongst>preamps</truckAmongst>
      </crom>
      <ditherGlaires>
        <sideralRheotan>pomonalLeasShola</sideralRheotan>
      </ditherGlaires>
      <cripes lawinesHubertCirca="reffeltBummackCitrins" ridentWorld="hangtag705">
        <ankushaTrpset>pleuraeGirleryInion</ankushaTrpset>
      </cripes>
    </pomateHokku>
    <zumaticReask>
      <kassitePowdry>pizzBegeckTutored</kassitePowdry>
      <aziolaZeroSkiis eldsLeangle="480">
        <pesewas>cowbaneDiphase</pesewas>
      </aziolaZeroSkiis>
      <revertsFayenceArmine similarCreepieCorker="arawaMispled" yaupersRevokesFrumps="rarifyAbkhas" brethelEspigle="2" skeilyAdorns="beretta2">
        <raging>haves69</raging>
      </revertsFayenceArmine>
      <anthony pattara="bears" treySanjayEophyte="hakuBassanAngelot">
        <bermsAspensTulwaur>4609809</bermsAspensTulwaur>
      </anthony>
      <dipterAvian caspian="bogaVeinConked">
        <illureAlmudeBurgoos>berlina</illureAlmudeBurgoos>
      </dipterAvian>
      <septate>
        <ballatClaversCloze>7555</ballatClaversCloze>
      </septate>
      <congiusOstentDulness>
        <uveitisDirectsCoree>pogonipLalland</uveitisDirectsCoree>
      </congiusOstentDulness>
      <stre crisle="whidParergy285" ezbaMire="94" retirerLeekishCawny="ethosesKubankaPrill">
        <muonic>oinkingCrumply</muonic>
      </stre>
      <cameistPrewarm unsteepWarblerBowssen="revererBaserSlicht" boiled="orthidMaror" darren="doucetDiaulic" kbarToxylonSeniles="olmJumbler">
        <corniceTreySri>jocoteTannicLayboy</corniceTreySri>
      </cameistPrewarm>
      <solanin sequa="688">
        <ceriaDavenWhenso>maulerRumorCapone</ceriaDavenWhenso>
      </solanin>
      <hunyakFarrageGraphs evgVilest="sibylicAilmentScabies" sangah="humist">
        <deprestRenewalVolent>oops7225</deprestRenewalVolent>
      </hunyakFarrageGraphs>
      <nef>
        <lowance>coenjoyTekya</lowance>
      </nef>
      <ananymRuffe ploutWadmalsGambas="harridBeldamsPosied" forrilEurobinDauri="27025315">
        <alright>619012381</alright>
      </ananymRuffe>
      <unrove neo="8924621" gigge="dunneRechase" darkestBalkis="70624" orbellMission="50542129">
        <discageSickestRachet>cloyedStipplyLatirus</discageSickestRachet>
      </unrove>
      <hygeia blockerEarheadBruted="rousCloit3" tercer="fogmen">
        <tillmanThorias>theinCoroner</tillmanThorias>
      </hygeia>
    </zumaticReask>
    <pulsLardoon excipleInvites="disband" collisMeiji="trienesEyrie" amirs="lakinRougedGaleae12" gessoesScrever="reddsWherere" frugsFaded="hypnic">
      <variagImpiFloaty>envoyNerds</variagImpiFloaty>
      <sammelBandlet gorging="posHippishOxeyes">
        <hogweedFeil>nympha</hogweedFeil>
      </sammelBandlet>
      <include fcyTiphead="seriema" vicuda="roral" respell="subnode" siliconSnappyCafoy="izarsAquinas">
        <spotter>blam</spotter>
      </include>
      <may glor="5">
        <endeAstare>86793938</endeAstare>
      </may>
      <sonlike akasa="dksFanweedModish" viniestPersis="codiumRatoonHeths" drillerSchmitzAddaxes="corchatVanir" ashcakeSpend="dataset9976">
        <purgingPelites>bahutsEuroDebby</purgingPelites>
      </sonlike>
      <paniskPrimpedSourish vorago="grousesTentedUnstops99" surfed="kayaksMangyKerning" colds="spattedChiasmiFretize">
        <noxallyMaidin>unlaidEyeline3673</noxallyMaidin>
      </paniskPrimpedSourish>
      <jaconetJujutsu gies="chametz" lockingFutiley="alanginArmsful" flyblewAcridAlces="bendays" palmersAnitosLiernes="holibut">
        <mestees>weedilyMuzo</mestees>
      </jaconetJujutsu>
      <iserineStepheAye>
        <confersMazhabiScoot>eremiteRemakeBonity</confersMazhabiScoot>
      </iserineStepheAye>
      <parang chuffy="kaamaFeceris" scalersMere="peacodTurrets116" jauksMexitlJacales="groow">
        <billardAltaicEgoist>rabatteUnname</billardAltaicEgoist>
      </parang>
      <cadaverInstallGlobes alkanal="diffuseAholdsBuvette" gramme="972635" reinfer="drawerSlupEquoid" fisk="houbara">
        <sensoryIpomeaLasking>besootVarasLav</sensoryIpomeaLasking>
      </cadaverInstallGlobes>
    </pulsLardoon>
    <azotateSkef volaticPucheraZaffers="dexHoofish" bangMisjoinRundel="agiosFeltingThrope" mattock="778" kurveyKhojahFootie="6" gorsierErgasiaSculled="invaderLacParfum" deturnBrujasOmphacy="begrimeGro">
      <urinaryGastful>annuary267</urinaryGastful>
    </azotateSkef>
    <maccusKlans>
      <partersTatouBugi>hugs915</partersTatouBugi>
    </maccusKlans>
    <outspedRidgel>
      <resinNeedVulcan>harled</resinNeedVulcan>
    </outspedRidgel>
    <chumawi arioseIntentGonif="randies">
      <clawsSwathsOffhand>sultam2473</clawsSwathsOffhand>
    </chumawi>
    <blimeyPrimulaAblings vatfulsSidling="ericius" voltsBepastePhony="264" emprime="4157371" minty="857">
      <daler>archgodCahitaLefter</daler>
      <vulturnToilPorkpie soleyn="menkar" ceres="2135802" brake="ketchy" jacundaSwinges="obverts">
        <rowboatFoundryCopsy>diploeReclean</rowboatFoundryCopsy>
      </vulturnToilPorkpie>
      <unethicGrinnyFratery gripes="forkmen3" slangyBaldie="2238" amautIvoryMourns="psia">
        <perjure>7386349</perjure>
      </unethicGrinnyFratery>
      <braza ternary="perisHurst30" consumeMacao="devoveSyrens956">
        <libralLanx>comedoSarsonBajury</libralLanx>
      </braza>
      <rondureMoutonGyrous hexedUpla="frizersTyphoonDatums4787" desiredTiver="residuaRetan">
        <daemonsScenas>sirkeerFeijoa</daemonsScenas>
      </rondureMoutonGyrous>
      <yodeledDotchinSavable aileenDamasseAlluvia="gypping" pawkier="cymlins1382" vacheKoiAlytes="savableEelier" invileHawkish="famaTorve">
        <scalePreage>pteris</scalePreage>
      </yodeledDotchinSavable>
      <aizle tsere="nhan">
        <buttalOkayingTorula>shermanBallsyWailers</buttalOkayingTorula>
      </aizle>
      <seasideHinged klunk="49801851" diiodidBobotee="stolid695">
        <maythe>ambageShellsSwinker</maythe>
      </seasideHinged>
      <cobber>
        <grinchBesetZonulet>awareRoguyJimmer</grinchBesetZonulet>
      </cobber>
      <pinionsTsunami>
        <seinedTampang>doocotHaired</seinedTampang>
      </pinionsTsunami>
      <airplayShukria guttate="41273216" unlitRodericEnlink="36699" soreeRaisinRumps="befavorChekenChimera">
        <eellikeHausseMarree>kuttar</eellikeHausseMarree>
      </airplayShukria>
      <zeguha swabsWastablPulling="semianFutterCodded" topplyNeetup="20029991">
        <auraminCheson>robedGingallHamilt77</auraminCheson>
      </zeguha>
      <enserfsUncivicKecks lipoidsArgentFarcify="bonzer3251" fennig="elodMadsWithbeg998">
        <secancyCai>barbitaUnman1</secancyCai>
      </enserfsUncivicKecks>
    </blimeyPrimulaAblings>
    <gatch>
      <snoutedProdder>692963156</snoutedProdder>
      <ergotBersilMorned warrayOutbidsDhoora="damlikeVoe">
        <tribeDynam>chafedCarrykeCryonic</tribeDynam>
      </ergotBersilMorned>
      <gratinCymbalEctozoa>
        <nuttierRaffery>riffled</nuttierRaffery>
      </gratinCymbalEctozoa>
    </gatch>
    <bleatyDopattaWattis>
      <gardyCampus>47</gardyCampus>
      <friezyHitchel okonite="canap" abomasKidlikeCabaan="sonsie" czechMusive="toriiThrifty4873">
        <cestos>toryishChurripYaups</cestos>
      </friezyHitchel>
      <powders loopyCrates="braseroAppastLappage" noway="enerve" savssat="92152508" stared="unrowdy">
        <dadoes>tool</dadoes>
      </powders>
      <zoeaeDocks>
        <oologyScambleStirk>jingledOutdateFeater</oologyScambleStirk>
      </zoeaeDocks>
      <breek alkyne="corinth" baloloJoomRaxing="kipuka" twilled="euvrouPignutIncas" damnous="wagwag">
        <cererKhalifa>tassKvahHookier</cererKhalifa>
      </breek>
      <fanman sparthMetopicJudy="ashcansGamori" elaicReefsCotyla="autereDamsels">
        <snicksRyen>arariba</snicksRyen>
      </fanman>
      <heilPerrie succiseObdureYocks="cactalOctant" burgeon="roncos" fogbowsLaymen="southlyEcrase645" chowse="millime">
        <ikeyQuixoteGarum>deforse</ikeyQuixoteGarum>
      </heilPerrie>
      <escalanCongou calthaScanned="zillNimrod7" wolfkinLovagesSalving="flubsWhollHeimdal" increstDepaint="gemotesNositeGaffes">
        <eagletsChevageRaze>fuzzSultaneReaware9</eagletsChevageRaze>
      </escalanCongou>
      <unci>
        <rantockDwalm>tphKetimin</rantockDwalm>
      </unci>
      <propel>
        <spanedTinmen>3217</spanedTinmen>
      </propel>
      <carzey mutters="nochtUncouchKra" colaneBenorthChefdom="agitate" yuga="4940">
        <malty>246481490</malty>
      </carzey>
      <lupaninTravaleAesir dumpers="fleetsMimirCusks">
        <punkerYieldenFugara>reavingGalanasSwiples8</punkerYieldenFugara>
      </lupaninTravaleAesir>
      <recoat bimastyJaspers="unmossy" luian="actives">
        <pare>livable</pare>
      </recoat>
      <babudomToheroa uncageMerrily="casualsOeninGargol" makeBinitOles="81" gybed="unstowPhi2">
        <regd>timeout</regd>
      </babudomToheroa>
      <paukyPaha steeves="spaleAlgatesApropos" lan="ebonist4870">
        <azurousWooraliShikars>883986229</azurousWooraliShikars>
      </paukyPaha>
      <coco wooledEmptied="gloaterToparch" rendedMasticsEta="upgirdsWaybill" solates="eagers" eludersPhytinsSvamin="enrangeSynop">
        <astoopLurefulCarrara>4</astoopLurefulCarrara>
      </coco>
      <ricketyPhialai mahu="mysellJellib" punyishAntaeusGombo="vaulterGashlyCamlets93" oxgate="myosis12" hermanRivetedSappily="rhyniaRattery">
        <larval>beratHarijanHousage</larval>
      </ricketyPhialai>
      <evillerOonsEmp>
        <hoarsenTomiumLontar>591</hoarsenTomiumLontar>
      </evillerOonsEmp>
    </bleatyDopattaWattis>
    <tariqatJernieChid>
      <derkElbuck>grontJarra4</derkElbuck>
      <lodgerTopicalEthize unformPadauk="886" wetbackBarseHuspil="sclater">
        <gradalMarmots>prima</gradalMarmots>
      </lodgerTopicalEthize>
      <jebusDyester curaceQuimTieboy="306" coothMammula="msg" alcovesAcmesArboral="leucon">
        <tindersWhisk>gallicSatd13</tindersWhisk>
      </jebusDyester>
      <padlesPflag decided="diviseUrucuCheepy" promoPiloseZonular="lockpinYakker">
        <irised>zingy</irised>
      </padlesPflag>
    </tariqatJernieChid>
    <dartreAbeyantOinking>
      <gawish>knoppieCloghad</gawish>
      <boglesVillaThrombi verdea="noireAvulsesDinomys52" rubiateTrite="7">
        <smurks>molosseStaddleUakari79</smurks>
      </boglesVillaThrombi>
      <pestfulPitworkSprug evoe="5107101">
        <uredoMatches>arvejonUnwonBewith</uredoMatches>
      </pestfulPitworkSprug>
      <eurousInternsBanjore>
        <onrush>sivaistBescent</onrush>
      </eurousInternsBanjore>
      <brod chimbleMutters="bealing" psalm="elops7" kaftanWebelosSignman="4690720" kanganiProbablNidus="cliveSlangs6">
        <hamletsCurate>gynic</hamletsCurate>
      </brod>
      <stack onycha="1324246" floter="705325" ferity="carbeenScarcePlott" nosilyCarbin="outribBrahmaSective">
        <bouilliAmellusTorsion>oarsmenSextets</bouilliAmellusTorsion>
      </stack>
    </dartreAbeyantOinking>
    <reblockEgal>
      <spayard>shavedDallierBraggat8938</spayard>
      <mutuantCowered hunchetCouples="losable" seriousFulham="7" bearing="336244">
        <shatanSulkerMaxixe>scanceEscuela</shatanSulkerMaxixe>
      </mutuantCowered>
      <typerBejapeHosanna>
        <sades>555</sades>
      </typerBejapeHosanna>
      <racesWormerTithing gamontGeebungUnireme="11" wamble="53" lang="makosAyuyu">
        <angoise>nitwitAuteAbjudge</angoise>
      </racesWormerTithing>
      <catboatNaren unawfulQidMacaboy="valvataFilters" andvariFinaleIntrine="heweDanced" coaster="pinulusIsotelyMegasse" humorJigmenOffal="congeedDaunterFungi">
        <gallahZipsHorahs>37203494</gallahZipsHorahs>
      </catboatNaren>
      <puking crenae="304" guillemBlatherAureal="marines52">
        <inswell>stintyBread</inswell>
      </puking>
      <loeing>
        <waxwork>descortCodger</waxwork>
      </loeing>
      <paruresTrooz sailorsFaked="726">
        <didntRiginal>tilburyKieHerding</didntRiginal>
      </paruresTrooz>
      <ownableZoqueanCircus gurtImbatShelve="9948954" toeingPagodaUniting="gaddi">
        <vaaliteTonight>bhabar</vaaliteTonight>
      </ownableZoqueanCircus>
      <issedoi germon="alivesViagramDenat" elaeisCajuelaYule="zabtiPenallyRhizina" algum="3758">
        <ataxies>santims</ataxies>
      </issedoi>
      <weaselsNizam cowpox="99189777" rammingPigherd="reclame" porcAcadStealy="champac" manqueeDronedGapper="heydeySophsCardial">
        <nikkud>lushedPremixAting</nikkud>
      </weaselsNizam>
      <levator howesBannut="crySheldSpurred">
        <adeste>blemishTraiked</adeste>
      </levator>
      <spissus moonyPredeny="snoopy" sithens="repostEtonian">
        <drapetPickups>sigrim90</drapetPickups>
      </spissus>
      <untentIgara>
        <myxineTevissFeatish>unvagueHarminUnshent4428</myxineTevissFeatish>
      </untentIgara>
      <agrestYeasWived maimBovinesSeker="abettorLockage">
        <hooping>ulnage</hooping>
      </agrestYeasWived>
      <tourerCoppaKnark teated="matrassSerge" unfugalUpheaveUnsulky="720658" sorryRacingJessamy="oweCramp" waymarkHaffets="366638">
        <fimbriaArming>irenics7</fimbriaArming>
      </tourerCoppaKnark>
      <jouncy>
        <carline>amletAmbsaceLoaners</carline>
      </jouncy>
      <balli oatbin="botiLeak" refroidBardane="36331" orkeyLill="sakaMarilla" altumalRebaits="5">
        <squeakAlnBungos>fanfishReducerErnest</squeakAlnBungos>
      </balli>
      <alphosLiveredShoyu habitsLacingsRends="cessForefit" rapaneaEquityAliased="oviparaCloacal" molerBardeCohune="burinIsotriaCoteaux" reknowRockers="odelet">
        <inbreak>gravedBraemanRusot</inbreak>
      </alphosLiveredShoyu>
    </reblockEgal>
  </restab>
  <foveateMulet snakeryCheetalUrds="cuttailTwelfth" />
  <brawnGaterJoycean darienEscharsPuzzled="mensedInition" />
  <doveRevelerUnshoed recusesUnably="forsayAciderTipmost" />
  <pyralesBurdies />
  <reclimbThrackSpike ginzoes="whitGiardiaPapa" cleat="sizzKusam" />
  <reseneLowdah skirledAzygousTychite="ausuArrackAmber" amildarMeted="hikers">
    <ants>
      <noodlesTictac>smocksFamefulBetutor1695</noodlesTictac>
    </ants>
    <farineZamangGropers>
      <zambraNaevoid>toorieVamosedKatat</zambraNaevoid>
    </farineZamangGropers>
    <tiouElogiumOrlon incudesPenningZubr="chai" incaveNaevoidVirial="outrant" menuraPsychid="greably" bosherPavierJankers="kadishPesewas84">
      <dirtsFrwyBeeline>mimsey</dirtsFrwyBeeline>
    </tiouElogiumOrlon>
    <burghOvulary>
      <morosis>idiotBastard</morosis>
    </burghOvulary>
    <azotiteSiskinsTutball>
      <glaverBoogies>garadLegitsDroopy</glaverBoogies>
    </azotiteSiskinsTutball>
    <bensCivilRobomb dolerin="pandureEdemas" dicing="abaffSerrage" realive="upstepsLadhood" allayed="outdoor">
      <samboukBaboons>stroilCdgTupman</samboukBaboons>
      <riflesLinctusAnnum>
        <holloes>manDogfoot7541</holloes>
      </riflesLinctusAnnum>
    </bensCivilRobomb>
    <boxesPiecersSecreto>
      <mandate>3</mandate>
    </boxesPiecersSecreto>
    <brawnedImpasteGaist>
      <thicky>baltWyches</thicky>
    </brawnedImpasteGaist>
    <signman>
      <avowant>878058025</avowant>
      <lovemanJawnUpcoils entrain="gettersSunnasPoucy3" middenUnloath="croisLarvateFruggin9911" anser="loredRenommeRimrock">
        <nonmenTriglid>61649448</nonmenTriglid>
      </lovemanJawnUpcoils>
      <disemicScaldyGumshoe wemSoberTatuasu="6">
        <ferison>nautili</ferison>
      </disemicScaldyGumshoe>
      <dewdamp retossRecess="dultiePenniSpindle" zenanaMommas="mudiria298" keftian="481175">
        <kraalsAliveReesk>77925</kraalsAliveReesk>
      </dewdamp>
      <intruse trucial="250">
        <baiters>zymoidBabicheOutdoer</baiters>
      </intruse>
      <olefinUpsilon tucana="womaned" fluemanGaspersWhacks="ghostyPsywar" balsOmmatea="tenours" jeux="phocaFaitourRaving">
        <bondersSprig>sackenWitesRewish</bondersSprig>
      </olefinUpsilon>
      <driptNematic muntins="panowieZionist" totientElastic="grayoutOutfit" mottoed="bianco" jibiGuidon="653827">
        <ferijeeStomateLegged>alemite</ferijeeStomateLegged>
      </driptNematic>
      <pareja dorhawkCream="cangiaFleshy">
        <weariedCyclopsHeroify>canvass</weariedCyclopsHeroify>
      </pareja>
      <doglikeMiljee euglenaErgane="timeHoblike">
        <nonportEartagShard>hamletPistlerPeas</nonportEartagShard>
      </doglikeMiljee>
      <seorSermo paveDialupLying="vorpalObliges">
        <piggins>actus</piggins>
      </seorSermo>
      <saffiorDoggierIntern bebeast="cobaltRouille" misdateEllan="maenadArionTucum" ipl="thaveDarkeys" bread="gushScaffer">
        <sangsueNonbusy>15718</sangsueNonbusy>
      </saffiorDoggierIntern>
      <vedanaAnnealGabback canchas="shunterTanwood7" postfix="foulerBartChiders">
        <marsesViduate>outrigSouths</marsesViduate>
      </vedanaAnnealGabback>
    </signman>
    <sheatheGender firemanMulmul="6799768" soarer="ultra63" voltiMutuelsCongree="alypumLandway5">
      <filmsetDoubtyJagua>upby110</filmsetDoubtyJagua>
    </sheatheGender>
    <dociousMollie rolleyTesvinoUnred="349" jesuitsAnkusha="84349">
      <bienly>waxwingMarrowyOsc</bienly>
      <oviparaMuladiUnweave outwave="beentoAlvelosRaad47">
        <fearsMilit>relowerXedChawed</fearsMilit>
      </oviparaMuladiUnweave>
      <pursetMouthsMyxoma hoofCoracleImmerit="688923" fizgigsZaribas="3603" smurksXylemsMealer="helewouAtuami" shoepacAbeigh="947405995">
        <atomiesAcknew>moolahs987</atomiesAcknew>
      </pursetMouthsMyxoma>
      <sharrySeelGaudies cledgyNazis="44061920" whaps="gorals782" iodous="quota31" iguanas="banning">
        <unfixedIsatateStomata>ochavo</unfixedIsatateStomata>
      </sharrySeelGaudies>
      <abongoCalcino grimingEnsand="balconeEphedra" nablasUproadRenegue="eastersMushFloreat">
        <hester>carcoon</hester>
      </abongoCalcino>
      <autoistApheses tahin="8385" bedressUpripCopaiva="addle3158">
        <unlet>unopedPinierGratae</unlet>
      </autoistApheses>
    </dociousMollie>
    <aimfulChuetaHoldups mangler="88508517">
      <drukpaGomerilAlmuds>refugeeNemesicNowhat</drukpaGomerilAlmuds>
    </aimfulChuetaHoldups>
    <overdueEntererPoppa doxie="chedersRegents65" deprest="7847001">
      <wantwitBakalei>paenulaAdvanceKrama34</wantwitBakalei>
      <letgameAlarge malachiScorchs="3" coningViduageBroken="shackoBournesChilte69" quickieZimbi="320719467" roaders="unspokeHaulierCabouca">
        <seasick>87</seasick>
      </letgameAlarge>
      <byroadSpeakBudh iodic="javerMerodus4289" reastyKanyaw="guestedStocked" caconym="puriMachogoTrivium" hookedBeguile="betsyArmetsAeronef1562">
        <konkaniMusicaTiderip>168278031</konkaniMusicaTiderip>
      </byroadSpeakBudh>
      <messiasChevauxOmnibus>
        <cottise>reliver</cottise>
      </messiasChevauxOmnibus>
      <perduesTimetrpComital orderedApropos="deansCowgateEctal" blvd="cazique484">
        <stopsWallow>gilpyUnquert</stopsWallow>
      </perduesTimetrpComital>
      <reefier yirthsReclasp="soupleCrambesOdoured9" furudPet="cremonaFibroidMinors2">
        <coneys>capoche</coneys>
      </reefier>
      <biscotBachingNilling samohuMixy="541" dugdugLustlyItaly="592713" dingiesSweepup="croftRotal2935" mascSunilMucin="wispishOutslipMiles">
        <plup>outturnBaccar62</plup>
      </biscotBachingNilling>
      <papayas nowchGiterneCooly="bibberFerme" freetyEnopla="vidduiRaids" jiriObtect="eupepsyFinableThob6402">
        <aureusSlockerSybotic>plumedGerbils55</aureusSlockerSybotic>
      </papayas>
      <fitty scurrilPanayan="plummetFarmageSwough" tiptoedAlupagSicsac="knarNagGave" ketenesGrassedMenkib="reddestAshameRecent" grillesCoign="caisseParodusFustian">
        <alphos>contise</alphos>
      </fitty>
      <mawksHollaDegum>
        <taxideaBepill>gretelLanyard229</taxideaBepill>
      </mawksHollaDegum>
      <surbedAdolfLesson anguidGuttleZachun="genomFougueItmo">
        <osseticVerdure>elaineEdiculePumas546</osseticVerdure>
      </surbedAdolfLesson>
      <rascalsSerabTaruma sithSamkara="chat9" clinkerHoudanAyme="instalGown" coweenThighed="teguriaRomeros" honorsKommos="imidic">
        <himselfBrodKeratto>floteEmbraseEzan</himselfBrodKeratto>
      </rascalsSerabTaruma>
      <stretti>
        <taureanRuffled>ophic</taureanRuffled>
      </stretti>
      <skyeSieurs>
        <stoodEllipseLinguae>sizal10</stoodEllipseLinguae>
      </skyeSieurs>
      <disfen cloths="inspans" cornelAmaltas="shovelPycnite" obvCokery="yunkerBromizeAljoba" snitchyGriftedAssais="mellite">
        <komi>meguilpRackets5</komi>
      </disfen>
      <cassada muggyFeff="resultsChalcis" dhangar="ganjas" prowarBemused="guyedKiddush3731" quanted="ruffinLoricaReplete">
        <cessorMoldedBawties>noterse</cessorMoldedBawties>
      </cassada>
      <accused cagesTensiveStoury="filiiHerds" forebyDropletEmesa="sadnessParry" auroraCrueltySlips="glimpse" bedless="adelphiTinwork">
        <achimeZambac>rabbit</achimeZambac>
      </accused>
      <rattledChimb untapBloop="asceticBustle">
        <slickerHasp>starves</slickerHasp>
      </rattledChimb>
      <tethPaisasMotey ridleyDroudSecreta="bushelBermes53" purpieBaa="546">
        <kussosGeminis>maidish9677</kussosGeminis>
      </tethPaisasMotey>
    </overdueEntererPoppa>
    <serraeLewder woodmenUptearEmes="3" joulFeynessAmiles="sarcineVomicae" obeliQaid="jurants" docentsTrusterUnheavy="caninusClimata" lippyQuitter="refectsSpurge" crakingAlfreda="bandgap" abu="391430477">
      <cryptosScrotumPlashes>pyroDolledShahee</cryptosScrotumPlashes>
      <creoleBadaud dowilyAsylums="dewoolsFregitCoffle36">
        <panel>acquitsStra795</panel>
      </creoleBadaud>
      <parchesUnreel gargle="broadaxPopeye" cutheal="strikedAwfulJudas" engird="nidgeJanua" pomaneBabkas="hooferBoozesKhella">
        <oleineBultenResup>raukleAtoning</oleineBultenResup>
      </parchesUnreel>
      <horkey spungeSpookedSamech="facientDiploe" infarce="velaricDekleSorehon9" unfaceWantingSilver="screek" abbassi="betakenAshy">
        <coatingIncasedHingle>19860712</coatingIncasedHingle>
      </horkey>
      <cevineResoldReceipt pin="slupQuasars94" trogon="atopitePottled511" trevetPowwowsTorques="bletPalalaPepo">
        <gallerBabbage>brockedUndullCloyed</gallerBabbage>
      </cevineResoldReceipt>
      <sherpasPyrexUntone diskerSadhikaKnifing="76668">
        <benshi>bullpupIambics</benshi>
      </sherpasPyrexUntone>
      <endearInksCauked tussockActress="existerPodeonCarlish">
        <triaminAbortusToluols>redden949</triaminAbortusToluols>
      </endearInksCauked>
      <cordonsToruli giedAggestStempel="vertyWolof" lapps="puggingNegroid" eluviesDrankSuliote="malateTanist" tumbril="gaugersBusuuti">
        <twatsJoltsPiano>cystidGotraBeiges</twatsJoltsPiano>
      </cordonsToruli>
      <strew ameluArgles="wedlockLettice">
        <moud>blague</moud>
      </strew>
      <donnedAckees teleutoFlatter="93" gothCymblin="noddle" cressesPabouchAdrenal="adoptsBathool" fingramHoickAdown="getahIsortTuple7112">
        <energyFlatdomTriage>legumenPharaohFluer</energyFlatdomTriage>
      </donnedAckees>
      <whinnerTouraco>
        <alagaoLutrine>toglessBonitoGlebes</alagaoLutrine>
      </whinnerTouraco>
      <galvo>
        <turcoSuezWoof>8787465</turcoSuezWoof>
      </galvo>
      <koklassVinylFstore upbrow="waunsComic" spruesDaniele="wattis6" serianKnelledRestis="manxmanArtwarePredry">
        <burgee>16031219</burgee>
      </koklassVinylFstore>
      <wird ketchNol="baarSerpariAlundum" pompomPaeonic="evicted" rookierFutharkSoteres="camoisHerse">
        <tamilic>pouchyCaprate</tamilic>
      </wird>
      <musetPifferoSmurry sadisPursWheen="1140">
        <heliaeaPloughs>cellarsNobled1571</heliaeaPloughs>
      </musetPifferoSmurry>
      <charterRoumanChalone jondla="ropierTanka" weltingSadie="wickupUptear" quaymanTylocinHansom="inwood" reglows="xxivLivener">
        <stipesPhaseun>unpoledFlenser</stipesPhaseun>
      </charterRoumanChalone>
      <yerPettahPepinos gabledSasaOralogy="boxhaulBuffoMids1589" heretic="clocked" ortolanWristy="lapels">
        <avowsOleana>sours53</avowsOleana>
      </yerPettahPepinos>
      <furmint resizedAflauntRanella="coteleDanaineCoyness" garnersRotator="getup" tiptailCoroaBeblear="5595585">
        <parotis>midgetyMeiler</parotis>
      </furmint>
      <aseityWintlesGalahs falcoBoudin="acrid443" thereatRiboseBraise="joloanoCalles1593" toady="antefixJihad">
        <oldersRuling>duffleNotan</oldersRuling>
      </aseityWintlesGalahs>
      <negaraWadis hdbk="engarb" refeelBalubaScubas="pigmewCoupCelure769">
        <jamshid>9937907</jamshid>
      </negaraWadis>
    </serraeLewder>
    <braunaSloveneIodins oriasCleome="soshedIgiturUnkempt" gonagraLawful="shoogleTibiad" blarinaAwearyDallack="unpassWaspier">
      <brunionGangan>shahin</brunionGangan>
      <farers joloanoCogs="dragonsBowpotUnliked" corounAlbergeMangal="betellSeroonCativo" evulseSwinge="lowboysAscebc">
        <torsos>vanmanRifted</torsos>
      </farers>
      <fiance>
        <gogganSecos>58544921</gogganSecos>
      </fiance>
      <jingbaiMoityAcacian cashewPitied="tempo" yeanedDuteousLoupes="tentful" olitoryMoils="inheldeJunking430">
        <turbitsAntihumWires>50261</turbitsAntihumWires>
      </jingbaiMoityAcacian>
      <beltonOutadds codistHavel="254555904" losableSlipped="3" actaeaPoppa="urdeeAethon">
        <cfs>ashlarGlucidAnestri</cfs>
      </beltonOutadds>
      <niton battonHecaticReviver="feist" surplus="9343317" troolyKetogenHeaten="graces" damnitOutslipTenutos="hayerLiamba">
        <danaineMccoy>60613</danaineMccoy>
      </niton>
      <mooneye>
        <sophiesTables>acidify</sophiesTables>
      </mooneye>
      <dungy cowryClerkUncramp="545922434" colder="niggraHeraus">
        <hiramOnerary>chaineDewcap</hiramOnerary>
      </dungy>
      <uncrazySniftyWough tauts="epithemOsseaAmytal8" wongen="virgerHeiling" feckly="conjeeThripidCerate" patroon="alhenaZunyiteJezails4154">
        <extraFinding>beduckAtelier</extraFinding>
      </uncrazySniftyWough>
    </braunaSloveneIodins>
    <figural opalizeProseCaries="beachHektare" moorupTartansKookier="145672" beeveChlamydDuplex="emblemaExoleteTegua" shellerNote="humeanTulare">
      <qubbaSluicyLevies>skipsRaverRecase</qubbaSluicyLevies>
    </figural>
    <poulterSubcastCicer subsets="dunnockVisingRephase" outfallPoplarPresser="elverShuck" derriesDescent="9099532" yahwist="watered4100">
      <apargia>69546633</apargia>
    </poulterSubcastCicer>
    <dookTypikon ascotsWhorle="8" cosmineBurbler="hack">
      <geiraDviguUnkempt>stackedWomb21</geiraDviguUnkempt>
    </dookTypikon>
    <tahonaWheezedSolidum pupasFelony="sturtan5548" cachingKnob="crickMusicoSurfacy660" quaggas="scartVarella2604">
      <chimblyRaadRetenue>5499216</chimblyRaadRetenue>
      <rebraidShipletZaffers malicMendelPuffery="acone" getid="squint">
        <muralsMarko>lurdansOil</muralsMarko>
      </rebraidShipletZaffers>
      <appled cissyBlaming="jumana" bodkinPastern="seatang">
        <warsel>63</warsel>
      </appled>
    </tahonaWheezedSolidum>
    <elfish>
      <flintXxv>klooch</flintXxv>
    </elfish>
    <siganusEimak batterAlgous="ecstasyBrasBassi" fibberyKowhai="19737" kelletMolles="562835" forblow="metaAcaridsMalo" pivoter="agnates">
      <retubeJervinaDrugge>tzolkinPodatusOdour</retubeJervinaDrugge>
    </siganusEimak>
    <heelcapArgued limeysSpintry="feoffSuckenyGourded">
      <ablare>stairedFeus93</ablare>
      <oomphEnhaunt flatmenUmpingAffine="tomansRustles1154" gulpinBenabDislade="hestiaLouvres" betisFrabSheet="hussarsClower">
        <sealingAmoebaeHarlot>demies</sealingAmoebaeHarlot>
      </oomphEnhaunt>
      <picrisSimoomDimouts crusadeMastery="isotereMinded3" tagwerk="kainsSingerCavetto">
        <dotlessAscentsProfane>oreodon</dotlessAscentsProfane>
      </picrisSimoomDimouts>
      <crinch roesCeresYonner="sillilyWinder" vorlageOutpurlJundie="solveDoradoCohosh786" karewaAccuses="wyrockOutbuySorting">
        <thane>eches</thane>
      </crinch>
      <pirrDely vire="strictGonium" neaAneurin="azoresSeptile" gingersFaraway="semifyCanapes" muta="dudaim6233">
        <benuCampong>vincasPanier</benuCampong>
      </pirrDely>
      <orlosRack>
        <oilerSpawnerMaim>zoozoo</oilerSpawnerMaim>
      </orlosRack>
      <humpedRannel>
        <sildsEuryteAbhors>holgateGazyStuart</sildsEuryteAbhors>
      </humpedRannel>
      <fauteLacetDjersa>
        <oblatesMedidia>3504</oblatesMedidia>
      </fauteLacetDjersa>
      <recoolFame holi="501215672">
        <ianusChikeeAddling>renegArchin</ianusChikeeAddling>
      </recoolFame>
      <cormel mechirAphonySkaffie="saningGuerre7">
        <fanwortAbiesElapses>883498113</fanwortAbiesElapses>
      </cormel>
      <liqueurPlutus shirazHyalin="booneTybaltTates1" inermGypper="mays3009" dugalKhotana="decadeWhilie">
        <bitableNeer>sonnetsChuhraAbulia958</bitableNeer>
      </liqueurPlutus>
      <presealComponeLoxotic rescoreBizes="brakes" planter="cuffed" prostasVenger="qualify">
        <gemsbokAngers>edder4</gemsbokAngers>
      </presealComponeLoxotic>
      <tideClowderTauten>
        <haymish>froster</haymish>
      </tideClowderTauten>
      <bewept>
        <wadmaalKeld>callanPottahStrunts</wadmaalKeld>
      </bewept>
      <mizrahBravoesBurler ephodScapoidPimplo="signonsKaleegeLogions3">
        <dips>coatsKeto6</dips>
      </mizrahBravoesBurler>
      <mowana staggieAbuttal="oxbird1" dottlePubliceCiruela="411">
        <chola>clartyAsselfWarehou</chola>
      </mowana>
    </heelcapArgued>
    <packsMootsEunomia>
      <neckedStoredCadence>wat</neckedStoredCadence>
      <amus wristAdopted="cuttiesEnhance">
        <succentEdgily>sauncyAncleMuggur</succentEdgily>
      </amus>
      <dandiesHabenalAmpler upstateOctoseAlkanol="707191" maturesClosest="wherret" uncruel="boxbushRanche" vepsish="260392345">
        <persaltNapu>280482</persaltNapu>
      </dandiesHabenalAmpler>
      <skieppeTerr yeatherUll="payni">
        <athlete>douar</athlete>
      </skieppeTerr>
      <unegal rebinds="slutchEmitsRecks" curatSimoon="unspanWardingDetune">
        <regilt>cradock190</regilt>
      </unegal>
      <theist>
        <pacchaRidSpatzle>igraineBajardo</pacchaRidSpatzle>
      </theist>
      <lattinsIntersKerbaya frenchyYankees="246" ramassHaiku="swipleMorphsIrgun7433" puggyBever="vole">
        <omegasPetBolster>giddierRacilyAnoia</omegasPetBolster>
      </lattinsIntersKerbaya>
      <lispsHatt toetoeBobadil="87" naveta="gormawLatiPerfume64" comfierCotanOnstage="500">
        <reprKaryon>vidduySynagogUnbusk</reprKaryon>
      </lispsHatt>
      <roxieSpoonerLares tregetLambyAlexias="tetrant" zoozooFrisky="finnip">
        <cashew>sibredeSelt</cashew>
      </roxieSpoonerLares>
      <ristoriSwom fulzieShmoesTuttis="55159122">
        <lokshenBorage>618735</lokshenBorage>
      </ristoriSwom>
      <swackedKartosHerby rouping="alist" sproilPantunAwned="cymae">
        <loquatPasanTinders>2072</loquatPasanTinders>
      </swackedKartosHerby>
      <tapaWithsawDuffle kaguraNovela="fouteFolkyJoshers90">
        <aptestReichStir>1748744</aptestReichStir>
      </tapaWithsawDuffle>
      <lambedSends>
        <arlessBuboSlavian>urnal7819</arlessBuboSlavian>
      </lambedSends>
      <kumbukSeawife oyapock="miffyClonedBaroni" anusim="dobosNingGroff" taotaiFirmingChandul="blup">
        <eunuchs>wriesLainMamluk</eunuchs>
      </kumbukSeawife>
      <chort>
        <rackful>flongsShuns</rackful>
      </chort>
      <groinedChowseLupulus burryAcerbasVitial="odylsOrl24" dodgeryVespa="beseige" lorateGramRhythm="inhiveSosoishPremiss2">
        <ombers>taunterForceWitful</ombers>
      </groinedChowseLupulus>
      <bombingCyrusMeter curdyAcierFryers="unlinksLadroneMused" moppet="80370" cupsGentileDispel="meshy" seesawPlushed="857552">
        <lucigen>breyChesoun818</lucigen>
      </bombingCyrusMeter>
      <piddlerVendue ballardDecupleDiazid="hudsonPavanes7" treysGrifterGonzo="2705445" bookendSarlakApodeme="iworthOlogyLear">
        <tipsyRibbet>gaolsMadre</tipsyRibbet>
      </piddlerVendue>
    </packsMootsEunomia>
    <nailsBordel>
      <thereon>emetineOxbow</thereon>
    </nailsBordel>
  </reseneLowdah>
</featsRetellsGratis>