<?xml version="1.0"?>
<whill>
  <pareveQedAerator centsLabs="orthianNiftierGrith">
    <reshoes>
      <reduncaWarriorMegilps>petrolsKoff5</reduncaWarriorMegilps>
      <coinferBriquetResews abedgeGranmaBipack="skellyPawl7" cliffed="panime">
        <stimBegrown>tutsanWeederIteming</stimBegrown>
      </coinferBriquetResews>
      <aku>
        <danzig>2</danzig>
      </aku>
      <carlChozar>
        <cultsTelsonFringed>hostelHadrom</cultsTelsonFringed>
      </carlChozar>
      <supaNeusticGolo nardSchoon="extime" serversLeachesAnseres="kinksSquintSunrise">
        <erode>fulahZosma2</erode>
      </supaNeusticGolo>
      <panic brules="1001724" collabHouses="conical" derustPartookDowny="668">
        <longrunYodlersKhazens>vanceFesting</longrunYodlersKhazens>
      </panic>
      <tempuraWernerAbohm regest="kinemaCajones2" hommockCyclopy="dogblowConchal" provolaHueful="resex">
        <ziti>vinsBatinoParus</ziti>
      </tempuraWernerAbohm>
      <gilders>
        <sabaean>wastrieGymnure</sabaean>
      </gilders>
      <neronicPraos oldieUnaway="johnOpiatesTarged" wisestOutgave="radishPuddeeGuppies" phymasMucid="ruddier" agamicDuppa="punctumSweerRiginal97">
        <accords>tenets7593</accords>
      </neronicPraos>
      <tearlet musiveTypierOoziest="fungoseBeni" avolateBlowby="gamilyVildSurd" chews="1567" filao="bipedFilerDadoes5865">
        <skiter>skyphos</skiter>
      </tearlet>
      <accumPhrLegenda>
        <colateMenuraPangen>fiendlyGutt</colateMenuraPangen>
      </accumPhrLegenda>
    </reshoes>
    <lieChico aspisPigweedWrote="accoyed" aurigid="thumbBailli45" dividedAecial="2380">
      <furlsGolfsHsi>ophidia</furlsGolfsHsi>
    </lieChico>
    <clockedSubedit>
      <sextarAphesesGibbol>julien</sextarAphesesGibbol>
    </clockedSubedit>
    <tamponBowyers>
      <bbl>pittoidTwirlyCows</bbl>
      <ellanAsweveRewood ecartesPotagesRebraid="2111188" junoniaOohingTantrum="avikomPhasedBorts" natal="32583">
        <hithe>hohokamYonkersSpeiled4</hithe>
      </ellanAsweveRewood>
      <tussehBatzenCytisus bisleyHoodful="eustaceTauntedSitten" xystMold="tawkeeRedbay1763" echoes="woolersShackos834">
        <tableauManward>guckiRogers6</tableauManward>
      </tussehBatzenCytisus>
      <maggotyBathic prologsHostel="bayedInsults">
        <seggardZombie>50</seggardZombie>
      </maggotyBathic>
      <armures aorEnheritTroy="ulva59" seguing="aliipoe">
        <damianaSwairdChengal>pandemyLarcherLemures</damianaSwairdChengal>
      </armures>
      <trutineEom gratersLemelGulling="7">
        <fannier>6638157</fannier>
      </trutineEom>
      <mitreLaddieClashes>
        <kalians>85237814</kalians>
      </mitreLaddieClashes>
      <epigeneShoggie>
        <tabla>gess</tabla>
      </epigeneShoggie>
      <benab>
        <merrierAilingGippo>bibasic</merrierAilingGippo>
      </benab>
      <addendPipagesSliders midrib="tipcartSeesee">
        <asramas>160872</asramas>
      </addendPipagesSliders>
      <tartareNiggetLongfin bratsExtentRewwove="844448558" odax="elohim" wrench="culbertCovaryMohurs935" zoeasScoopTriages="9228">
        <gracing>arshinFlukeGazed</gracing>
      </tartareNiggetLongfin>
      <arsyl sepia="bradoon2" doorboyFenster="peelism391">
        <burtonsDaddle>ethrogVacuumFermery123</burtonsDaddle>
      </arsyl>
      <gimped>
        <saphie>zillsPhemicNakhoda</saphie>
      </gimped>
      <ablend>
        <upwarp>lepridZoariumNapper</upwarp>
      </ablend>
    </tamponBowyers>
    <moradaKnowsFacadal enomotyGummous="aribinHammalHolier4" adobosDradgeTalinum="widowUnfoxedStrong" dawkProbandDerth="thionylFoliate" colkAwhet="sprowsySadistFausen" xrefFlightyBhalu="soaringWolfdomCourie7" misateSterolTrental="cronesGarance">
      <gaultsSkatols>fixionOuijaJangada</gaultsSkatols>
      <recaned bailedNoshWhamp="npeelGawkishMetopae" orthTorporGibbon="chough" readornPowders="myiasisSpungTweet">
        <budtimeEquipDaggy>9876230</budtimeEquipDaggy>
      </recaned>
      <anselArcubos>
        <uteriDoodler>temCassadyActinia1</uteriDoodler>
      </anselArcubos>
      <leadinPitiersAccents icier="alleger" sesmaCambevaGharry="32">
        <shrSonniesCovine>wabunga</shrSonniesCovine>
      </leadinPitiersAccents>
      <tucktooServes comfortGarredExalate="delimitCantor" zoeal="fiancee" magRatteen="tolasHydrase21">
        <lupinsChakarLabiate>darDodomaPolar</lupinsChakarLabiate>
      </tucktooServes>
      <tuque rigsbyPlonkSlaloms="sibylTantra" gudgetLiquory="hureTissues" refusePeytonBoogers="84">
        <mexicaPeevedLacks>feuedUnfitly</mexicaPeevedLacks>
      </tuque>
    </moradaKnowsFacadal>
    <bedridZutugil>
      <sulkingRupaBendlet>goatpoxWheezerCocuisa</sulkingRupaBendlet>
    </bedridZutugil>
    <leonClos ylemHelve="cyathiDalerCambio" tranter="cursoryDadding" uncsDivotsMurex="pyladesDuranta" comersDozzledRevives="opiaticAge" redwardWarner="possy">
      <incudesToa>jerridDummy</incudesToa>
    </leonClos>
    <scotinoEggers>
      <fascine>valinchHomos</fascine>
    </scotinoEggers>
    <eraseWantyApoop>
      <rackwayAssedatBendell>moornTrapan</rackwayAssedatBendell>
      <cuprousViaticUnheedy picein="745884346" exedraeHelioEppy="674259226" claveDeckels="fewness">
        <foxtail>recross</foxtail>
      </cuprousViaticUnheedy>
      <cecumsWhistly>
        <geonicBind>nereiteTuskier</geonicBind>
      </cecumsWhistly>
      <clinker>
        <thesesFungoseDamie>edgrowTashrifLinguae4</thesesFungoseDamie>
      </clinker>
      <dorjeXylopia luniesMonsia="hoppetObclude">
        <verey>flatbed</verey>
      </dorjeXylopia>
      <punchedThedWatap>
        <retina>pesaInvoke</retina>
      </punchedThedWatap>
      <toddyBilaan hoarserStink="shalderSackbag" stroudsBeechenKeck="dinner" tereuChilli="touficIsatineAgonize" spug="feuageTritylFaller">
        <warworn>winfree</warworn>
      </toddyBilaan>
      <tientoShaupAdipsy kalifDholesLivres="potheadNymphet">
        <availsAcacian>mannideKistAsmile</availsAcacian>
      </tientoShaupAdipsy>
      <paregalCasinosMatawan>
        <imbodyHomesOverman>976261</imbodyHomesOverman>
      </paregalCasinosMatawan>
      <partedOrielsCooping deinkLimpestUnlent="ecbUnlivedArrests" slivery="siccaBuvette">
        <gravedKalysis>dawdler80</gravedKalysis>
      </partedOrielsCooping>
      <tasset devolveSpotter="hokesDoyen" phrator="785">
        <weeps>vibrio</weeps>
      </tasset>
      <speckedBeluchi reassayGeolAcast="80" buruchaMumpers="ebrictyKonjak" azox="addictsOmniumPleb" bows="towsGlans">
        <guylineBrodder>speeredDiazoSlicked</guylineBrodder>
      </speckedBeluchi>
      <boubasTampa noses="orangesHippleTungus" mexitl="lepteneRhoncalTampoy" limulusBrayDarkie="lenderAnonad" onzaEmicateRetenes="1857870">
        <oarialMekbudaKumshaw>louringPumpkinPurport</oarialMekbudaKumshaw>
      </boubasTampa>
      <durmastTowline>
        <sunckeTang>chemist</sunckeTang>
      </durmastTowline>
      <cloutsGulden flosh="347213469" butenes="swankieBunkumRoarers" noisomeWitting="warrer">
        <fioriteCheetUsing>bunueloMegohm</fioriteCheetUsing>
      </cloutsGulden>
      <refoldRight racedActuary="31" faeces="malonicEclat" moltingListful="brens">
        <semitae>racionChyak</semitae>
      </refoldRight>
    </eraseWantyApoop>
    <frokinBoodh>
      <cyatheaLychGleed>knetchEnwiden</cyatheaLychGleed>
      <mitosesAkebia>
        <slatterWidgieGonifs>pons</slatterWidgieGonifs>
      </mitosesAkebia>
      <obloquyPignon exormia="doodle7">
        <chernaCaup>mesialJustleEhrman4</chernaCaup>
      </obloquyPignon>
      <uhlansCodingMelene>
        <begroanSpermy>xylateHounds</begroanSpermy>
      </uhlansCodingMelene>
      <nickUnedgedTrullo studio="5831" donaAbaddon="vallarSheuchs34">
        <oarlikeStageryChewier>harmful251</oarlikeStageryChewier>
      </nickUnedgedTrullo>
      <boxballWebbierAreel>
        <lupineFillDossman>4471</lupineFillDossman>
      </boxballWebbierAreel>
    </frokinBoodh>
    <hackeemSnarls apothgmNays="iratestArle" literRhapheYellows="sulaImaumsTexases" otologyRosier="ampyxesBrakyJacoby" kamsinsChicago="387" leached="upgirdUnwhig" total="haec">
      <mexicanCurst>equilinPiddockCaroled</mexicanCurst>
      <nailbinHors kibseyRexineCued="datedForleseMusjid" osarSpelunk="annerreNaging">
        <manieScalareZootomy>startsTreator</manieScalareZootomy>
      </nailbinHors>
      <levererAmidols pastorRemapAverred="gazeful8" papyral="73611789">
        <pebaPeakerWallows>veauPashed</pebaPeakerWallows>
      </levererAmidols>
      <poemEdictal>
        <jetterSties>9806002</jetterSties>
      </poemEdictal>
      <cramponSasa samolusTutrice="puckerReddensStephe" hoodshySuerreMycele="bennel">
        <khanjarUntawedGifts>papeOllamhRakily</khanjarUntawedGifts>
      </cramponSasa>
      <vampsMesonYodle roverOnwardsDoited="session" lakismDeductsJudoist="532" orioles="cheareWipedGeed">
        <goalersHarbour>3153893</goalersHarbour>
      </vampsMesonYodle>
      <unsold gozzardCoyishFaculae="tampoyGobbetStold" tinoQuaeres="octile">
        <thackedCladeLacker>1</thackedCladeLacker>
      </unsold>
      <unseel biffin="reserve" itysAllods="untoTishriPhthor" alaShadufs="contectPinlockApostil39">
        <artarinSpasmic>448153139</artarinSpasmic>
      </unseel>
      <shrunk deignedRetried="schmoosMurdrum" growan="7768042">
        <axonic>reeshleRosety7935</axonic>
      </shrunk>
      <culices troncCalibre="749091">
        <zooperyPipings>aldernBelles</zooperyPipings>
      </culices>
      <viscose bowelsCacaGripes="mickler">
        <cptPogromUpbrast>5330</cptPogromUpbrast>
      </viscose>
      <plumingOrpheus clockedMauriHsien="ecbasisBarcooToiles" boltageAlkine="143017709">
        <refuel>chrisma</refuel>
      </plumingOrpheus>
    </hackeemSnarls>
    <binotic>
      <acacian>devanceClingerSaladin863</acacian>
      <sunnasDaker feveretGolp="gret">
        <certainCaduca>elneSenage</certainCaduca>
      </sunnasDaker>
      <tentlet deplaceMane="couthsOsmina">
        <sailyeCyclianSpreath>pardiTyronicFlatcar</sailyeCyclianSpreath>
      </tentlet>
      <gocart>
        <addiceBeataHarelip>arglesWile</addiceBeataHarelip>
      </gocart>
      <rinkBretonBalkish unmad="62663699" yazooLauryBipod="541854064">
        <codilleSnubs>gymnics3474</codilleSnubs>
      </rinkBretonBalkish>
    </binotic>
    <gnomist bummockConusorExasper="grabblePagurus" sharped="yows" wispyUsure="minerva" midriffDatedly="huntedReifier">
      <camelus>ifreeAirsick</camelus>
      <solvTarsome adagiosShoved="limbate70">
        <diane>93569784</diane>
      </solvTarsome>
      <beauingAlewhap parang="neela" snorted="nookieKnuthWogul" waxcomb="jacuaruSecablePaludic" friand="abusee">
        <stue>layne</stue>
      </beauingAlewhap>
      <unicefButenyl sturteAmigasDirls="goddamsVainest">
        <hexerei>skullsTorcelAzoles5</hexerei>
      </unicefButenyl>
      <dumpedBerthsRomper>
        <enfleshDawe>bestinkArnFirmans</enfleshDawe>
      </dumpedBerthsRomper>
      <enwingPtilota rankestFlasherBelled="diluentSubbass" dunkledWitchesGyrally="butyrylMussy" dyesWaviata="vestral649">
        <malaise>gucks</malaise>
      </enwingPtilota>
      <protomeSeeds>
        <jarveyButenyl>28</jarveyButenyl>
      </protomeSeeds>
      <cosmismUngoodLeat graip="zad" pyrrhicDazedSooted="1305">
        <idolist>clown269</idolist>
      </cosmismUngoodLeat>
      <carica cragScruto="veeringSucking">
        <shairdGorgiaKlepht>conjectLullianHarkens</shairdGorgiaKlepht>
      </carica>
      <billowsParking semang="boffin">
        <thir>ungainThisnRarity</thir>
      </billowsParking>
      <hoopoePerterCapture>
        <sannups>finches9968</sannups>
      </hoopoePerterCapture>
      <netmenSameksVarious>
        <beards>rudgeAweigh8557</beards>
      </netmenSameksVarious>
      <virgosHerpetCoolers>
        <tuxes>malmockCulch</tuxes>
      </virgosHerpetCoolers>
      <vaconaMumpishUnmanly dinars="biurea">
        <turtlerMima>flyway</turtlerMima>
      </vaconaMumpishUnmanly>
      <zygoteBanters boveAracheShyer="boffola" karstQuavers="depthsNuggarGer">
        <overlap>89801</overlap>
      </zygoteBanters>
      <amiableUplegAborted cadgilyPeshitoCurtana="686321">
        <checkySilviaNebbish>picotSwolnWymote</checkySilviaNebbish>
      </amiableUplegAborted>
      <retiledTibbuPimelic aplysiaClechy="reawait7718" wakaPrytanyFaunist="dolos9">
        <trienesBlarina>sittersTerce</trienesBlarina>
      </retiledTibbuPimelic>
      <indazinMolineUsually unlame="kozuka">
        <diceman>itavesSmokies</diceman>
      </indazinMolineUsually>
      <prepack sookiePapizePunless="typSacsFrits60" unwrapUnboat="3557085">
        <amylinWyn>spurreyTusked</amylinWyn>
      </prepack>
      <cycler fingramLoyalty="kaffirSpiffed" seismicThring="brackerSwithenOverply">
        <marvelsAequianNitril>leftsKlipbokSurger</marvelsAequianNitril>
      </cycler>
    </gnomist>
    <kimboKadder>
      <moonerBumbassVitrage>swimbelMarram</moonerBumbassVitrage>
    </kimboKadder>
    <bewigs>
      <darkedSafenBoxroom>25308453</darkedSafenBoxroom>
    </bewigs>
    <spectorResplitStooter>
      <formica>jubarbPhallin</formica>
    </spectorResplitStooter>
  </pareveQedAerator>
  <imerContd rablin="vagina" byssiBantu="30" />
</whill>