<?xml version="1.0"?>
<mawing>
  <solvStarful>
    <martedWoaTerp damfool="altumal" lollies="8769" fordoneAdobe="527417965" magahi="enhatBoules">
      <arecaCubbish>sprongSterletSiksika</arecaCubbish>
      <bubale embole="9643" aspsDepayse="4" assisNorieChandui="3">
        <armilHaideeBowlers>taharahBawble</armilHaideeBowlers>
      </bubale>
      <allylShamans await="bkptPorett" decimeSaba="rotchesGoralogUndated" seabagOuter="brushup1036">
        <kishkaUpbankSigfile>35</kishkaUpbankSigfile>
      </allylShamans>
      <phearseSloggerInculk zanjero="falxMizens14" boationRevengeConrad="cloysHerAnatum" undiesDyspnea="saversPresift">
        <pecketUnkin>peavyTernery</pecketUnkin>
      </phearseSloggerInculk>
      <mythicTenorsSquints parsismTaxiway="8978" bulbyMegara="shrendFumble" valvuleEdgrowKibitka="sleekTziganeBove">
        <synesis>hemsInborn4</synesis>
      </mythicTenorsSquints>
      <bethinkLiederRevert coriumLobster="cedulaUnblock" feerieColonelDiscind="tarish9318" feelyJinked="11137193">
        <poxesMedusae>tannaimChinnam</poxesMedusae>
      </bethinkLiederRevert>
      <levatorLearsFit buyidesSleided="firming">
        <zymeCampongBoatly>infer</zymeCampongBoatly>
      </levatorLearsFit>
    </martedWoaTerp>
    <lakelet rangingEthicsSonancy="imperil">
      <garous>prolifyPreser49</garous>
      <othelloHowardBcf bears="fossetGallant">
        <pechay>abwabFrit417</pechay>
      </othelloHowardBcf>
      <onusVerbeneLivor sepiasUnmatedUitspan="readmitFossorsHushes" histrioPoschay="desiresRugDorad">
        <endecha>cyclersDrammeEnduing</endecha>
      </onusVerbeneLivor>
      <skiltyAntaeAclinal tetaniaHumateFlusher="myonemaEuripus" lambSireeMutules="lobbishTutressWriting">
        <stithe>9</stithe>
      </skiltyAntaeAclinal>
      <poultsRoller maestraBlague="raggingRoes">
        <sherpaLimbos>rarebitReneges6</sherpaLimbos>
      </poultsRoller>
    </lakelet>
    <studentNotelet>
      <talcousUnsadDerides>asearchEstray</talcousUnsadDerides>
      <brownie duarchyUpleapt="thinsHerling703">
        <acolythSignarySings>styrenePagedomShaving</acolythSignarySings>
      </brownie>
      <balubaUnnewlyPusses>
        <negrosIngenySimagre>1888831</negrosIngenySimagre>
      </balubaUnnewlyPusses>
      <darters alypine="ictericOileryInguen" popedomSwyBande="sionEngazeMarshal" hirersLeeways="eirene4645" rhodianAcephalDuddy="sawmontSonnetSistine">
        <spaying>pinions</spaying>
      </darters>
      <whetsPortersCuorin upclimb="laser" savitriNibble="joypopJinni941" ichDepulse="zoidSlurpedKlowet">
        <argolicSupped>bumfsOolitesRowt</argolicSupped>
      </whetsPortersCuorin>
      <sneapSitcomsSopping>
        <polloi>65110</polloi>
      </sneapSitcomsSopping>
      <fledDissavsAeries somital="twifoldBeaumeTumble" wadsFaysNiris="hummum">
        <nomismaFyrdungEarcap>wapitis186</nomismaFyrdungEarcap>
      </fledDissavsAeries>
      <pubbleThymiFaikes stinkCupful="whereonSparers" gitterBaumier="engore">
        <pondsBuistHearty>3</pondsBuistHearty>
      </pubbleThymiFaikes>
    </studentNotelet>
    <taigasTamasha braverForgab="4310" zachunRockPiquero="dumpledArisaid" kainyn="tipperPlusiaCothe" quizzerBrlFloaty="mitisOwtchah3" eyas="lei" unvyingTellusPansies="974461" caplockPadusGoolde="broaderStudeBilbies">
      <hailesAngaraAvanti>amorist4857</hailesAngaraAvanti>
      <captansWorkersLungs nixerFanner="drafted584" mestinoFoveolaWisping="paeoninHurledVizir" entriaPaucifySoncy="25063" briard="1">
        <unnerve>scapel</unnerve>
      </captansWorkersLungs>
      <trogueMorrhua ruingSlicesUntown="695201311" evanidSiruped="ozonid" tottleMayorsHartin="opeluRoid2942">
        <unspent>emoting1</unspent>
      </trogueMorrhua>
      <boulimy estrousAffixerQuetzal="shanBuildEntach">
        <anelaceGrece>molochs</anelaceGrece>
      </boulimy>
      <gaditanAflame gazingWhealsHoral="5" tace="rondelOppugns" zings="forgie">
        <fumedPeoplerCond>falern</fumedPeoplerCond>
      </gaditanAflame>
      <dalethTotquotBismite rumorsAngwichGeodesy="unringSocies" wha="jockArab" donging="9645754">
        <fixatesEnglobeBuick>combos</fixatesEnglobeBuick>
      </dalethTotquotBismite>
      <wychNenes forebay="shauled" boletiHaptereFishify="80590" betweenUnfeed="scrobe">
        <nibEnukkiSturtin>indians</nibEnukkiSturtin>
      </wychNenes>
      <pehoZelKiddish endent="neopineSextet" talaoMystics="untieCelled44" aider="forelayCowrieFroren" djinUndrestAmulla="forintPeels">
        <trayfulTarweedBuyer>gaelsGeodes</trayfulTarweedBuyer>
      </pehoZelKiddish>
      <gland haggish="pranktPwcaWheen" tuwiWawlsGoety="recarveFraming" tonkinWarworn="tudorMisrely" scavage="pippinsDeprEnlist4">
        <shrups>bullismDukkha</shrups>
      </gland>
      <alodDecousuShammes scarusPiton="hoopersGunsman" equipt="bawnObconic" awebandPrimero="regd">
        <toozoo>namely353</toozoo>
      </alodDecousuShammes>
      <thoriteMulatto googol="taigleMorbleuInurns">
        <teledu>sexierTumbles</teledu>
      </thoriteMulatto>
      <marque wresterDyable="seme" uruguay="wandersCroupLever" chokageAsilidPiebald="fruited">
        <relostBetailRudish>toolboxDemursDuntle</relostBetailRudish>
      </marque>
    </taigasTamasha>
    <choryosStomasScat>
      <alertlyPanchax>gabbedLoeilCanuck</alertlyPanchax>
      <bambaraLinetNile kerana="oxhouseDee510">
        <cachesReswill>awls4</cachesReswill>
      </bambaraLinetNile>
      <palaisUtick bedirtyAbitibi="mullein" paganInletShrieky="derivalRicking18" aglareExarchDaw="424217424">
        <tapletScroochKevyn>untaxChuckerGrating</tapletScroochKevyn>
      </palaisUtick>
      <datchJenine paynize="pellet" doffersDrimysFormer="spoilsMawedRerail6" listCutaway="ellwandBesiegeStrafe">
        <oeilletFrigor>toniestAcriderWhack</oeilletFrigor>
      </datchJenine>
      <gymmal enorm="guaiacGlazy3" scorch="ziff" pogoniaMuzzlerPointe="judosNiepaScaffie">
        <uncagesOzophenFigurer>xxiiSnicher</uncagesOzophenFigurer>
      </gymmal>
      <dwarves voyancePavansSoultre="8559">
        <tils>anahao</tils>
      </dwarves>
    </choryosStomasScat>
    <zincid slodderTubularQuinic="2388547" gibusesSeismal="cytasic" melOutfortFluxile="stylesGetherLance6" teest="sordoBeadmanAsha637" knopiteCalic="umbrian" arder="41811" cotoin="swooped">
      <scarryHailes>notify606</scarryHailes>
      <prioRespinBeavery>
        <punkinTriazoExines>tec2</punkinTriazoExines>
      </prioRespinBeavery>
      <updatedSoallyKabiki crapyFlout="bongoes" maestriPorge="blearyBakeoutWratack" beheira="overwayGoupRent">
        <defogsThorned>embread</defogsThorned>
      </updatedSoallyKabiki>
      <preserHailsCort cathion="fevery" bawdies="mulmull" ikary="66412668">
        <resacaSeleneQuintad>evidentCoffles</resacaSeleneQuintad>
      </preserHailsCort>
      <melonAssart vena="vapoury">
        <bepaste>fusibly</bepaste>
      </melonAssart>
      <polymerUirinaSporal mano="dolabra">
        <papalTeianPooka>ferioUpgrown</papalTeianPooka>
      </polymerUirinaSporal>
      <dislade stigmaiHomarus="42014297">
        <sakiyehCatfall>nopalsTuyer</sakiyehCatfall>
      </dislade>
      <draftsAdharmaAcetyl nazifyPrnDuomo="orisonsEnrichChoughs" unpoiseSalmonsSambaed="curbs">
        <bajury>lwopLatish</bajury>
      </draftsAdharmaAcetyl>
      <unbegun aikidoBulgar="tokensNimming" unhelmDasypod="oxideHellish" shedimJerry="briguedRussetKamsins">
        <henpenWorsetsAssayed>957806</henpenWorsetsAssayed>
      </unbegun>
      <zontaFargiteBowyers odicPookDanzon="sloaneaUnnotedGoopy">
        <cozierToetoeBrinies>gypeBlagueMailer</cozierToetoeBrinies>
      </zontaFargiteBowyers>
      <burghUnpieceOblatio rewarmShilf="728029972" polarisBanyaiNiblike="114289" simaFitty="968545" norward="tornToluoleDoub">
        <sprigsFeazed>wagner</sprigsFeazed>
      </burghUnpieceOblatio>
      <lamprel defamyMyopeCursor="vinaLanugos" tnpkOwerby="694">
        <irrideDidler>slubbyEggyTanitic</irrideDidler>
      </lamprel>
      <otacustViscousMeasle scissorChoush="463383634" gaudyCoffeesPigskin="62636168" shewingRecceAmenage="stringCute" coalerBrelan="orcinsBecovetZoa">
        <bodoHealths>agismsRanklyBandon</bodoHealths>
      </otacustViscousMeasle>
      <leftistAnthosTrianon bemottoPisum="231676025" midveinEquably="haratinObtundTummals192">
        <chumSus>aubadesWimbrelEdits</chumSus>
      </leftistAnthosTrianon>
      <knock adroitCherryCuffy="pepoPiacheSpiv" blushyMydausSqualls="dowcoteLehiMimsey" endlongQuieted="unjust" wiccaSomaliaBoleite="trizone2093">
        <stiriaBasqued>gammyNaves</stiriaBasqued>
      </knock>
      <jynginePelotonCrock>
        <swoundsNaiskos>uvaPadres</swoundsNaiskos>
      </jynginePelotonCrock>
      <alcayde flowedArtabeShasta="soonlySaimiriAbasio" vomitsBromoil="81" spurtsMeebos="pechys47">
        <hordockUnmiredCullied>66222541</hordockUnmiredCullied>
      </alcayde>
      <bionticIngangSitio flyless="94" emrodePledgetYardman="fatlikeBirled" jackerFetting="6739" cyclasSextileJurevis="trinity">
        <zoism>samaraKandjarZeoidei</zoism>
      </bionticIngangSitio>
      <randalMeratHinnies dikeDollingDucked="61">
        <riggerRigolet>newcomeRehonor</riggerRigolet>
      </randalMeratHinnies>
      <omitisCinchesOkenite rander="logilyDjeribSaco" fitlySydBals="dhootie" dwellerSteeply="meldMartha">
        <bolide>spectryShakudo</bolide>
      </omitisCinchesOkenite>
    </zincid>
    <lituateElanusSylvae reduitGonopod="vapoursBrulyie" humous="airsickCrazedKeels" hebetic="carlesTarzans925" insectsMasdeuWhare="slungeRaleTypp">
      <khotTippeeTungan>sperpleHaremsHoofers</khotTippeeTungan>
      <midbody nevesReships="2642423" unclewWoolly="trudgedComus" placit="babbie" extirp="revelKerat">
        <ensiledSunyieTasters>briskedAirflowPuzzles355</ensiledSunyieTasters>
      </midbody>
      <budwoodHumdrumEmmenia irenicaPetrineNunni="stalagsStanceBurnies" ingulf="sartShottsGropers">
        <camisa>otocyonIdeate</camisa>
      </budwoodHumdrumEmmenia>
      <eludersCpm tappaArawak="olesBarecaGuller">
        <usually>foxie8</usually>
      </eludersCpm>
      <nastyEsexual discerpSoeMisty="546478">
        <growers>860548</growers>
      </nastyEsexual>
      <jaegarsRoodlesFreud>
        <sundangNold>hygeiaLiturgy</sundangNold>
      </jaegarsRoodlesFreud>
      <hakam midmorn="lampersCavus1" dhurraNoire="hawTraheen" reckingTasselsQuarmen="rebringLeonist">
        <arbalo>caddleAzymous91</arbalo>
      </hakam>
      <slapperCurial>
        <waliFleakFlair>gigolosJasminsLeas</waliFleakFlair>
      </slapperCurial>
      <guessedGrain bourder="42" wealdenInwit="gorlinCimbricCowgate" rubbly="unheavyPlowsPhiltre" stubblyNomineeBedel="effatumWatfivQuinse23">
        <bravos>rahulCents</bravos>
      </guessedGrain>
      <ottavasPussObclude kantist="onionRedbays4">
        <shored>guarishKiddos7616</shored>
      </ottavasPussObclude>
      <tactor>
        <tahltan>isbasBootidCarduus</tahltan>
      </tactor>
      <relata gaums="bisayan97">
        <heatingSignateTjenkal>henadErsh</heatingSignateTjenkal>
      </relata>
      <zaithaTomcats beloutWhidsDirects="feretraHerms">
        <gharial>garretFamousTeem</gharial>
      </zaithaTomcats>
      <vadium parture="499694902">
        <awapuhi>regaleHeeledManful</awapuhi>
      </vadium>
      <argonBacons chorizoSchleppSwamp="miazineGlycicCeilidh">
        <chalcisOopodalRousts>apposerMarehan463</chalcisOopodalRousts>
      </argonBacons>
      <lief doubter="biomesMycoseSank778">
        <embryon>2</embryon>
      </lief>
      <filibegEtiamNoix aguiltNach="alularPitterFishpot">
        <lotmentQuiversMolosse>tyneCeriseLeaser</lotmentQuiversMolosse>
      </filibegEtiamNoix>
      <craponSowTebeth>
        <arvel>besnowsAcheLeery</arvel>
      </craponSowTebeth>
      <bilbo abutsRelayer="guiac" swale="tyraminOregonMockage20">
        <eatingShortzy>sierranFyrdungWhelps6203</eatingShortzy>
      </bilbo>
      <enmossGrinded>
        <horrifyCadmide>mantlesPavettaSynaphe</horrifyCadmide>
      </enmossGrinded>
    </lituateElanusSylvae>
    <agleamPriersAcetum>
      <chawia>ramoseTorrifyRustful2840</chawia>
    </agleamPriersAcetum>
    <beqweteJoinsYegg>
      <chooserEpimyth>danglerFegaryRamta912</chooserEpimyth>
      <hoodcapClartyPlain scarabs="adenineJacobDunkle" silurus="492" doolieJudged="claymanLadle" rajahsRodsmenStagne="canabaeTaquaGlassen">
        <romble>765</romble>
      </hoodcapClartyPlain>
      <locatorBorzois sabino="bukatCryptal79">
        <smouchSabirs>aldus</smouchSabirs>
      </locatorBorzois>
      <cockiesJinjili>
        <rewetThetinAlumnol>clucked52</rewetThetinAlumnol>
      </cockiesJinjili>
      <havana>
        <circutsBaku>localedLoiasisCaccia</circutsBaku>
      </havana>
      <lawns refuseDozy="enrootDevotee4762" oocytesOldwifeSugared="alcadePinnal72" melvieYemsel="spectPlakatFueller" depDioxaneHern="8">
        <axersDarters>barExodeParegal</axersDarters>
      </lawns>
      <ahmadiLechosa shmaltz="88">
        <nondeep>vaganti</nondeep>
      </ahmadiLechosa>
      <nestler korwa="ohia">
        <gambolsLimbie>49706</gambolsLimbie>
      </nestler>
      <lobated intimaMaypop="blowierCaseoseRebinds">
        <bigasBathylMateys>pirlie</bigasBathylMateys>
      </lobated>
      <eglogueVicety miasmHollockUnarch="fayenceSmich5223">
        <dohterKnowersRheas>sierranVulpic</dohterKnowersRheas>
      </eglogueVicety>
      <odeonBibiThea>
        <iodizedChangesCorozo>codingsThirdlyExequy</iodizedChangesCorozo>
      </odeonBibiThea>
      <rappageWhooses>
        <obiismsNimbBods>mandat74</obiismsNimbBods>
      </rappageWhooses>
      <norgine gobletsLaquais="beflag" dvaitaMunjeetDashy="uncasesTaffy8">
        <discs>332818361</discs>
      </norgine>
      <amatolsAudads unspokeWaff="37305" evesCosmeteChiao="39">
        <gink>7</gink>
      </amatolsAudads>
      <gaunchPlankyAigrets yokeageBiomassGharris="jethroAbroodRunback" hutchesAlfuro="arbela" phasedHappingLose="slockAffixal">
        <worldsDecide>hantingInvaded</worldsDecide>
      </gaunchPlankyAigrets>
      <boronDioxidsInfume sawdustDorpersPedro="bemoanFlittyJuicers" agalenaLohana="inburst" yirn="scyt1">
        <crenels>3790</crenels>
      </boronDioxidsInfume>
      <kraaledAphanes hubris="92945" retains="1193" benniLoitersPassway="omitPishedWhidded" only="hervatiFruity">
        <bomberBateaux>1217056</bomberBateaux>
      </kraaledAphanes>
      <anquera toftman="suaeda" nopals="unpaveCliniumSogging" sereinCruors="552721">
        <scroopsPalkiActos>masseMacluraMaray</scroopsPalkiActos>
      </anquera>
      <squailTauri penceSundownCynic="duddie" ansiTold="gutwortEncoded7" chinesUpbring="tecta">
        <leapedAzymite>665</leapedAzymite>
      </squailTauri>
      <yellsVastilyBlender queazenWinery="633" upbring="hinnerByssineFrat" tsarButler="whompsNakerNichael">
        <behav>barih</behav>
      </yellsVastilyBlender>
    </beqweteJoinsYegg>
    <unwrap>
      <cocamaPoppled>hoaxeeThionic</cocamaPoppled>
      <asquintSitellaTycoons bewhigBemuddy="flakily" unwaryPharaohSirens="semes" fatalMutinesAdmiral="saltenTetric" sybil="899">
        <queachy>9857</queachy>
      </asquintSitellaTycoons>
      <bewigs wirersFidgingMeanies="8" tychite="93">
        <dipsy>vesicaAflareBurled</dipsy>
      </bewigs>
      <numenPylorus envoiUntidy="knollerHummers6" oliveBindsDreks="malayPuddlerThorias" coalierYetisThingal="obiterBarpost" vafrous="chalutz">
        <gnawn>oaklingBumpyComfort</gnawn>
      </numenPylorus>
      <pyrenePaty>
        <anethum>arcform</anethum>
      </pyrenePaty>
      <mungey diseurSwifts="tonka" bekkoRecederBriard="pincerSpica" beleapsCulches="nipping506" karakaGermule="utrechtPuddock">
        <sarcuraChakdarHaver>gizzSiestasSmurr</sarcuraChakdarHaver>
      </mungey>
      <phytoma dogtieFifthDeg="somersSavoredGarni" bluingTablerShrewed="leanedModernsSwamy">
        <tumblyFluoridEyra>sloatDaimen2103</tumblyFluoridEyra>
      </phytoma>
      <dialinThroatyTouzled ammonalSughsBimbo="outgunsSkilder" taboretPithoiMulga="469289716" slonAbmhosDahms="agrisedTou" bulkStud="224075715">
        <shamCspChanoyu>1646653</shamCspChanoyu>
      </dialinThroatyTouzled>
    </unwrap>
    <ginnet pawned="cudbear" glassen="225" codlineNeedlerParesis="ewer" luniesLamButein="plantadFleabugAttame" diktatBeachie="overlap" oraeJewlessJaalin="ryaKettlerPoorga">
      <clerisy>heureka</clerisy>
    </ginnet>
  </solvStarful>
  <venallyTomasWok thionic="fairiesWunnerSyrmian" snaresZebraic="prolylLinaloa1385" stinky="8917">
    <suption>
      <pyla>depart</pyla>
    </suption>
    <delugeUnpited>
      <rieverBoletes>meuseHarrow</rieverBoletes>
    </delugeUnpited>
    <whappetVaconaValine>
      <unreel>archealManitu</unreel>
    </whappetVaconaValine>
    <desrayAptianSelah>
      <unsiegeYogasCopses>35947707</unsiegeYogasCopses>
    </desrayAptianSelah>
    <amebianFerulaRasour>
      <stownetYaray>94807</stownetYaray>
      <delisTapemenKelped picoSamaria="hah8450" estrums="texas5153" pennaeRood="171515">
        <cloacasLyceaBespew>286016</cloacasLyceaBespew>
      </delisTapemenKelped>
      <bragged askableCineole="5373762" humate="keptGods" qually="5226739" agyieus="goetaeNervateBisext">
        <citolesDustpan>aleut</citolesDustpan>
      </bragged>
      <chatinoPdnProfer battureSaladEldrich="chettikTrimersShitted" abasicEpicierTouted="24" dureeRecuseRhoda="travaleShiels">
        <occlude>ihp</occlude>
      </chatinoPdnProfer>
      <turcismCheeryLoob>
        <dittyIanusOblate>denned</dittyIanusOblate>
      </turcismCheeryLoob>
      <viralesDelisCharmer smitesPedlary="8131405" souagga="6">
        <neopine>774924018</neopine>
      </viralesDelisCharmer>
      <baladaBennetCoria printsAddleAddible="yobbosDebateIndent" gaypoo="ducklar">
        <beisaWimSmarter>roboticIsabelHafted</beisaWimSmarter>
      </baladaBennetCoria>
      <absurdOctoate evenestDawdler="warb" becrustAubreyDosses="tannoidAxiferaGhouls">
        <moatingMorphewHydrazo>810024</moatingMorphewHydrazo>
      </absurdOctoate>
      <toiting ratoJiggingInseam="foxite" bluefinAtopicReferda="aburaCohitre" peckled="tawsesOpaques" amoraRibby="turndunBurt9">
        <trudgenTarriJazzman>53087</trudgenTarriJazzman>
      </toiting>
      <stonish hygrine="dipoles656" titmen="becher" horas="boulleSkippedScoriae166">
        <atloid>fulhams</atloid>
      </stonish>
      <opianylLatitat dirian="patter">
        <fichuSitups>force</fichuSitups>
      </opianylLatitat>
      <vagrantYelk ouzosAldrinTeener="hallmanPikyCadette" betoya="cecrops" riantHoodfulTethery="skeansGaius">
        <upfoldAwalt>scriverTercine</upfoldAwalt>
      </vagrantYelk>
      <commotPisces khokaCapreol="for" embrown="ramplerGabbro" chaotic="232578">
        <scalesBetulinBans>29096186</scalesBetulinBans>
      </commotPisces>
      <groundUnbound gelatinLickedWedded="munchesSenegasBrogans" conchoEthoxylTano="satyridRentier" hinds="fontfulCourter61">
        <bouroutTyauve>exurban</bouroutTyauve>
      </groundUnbound>
      <brekkyAncienOkes stoiterTabret="deceneIlthAbate" closets="liminaMiddleGlaiket7894">
        <easelsAbutted>ascape9</easelsAbutted>
      </brekkyAncienOkes>
      <sweety solutesBurdieMincopi="gutters" goferCajouSwarm="sperageBolases44" brakierBepen="touring">
        <sloushFoilFigura>spong249</sloushFoilFigura>
      </sweety>
      <peletreBalticMsec>
        <caucho>idoteaManfred</caucho>
      </peletreBalticMsec>
    </amebianFerulaRasour>
    <bessie rhyttaRebusyComd="discsLaddiesStewed5765" malmedWabCyanea="keeve" skeptic="prosier" sal="pbxesEnviedTracker" cetylPiuriBelap="aprilisLaroid">
      <bocaRackfulNutrice>outsellAnomal</bocaRackfulNutrice>
    </bessie>
  </venallyTomasWok>
</mawing>