<?xml version="1.0"?>
<crouse>
  <wamusesArthur electsRoves="660316" troopedRoquist="jedTremexRepot" kralOxerGazel="cholumDeanedHabus" />
  <limned daywardRapideGauntly="yengeesSitz" oatland="1322" moileMoschusUncles="weedful9033" vinoBowmen="maybushFurane">
    <beamingWarmer>
      <bureAcharneMenow>orexisPapas</bureAcharneMenow>
    </beamingWarmer>
    <noreastSaddhus seraphsToosieMpret="scfmAndrew5708" queuers="rimesRed" albergeDivia="sarsi" zenu="grabenSagitalAphis">
      <cotulaSinusal>outsiftZareebaSoffit734</cotulaSinusal>
    </noreastSaddhus>
    <getasArisard>
      <adelopsZurliteScind>salvoesDentale</adelopsZurliteScind>
    </getasArisard>
    <alcaics deceits="amusiasPisa">
      <celaenoWerenUucpnet>puton</celaenoWerenUucpnet>
      <socker gluesSaglessHeaters="ifrit" budgedMiminae="amitySacateDanke">
        <jetterDuffelNoonday>4</jetterDuffelNoonday>
      </socker>
      <quillRacked myrickWaicuri="234" detainImpeyanLeda="jewlikeFelony" winnersEloped="91">
        <mikedWearierTai>kokaneeSouledHuurder</mikedWearierTai>
      </quillRacked>
      <caningUndimLowbrow cumminsPounamuKnur="tungus" topazTaruma="rigoleWinkers" beths="37447" dewiestRappel="7552">
        <ascry>duennasIhpPerle</ascry>
      </caningUndimLowbrow>
      <sennettYfacksHypnoid vulgareScag="rameanCheloneBezants" grillerFindyDimmy="180229683" fetchesPrepped="strow">
        <attuneBovinePopeye>preaceSaharaGodly</attuneBovinePopeye>
      </sennettYfacksHypnoid>
      <kenchesResackMartyrs youwardCojoinMusha="mmf410" shilletFlutier="lokeFunestHienz" knoll="fichus634">
        <loiters>manegesMatureWhirl</loiters>
      </kenchesResackMartyrs>
      <dool moonackIbsenic="wokowiQuokkasVelout" boikoFitnessFacts="recoilsDiwata" hoarilyFlitch="caracasSneaks">
        <amiasGimme>839117</amiasGimme>
      </dool>
      <dakoityClinidWheaty>
        <tainuiSiafu>subnessAgree</tainuiSiafu>
      </dakoityClinidWheaty>
      <rukbat eyecups="modelerBlinkerAboulic" epoxideKibbehRosets="571554" leakerFumer="rerivalLauansQuadra" tsatlee="deafen">
        <amercesIngram>usun</amercesIngram>
      </rukbat>
      <rhinos hoyBoar="344130" cambletBuckyTuffoon="dernlyDivest">
        <canst>ticeElaidic</canst>
      </rhinos>
      <ipseand dormer="tablerAwlwort89" cudbear="ohvExtollsBasyl">
        <soverty>snakeRechurnErr89</soverty>
      </ipseand>
      <nimblyKatipoPelvis skeedEse="5070" recroonCovings="664586" samian="mandat" bembexAerobia="blowoutDooket44">
        <phenenePeperekKelpie>jazzy</phenenePeperekKelpie>
      </nimblyKatipoPelvis>
      <lereNonuserKhanda flotant="pallier7" trowaneJupiterOrchic="arcades">
        <pelitic>amebian</pelitic>
      </lereNonuserKhanda>
      <dallierPostilsRoter>
        <scraberParotis>percher</scraberParotis>
      </dallierPostilsRoter>
      <amarinSuccumbUrine>
        <gheg>waxweedRereadsOccult</gheg>
      </amarinSuccumbUrine>
      <yagers tattersLangoRates="lawinesDrawoff">
        <blurbs>pouncyPewful533</blurbs>
      </yagers>
      <agnatha muttenArupa="871803">
        <chayota>reawaitLowder</chayota>
      </agnatha>
    </alcaics>
    <poteens>
      <whatna>hundredDartos</whatna>
      <caracasArroyos bowledHockeys="bibulusRetiesMyriare" pawer="varletLoftsCelsian534" gavyuti="sackbut" fondak="mambos">
        <bardSwerves>bertram</bardSwerves>
      </caracasArroyos>
      <piker caryotaChillerTizzies="cadieGibson" snicksStroky="dekares" inchedCusecs="elksNudity" develop="timauaTongerSeiren">
        <yadavaBundook>numina</yadavaBundook>
      </piker>
      <purpureArgusesPerfin>
        <tussors>dmarche</tussors>
      </purpureArgusesPerfin>
      <repureCowls uptieMedlarMonepic="peonesTargumDesmine">
        <bleederGirosol>58</bleederGirosol>
      </repureCowls>
      <anoli guttur="toolsyEjectRetted">
        <jiggitDousing>boneenEpochal</jiggitDousing>
      </anoli>
      <tannaseStanze upgang="kralWooshRoan7370">
        <nayarit>bayboltVicar</nayarit>
      </tannaseStanze>
      <forwarn albucaFasces="704">
        <cloughsMorelloEnatic>29651825</cloughsMorelloEnatic>
      </forwarn>
      <erizoExeatWorkbag aristaeScroutSubtend="oasitic" sassily="chorgiChertsEstrous" maenads="carcassLegrope" ziara="37690">
        <geleesGloried>coined</geleesGloried>
      </erizoExeatWorkbag>
      <daijo>
        <fumishNamelyCougnar>braiesLimacelSerbdom</fumishNamelyCougnar>
      </daijo>
      <upend showup="harborSafely" cakedEyess="lucenceFeatlyPosset3566" caunchRhaphesWhinny="sawbackBamahDemode" nannieCathionGienah="3">
        <alight>verves</alight>
      </upend>
      <overawnSlavist tryp="sigilsSudsmenChandul" goslingSlough="talusSimpulaHookera" walkwayMalchusAcetate="aphoria" acinicHookeraGuasa="firelitKisaengTigrina">
        <coupe>nervidGorbetAula</coupe>
      </overawnSlavist>
      <pryersPrecookPuliol laevoSarcinaPeptic="99323147" fetiseCusksSubwar="deusCharnuRousts">
        <sfootLaggingUntwine>shavenQanat</sfootLaggingUntwine>
      </pryersPrecookPuliol>
      <gemmingWangunDimple sayingsInlier="922295775" zoarcesBimodal="torpors" arilliPurpieSaligot="6222" intortsGunyehTimbe="myosoteSoothesLabras">
        <glimed>18632839</glimed>
      </gemmingWangunDimple>
      <lots>
        <larches>moorishWrithe</larches>
      </lots>
      <rebidMooress dwinedChous="zikurat" gawnEuboic="prewireRepoundObvert" fogbowsJetsEatable="inship">
        <astrutParotiaUprein>villeinEnsnareDichas</astrutParotiaUprein>
      </rebidMooress>
      <stold nucula="tangentBoranesSticked" burpedHaltersWakonda="283" ribes="297">
        <prosomaWhirRoad>7247</prosomaWhirRoad>
      </stold>
    </poteens>
    <bug unbeastProcarp="pavanesDarwinDinks">
      <mairieUsnicUlnaria>corialGlommed</mairieUsnicUlnaria>
      <acutish operantEddy="abuliasAmarantWees" wartime="spettleOradAgeisms" oeninCaproylWanger="corninAmylumsEstuate793" yearnSouren="spuriesAugend">
        <theedomDepleteAndries>putoutsUniquesFytte</theedomDepleteAndries>
      </acutish>
      <rhodiumMauve elbTastingChukkar="totuavaUnliverUnovert" jemadarMonarch="carina" meticWeldBaleys="bobbersCliqueDonning" psalmsTrounceTizeur="460033">
        <oltonde>spoolerEclatedGuinfo</oltonde>
      </rhodiumMauve>
      <verstsMummiesXeric proximeEloin="moreoteCessio">
        <curitesCistoriExhedra>emmenic</curitesCistoriExhedra>
      </verstsMummiesXeric>
      <gantletWhiskerWattled turkizeStadiasSnarks="wildishTinniZetas" beflourDonnish="encyc" vied="queenlyTerefahJager">
        <unagedDhootiAllgood>notes</unagedDhootiAllgood>
      </gantletWhiskerWattled>
      <cujamPetardsRithe wus="loonsDromoiHili" froshEmbrew="394487023">
        <zoarial>vergingArbela</zoarial>
      </cujamPetardsRithe>
      <bogomilTamenesVriddhi>
        <giocoso>prevostSpickleWriteup</giocoso>
      </bogomilTamenesVriddhi>
      <brensUndigne glidedOozing="414" riblessEbbsSandeep="85122017">
        <garehBureau>subageIsatins</garehBureau>
      </brensUndigne>
      <rookieUnplumpArias tigronePlacus="312161374" repaysEpithem="upbindBlabber" caromelBawdierDiurne="larnaxSunland">
        <drearyCuticleEuboean>limaxOptableGinners</drearyCuticleEuboean>
      </rookieUnplumpArias>
      <morice ritterGypsMurgeon="linty" madlingMessily="286340" loculusPadlike="calloseBumtrapMycoid6564">
        <kirksTanglerDahlias>armhoopHenryDeticks</kirksTanglerDahlias>
      </morice>
      <ostemia flaconTashie="ive" brahminNahoor="whop" rivePermian="lamusPhrasyPottery" fakirParcelNankeen="465">
        <mongery>empiricBogmanBipolar9</mongery>
      </ostemia>
      <noance alcineFapesmo="piggishEmbay">
        <yuchi>cityful</yuchi>
      </noance>
      <mackleObovate fishbed="yamun">
        <stearyl>loam</stearyl>
      </mackleObovate>
    </bug>
    <mushilyCorerBaying>
      <umiriAvouchZaires>levadeImpanel389</umiriAvouchZaires>
      <taneEthmoid diskeryYechyTribute="salminDelftsKnaidel" gremmyReatas="88161" skullMantletFurors="8137612">
        <measledDowSopper>pippinsNongasCasate</measledDowSopper>
      </taneEthmoid>
      <bennies woolderVacouaBulblet="17" anemiasVlsiLarceny="arabizeThetics3">
        <tibialeGunyang>swagmen</tibialeGunyang>
      </bennies>
      <enheart sodding="9588" watapeAphididLobated="twale">
        <unfinedPrewire>opificeCesspit</unfinedPrewire>
      </enheart>
      <chitinsNunnish simlinsSelaminRinged="refectNixon" panted="pernine3155" bidesOutrate="1454399">
        <wingtipChirp>quinces802</wingtipChirp>
      </chitinsNunnish>
      <kedgesAirliftColin scoupHemiolaBody="3" citatorDupioni="whelmsRyesPetrify">
        <boozerUnais>sparadaFilumSpeight1</boozerUnais>
      </kedgesAirliftColin>
    </mushilyCorerBaying>
    <bogway perronsDotardyPretors="jowlopEartabSomler99">
      <seudahUnheedyKelts>bankera</seudahUnheedyKelts>
      <pouncyZaqqum unepic="folia261" whizz="starred" chao="inculpSneeOndatra">
        <shotEmpover>typeout1</shotEmpover>
      </pouncyZaqqum>
      <davenAmba boottopTofus="ruinerLumpish" pachonsAlnageBulse="choreeFringedScho" yond="ruerHumism">
        <ovoli>pantherEphorusKraits</ovoli>
      </davenAmba>
      <kuruOer adipoidRiveted="mowable" furoateIrishyPoacher="gustful" swoln="763959" curriesTalahibPhaseun="anyhowEasingLick6074">
        <nevadaCatalpaNeeze>675</nevadaCatalpaNeeze>
      </kuruOer>
      <shovers>
        <coteen>tzental</coteen>
      </shovers>
      <keekedChelaSpahees>
        <growedOfaysRenewal>mayduke</growedOfaysRenewal>
      </keekedChelaSpahees>
      <wigtailLimier upbotchAnguriaEmersed="wivernsZoysiasRoseous" markabFalunsPaumari="60973490">
        <dinghyNeumsOverbet>widesPixyishHosts6918</dinghyNeumsOverbet>
      </wigtailLimier>
      <gnashLoopier>
        <gadsbudFlocced>gubbinCoeliacWeism</gadsbudFlocced>
      </gnashLoopier>
      <kalaGlobLyric rubbisy="zoisticHowdahsWhelp" weenessChooses="perone">
        <roupilySynusiaUngird>oomiacPeafowlBanshie9253</roupilySynusiaUngird>
      </kalaGlobLyric>
      <slootHinger caracalPenucheBrits="vagiGobelin" drury="adminHaverelBilkers" theticsCarosseFacile="dousers" elevComersHaoles="50">
        <soleas>8182</soleas>
      </slootHinger>
    </bogway>
    <forsarUnbaleBenzoxy skipmanAvicideBanian="skirlGlozerSmeared" qualeBenight="yemenicBordAmmonea" instCarafeVallar="savvied" scaleni="dardaolGanner" perfectViatic="5">
      <parge>16131</parge>
    </forsarUnbaleBenzoxy>
    <shaded dvornikMedlarMacram="goleeAlamoth" cadboteRandomCorita="orbingCaam" crummyPassing="7" arriveOverbyDinged="hotzonePaisansLacunal" haitAnyone="hersheyBromal" zebraDiazomaPelick="rhymistImpersPaideia2105">
      <reevingLeifite>eaningReviewsFlan</reevingLeifite>
    </shaded>
    <sapoSnirlSlam hah="frowzlyThrustsLucina" shavieHabenal="20174079" sculkMamaCoping="yorker" flowedWeeweeCohabit="runoffsHonansAsquint">
      <flangedMachaonUplit>kildee</flangedMachaonUplit>
    </sapoSnirlSlam>
    <malkinsSloughy>
      <fidessa>workshyAeciaObvious</fidessa>
      <tollery>
        <honoraSlivers>sigil</honoraSlivers>
      </tollery>
      <callanFrizzly egglikeAlamort="78" areallyCockeye="lauricThuanSalite">
        <bemeteAgmas>paginalMurkestRebrew4</bemeteAgmas>
      </callanFrizzly>
    </malkinsSloughy>
    <undupedSclav pryingUnpeaceByrrus="bulbsUntaFikie" plaidyKernoiBuffa="coiler" cestaBozine="umbra" quantumBugger="35287452" hewedSumpter="crwthsHoddens" depucelSalolWildest="136681895">
      <gasless>insect</gasless>
    </undupedSclav>
    <barreraAnnonaLippens>
      <inbondApport>myceles</inbondApport>
    </barreraAnnonaLippens>
    <valvarAureity>
      <alonzoComte>blamed</alonzoComte>
    </valvarAureity>
    <posthocBajardoLarrups>
      <haikwanAlecizePeopler>babiDjebelsUnlimb</haikwanAlecizePeopler>
      <balletDesemer valeweDacrya="maids">
        <refindsPoetess>alogism</refindsPoetess>
      </balletDesemer>
      <gummous adamicColWoodmen="reaveZanyishManiac" rapiersTeenageHighway="dacianHamadaUnkend">
        <rufter>natale124</rufter>
      </gummous>
      <tribualAurigidTheeked delugesGiunta="14388862" infidel="cheney" izdubarBromios="vandykeFart">
        <boobs>ratalRopiestKnosp8</boobs>
      </tribualAurigidTheeked>
      <harkaDiddiesKahar fondlesNaos="macle" femoral="tripackReddChallas">
        <rowtRhatanyJingoed>factishBogued</rowtRhatanyJingoed>
      </harkaDiddiesKahar>
    </posthocBajardoLarrups>
    <brassTsere>
      <anterinAsshead>7231405</anterinAsshead>
      <ergusiaAtlatls>
        <endited>siffleLibeleeTotoaba</endited>
      </ergusiaAtlatls>
      <gene sheltieAmmono="glochid" surdsAitis="2833117" towniesAmuyon="hemline">
        <putout>moostAlgedo</putout>
      </gene>
      <andiraPacking rapiderTantonyMemoir="ecclShuckedLungy">
        <anadesm>woom</anadesm>
      </andiraPacking>
      <tampersVeneer bombing="7175" antar="824496163">
        <saeterMuddled>94010372</saeterMuddled>
      </tampersVeneer>
      <guttersJoke helotryPother="naevoid7" hoersDyaster="octantBunkumsAnarya7754">
        <impanel>ducatus</impanel>
      </guttersJoke>
      <brulotsFever rasalas="pontilHydrideBarbula" cooja="jimpyQuitter8" undosePentitPyrales="35381" sizzlerDecener="sandalsBanyans">
        <poucyUncouthMony>rukh</poucyUncouthMony>
      </brulotsFever>
      <yechyErrable>
        <vum>596943</vum>
      </yechyErrable>
      <minersAkhyanaAlcaics forked="firsts6" natronNerver="livMeter" bariNgweeEdea="qanat" tetricBriered="brinedListerRigole">
        <moistyGawsy>70</moistyGawsy>
      </minersAkhyanaAlcaics>
      <urduTieless ninaToorock="spinedGoshawkEuda" switchyFurbish="5093">
        <judy>gnathalHoy</judy>
      </urduTieless>
      <orchilFictile hagfishLamboys="sowelThumminEdaphon" faultSwagmanInkiest="2" karriBerceau="dragsawMovedCreance" relictLimes="734978987">
        <nonsale>pilis17</nonsale>
      </orchilFictile>
      <meristRoughyPlainy debtorTanghan="754939358">
        <gote>7845</gote>
      </meristRoughyPlainy>
      <cuemenRheen troueLaptopHooch="agatoid" badhanSoldo="beamier8575" heliaeaMopping="cacanaJakun" simplerMaidieCarven="settledPapaSeats">
        <inbreedDatsunBogfern>naigSulaCoan</inbreedDatsunBogfern>
      </cuemenRheen>
      <imagerRashingIndeed aubergePrivataThwarts="quakyBugwort" ligands="515734">
        <maxixesWinkedUracils>ollavJudge837</maxixesWinkedUracils>
      </imagerRashingIndeed>
      <moraeBolognaShunned oviniaEnscene="mushersSaranRilly" ternalCushie="293982" betaxed="87">
        <turdsBursaeTaiaha>petrify1127</turdsBursaeTaiaha>
      </moraeBolognaShunned>
      <recountWelfNaperer clerkExcelse="virelaiAitisThebaic" staging="overeat52" flosserPhrynid="ticuna">
        <sixainBlinter>asphaltFlobby</sixainBlinter>
      </recountWelfNaperer>
      <mincers exedeMactra="enspellStraw" cannierAltersArcsine="unharshCroiseeSliding680">
        <tarhoodTaskitImbrex>eraserAgitSlime</tarhoodTaskitImbrex>
      </mincers>
      <gonzaloAphasic>
        <mauleySomlerNominal>instantGenevanHurry</mauleySomlerNominal>
      </gonzaloAphasic>
    </brassTsere>
    <unionedOllock>
      <swamper>fueledFetedOffline</swamper>
      <gasserExodistMoblike spanemy="opposesCroylJerseys5702" credentUnau="mouthySpringsAstraea9674" biopicChorion="banjuke">
        <affileManured>881061</affileManured>
      </gasserExodistMoblike>
      <pallall pulsionForchesMozetta="strit" sonlyHittersLesya="acephalFowellsPistols" kawakaThrouch="listy">
        <windPanHafnyl>upcock</windPanHafnyl>
      </pallall>
      <augurer dumple="plentyTrodden" ursa="dykedTextualRoams" narking="staabDoatish2441" conkyGabbed="outhitSoupCoppin">
        <torana>villous6</torana>
      </augurer>
      <walingFlirt scapesPappies="spreeuw" gigglerGehenna="errandAsshole" synacmy="spiremsCampsBareca">
        <pileaAllods>flockyCozener</pileaAllods>
      </walingFlirt>
      <wonderPunamu>
        <elkumaMurker>feudeeEarthly</elkumaMurker>
      </wonderPunamu>
      <beadedUnthornUmpy tekkeSnook="volteRugosa1595" peliomBonitas="amountBialis139" benthon="30119" kifEchinal="37227795">
        <robedSnapRaku>8</robedSnapRaku>
      </beadedUnthornUmpy>
      <couthlyPatting>
        <exactorThumpedEvened>artalBefistFowled</exactorThumpedEvened>
      </couthlyPatting>
    </unionedOllock>
    <devonicNocuous>
      <fositeMilageWakore>papas981</fositeMilageWakore>
      <stetKneads>
        <sledgeWhys>slew</sledgeWhys>
      </stetKneads>
      <mim onmun="blobMoonet">
        <moidDecease>conuzor</moidDecease>
      </mim>
      <cozenedTeazle isiacChromosGalores="chickenMatatuaBebusy" accostNervily="senaiteLavages" piggiesTetraneBogan="bardoSignoryStoving" guachoUncanny="tactive14">
        <stude>mitrate15</stude>
      </cozenedTeazle>
      <gutlingWernard dubberRathCondor="mormaor9">
        <depeEvolveCommons>yaqui</depeEvolveCommons>
      </gutlingWernard>
      <acroamaAmourUnadult vermily="548136549" diewise="chopineTriesTurret76">
        <screekAmbanWonners>realty</screekAmbanWonners>
      </acroamaAmourUnadult>
      <hocusedPaters deejaysWanapum="efl9" nigellaSumpterAgreer="34969900" croatQuartes="313462598" undiked="522">
        <swabTankedBushet>277481758</swabTankedBushet>
      </hocusedPaters>
      <signaHenbitDuyker cicadae="sex" copierSwots="270" unbankGhillie="thenar">
        <shorerKil>grappasMuonSolar</shorerKil>
      </signaHenbitDuyker>
      <ploveryBalladeBepity athirstMyogramScours="peshkarAdhibit" navajos="dibromCestuiVisa">
        <axed>483</axed>
      </ploveryBalladeBepity>
      <grough outmanQueller="adipic" vendedPlaced="tarsalsGuisian736" eloiseXystum="serra">
        <dilates>pressed</dilates>
      </grough>
      <observeFounds allele="claretsMuck" bosnLahuli="civilCaspar640" slatifyGuneboOrvieto="balaiCremule" crags="amid">
        <kotowsShiftedJinx>ecoSquamaGrim</kotowsShiftedJinx>
      </observeFounds>
      <bogyVarsalGeoty lepadidPastaFemora="nammaCaminoMungoos" broigneMester="haleniaColera" brumeLogmanCurucui="shim" addendsCrojackStrawed="ledgesTurpis">
        <painfulClodletBabism>oilers5</painfulClodletBabism>
      </bogyVarsalGeoty>
      <suclatAvick mhorrSteele="ratingsVeronalCloud">
        <pocoSmiterMoults>outmostEvea</pocoSmiterMoults>
      </suclatAvick>
      <reeledZonitesCulpae>
        <furoid>tenser</furoid>
      </reeledZonitesCulpae>
    </devonicNocuous>
    <uvver polypusBifaces="mksBuriatLoured2844" jointlyNonskedCurite="61529580" stoutyRagaHews="jenineSneaps" redfootLeteEstamin="pasquinGleetRoscoe" gallopMarshalToshly="sitkanBioticsKenareh">
      <barriosPannoseLovable>downyGedunkCordage</barriosPannoseLovable>
    </uvver>
    <kytoonSnaws sia="peels" lectern="94516" roguingCurably="bopMahzors" winkelRedrawsAuctary="tenne" donnotDaltChauvin="protea" pratey="hexapodHitFrower">
      <waste>winesopUnturn</waste>
    </kytoonSnaws>
  </limned>
  <barad />
  <chinoisWawled echard="tetchyEuclidSlighty" colima="3375" paversBrome="congaedHereonBrushes" uptimeAetatTwistle="waygoerOxidizeThoke3240">
    <untwine>
      <tensas>51416</tensas>
    </untwine>
    <tillingRedlineAjugas slayerCathodeOxbrake="taniaAbjectSpitful" hamlah="rokyWagered">
      <goularo>anabolyBandogUpbray</goularo>
      <wampZaffarReseeds>
        <muffin>belikedHakdar</muffin>
      </wampZaffarReseeds>
      <sawway wort="balaganRewing" gazelleInfosSnell="comodoMele">
        <gavage>wayingSnibelChiurm</gavage>
      </sawway>
    </tillingRedlineAjugas>
    <sufflue>
      <kick>shimmerArtic</kick>
      <quartoFetchedOutpart sammel="duel">
        <negligRestowWortle>anguloaCausate542</negligRestowWortle>
      </quartoFetchedOutpart>
      <gelated>
        <smeek>carpingMowerOutpeep</smeek>
      </gelated>
      <disjoin garotesLealandSkirret="woorari" micrify="meowedHomodoxDeflesh" macbethUghten="63">
        <refit>claik</refit>
      </disjoin>
      <shachlyCabersCreen jebelsMakhzan="pushingLeben5">
        <flobCadency>mintingChurel312</flobCadency>
      </shachlyCabersCreen>
      <onymityVestige heilsLipopod="estrade">
        <coontahBuckled>ruerTissued</coontahBuckled>
      </onymityVestige>
      <vitalWilga>
        <ogrisms>jams</ogrisms>
      </vitalWilga>
    </sufflue>
    <bravoed sullAegean="deodarWhorage" ribbedFinked="negritoSumpsPawns" mimeoed="486" upliftUnnobly="plunk" hearthGreggle="54719">
      <caromPawpaw>loopsLurked</caromPawpaw>
    </bravoed>
    <larkerGraved>
      <impeachCoffs>galuthErupt</impeachCoffs>
    </larkerGraved>
    <slogsShah milkerUnrichtReavows="14374" farnessLeilaUmbras="gorkunBahamaGiggly" goloe="dottelsLench">
      <argles>commixDroversPleuron</argles>
    </slogsShah>
    <thingsSalviasHawkbit>
      <shesRenownRealise>skerryRosingLianas</shesRenownRealise>
      <fidgety polster="418" cpd="jostledSubdue">
        <chutneyCottonyLabel>epurate1</chutneyCottonyLabel>
      </fidgety>
      <requinDarrell mitiestLainer="zinzarSairveAlamort312" legatesDockenPoldron="oilmanGeldedAmus">
        <dabsAmount>beday</dabsAmount>
      </requinDarrell>
      <badsVenulesStern leakingPlightCrimmer="sudsing800" locaBecolme="waddlyBitingLiyuan" feist="7499" baetuliCineoleCaried="godfrey">
        <warbNarkyRelace>vuggs1546</warbNarkyRelace>
      </badsVenulesStern>
    </thingsSalviasHawkbit>
    <enderonLinin crucial="triplyOuttaskNabis" miaowerAywhere="birlieSorbian" reshuntHarling="clasped" amdtWitchetSysout="peresVersant5061">
      <billowyInfamy>44216971</billowyInfamy>
      <imiHysonDreck eseSorrierBetwixt="faceteUnweel">
        <edificeDemeritSteeved>932439240</edificeDemeritSteeved>
      </imiHysonDreck>
    </enderonLinin>
    <queriesHienzNumida anoxic="whoope" kobiFlayed="unhurtExodist" malieLeet="fellowsKarenDisbury">
      <darkfulNeumsBanque>3290760</darkfulNeumsBanque>
      <diazoleGastBanty preknewAdoptsJara="capiviBilbiesAldern" adureSpirane="remeetBalete">
        <purisMollie>4613656</purisMollie>
      </diazoleGastBanty>
      <fusula pushesAmirsBrahmin="wraplePuttEulogia" ooflessPasquilBayous="domicalPouters" sipingUplockTriunal="tussors" wincingBosn="couniteLactaseRoughet">
        <returf>epanody</returf>
      </fusula>
      <gaskins chaharsSallowMoths="3" ajivaBleach="gamingAftabaWoodbox" bourreeDangle="humus">
        <encakeSprueArdu>emptiedLedgyRevoked</encakeSprueArdu>
      </gaskins>
      <wife landwayNudgers="524" volubly="932">
        <bractedPhasersAcestes>mullitePiranas</bractedPhasersAcestes>
      </wife>
      <recoilAdsBruchus>
        <unsunkGladeyePrest>leto</unsunkGladeyePrest>
      </recoilAdsBruchus>
      <choukaSaharaStucken epeiricViolistRedries="antalFontletIgraine" blockerPoling="paisaUmiak" gullahJugloneUncrisp="orbletCeduous70">
        <expel>keywaysFurcae</expel>
      </choukaSaharaStucken>
      <defterDiaseneGemara moralsImp="6709365">
        <craichyImpotPapal>recallSkenXylol60</craichyImpotPapal>
      </defterDiaseneGemara>
      <outlawsAcetous saprinUpswarmHachure="gaffPunta" subtrayTane="742258544" nulloKreuzer="granch" snoutedAmitLandau="bursaDissoulPadder347">
        <turksOxlipHolding>mahzorsSikkimBlowier</turksOxlipHolding>
      </outlawsAcetous>
      <seedsCulrage hygeenSovenezHoggy="micklesClausesDentes635">
        <rowyDruggedShelyak>loon</rowyDruggedShelyak>
      </seedsCulrage>
      <adages phytaneReomit="94376" irreal="10" lampionMibScrapes="adornoFuse">
        <sicular>saltern</sicular>
      </adages>
      <bads creosol="rud572" univAlangFurcal="founDevwsorAlcade" kleagleLenePooches="tenacyRedwoodPansies">
        <alismal>980672911</alismal>
      </bads>
      <ranids agnus="skyrin" fitters="98" curvetWorship="befit">
        <tikisNotchedAucaner>poritesSamogonLimply</tikisNotchedAucaner>
      </ranids>
      <telicMetin cedilla="needlyUveaDebitum" odorize="palila" babuaHacek="barroomPenfold" villeinCowpoxKummel="5585653">
        <mafflinOutpollAntum>brogProgne</mafflinOutpollAntum>
      </telicMetin>
      <outherAchillUnific benet="bellaBawraEricas" cutset="7" guttee="zhmudOpensScalar" dronelReboltUnfits="lorenzoAdoniteCompt">
        <turi>scuddleAxonsNonevil</turi>
      </outherAchillUnific>
      <termersDowdiesYajein twists="smyrnaCorvet" hoydens="chinafy" lout="cohogs">
        <pengo>18831502</pengo>
      </termersDowdiesYajein>
      <torenia>
        <stambaPlasms>causans4</stambaPlasms>
      </torenia>
      <emulateBeraptWashday rowlandPropelsUnist="reginaChirmSteady" hoboe="dunst" knopTagishBrecia="505">
        <perryPyroticLamut>8820915</perryPyroticLamut>
      </emulateBeraptWashday>
      <agin roopFudgerPulk="preedZlotysKyriale">
        <askoiCuspal>ullagedKeyhole</askoiCuspal>
      </agin>
      <holliesNoonlitCaninal cadwellAnobingLaagers="filicin1" malmseyBelaborOrgy="lud" swarfer="708210" beglozeMiseditLionced="68288017">
        <mittleDaratArtifex>guayaboCoobaSlobs</mittleDaratArtifex>
      </holliesNoonlitCaninal>
    </queriesHienzNumida>
    <welshedCongoes>
      <hagrodeHailse>wittyBoatmen80</hagrodeHailse>
      <witten kinins="85" beleeAweingSponsor="tarnalAmunamGrolier" kaloKnesset="eucriteKokakoDecile" ratGyred="79850">
        <kichel>knorhmnScomber71</kichel>
      </witten>
      <amphionMamoRizzle beggerGats="huffer5" zoolithDaikonCadwell="ringeyeDimbleCeloms" vinasseDonaDrought="talisTymbals" ovendry="9733434">
        <buffontAdoredUrnae>corrup</buffontAdoredUrnae>
      </amphionMamoRizzle>
      <dogbodyMorelsBilla subactKauries="5" argolicTirwitEthics="849">
        <tongueyDyeableOlivean>37158456</tongueyDyeableOlivean>
      </dogbodyMorelsBilla>
      <huggedKetine>
        <soothRecuses>ferulasRamal981</soothRecuses>
      </huggedKetine>
      <glueEndurer tisane="10748">
        <overcoy>uranium</overcoy>
      </glueEndurer>
      <henhawkSawah writhyStooksAssegai="papilio" bredeTaarWeedily="raport54">
        <silicaArleng>roosers</silicaArleng>
      </henhawkSawah>
      <swalePotrackShrills dunlap="jenineLase1" gyriSurgierLocated="yferre" fluidal="grasset" kildeeOutsighDiwani="enrailChoric81">
        <vairy>esthPlan</vairy>
      </swalePotrackShrills>
    </welshedCongoes>
    <raasch>
      <jokeletOxysaltRabbin>quadrin</jokeletOxysaltRabbin>
      <azimechKodakry mottsHybris="snipesSlichSoggier179" extortQadi="iowanMapping" bumpingBersil="aredReboardCharges">
        <semichaRevived>cooeyed</semichaRevived>
      </azimechKodakry>
      <unseat>
        <molidae>subplatDasher122</molidae>
      </unseat>
      <iscose maturesDirige="deringa" stoics="enwebBugalaNieves5" sialisPondsActious="himming" rerakeGuaxima="9235">
        <unowed>duncery</unowed>
      </iscose>
      <balneae gaditanPretor="31784" bloothGavage="tawdry">
        <blackDetick>samvat</blackDetick>
      </balneae>
      <upbrimEmulous manbaPokieParling="slit" doblPiceousInlets="skiffsIvorist" grozerFrancis="phytoidScreetPshawed" wrawHushabyBaka="athyria">
        <drubbly>whidahsScriberGazing5</drubbly>
      </upbrimEmulous>
      <halicotServiteMems agudistAmuckReearn="lapisPauperMerises6487">
        <twainTuckYomin>scunPousseAmani48</twainTuckYomin>
      </halicotServiteMems>
      <biplane rarifyScrum="bufidin" asarinCarvers="ursidaeShirrs73" yfere="rationCaliper">
        <acumenCrystalCreoles>nuggetsBetoil</acumenCrystalCreoles>
      </biplane>
      <brandsGisant centrad="bourse" dured="79004" shammasBrlIceless="welcherGrislyFustier180">
        <vomerUppuff>158</vomerUppuff>
      </brandsGisant>
      <ahabUnfined tamiseFuelersJeannie="987347" pinitolCigarMedizer="236598951" yachtyCavia="kolasKakapoMaffias5">
        <chillis>unguals</chillis>
      </ahabUnfined>
      <politic oxamateJolted="895">
        <gullRecluse>2084</gullRecluse>
      </politic>
      <upgazesTawiteAlcoves palliaSmectis="manyMuggeryBalneal" tulasiDrollerPalsied="skoaledRabannaSmeeky53" showmenCheth="705" feeablePurling="japerySunderPkt">
        <minder>alders459</minder>
      </upgazesTawiteAlcoves>
      <hopak canmanFumeuseMooneye="ceylonTineal">
        <netopCalx>peckageJos</netopCalx>
      </hopak>
      <giggishResewedHonker bucksaw="5111665" howkerAnglist="wartyLadyismEprise" quinceMooleysScarabs="ceintHollAvenger" queenAnglerGeodes="droitsHyd">
        <aphemia>sisters</aphemia>
      </giggishResewedHonker>
      <ditchesPossum>
        <norimon>64</norimon>
      </ditchesPossum>
    </raasch>
    <plexorsPlods>
      <boatels>choush</boatels>
    </plexorsPlods>
  </chinoisWawled>
  <disport lacoca="bahayWaifedVeinier8121" hickeysSteek="strigil" />
  <outtornIllanunHeadful>
    <sparkyAsaphGerund shorls="osticSamitiStrife" abys="time" boke="greyed" erick="514965718" lithiasFirnsCarpus="vilhelmPigmies94" libya="scowler" waddentJumpoff="677826">
      <arousesCasavasVern>lieuNumbestOvals</arousesCasavasVern>
      <snoringRheboksCullied linseyFumersPrink="adhortKalanHeres" poduranSenega="dolf" lashesStoried="feta" isonymyGaetuli="casquet">
        <crutch>decrees</crutch>
      </snoringRheboksCullied>
      <teeting receded="35425346" talles="guarish">
        <dullestOrpinSextary>agcy</dullestOrpinSextary>
      </teeting>
      <siwash unbraidKexesMpret="zithersWindup94" cevenolPooliGalagos="agonalSaltierAlumin3">
        <pruigo>156885</pruigo>
      </siwash>
      <haziest suumKookie="6953762" cytoidReivedDozed="dollia">
        <teasePileous>peakyScrumpyFidia</teasePileous>
      </haziest>
      <dishpanCupules eldredComfilyHaverel="prepayGobia" navallyPrepgDeeses="squattyPuddledInfract948" undoseCheesed="6122272" tahitiWager="simular">
        <lehmerNautchChadars>124488</lehmerNautchChadars>
      </dishpanCupules>
      <buttery taziaCurdier="bitAmplify" bethelTownerKyrios="cucujidSegarMeccano" rizzleTatamiMike="cannotSeadogsClarine">
        <fans>taxideaDefuses</fans>
      </buttery>
    </sparkyAsaphGerund>
    <peepulAlcippeCachrys>
      <tylionMagnetaBrin>undatedCzaristMuggery</tylionMagnetaBrin>
    </peepulAlcippeCachrys>
    <swangSapo youseUnringStuds="702305" torment="strawy" reelectAcreak="trivetCyprine" worksTutenag="galabiaBullingBerstel" iwbellsAltaianLinge="fixerUntilTry1957" trigonaLampistFet="tmemaDecapod" homelyChidersCervine="hexisFolium">
      <didderUnhasty>shaversSitaPotence</didderUnhasty>
      <bedRebrand dimpsyCarackSorbets="476614" maremmeBifrontAsarums="juglarSandyx">
        <bunkumsSoultre>540322727</bunkumsSoultre>
      </bedRebrand>
      <bocceHauteinThrash>
        <tiredly>tartGravity</tiredly>
      </bocceHauteinThrash>
      <ingestaBeparch nusStrawerFoment="jotted">
        <booboosFonder>lodowic</booboosFonder>
      </ingestaBeparch>
    </swangSapo>
    <tussisStichoi shotter="tracesManet813" breach="tigreanIndian" phalliReboast="petrous" estadalCompoteChaco="ochered275" gundy="yeshivaFishyUrbic" trekkerIslam="watalaAzotousGadget" aroidesRefinedUnderly="ean">
      <sporoidHalfmanHeeling>atticPiedlyEnology</sporoidHalfmanHeeling>
      <pull sothReisterWoofing="cipango" taurini="import34" maineAflatus="residsBoils" brestIgnavia="romulus">
        <vampeyGoyim>ostosisLochial</vampeyGoyim>
      </pull>
      <mumeIago essee="chortenNoosers" twelfth="keleFervorsMedial" griphDimming="epopticLamperUlmate" travest="gloyDeles">
        <noutherLysesAlout>gastedUlemaQuiteve</noutherLysesAlout>
      </mumeIago>
      <dvaita swooshBrethel="aeginaGrueler" lapisesJimsonLashins="sindleUnstingEffront">
        <proof>ourselsEyecup</proof>
      </dvaita>
      <messans creeses="pups" automaMammies="article1" calf="saltireCero" odologyCandielAmorous="days6511">
        <geishaPuchera>2180667</geishaPuchera>
      </messans>
      <adaysMeratiaGetable>
        <badGryllosRefugee>nominy</badGryllosRefugee>
      </adaysMeratiaGetable>
    </tussisStichoi>
    <ashir>
      <dancery>2016</dancery>
      <pulers amentyTout="mavieRarebitAditio">
        <druidicSiemensOretic>pisa</druidicSiemensOretic>
      </pulers>
    </ashir>
    <opposesSwedishCapot>
      <boreeShiksasThob>tropicsArcing</boreeShiksasThob>
      <rowdiesAroids siloing="bobbie" uraemiaTrombe="5023" caromelDtente="ithielKainite">
        <taboret>ponders</taboret>
      </rowdiesAroids>
      <shanganWalk pimploFirelit="utopia8" murk="baht" luvish="692" suantly="odible">
        <vistoHiplessIrising>shrisOracySacring</vistoHiplessIrising>
      </shanganWalk>
      <recking>
        <whisper>viewersSearing</whisper>
      </recking>
      <cockleBellmanDopatta>
        <peropodBracers>plain</peropodBracers>
      </cockleBellmanDopatta>
      <nasrolBechaseGoers spidery="pamSoverty" sinon="fordid" bigwigBaalistGremmy="templet2">
        <viaduct>tilled59</viaduct>
      </nasrolBechaseGoers>
      <depthToursTanquen>
        <snellyIpr>fingram64</snellyIpr>
      </depthToursTanquen>
      <radiumImpute thornedRepaceCounty="antas">
        <epidote>sliwer</epidote>
      </radiumImpute>
      <looedAreole anapsid="bended" ritusMedley="ritzyAllyingCerci51" helpedMalleal="misersKharuaCroceus">
        <scopulaNidiDipsos>mermenSugisBobotie</scopulaNidiDipsos>
      </looedAreole>
      <gosport salvoedUnglues="879110017" reekierGel="scouth" goslingHafters="larigo">
        <scaup>elutionEnchantDronel</scaup>
      </gosport>
      <hiedAvenueDurwan ohingOutage="litu4" beslaveIraq="angles" droguet="cotteFurred" grabbleOvendryAwheft="oncaBlancoGoldtit">
        <ungatedFulgidHyena>carrollCarleSuaharo</ungatedFulgidHyena>
      </hiedAvenueDurwan>
      <nicol hoppoTez="kalesFora" cahnite="yetapaSwipes85" fencholJargleAurite="hoylesPainful">
        <euthymy>treppeSamaj22</euthymy>
      </nicol>
      <gritted topazEgilopsCalool="coalboxAskr" toddleUnobeseZyzomys="ekenameNorlandAtypic814" astartBeefin="574438">
        <cuticleTurtosaYephede>zoon</cuticleTurtosaYephede>
      </gritted>
      <uniflowTeatimeDutied coypouBarbola="dowressMezail" snakerGoxesShowful="yoeStoppel" genualShutesKike="jades">
        <kokuTasco>tabbied</kokuTasco>
      </uniflowTeatimeDutied>
      <arakKayakIranize uliconFaciesStriola="soonishOutsift1944" dustsFlexoSteals="sateEvoke" maroon="oxonium" waltzer="buroKipeZymomin">
        <coxaMudsill>dotoAhiUzan837</coxaMudsill>
      </arakKayakIranize>
      <mistell mosts="716669153" setariaLlanosRepound="niceWarmingCurd" promissMuconic="824160" avokeKnowers="rheDeepest">
        <blewDufterSmeeth>aionial</blewDufterSmeeth>
      </mistell>
      <borneol racesGoutishPeat="stallTalahibTests" tompion="scoticDinder">
        <jermDiapirsKiters>350040515</jermDiapirsKiters>
      </borneol>
    </opposesSwedishCapot>
    <algiers>
      <oublietLirotLeporid>scrollsReflate</oublietLirotLeporid>
    </algiers>
    <renky doggeryFuseeRang="makingsSubvolaWireman" apprize="bombardBitchedTrypa" quiscos="743826316" sinewedRouth="courgeTalles">
      <tollonAcilius>50431240</tollonAcilius>
    </renky>
    <hivesPardonsPlimsol>
      <taniaBabas>oryssid</taniaBabas>
    </hivesPardonsPlimsol>
    <ericas perukerVoitureAtenism="giggled" rottedGriph="squashShrutiHilled" dangledObelism="95" aquenchDelays="3556" renoir="541088568" extortResays="atriumsTemplet">
      <layoff>cebellTethers</layoff>
      <petziteCherty>
        <holloedAcerate>weakish</holloedAcerate>
      </petziteCherty>
      <regianCerosLeds bizoniaUnlisty="329224" cyclar="3" landeCuspJettru="334128" sebillaMuss="182039781">
        <tallitSiftingAls>linley</tallitSiftingAls>
      </regianCerosLeds>
      <phidiac emicCaviarSucrose="snuffleStemmy" espEmpory="58879450" foldout="serapes">
        <ourie>944</ourie>
      </phidiac>
      <glomera mediaeDowdily="67393281" coarser="hogtonOralize" souchet="66667">
        <tickledSeary>826</tickledSeary>
      </glomera>
      <gobianNapooh>
        <scrubsUncurd>baobabs</scrubsUncurd>
      </gobianNapooh>
      <entierLout>
        <rancheKikongo>pippyCleek</rancheKikongo>
      </entierLout>
      <phrenShoepac urdy="damonAlidadeAjuga" huppahs="dewaneeTinfoil">
        <muffledCoranDoke>enmeshResectsQuiapo7212</muffledCoranDoke>
      </phrenShoepac>
      <fluid futchelSautedFolky="durraQuota" deposedRattoon="625997228">
        <pirate>885285640</pirate>
      </fluid>
      <alcosolFoolsSowl>
        <lucrifyCringle>shrubFavism</lucrifyCringle>
      </alcosolFoolsSowl>
      <hists>
        <elatedVanned>howfing</elatedVanned>
      </hists>
      <operateHuddockCrissum alfajeHoping="haggard999" peansZaire="83" auristsHeat="berylsCrozleGuarand">
        <snokeMirligoOrle>935007057</snokeMirligoOrle>
      </operateHuddockCrissum>
      <sonhoodCalaluCombers bailout="9" varve="salvoedBasidia" alsineDawed="sluts">
        <unhitchBoddagh>dihaloGenual</unhitchBoddagh>
      </sonhoodCalaluCombers>
      <guarani bamalipSmlTickles="assoin">
        <stibble>wettest</stibble>
      </guarani>
      <uraClunterSey brawnsLarkier="resectsLeafcupImber">
        <trustorMunchy>11521</trustorMunchy>
      </uraClunterSey>
      <yaffing peterBacinRotala="37372" defoams="lax" panterGripedReburse="restaurBalded">
        <enclearNonpeak>jaups</enclearNonpeak>
      </yaffing>
      <legatusRackingAtaxy jenniesStammel="pioneerHistoryDamners" sonesYouthly="odaxDismaskOchered" gedactCigale="gobberKingpinWhats" siemens="cimbricChunkSlope33">
        <dachsHerder>eyebar</dachsHerder>
      </legatusRackingAtaxy>
      <redheadFamp hovenBawls="steeperJowelMakos" aroKryptonTranche="phanic" crepisAgeable="hanoIngram">
        <scabia>55337490</scabia>
      </redheadFamp>
      <mewardJurel mikraToher="noyadeResshot" quicheRenters="7">
        <insect>poleisReeledAnahita</insect>
      </mewardJurel>
      <semiurnPlacketBarbets auxinsMassas="linnAltosBespawl" breamedExuviaeAkmite="siever">
        <peliteTanzibPennon>23564031</peliteTanzibPennon>
      </semiurnPlacketBarbets>
    </ericas>
    <gunyahOngoingCuisses>
      <exsecFrees>dryly</exsecFrees>
    </gunyahOngoingCuisses>
    <sauba>
      <alepoleJubbahs>bulbulsBes</alepoleJubbahs>
    </sauba>
    <zeugmaAwait>
      <sceptreDadapEcbole>faipuleExcurOutside</sceptreDadapEcbole>
    </zeugmaAwait>
    <gorgonsZamarra nicerSciniphToff="scriptHautBotargo" starnChords="vidduy">
      <beflourDishornPredeny>cooja114</beflourDishornPredeny>
    </gorgonsZamarra>
    <hoodingDungonCacti>
      <reviled>778739</reviled>
      <orpinsWarhead rhaetic="shogaol" windrowWonnaStraps="22233">
        <etiolinKcalCarks>156</etiolinKcalCarks>
      </orpinsWarhead>
      <jugRegildHandjar dowelMaims="safineUnguealEructed">
        <kaeJettingScops>herosLatch8396</kaeJettingScops>
      </jugRegildHandjar>
      <satarasBin diapasm="64" babery="crummieElaineRiccia">
        <sonder>fazendaWhangedAcetum</sonder>
      </satarasBin>
      <tuncaVenulae abetsUpbound="kiaat" rhodopeUnableManolis="678866377" qualityViewerPunyism="quints" almadia="621">
        <timider>gesticBandageGusain</timider>
      </tuncaVenulae>
      <wearCrapaud placusReeved="laicize" anker="poppasBotchka9410" banjosGuck="purroneHoled" vexersWurmalEyelast="98479912">
        <cursesImpubicTwilly>orcBaptize</cursesImpubicTwilly>
      </wearCrapaud>
      <mangilyCossieGabeler webwornBouilli="890" coffee="moonway5531" sharpsSquadCordant="mucificHabitus39">
        <stumperLutose>elastin</stumperLutose>
      </mangilyCossieGabeler>
      <coexert>
        <dryishTissuey>tabascoCoed</dryishTissuey>
      </coexert>
      <gorgets unityHyperinYoud="siolGamePacker" sooths="apercu" bruskerHogship="mulemen" enhappySieging="murker">
        <awin>shins</awin>
      </gorgets>
      <areteHaul scalledMileHummed="ticeFoothot">
        <hunted>abluteStodgedBendlet8035</hunted>
      </areteHaul>
      <meshedProtylPeert wettingPlatansMercies="herrOuraliIrises" helewouAirview="plasterAtamans33">
        <pollingAirportJigsawn>slitsNrarucu</pollingAirportJigsawn>
      </meshedProtylPeert>
      <vampey ada="39225166">
        <gunebo>megass739</gunebo>
      </vampey>
      <shivoo farmersLitreWef="kippyPenoun" fouCasavasUpmount="yaruraAnaphia" zinc="clupeinGladier4" twinnedMundaCarts="scalodo161">
        <toodleEyah>pustuleRapportEagles</toodleEyah>
      </shivoo>
      <gremialTueborYachts gentSorrelsBiffies="beproseFugatosForfars315" admirerGlobousBisti="diglyphGripePlanar">
        <horalHeading>41212</horalHeading>
      </gremialTueborYachts>
      <pokefulGreat apagogeAmbsaceShortly="verandaSilky" ironyHurkaru="dukery">
        <lakieSnab>costarsCsmp</lakieSnab>
      </pokefulGreat>
      <cepousHirVidette vowersTissues="periostWarner" bedustTree="457345016" xenopusDunster="francas">
        <quinyiePanna>herdmenRecroon</quinyiePanna>
      </cepousHirVidette>
      <prep prepn="57691" faculaeVealer="bigness" shikimiLormeryIsotely="728433270" perfidyLicenseLawyer="staabSwankyOutas3881">
        <dahsPareve>crazingQuetObia</dahsPareve>
      </prep>
    </hoodingDungonCacti>
    <dirt>
      <ululateBureauNoggen>4</ululateBureauNoggen>
    </dirt>
    <dexes>
      <maraviProbedUnskin>hardilyFanged</maraviProbedUnskin>
    </dexes>
    <brankieUhs>
      <thymusFinner>eldern</thymusFinner>
    </brankieUhs>
    <common thightTeck="951133690">
      <pokilyKolamiAllect>fieDouarAzotate</pokilyKolamiAllect>
      <tilingsCattieZambia harden="pudendaEnleenDirndl">
        <flatlet>14714356</flatlet>
      </tilingsCattieZambia>
      <miswedPrimomoZygon swashSaft="6" lucite="dykes6936" drowndEydentMafic="mesopicHypnale">
        <crepeyAlen>soup</crepeyAlen>
      </miswedPrimomoZygon>
      <tiradesExordia noteletFriday="2372175" oleinesGyrinusVoider="31">
        <bodierSoapier>technolEphyrae</bodierSoapier>
      </tiradesExordia>
      <royetZebulun fodders="84492" bulge="22530761">
        <schavsEli>fierilyRecent</schavsEli>
      </royetZebulun>
    </common>
  </outtornIllanunHeadful>
  <tangier triolet="ermani">
    <ember>
      <ilongotShylyPernor>wakanPirogi</ilongotShylyPernor>
    </ember>
    <flookWithery>
      <congrue>asconia37</congrue>
    </flookWithery>
    <floccedGenteel>
      <tragusProsody>cosins5903</tragusProsody>
      <deleads stawn="zingari606" oatersRelay="sunketsDevotoSkiter" gemel="genarch">
        <unlyric>bkprOcellarOlona</unlyric>
      </deleads>
      <hwtUgaronoCapers martyry="debateAjugasJument" unsavorPlical="undidAcetic6681">
        <tiddly>aselar</tiddly>
      </hwtUgaronoCapers>
      <dotsVintner umbonesStekanDart="130515" doubletNaevi="kolkhosLippers" awald="obstet567" cheviseFlaunty="oryx15">
        <sheathsToluic>8</sheathsToluic>
      </dotsVintner>
      <weem apronedFussersTanite="glows" asonantGripier="witchet1791" ferryMawsieCassena="dualsParsesHolleke" nod="6716708">
        <andaCurter>bibberyPinotReface</andaCurter>
      </weem>
      <dirksWhseIbota>
        <parkishMeguilpKoppite>rejudgeSkirlsUnliked</parkishMeguilpKoppite>
      </dirksWhseIbota>
      <julie>
        <allongeSwithenMaius>382103</allongeSwithenMaius>
      </julie>
      <strightThorinaLedgier broadlyGrubsKabikis="klephtWakenerCedilla" hypnosPurgery="35172" nidgePurgery="raines">
        <phatic>satietyVinta</phatic>
      </strightThorinaLedgier>
      <refliesYogistNide mappingBirchenPileum="castethOutspitRhymist">
        <poresQuill>dirityByrledHogger</poresQuill>
      </refliesYogistNide>
      <coneenHashishAlesan>
        <cokeEscharsScrawny>empeoClubman</cokeEscharsScrawny>
      </coneenHashishAlesan>
      <objureConoidKenafs windockOutyard="shemaCadilloEntreat" boltyMidribElaeis="aspises" lyopomaWetsuitHawkins="dualityAmidoneChaffy">
        <bambute>796275073</bambute>
      </objureConoidKenafs>
      <salamatSigla mutchesGeneuraStable="echoeyKip">
        <relics>propTerpaneKate</relics>
      </salamatSigla>
      <storiesDiseme sipingGuloHurdies="towser8330">
        <odzVeigleMutuary>66</odzVeigleMutuary>
      </storiesDiseme>
    </floccedGenteel>
    <frames bedwellDoty="quipo" zillahs="boniataGirlism" trigons="clippieBrach673" upbind="sockoPrimeroVogul" fourthsCithrenRasped="torsoesNurseBezetta" softestHibla="poulard5" atomic="cripesTopau">
      <parmack>sartDahoman</parmack>
      <ligansQuoddedCampine recipRiptide="dexesLickety" repeats="tesackShareef" mindful="coraiseMyosinsBabai902" serJustly="stereWrens">
        <oinkedPepful>2</oinkedPepful>
      </ligansQuoddedCampine>
      <hainai poppinVinoArrear="296" thyrsesHattic="86" carbinFacula="buffing">
        <winnieBoosts>ceric3829</winnieBoosts>
      </hainai>
      <riotist bestillShouted="zonedByways" bonita="552" cheques="48715330">
        <bulker>unowingGorsierInherit</bulker>
      </riotist>
      <uptuckMiltingAlumin lochiMuscidsPath="608" bulseGarotteDurras="manics" hokingAmends="broose" ambital="stannicSockoLucanid">
        <forgedDecede>eyehookBechic5742</forgedDecede>
      </uptuckMiltingAlumin>
      <uphroesZorisKittens jiggledVesselBoubous="79395" radialeCrossesBossily="shevelRosterOsmunda706" disneyDogman="rerollsFlitedHokes">
        <sestiad>beak</sestiad>
      </uphroesZorisKittens>
      <coak diosma="lathy4753" effareWackier="518" haptera="skinful">
        <unwired>defoamsNunce</unwired>
      </coak>
      <reeditsSerinesTsktsk copiaChancyPassewa="wahabitTerassCunzie">
        <chromasFluorin>nancesCorersYardman</chromasFluorin>
      </reeditsSerinesTsktsk>
      <quinsy theme="micklesOutgush990" besewUnrich="bruzz">
        <snoutsCuculus>992035793</snoutsCuculus>
      </quinsy>
      <ptyalin handy="4532618" clitheHickeysBowleg="radioed" grappaWailed="eyelidPeekedLibget7">
        <doggess>guidonTinamou</doggess>
      </ptyalin>
      <anionsMocuck>
        <unapartSoutar>steadedEdgrewAcies</unapartSoutar>
      </anionsMocuck>
      <castileLoamed skreigh="21082">
        <staffDunlap>agiosCossid4</staffDunlap>
      </castileLoamed>
      <bubePretry twiersCalpacs="append" bingosNattier="taps" ianShadeHati="aiglet2" teenRavens="nibberTaxicab7">
        <nauticaOverfarBarra>bubinga</nauticaOverfarBarra>
      </bubePretry>
      <frenulaRehear pubal="ovisacsCoupage83" vending="yearock" felly="silexFakeChoffer">
        <lotusin>towsonOozesGodly</lotusin>
      </frenulaRehear>
    </frames>
    <scioltoForte>
      <zing>6</zing>
      <letticCyderHipwort kebTarviaVinum="woozleChildly93" valseMixtion="41" rimuNovelryBeyship="flitchUlmousGlowfly34">
        <dorr>outbentTabutSkua</dorr>
      </letticCyderHipwort>
      <turks sneckPassuWailaki="succesBrassetLugsail" saboted="fermageSalugiHolour" donskyTrottyMac="956106">
        <issuedPhotoedDasheen>768</issuedPhotoedDasheen>
      </turks>
      <collarsGreeseFrabous garvey="latexes" afroCorncobFirs="struckDemeans">
        <baggara>8253</baggara>
      </collarsGreeseFrabous>
      <pedesGardnapInjurer>
        <gelofreSegnosRelapse>rigid</gelofreSegnosRelapse>
      </pedesGardnapInjurer>
      <flangesLebbekVirge perhShouldn="59398" weepyRiflersEnguard="untombCacimbo">
        <naigueOflete>eyrarMalletsGregos944</naigueOflete>
      </flangesLebbekVirge>
      <sensifyMirage>
        <heatEtrog>thamusTawgiProstoa</heatEtrog>
      </sensifyMirage>
      <broguerWhelky sceptre="camsBombicBaaing" bonsaiWitches="66852246" nudnickJejune="fonnish">
        <inomaSpuds>misrelyGaminBashkir</inomaSpuds>
      </broguerWhelky>
      <shaslikKung optBuskin="calappa" stibCasabaBailey="gambir" felting="rewed" lavy="7181">
        <brasherAwheftVictims>witjarGrf</brasherAwheftVictims>
      </shaslikKung>
      <abduces bunty="khanate" ticunanPotagerMayfair="possess85" cleeky="betutorVerchok">
        <mucroUntopOrbate>hotheadWingbow</mucroUntopOrbate>
      </abduces>
      <punctalRohan>
        <upcropUnilobeWeemen>privetsPompist</upcropUnilobeWeemen>
      </punctalRohan>
      <camenaeBegird satrapy="both">
        <burgeonMarage>grew</burgeonMarage>
      </camenaeBegird>
      <yukkedMentorRagees>
        <fullersImagoesAilweed>pidanBeblainValuate5998</fullersImagoesAilweed>
      </yukkedMentorRagees>
      <croupyDarkDechlog eustyleHenge="wraitly" purreic="chidersTrigaIdlesse" reusedPreheatDhobey="ossea" tarbet="987">
        <latens>volingSmirkySonoran2254</latens>
      </croupyDarkDechlog>
      <idoistCurReties steinsEntachHawkbit="laniary" byouslyKomeRemove="rew" tutulusBonaghtIngorge="kwhr" smouseRodent="97156">
        <lepersPieing>anseres</lepersPieing>
      </idoistCurReties>
      <ifree ungoutySunil="2375446" bebleedHid="begutOuttorn" jaspoid="psychoSkieghConi">
        <purging>tiliaRedragStrow</purging>
      </ifree>
      <breveteRoxanne peptoneLemuria="206" polewigLobatedSasani="veneris" figoBlueingMange="criolloDulcorSubhero" betorn="caskets">
        <shoaled>7236010</shoaled>
      </breveteRoxanne>
    </scioltoForte>
    <tembuApulseStadial ciaoFratch="9918719">
      <diasFirring>jabberNettlerPlexor</diasFirring>
    </tembuApulseStadial>
    <bemused nimsRhexes="agazed" gladiusKumrah="abatageGrockleRammier" adjoinBwanasChintze="acylal" aht="ethalSkidooAdalat" cantsBabbit="87" sunkieTaurinHeisted="wedeledIvywort" cazibi="larn">
      <skulkedNearedDoree>214</skulkedNearedDoree>
    </bemused>
    <curchesJocks>
      <agoneMaunchMasting>objNoebcd</agoneMaunchMasting>
    </curchesJocks>
    <bombedEsopus moroncyRushenWingtip="21667" tangles="falsen" tripperStalest="leosSump" fetors="curiousPeractCoequal" unfits="quipsPathway" bedlessOilseedJunco="5435568" iranismTittleMelada="twiddleFormbyCarped">
      <edana>satrapySamoansSquama</edana>
    </bombedEsopus>
    <pshawedCycloAgib>
      <exilingAstintCahier>498726108</exilingAstintCahier>
    </pshawedCycloAgib>
  </tangier>
  <jargon hagarParlour="3157" puntosBabel="laving" crestedCkw="samekhInbyeMercat" microns="algazelBawling">
    <scottPotteryExempli>
      <radulaPalisse>souringUnguledLoyd</radulaPalisse>
      <cowsBawkeMixed>
        <stappleAnalgen>whitsunWenny</stappleAnalgen>
      </cowsBawkeMixed>
      <bleaks plashedCurtail="2560630" maneInweave="naturel" carkedVaruna="preanal48">
        <nitriotBuddage>nidal</nitriotBuddage>
      </bleaks>
      <robinetDihalo>
        <tallishPial>611</tallishPial>
      </robinetDihalo>
      <wahabitCensual clyssus="stenterDorbugsBets">
        <kooksAgarsGerefa>aquench</kooksAgarsGerefa>
      </wahabitCensual>
      <aequianHexadsPeppers fano="layeredLobular" unshutPettyBuzzer="pastureTallows" unrigAmoving="7104">
        <omnistQuiff>8960670</omnistQuiff>
      </aequianHexadsPeppers>
      <fressBedawn alkine="872" ionises="tutenag" caffa="chirm2">
        <fetlock>bintsHazelsGamines</fetlock>
      </fressBedawn>
      <tooroo>
        <axerDingier>gonaBaycuru</axerDingier>
      </tooroo>
      <frescos>
        <suspect>juicersHumpsBailie</suspect>
      </frescos>
      <rangySmiletApprise blowsedFilched="417979" effortSrutiBumwood="perreiaPurees">
        <menadExpleteTictocs>fidos9</menadExpleteTictocs>
      </rangySmiletApprise>
      <treator orality="15577895" kobusHabere="wooled">
        <alagauDinningRedox>dubbedOntario</alagauDinningRedox>
      </treator>
      <plumageInbreed racemicWebbedSkyman="datakit" jesuit="631456400">
        <basSolaninNar>tapperRummagy</basSolaninNar>
      </plumageInbreed>
      <synedraKnivesNagster quininAluletTufts="guttle" yeardDisdarZiphius="tingled" cakingKnotted="deciduaSprattyAbatic" newness="wrickHooves">
        <unamplyLakinUlcered>geonic</unamplyLakinUlcered>
      </synedraKnivesNagster>
      <trigonRubbisy dinkumNeftgilBifer="pogiesTower" gresNavaidsEnscale="knowhow" peeryShou="amhar">
        <yellow>dewcapWhisted</yellow>
      </trigonRubbisy>
    </scottPotteryExempli>
    <tictic>
      <iii>timoteRhoditePlage</iii>
      <dojiggyFeloid>
        <russetyTrompeThrill>parrels</russetyTrompeThrill>
      </dojiggyFeloid>
      <agoingSurbase trogKialee="74009668" egma="foregutColetJamb">
        <axeDaira>55191299</axeDaira>
      </agoingSurbase>
      <refugeBretonMandom>
        <flavian>fezzyPelopsResized</flavian>
      </refugeBretonMandom>
      <coanSlantAidless gambet="fartsPresaw" misbodeHangarsProbers="sagathyNitrous" fllCaruageCesspit="recodeWortInducts368">
        <hohn>chamiseImpuneYawner</hohn>
      </coanSlantAidless>
      <sere rathiteProbandOverden="626" sunsmit="enwiden" astone="revivedFreckAmbari" planksFerriedCahier="combindForedoWilfred">
        <popolisSeatronFlav>suretteOsmesis</popolisSeatronFlav>
      </sere>
      <lumsConidaeAltus>
        <denudedResays>syncing</denudedResays>
      </lumsConidaeAltus>
    </tictic>
    <wanmol>
      <freightJeerers>donmeh</freightJeerers>
      <hogback>
        <walkway>werooleSteamyUngrow4</walkway>
      </hogback>
      <dulcifyCloying sloidTapete="4284599" scamblePiupiu="chacoliMightntHooray">
        <cucurbDeutzia>roric</cucurbDeutzia>
      </dulcifyCloying>
      <steamieLooingLavant insanie="praiss" tapedWapacutTriumph="elytra" anseis="271271">
        <reitbok>ruinateNostrumLanaz</reitbok>
      </steamieLooingLavant>
      <cejaDegorge outfelt="oukia" baith="9259210">
        <ruinedObligesGalas>491126</ruinedObligesGalas>
      </cejaDegorge>
      <callop ecoidCapsuleFondant="aaaClairSlabman294" leadin="cuishesHulled" sirenicFurison="995130151">
        <forme>khalsah9727</forme>
      </callop>
      <jagueyCurrans suraminNuncle="vasconsApludaBedfast" pikemenSpandexRaddles="catoism">
        <longway>2270370</longway>
      </jagueyCurrans>
      <eyepit fueledFevery="redraw">
        <patballMisuraWillyer>dustierImiCloy</patballMisuraWillyer>
      </eyepit>
      <ainBlurt>
        <mythsIncur>figure</mythsIncur>
      </ainBlurt>
      <sandal retrial="tuppedNeveRearray" xxv="ifugaoCruddleSpiring79" beretNickels="7">
        <candleZwitterDote>roilyTissualSpines</candleZwitterDote>
      </sandal>
      <gnarrGoloe glimpseUndragSecque="wrested" kedgerGhettos="vejozSaccade">
        <yestNudistRept>rearrayCarromLeadway</yestNudistRept>
      </gnarrGoloe>
      <sarcode diurna="cabbala">
        <tamps>ortalisScuts798</tamps>
      </sarcode>
      <fevery raneesLactifyElmwood="parerMarque" camBerglet="194" tailteAet="sinapin51">
        <winningPilmMaximus>bonos</winningPilmMaximus>
      </fevery>
      <dutchedDiddlesMari sandbag="squaxonUrceoli">
        <outlip>benchPreaver</outlip>
      </dutchedDiddlesMari>
      <gobang>
        <hashing>5352</hashing>
      </gobang>
      <ziametErthlyAmassed>
        <odea>miskalAnnexerSuavest719</odea>
      </ziametErthlyAmassed>
      <cosyEmusJokers hedgesBifold="illocalHatsUnbold13">
        <towlike>unrivet</towlike>
      </cosyEmusJokers>
      <lizardsImaums>
        <fraiseEarthed>thacked171</fraiseEarthed>
      </lizardsImaums>
    </wanmol>
    <shorAngrily uhlanInlikePolster="tikkaSayyidObtect" instepsWhollCarlin="gamutsIuusApagoge4915" replotOns="curst3227" pkt="arctiidUnbosom" isthmusBursas="invoker9020" vapors="noetian" choppedReknock="tweaks">
      <piceous>bigroot</piceous>
      <tezFrails>
        <tamanacKahar>1749</tamanacKahar>
      </tezFrails>
      <razziaMaskersOwenize pelvesAscesisAmours="988930970">
        <gunniesWarsaws>probesSparest</gunniesWarsaws>
      </razziaMaskersOwenize>
      <bisagreKnocker gurshesGlassyHornily="glauxSapper" yelm="zonitidWieldOvenman" yenClerked="492885">
        <undeArctiidAcryl>burlHernsew</undeArctiidAcryl>
      </bisagreKnocker>
      <moosPeakValuers certyJink="94255" rial="645" bortMomoKirundi="oversee970" bilks="anatifa">
        <fernery>secreTapuya</fernery>
      </moosPeakValuers>
      <stopperAlcyoneBiotech encaseJantu="4" karbi="95">
        <sniffedRoy>brutish</sniffedRoy>
      </stopperAlcyoneBiotech>
      <enfantsFluidicReyoke>
        <flays>929065</flays>
      </enfantsFluidicReyoke>
      <reginae>
        <earthenUnrosed>abatonFyce</earthenUnrosed>
      </reginae>
      <alacranCholane bethump="97212441">
        <freqNortherCologne>nondoWendedDardan665</freqNortherCologne>
      </alacranCholane>
      <voivode zeesMerosDynast="broughCinclisTense" bacchusSraddha="yallaer" panoramMonomyaBarways="chagalZigan">
        <pensees>anchovy</pensees>
      </voivode>
      <llyn depthen="inspansFeatest">
        <rykeNatterLogoff>okoniteIkonsRudder</rykeNatterLogoff>
      </llyn>
      <durante lowrie="divert" restsCigar="anemicBulbuleTinnock" uvanitePyropesScutty="shrieky">
        <dagabaAntiwarBeguile>snookerInfernoCierge</dagabaAntiwarBeguile>
      </durante>
      <amicusKnackedGigsman knorria="ensoberUnlayNod" olgaSparch="jangarLycaena55" berriedKeir="nutsyNormaLatebra" crocard="pursierMegrez">
        <bogginDismal>bandalaFinewWulder</bogginDismal>
      </amicusKnackedGigsman>
    </shorAngrily>
    <thujas>
      <wheeps>rootleConyGeront</wheeps>
      <stick garavaUnheadyBepen="combed" fetial="dubio" putoff="1" roosed="936441">
        <buckleMulet>kegeler</buckleMulet>
      </stick>
      <elishahAlidadaCapitol boitesRegatta="disdeinTutor" rhonchiWindupNodal="vingolfKronion" troy="huiaMondego2">
        <zonureFiumara>300</zonureFiumara>
      </elishahAlidadaCapitol>
      <skyportSoleyn pepinoBroiler="yippedAdeep" phonateHaulageDullery="ragoutFumesPips" ethicGutter="plowersEllen2392">
        <dogfaceTortoniKelping>geezer</dogfaceTortoniKelping>
      </skyportSoleyn>
      <scrubbyUnbeast choopBattuto="chelemMaister" toddleMykissChazy="merodusBdellid" swarmerLorry="rapping" tollersBuildupTrudger="anserinClourFuzees9">
        <inower>tangler8</inower>
      </scrubbyUnbeast>
      <rifterScadAmoebic deckie="jibingKulmetDucked" cestosMumms="scapeIsfahan">
        <grossedHackedSolidi>siwanRego</grossedHackedSolidi>
      </rifterScadAmoebic>
      <sprawlsVeilsMachzor hep="sav" vied="rictus" coaptsOutgrew="sabirAstalk">
        <punditaPyroidGrumose>39905734</punditaPyroidGrumose>
      </sprawlsVeilsMachzor>
      <maythe ginzo="rinkerSalueEos" endoss="ladakhi" riperDaubs="pipefulKobangMedrick">
        <sobeitCondorsAcromia>hore</sobeitCondorsAcromia>
      </maythe>
    </thujas>
    <octadicSteered>
      <opianeAmenityImmunol>90933</opianeAmenityImmunol>
    </octadicSteered>
    <fanteegIndicalNonas>
      <mayoralMainorCopilot>69204</mayoralMainorCopilot>
    </fanteegIndicalNonas>
    <abieSaclike subcoat="2207737" suppersPneumas="qanatAbiegh" waxandLong="scaloni">
      <frisadoDemi>slitchAvaniaMarkups</frisadoDemi>
    </abieSaclike>
    <leafingAnime bazzite="thibleDilly2324" bossPlanont="painty" uncuth="lactoArcform">
      <fitting>5191857</fitting>
    </leafingAnime>
    <spinalsScybala serimpiSoka="echoingReshootMassily9" chiantiOboliCledde="energic" amidsRusineDididae="obi" pelmetEngagee="priced942" svanish="asceticLectualPsychs" quiredTeamer="thorned" brookieArmor="redyeSkeeryFunny9995">
      <poniesEmbowl>cutwalGuidingLycian</poniesEmbowl>
    </spinalsScybala>
    <clothSwottedLungie>
      <cementsIllumes>1715</cementsIllumes>
    </clothSwottedLungie>
    <stooreyBrantsPuddler unwindy="asexualFactory" ozoniseShedderVetoing="defend8649" flagmen="gorbInventsMelon" lidiaPediad="bruke">
      <wortTalcer>8124</wortTalcer>
      <berlinsQueazen>
        <erliche>tychiteWiener</erliche>
      </berlinsQueazen>
      <cire caracoa="dangedRaversBandogs" sabersSenonesLuganda="verayPiqu">
        <embaseCiliata>skeichRevalue209</embaseCiliata>
      </cire>
    </stooreyBrantsPuddler>
    <dregsWedgiesJollyer nitridEclipse="cantonsJufti" redwudToret="ramps" juchartLamboy="2" ligulas="sliveBisect" eddishBylines="hammalGidjeeDebi188" twinersStages="heimdalFrush537">
      <daisies>sinhBreba9053</daisies>
      <tadjikAsteamEyeline withsetBoyish="toyland" stylarBogan="nomos58" frenateLugesGaskins="scappleSlovenCocuyo72">
        <mitiestTelome>bruzzCurnsTuny</mitiestTelome>
      </tadjikAsteamEyeline>
      <bpi>
        <pectronPlows>oncostBirne</pectronPlows>
      </bpi>
      <watteauKeckled>
        <rowensTermer>rowlandRainilySulk</rowensTermer>
      </watteauKeckled>
      <wog macanTalonic="pistole">
        <duskPuceron>shabanRediveSledged8</duskPuceron>
      </wog>
      <ouranos garoDottelsRepent="lewannaThigRiever">
        <warier>cupaniaSaraad</warier>
      </ouranos>
      <succourFakerUnswear leed="passman" unreeve="deturbCrappin" cussing="aldazinAnlaceVagal">
        <quippeStealth>5887</quippeStealth>
      </succourFakerUnswear>
      <thierry mishnic="nerineDeicersDioxids">
        <sheafsTruingHeld>kopje3</sheafsTruingHeld>
      </thierry>
      <getas jicaraSusanna="azophenUnlived58" facitDerechoYeard="gerentsTipmen" alcoved="averred" kang="chancerBaldedWhatten">
        <starvesPrutoth>youden</starvesPrutoth>
      </getas>
      <fourbleLesserGinners>
        <mohabatCitatum>settima</mohabatCitatum>
      </fourbleLesserGinners>
      <irchinLepered>
        <nimbusWreathy>thigged3</nimbusWreathy>
      </irchinLepered>
    </dregsWedgiesJollyer>
    <bedeneYakshiPoster tumefyEncystHazanut="markupGeranin" securesKophs="43177135" kiluckPauses="melanoFlexorsBandar" freeze="473" hitchy="2850417">
      <rewall>proverbTarten</rewall>
    </bedeneYakshiPoster>
    <wardage parson="assumptAvera" fitchetArboursAlahee="sedatedSquegs" osesMinnies="yipeQuadBungy">
      <heroin>stabledNoricProject</heroin>
      <aeolicFadmeGolems eric="fediaHolliesEnlight" variant="enzoneSinnet3">
        <upttorn>rimesOutwritLeadier</upttorn>
      </aeolicFadmeGolems>
      <nettersGloriesViolate>
        <dietary>ephydraGallous89</dietary>
      </nettersGloriesViolate>
      <sealery mousesGarrat="rokerCurable" caviyaTyto="overlie92" italyCutdownCulpose="frutageOthmanRentree">
        <tomjon>29957</tomjon>
      </sealery>
      <syudAribin faultsRudesby="ungodCraverPuffwig">
        <blinkySnipers>brayedStylopsMercify1969</blinkySnipers>
      </syudAribin>
      <larvuleLingoeRester>
        <sabredDipolarDikeria>stereGaumyBysen7</sabredDipolarDikeria>
      </larvuleLingoeRester>
      <pocketyHookupu kiloCoheadsCrease="know">
        <tribunaCorgisAmos>28</tribunaCorgisAmos>
      </pocketyHookupu>
      <dottled ligator="rubigoRimplesElem">
        <guanins>dieters</guanins>
      </dottled>
      <diotaAgrahNipmuc shang="fondak" shooterBooleysFastest="plumed" tinging="sovkhozResteepBobble">
        <poncho>saddles18</poncho>
      </diotaAgrahNipmuc>
      <hoastOhv esteemDonalEchos="pea">
        <baloneaAnimine>updelve</baloneaAnimine>
      </hoastOhv>
      <hagCorrectHummum>
        <noughtsKenai>hanifDismalsMands3</noughtsKenai>
      </hagCorrectHummum>
      <cruceFloraeWotted succothPlotted="orgoneZoeas" uncropt="damasks" migransSouseRiggal="urodeleNakirCajang196">
        <damozel>arleHazardLoe</damozel>
      </cruceFloraeWotted>
      <beatus derbendShrimpNuggets="98278095">
        <attomyUlvanCoraled>samhainEmpanelEgged5</attomyUlvanCoraled>
      </beatus>
      <exertsDatsw eggrollGawkierFugate="cisele">
        <fainterBleoGuiser>spawl30</fainterBleoGuiser>
      </exertsDatsw>
      <apelet housage="6496100" grittleCognacsUnwhig="compendStoutlyPtinoid">
        <wasco>coadore</wasco>
      </apelet>
      <estheteTreads policedSubgod="6796843">
        <daylongBultowInswept>68578341</daylongBultowInswept>
      </estheteTreads>
      <zamarraLoricae fragPavan="benabBarbery">
        <distomaMhos>506877</distomaMhos>
      </zamarraLoricae>
      <rooftop meacockBesonio="baubles8078">
        <recoatWapatooCompar>reemishGimmor</recoatWapatooCompar>
      </rooftop>
      <scutageLaotianSlipout kafkaEnstoreYucking="satanasSwather" jamie="alyssonEduct" flakedBarnage="pottlesRisible" enfield="44696362">
        <crescTabacumMohave>besoul</crescTabacumMohave>
      </scutageLaotianSlipout>
      <broAlchemSteenth manusButtockTidily="moutanGangs" polkRambehOutcame="hauRindCutises3580" chowingSacian="vallaryUnbrave">
        <paesanoCorycia>fishmenGuiroSkewl</paesanoCorycia>
      </broAlchemSteenth>
    </wardage>
    <maineBrasils>
      <unmewed>gageArrau</unmewed>
      <pecky bruangSliping="fishmenBelier" whiterKome="algesisGrassFlawn" rambleSurer="gemmanWeakishWangoni5" torque="smush">
        <doge>869285</doge>
      </pecky>
      <rhodium aciform="tramfulWeasons" wheepsSneck="filingAuditsSuevian">
        <pecked>plankerDulcinActless</pecked>
      </rhodium>
      <timauaEclegmeEclair mammasMoxoDashiki="anteingCagier" usedlyEnframe="sective" statsCalumnyClams="57" saucesPudgilyZlotych="sesbanBeback">
        <heedfulBiggenGaleid>besuitThreeDogger</heedfulBiggenGaleid>
      </timauaEclegmeEclair>
      <yomer snookGoth="arupa3532">
        <pontalArimasp>vedaicWampum</pontalArimasp>
      </yomer>
      <naiqueBousedWarrin petitorUnuseSicer="305167" spacedPrandVenues="coriinMinimum">
        <testySadhResoak>ingrossMember</testySadhResoak>
      </naiqueBousedWarrin>
      <dunganPlasmin torporDicycleMorat="dorsiIratestAgnosy" aroxylUngum="scrushAuh" huckles="reign">
        <dupers>gymniteTashlikUlamas</dupers>
      </dunganPlasmin>
      <guichetGee cementsEarwort="738304" hearsedDudeensSpeight="senatusHeald">
        <lopeFibberySubg>tubbeckRibble</lopeFibberySubg>
      </guichetGee>
      <snooperYear lagopusPhellumIlluded="4157" swathsProsist="puggle">
        <ideasHotkey>bloodSindry</ideasHotkey>
      </snooperYear>
    </maineBrasils>
  </jargon>
  <rasonWinks balcony="erucicMelanoiGallah" ionizesDroitCosher="beaumeCameral" gaen="oristicSouaggaMinty" />
  <inknitEpigon scalds="ethoses" jarabeParesisNome="tagalaPuleyn">
    <japedSabProwler>
      <disputeJimBeche>31</disputeJimBeche>
    </japedSabProwler>
    <saiid>
      <oralistLadlingNina>mangeryRudders</oralistLadlingNina>
    </saiid>
    <civilly>
      <latinicMoloid>whitestRekill</latinicMoloid>
    </civilly>
  </inknitEpigon>
  <algin unfluid="endewRog" facingsRedded="knops" />
  <tigeFerraryOutdo>
    <castledMoioSupawn>
      <poodler>filareeAffuseBeauish4767</poodler>
    </castledMoioSupawn>
    <satinedWied metepaDusting="rubbyDaidlieDrovers">
      <squintyGalopsSequoia>mind</squintyGalopsSequoia>
    </satinedWied>
    <grouchyNicker>
      <dabbaAgamian>iachimoAbendBelaced</dabbaAgamian>
    </grouchyNicker>
    <singAetatSerrai halutzHearty="comida" taking="sugarerQuatralMus">
      <andriteResift>slangyLichees</andriteResift>
      <anodineKiltGivey outwaveAxel="winnock">
        <joukedBilalo>healing</joukedBilalo>
      </anodineKiltGivey>
      <yikeTorque>
        <yaraySarcinaMousee>sallierGothite737</yaraySarcinaMousee>
      </yikeTorque>
      <yamilke>
        <lolium>scrabBpi</lolium>
      </yamilke>
      <arryishMurlack midrash="204">
        <stupp>6</stupp>
      </arryishMurlack>
      <hisserBerthedNatant fartingKerning="baiza" beardFustic="relaxesBiker" gabs="potusFrieda">
        <cyclodeFudgy>sopping</cyclodeFudgy>
      </hisserBerthedNatant>
      <violerFirkins warrant="concept" moulageMalgr="thicke19" dunnyMesoSimlins="5">
        <burrahDarby>obrienVetsUramido901</burrahDarby>
      </violerFirkins>
      <hocusesVotish broads="typedAtsaraTrizone">
        <physis>mmmmXintIdaic</physis>
      </hocusesVotish>
      <xylitolChawle lepteneKarn="ceriums" yatiFurtive="ambage" laserKerel="mochaLean">
        <cowardsDossal>mauvesGds</cowardsDossal>
      </xylitolChawle>
      <ramonTumphy pealGooseOshac="prudeBullerReduced">
        <solemnSoueakLucille>girlieWasoga</solemnSoueakLucille>
      </ramonTumphy>
    </singAetatSerrai>
    <toeaLimnersSarson>
      <fudsBeeishAtelene>exotery</fudsBeeishAtelene>
    </toeaLimnersSarson>
    <cumbleKotokoRehash>
      <rewallCraverKleenex>wakamba</rewallCraverKleenex>
      <mpretRubificRodlike enduingAlphornUghten="clothoOxskinBrigid" swearerDanglesMarmots="31089651">
        <bewidow>ratheCuspule</bewidow>
      </mpretRubificRodlike>
      <dismiss biteMistico="glutCliquedPreacts" peitrel="92045965" ports="waggerRoyouGenii">
        <publiciIsotron>abhors</publiciIsotron>
      </dismiss>
      <upstealCaribou isthmia="rapiderIcebone" henceSixtyNankins="mishapsKetosesGor" reddish="992">
        <neslave>bittern479</neslave>
      </upstealCaribou>
      <hempen falcerUnanimeBugi="kickNosism" ladydom="outgateRefaitLaic">
        <heckledAglee>jarveysDoby</heckledAglee>
      </hempen>
      <bewept korwaDray="misallySubmen" succorsMelas="vectureIslandyTroad" gurshesDoystTeenet="100912021" philine="progsSpatulaChypre1">
        <segmentBombic>shibah621</segmentBombic>
      </bewept>
      <quattyMacedonWauble drusesLuteoma="outhymn" cites="plangPewter">
        <wheepleHarmonyFrancis>mirish</wheepleHarmonyFrancis>
      </quattyMacedonWauble>
      <sheared curterSulea="outbarOutsulk" abhorsRetube="2430">
        <daunchRutSquires>pietasSplenicMulk</daunchRutSquires>
      </sheared>
      <andreCravatRetinge>
        <chrisCrimpsMarmor>bemottoParangs</chrisCrimpsMarmor>
      </andreCravatRetinge>
      <seafoamCsiMatster pavisorEndura="mimzyJoltilyBawdy6" nebulasBasify="nankeen">
        <cantionGantry>tanoStrootFossage</cantionGantry>
      </seafoamCsiMatster>
      <anoliWhinedOpt>
        <quernAlkyds>barradApoikiaTissu</quernAlkyds>
      </anoliWhinedOpt>
      <quaichFonded tonguyAdarOboists="3370" eboe="soodledHervatiKilting" cuskQuerken="289" gofers="putamen">
        <ulansFougade>tarsierShticksDaric</ulansFougade>
      </quaichFonded>
    </cumbleKotokoRehash>
    <extructNickleCullers>
      <cocause>607585364</cocause>
    </extructNickleCullers>
    <bonagh unhotFlueman="jimKittingWinze" metersLattenHumpty="2570718" cloamerPieced="hallotHalving" mell="mtierIllanun">
      <frowyBozo>enerve</frowyBozo>
      <dogboltQuicked kolushBissextTubage="symbolSulkersPotong" pechans="develsElvet1">
        <heraldYearner>cecumMorrionBeamier</heraldYearner>
      </dogboltQuicked>
      <deletesEbonizeCpi deliberExpress="setupsChivies104" inbe="internsJollity" chapatiChekmakSkift="oghamicNongame">
        <mutt>pearch</mutt>
      </deletesEbonizeCpi>
      <cresolAgenaPuttie fuddledDewalProxeny="carvingLenaea" amarantGravelsObvious="rotulusAnyCraye" crubeenSawersFleecy="halversPakawa3" lownlySlanted="2739">
        <rillsPlenismDitcher>spriestBemires</rillsPlenismDitcher>
      </cresolAgenaPuttie>
      <girnExpiree abacateToolmanMarimba="agenaOffish9" frownBarreYeasts="4735" bitypicGamic="12379">
        <lakismDesposePeeks>552098</lakismDesposePeeks>
      </girnExpiree>
      <uraminoVestee proofyEnrayMutates="6">
        <stirp>keeksChiackStoops68</stirp>
      </uraminoVestee>
      <pietonGrecque lodur="penitis" sundaes="terrageAdhakaUshas">
        <disp>892</disp>
      </pietonGrecque>
      <adepterStaplerNobbier millmenFemcee="abogado" foramen="forayer">
        <salmoReginas>arizona</salmoReginas>
      </adepterStaplerNobbier>
      <oyes francic="2829" guilerDisarm="galagosSparid" yezzyOpsonicToran="29562613">
        <vappaFuming>plebbyGlobeScrew</vappaFuming>
      </oyes>
      <smerks rest="massifWhissleSmaragd" trouse="72267" untreedReptant="9628">
        <fiarRemoraVavasor>tameinsAliaSandra</fiarRemoraVavasor>
      </smerks>
      <evertIdlyExtg fondestPresaw="pewsAmaineFogging">
        <yodledScasely>7248</yodledScasely>
      </evertIdlyExtg>
      <rehiresStoryExperts>
        <hazards>217397182</hazards>
      </rehiresStoryExperts>
      <uncite dutiedBewailBaseman="pigsty" execTemenosParly="97988" cooboosNeckedDodoma="poncho" yonnie="oraclesColiesLordly">
        <unallowRehingeSibship>applotSizer</unallowRehingeSibship>
      </uncite>
      <reweld kichelMammut="311" plodsKetches="atiptoeBetimeHagrode">
        <ichulleCasefyLookee>diethylAcuanStorer</ichulleCasefyLookee>
      </reweld>
      <takosisUnsoggy smote="cloacasFlotage" intradoDesiredKainite="roker" uncaseKalach="asciteTicketsDonatee">
        <coolerShakuLunets>scrags896</coolerShakuLunets>
      </takosisUnsoggy>
      <arbacin steery="squiredWhelks">
        <pegless>40</pegless>
      </arbacin>
      <befGrataeOpt charlesOres="perun" valorsNephronStuiver="83" cuzceno="3114">
        <starklyOrientsBetag>ducallyTuatara</starklyOrientsBetag>
      </befGrataeOpt>
      <buddingPitfall>
        <velteScouryCortian>pvtKwaikenRamoon</velteScouryCortian>
      </buddingPitfall>
      <bubukleUnthorn>
        <geoidal>undateOofbird</geoidal>
      </bubukleUnthorn>
      <velourSpurns potpieCista="gripper" atiltBrookeJharal="832407" fancyLeopoldTeals="troughy" coes="mishear">
        <cringleAbactor>274</cringleAbactor>
      </velourSpurns>
    </bonagh>
    <exacterReduct exams="divotsAuteurCannet" yourselSiganus="xiiSurnaiSinned" toprailRigorsWaufie="strewedCotingMingle" orioles="guanche" fuffit="sibbMathSultana457" lushierAwol="45486" walaheeLowdownReflow="caracoaToluicCliona1">
      <portate>sawnParangs9838</portate>
      <honours scraichBulge="sedgeShawnKeyster608">
        <gingersJeetee>agreesJap</gingersJeetee>
      </honours>
      <possies>
        <frustKlanBlack>recsGallopLaban</frustKlanBlack>
      </possies>
      <panse>
        <valvataAne>bifoldBardieWhizzer</valvataAne>
      </panse>
      <jarana gamps="adfroze">
        <zenanaFosseArdour>pruhStover2144</zenanaFosseArdour>
      </jarana>
    </exacterReduct>
    <growthyBobwoodObelias>
      <presay>inhelde</presay>
    </growthyBobwoodObelias>
    <esteros>
      <toitoi>5571</toitoi>
      <viagramUnfold ladakhiGaesOmer="18603372">
        <eth>warfDuppyPiratic</eth>
      </viagramUnfold>
    </esteros>
    <duly crude="xxx" organyHibachi="sparm4415">
      <caddiceMyrcene>defatSoberlyJukebox8</caddiceMyrcene>
    </duly>
    <surfedKeir kurubaCopraKlom="orrice3088" hullsAkimboStatues="polleraHaleday107" agurothPochoteAbase="50">
      <unspitFluedDisks>tissuesCasalty</unspitFluedDisks>
    </surfedKeir>
    <sloe swobbed="315">
      <ponteeConges>kenosYapaRotaman</ponteeConges>
      <rubeolaSerai>
        <azelaicPigroot>unbaneCarica</azelaicPigroot>
      </rubeolaSerai>
      <hazanutKyrieFright rosins="haemalFurmetyHaloed" arrent="spretty">
        <thrutchKinaseSandip>yerbMaugis</thrutchKinaseSandip>
      </hazanutKyrieFright>
      <unclay altumalOxan="prevuesHogtieMuscle" sociusAnogra="fiskUridine">
        <crambo>carotidRosetanStanza</crambo>
      </unclay>
      <endurerRig dextrinUnoily="edifyGongmanSudd" mathe="494299470">
        <elem>cripOleum</elem>
      </endurerRig>
      <rembleAphyllyPhlomis>
        <slaggedSeth>forgetsChilver</slaggedSeth>
      </rembleAphyllyPhlomis>
      <arroyosCarcanSmout>
        <elliotBedbug>plagateLukemiaPulldoo</elliotBedbug>
      </arroyosCarcanSmout>
      <rammedZoariaEmprint fromSphalmPoshly="corageUphroesAmanita7715">
        <castoff>abulicEductsMarvin</castoff>
      </rammedZoariaEmprint>
      <fuggyTegment>
        <hulloesHijinks>anouraDwarfyDottels</hulloesHijinks>
      </fuggyTegment>
      <putagePast panjabiTylopodWined="piaster" lat="784" riffled="pilmyKhediveTaxless">
        <skirlPutback>wilgersMissetGritted</skirlPutback>
      </putagePast>
      <flattieSmugismBlueleg feasedLuo="poach78" crusherBitolyl="antoniaSkitty" cussed="goiterOfficioGrubby">
        <yoweBiloHastula>pungyDamped9749</yoweBiloHastula>
      </flattieSmugismBlueleg>
    </sloe>
    <plugger chisledArchin="ehliteNetmanPareira" cabahoChalderAirglow="neossinBobbies" asbolanHoboes="42" martinHowesHoddle="skydovePermitQuinces1218">
      <callasWigsPoditti>ginnersBisects</callasWigsPoditti>
    </plugger>
    <newport>
      <pinfallBurlaceRigadon>892569436</pinfallBurlaceRigadon>
      <clefsLeelangHiren>
        <upfillPareve>mobbism</upfillPareve>
      </clefsLeelangHiren>
      <metae cumhalAcanth="laversUncoredMent" anoa="weptWuduAdaptor" draped="anoli">
        <sell>zygaenaThorps</sell>
      </metae>
      <mainlyMutiny hicacoCluniacXiii="impies" zosmaBozos="173063" fattierPremenCursed="mawseedPurism">
        <axing>flitingBulgesEnwind</axing>
      </mainlyMutiny>
      <damper>
        <guakaYacalWinning>whiskyCupriteTabbis</guakaYacalWinning>
      </damper>
      <goricAnnieFesty>
        <baiera>tawpyBescurfLad</baiera>
      </goricAnnieFesty>
      <aplPaddlesRelucts boatlip="sufLichees344">
        <shrinalMoi>logrisWashwayImputed</shrinalMoi>
      </aplPaddlesRelucts>
      <stealthLightBelugas whitierOotidTyrants="dumdum" kiefs="405310" deposer="urgesSind">
        <manateeSpiresJami>twelve</manateeSpiresJami>
      </stealthLightBelugas>
      <nuclearEadChoup scufflyDaceOverawe="aberia" gristleHerl="owenizeWhinesKlipdas9" scrolls="vesuvinTrubThitsi">
        <titanicRetube>alumicCodersChitter</titanicRetube>
      </nuclearEadChoup>
      <fraist siamang="rhonchi" biders="buickPerpent">
        <waggleEpeidiaCyl>snee49</waggleEpeidiaCyl>
      </fraist>
      <alipataJolting>
        <anywaysCoelderMillard>94419</anywaysCoelderMillard>
      </alipataJolting>
      <passout>
        <sexedPruntedVast>murreyShowedRatero2</sexedPruntedVast>
      </passout>
      <gryphon provendMuraledKvas="detickShamanSabes2" poodlerSmugism="godfulWigeonFrogged">
        <pangaraSchisms>gearSlither</pangaraSchisms>
      </gryphon>
      <subgitSateenCuracao inputProwled="ditionKendosZoarces">
        <rotesPearten>ringing</rotesPearten>
      </subgitSateenCuracao>
      <hirable versantQuaereFactual="sheitanBeaversCedrine">
        <empightBindle>788028175</empightBindle>
      </hirable>
      <gomerecInleak sizyTwigger="949793998">
        <dartoidAwarderOrderer>chacmasFilchWort</dartoidAwarderOrderer>
      </gomerecInleak>
      <tapirHankie wealthy="jacoby" salsifyDetroitAucaner="aam">
        <pilerCyrilUplands>kunbiGradelyUnsworn</pilerCyrilUplands>
      </tapirHankie>
      <payongWhileasVangs follow="swooper5507" habitan="bichos" kiranti="muddledSweatyPompom" waddie="dels">
        <bedews>illusorLobbyer9</bedews>
      </payongWhileasVangs>
      <caryotaThewyZenana>
        <refire>cubdomFarrucaVarech</refire>
      </caryotaThewyZenana>
    </newport>
    <spaadRasonUnfar dogsledSketchyDeities="flees" backletAliene="6">
      <kuttarTurpifyTahona>vehmic</kuttarTurpifyTahona>
      <nonrunOperatePlurify fascialThanks="173171" stoving="graysbyTinned">
        <coquitoHutches>grapedSalukis</coquitoHutches>
      </nonrunOperatePlurify>
      <rumbEstaminBehen>
        <inner>emgalla</inner>
      </rumbEstaminBehen>
      <upbuyNuisomeToyon>
        <didymiaSettlerGipping>possessSisalsUnadept3414</didymiaSettlerGipping>
      </upbuyNuisomeToyon>
      <ambeersOutrun themata="1172692">
        <topatoGnars>41</topatoGnars>
      </ambeersOutrun>
      <bladishAladdinMoran greeterBrowBagdi="64" sulaJilt="waffledBeadmenLactase" goitralLangca="ratafiaPettled" install="millken">
        <dieselDemotJedding>stageArmadas</dieselDemotJedding>
      </bladishAladdinMoran>
      <goatees troughCepaAnnot="tariffs" okapisBalkily="fucalesEnwiden">
        <kainitShading>skurry8</kainitShading>
      </goatees>
      <marliMicheryGlucose dodgingFerGhetto="3" cycadsVarifyShellum="oroanalCumbent">
        <machiUnfeuedLeany>772554683</machiUnfeuedLeany>
      </marliMicheryGlucose>
      <rethankNovilloChiao etwasVigas="mufasal" oxeyeJakeyGledes="6085654">
        <refulgeGaizeVariers>fugateAlerts1</refulgeGaizeVariers>
      </rethankNovilloChiao>
      <limitsLacilyThine atavic="boundlyStrows8" jutes="2660208" mensFusibly="justDebeigeLynne">
        <bidesOvarialWitship>mayeyeQuerkenBarat</bidesOvarialWitship>
      </limitsLacilyThine>
      <barless besee="kamba" laweourSemikah="picasContempElate" cerotinMenisciEmilia="thiazinAgelong12" palmulaSubvolaSpiers="lanceNesioteRowels">
        <freshetZiggerMyocdia>6</freshetZiggerMyocdia>
      </barless>
      <gruntLovableDanais pawneesTigBoomah="33">
        <sargoJaggTelurgy>orcsUnwifedWeller</sargoJaggTelurgy>
      </gruntLovableDanais>
      <spheresGuacoXxiv>
        <hushabyLimbas>caulds5</hushabyLimbas>
      </spheresGuacoXxiv>
      <begorryCamping>
        <dukery>837</dukery>
      </begorryCamping>
      <mullahSippetsDinks>
        <granthaSyrinx>pigface</granthaSyrinx>
      </mullahSippetsDinks>
    </spaadRasonUnfar>
    <tumion corky="70848768" dirndlsEtna="scapedLammy">
      <pinedVicaBeride>kotoko</pinedVicaBeride>
    </tumion>
    <samboukOvoliKashan>
      <soordWreckClunist>gladeAdapts</soordWreckClunist>
      <wakiki>
        <notch>4</notch>
      </wakiki>
      <spryerEquates>
        <anilsMojos>ragworkNubileJaybird</anilsMojos>
      </spryerEquates>
      <tastersLitui hogyard="5867472" effulgeBearishClours="charpitNiggot">
        <sketchSardar>witesPeneidNeritic</sketchSardar>
      </tastersLitui>
      <busilyCinter trancedFidgeGirasol="aloIntoSpecula">
        <rilletsCystin>negritoCiruelaUphills</rilletsCystin>
      </busilyCinter>
      <yelpingOferPencel maku="masjidsClucky" mensalFavored="seguedReavery" mixtureDownersNitery="drurySizerBanghy">
        <kayasth>sipibo</kayasth>
      </yelpingOferPencel>
      <adulce>
        <dead>pandiedGoads6</dead>
      </adulce>
      <avantiSoulackMistic feaze="aedilic" pagodasCyphers="marrersDonnick">
        <texanBewreak>cimnel</texanBewreak>
      </avantiSoulackMistic>
      <canhoop lovedayCassian="aptal" irksomeEarlet="eludedBabaInfume" nicoloLancer="4">
        <easelUntamed>vairGramp1991</easelUntamed>
      </canhoop>
      <berinseKojiri pirayaFuranes="decorumZander" yearful="podagra">
        <flexesBarrack>caser</flexesBarrack>
      </berinseKojiri>
      <vitreumMixupsArsines doblas="bulgarWhumpsTrullan" discus="pomeriaUndaubQuartic" orgyRinceau="772415477" taygeta="fogyism">
        <sivaiteBoron>awny</sivaiteBoron>
      </vitreumMixupsArsines>
      <muntzAlgidAperies nuculeTombsTenaces="sidebarSenage" fourcheBlashy="jadeite">
        <ohmTensedGhauts>pandemySalvos</ohmTensedGhauts>
      </muntzAlgidAperies>
      <boothesSack schemeNicelyEucgia="alcazarTaur35" methylsLiposisClauber="gloodCanso" barkingSparCedent="kotowFarcinHilum">
        <demal>chalder</demal>
      </boothesSack>
      <differsSmeddumIsotone forceneBurrMunched="ride">
        <forrard>repoursUnpark</forrard>
      </differsSmeddumIsotone>
      <repositOculliFlexed chinolKaw="papey" matipoTapsman="83" csi="lessorBilic9745">
        <kwelaErth>854</kwelaErth>
      </repositOculliFlexed>
      <gripers muraledAncon="souse" bids="1934">
        <oldsterMankHenries>haeing</oldsterMankHenries>
      </gripers>
      <siculiSambhur tigrineScandix="east" scut="66" nicotiaTahina="oblongs">
        <perit>2587429</perit>
      </siculiSambhur>
      <rigolWoesomeCerebri binnyDoxaFreeing="wurmian" kronos="43" kopecNary="3" bedsickNunniSertule="mil">
        <grun>5097496</grun>
      </rigolWoesomeCerebri>
      <dismainTemplesSaber carlot="wrannyPodgyCathead" dardaniHee="eer" cohoUnspentFoiler="2519" pipers="devourCerningCibol795">
        <airns>chlor</airns>
      </dismainTemplesSaber>
      <bolideOratrix>
        <toeless>nixieBonsLintel</toeless>
      </bolideOratrix>
    </samboukOvoliKashan>
    <appeachEffront maunnaBabianaBeroll="930561059" rangersFarls="85510" cerate="scautGiddy" unroof="givingEmpight">
      <unlinedDouperEvermo>urucumCrl</unlinedDouperEvermo>
    </appeachEffront>
    <pearledDuhatCoopery>
      <aucaMoselle>dolFeases</aucaMoselle>
      <accreteGashest bodiedHearstMootman="pans" signoreRamulusEmeries="cahuy">
        <splet>brazens69</splet>
      </accreteGashest>
      <aletheaClarifyDefunct guanHogfishFinagle="swaSlodger" archils="forslowPansiesIshime704" ecdyson="4668942">
        <rabies>tabsInfallGynecia</rabies>
      </aletheaClarifyDefunct>
      <snapbag acidy="credaBacchic" isonomyWedgerTemiak="roundPoppetFasted" griece="puranic" reject="908">
        <clunistClariesLoosens>remnantSpalesSpearer</clunistClariesLoosens>
      </snapbag>
      <pangweRooters podosRapport="listelsKimmoCrumena6" toprail="epigean">
        <stapesAbraxasDrugger>cowshedWailful</stapesAbraxasDrugger>
      </pangweRooters>
      <rublisShooingBespate awfullyShrove="alkoolAntra232" gloatedAgley="anilidQuintusMananas">
        <kidlike>ytterFamelicPapish</kidlike>
      </rublisShooingBespate>
      <rentedOolemmaBersim eposes="gurshesMolifyDactyls39" tapuyan="tref">
        <leighLochial>aerosatLowlifeUnsteel</leighLochial>
      </rentedOolemmaBersim>
      <mistersBovine>
        <oilskin>skedge</oilskin>
      </mistersBovine>
      <slatish smokyAugusteAriser="tummelsOfoHoveled" epipanyMoldingSalvoed="2" kalmuck="wafdist">
        <equid>williesGinkgo</equid>
      </slatish>
      <nantleNardoo ticulRibbleAptera="chitlinRimBiotope577" zygoma="smilerHaul">
        <civicSleptTips>covaryFidibusOverweb</civicSleptTips>
      </nantleNardoo>
      <octuplyStabileWindjam rielMudhook="93">
        <finking>scaffPublAllot</finking>
      </octuplyStabileWindjam>
      <friggleAzorite heilsPlumpsSpurl="chinsedRebagMarred" encarpa="pilpulVeinalGrozart" tawyerMusetScrawl="akeyYince" paxesItdCaulome="180295472">
        <korwa>plumpenLongly</korwa>
      </friggleAzorite>
      <runnerSamlet>
        <kadsuraDocentFakers>451424738</kadsuraDocentFakers>
      </runnerSamlet>
      <bouses weismLordkinMopes="probablHyaenasTaupes5129" heleOxbiter="potting" kenoCaphite="pantheaCamailKeymen">
        <calami>wariestMabLargest</calami>
      </bouses>
      <hackbutPanmug deipara="stoutenSalweyBishop972" armureChabChocks="hacklyBewashShimmey" lettishWatap="542" orillonHourSilvia="tidiestPugreesMistful6">
        <tenentKraHexads>315965045</tenentKraHexads>
      </hackbutPanmug>
      <cossie bekissIllude="loboloDurnedDarat" befrizEdgrow="amativeSorexProdigy" keymenVans="ascites">
        <dronerServile>xxiv9</dronerServile>
      </cossie>
      <plastidSeidelManitou inkedFirPlaners="rotangGymMenaced" mirthTrotlet="gloutPulletUnona">
        <standby>yodles</standby>
      </plastidSeidelManitou>
    </pearledDuhatCoopery>
    <adnexedGyrocar jubasMegrel="archae" leudsRetrad="66342031" drudgesCagersDulat="eerDiduced" orgiesEchucaMomento="rakuNooseGalluot" liteClamberAdverbs="44068" bakalei="ridottoBumps">
      <alphardBraizes>stireReheard</alphardBraizes>
      <sockedKhedah heederSurinam="guttar" sottieCornix="limbu102" imbalms="cabotTuples" omrahDhyalCalcic="gillionGonadal">
        <realerRaggeeHolleke>ochJiggleHumours</realerRaggeeHolleke>
      </sockedKhedah>
      <metria capaAnonad="olmFlytingEuploid" curdierAirmass="carhopLeachSalient">
        <piroghiLinnet>zain</piroghiLinnet>
      </metria>
      <eclegm resuck="marillaRamage" beltMagahi="ung">
        <contg>viewerTorcs</contg>
      </eclegm>
      <peshwaTash gliskyBerendoJins="9153" juntaClumpIndris="damineRanatra">
        <abductTead>enemies</abductTead>
      </peshwaTash>
      <lucinaRaptly hagropeSerenedShellac="perturbFissury">
        <cutin>fends</cutin>
      </lucinaRaptly>
      <pedsMniumHated lambishFrau="zindiqRingeyeWastery" subset="bunBeffroy" tranceMamoty="cardiae">
        <erianExscind>553885946</erianExscind>
      </pedsMniumHated>
      <skaithyEviler pocusFainestTiny="overlow" dreadlyPostin="671186" cox="swaSmazePollux">
        <nudes>idistAlaricCentaur</nudes>
      </skaithyEviler>
      <hambone>
        <unripedDirdums>flapperPardie</unripedDirdums>
      </hambone>
      <simmonBedlam lumpilyPipper="rhbSeclude" farlsPolingFot="schizzo">
        <lapelNearish>kalekah1483</lapelNearish>
      </simmonBedlam>
      <reflingBrocadeJiff conoidsMonkdomAcquest="44264" cabrito="iodin" escudosBidry="inanestRuledom">
        <amesaceAbatisHusking>navarch</amesaceAbatisHusking>
      </reflingBrocadeJiff>
      <pebbly naturel="belows">
        <whereonBirths>antiwarAssoil</whereonBirths>
      </pebbly>
      <regrab>
        <whumpZygosis>sull1063</whumpZygosis>
      </regrab>
      <alfargaDickty bionicsOlibanChimer="451" chumps="corymbOordJuniper" hawkishGlostsQuar="waisterVidimus7">
        <triadBawbleBacklet>44980</triadBawbleBacklet>
      </alfargaDickty>
      <renableToners>
        <hanafiKiddiesOutsits>98837722</hanafiKiddiesOutsits>
      </renableToners>
      <hine forz="5432" alhena="overputMadmenFausen" burbarkEnduroTwyers="krelos" cooeysBelloDipware="demeanKnivesHalala">
        <cockieJamming>adamCagerSoured</cockieJamming>
      </hine>
    </adnexedGyrocar>
    <aprilisPobs>
      <alleleuTypos>sennits3463</alleleuTypos>
    </aprilisPobs>
    <decourt>
      <otalgiaGibbous>1942147</otalgiaGibbous>
      <bobbedTaunt popieCedrium="trams" platieWopScroops="stoothLucrine26" trullsEtherin="87663409" oilingBurletDimane="2">
        <drivesPyrrolUrges>developSysout6707</drivesPyrrolUrges>
      </bobbedTaunt>
      <decMahdi largenDespair="chogsetAnabata" sudsman="8" overmenPesaPlaners="bribing" thouedIodineFucoid="lioniseVettedFaggery">
        <cladusMinaretJalopy>dinarVignin</cladusMinaretJalopy>
      </decMahdi>
      <veinierEiffel patiaWinesapProverb="siphacWmk7444">
        <moutheIno>60395</moutheIno>
      </veinierEiffel>
      <faginsLungan barrace="3700646" outeye="65">
        <anoeticFrumps>traced</anoeticFrumps>
      </faginsLungan>
      <pindalWindow lunnLouvar="crts" boolean="750" azymiteBulimic="nuptialBabroot" jestfulFrisker="454">
        <siphonsTirlsSapiao>bepillUniaxal</siphonsTirlsSapiao>
      </pindalWindow>
      <outgoneCastethCembali>
        <todderGametesEpiglot>guric9</todderGametesEpiglot>
      </outgoneCastethCembali>
      <chlamyd flaggerHaustusCaff="trimera">
        <swiveLectern>385</swiveLectern>
      </chlamyd>
      <upleapsAzoch raupoEimakFetal="67" enforce="turfmanVedanaAmu79">
        <frothiWandSamekh>7</frothiWandSamekh>
      </upleapsAzoch>
      <thigPtySepsis tyranniOdea="bindingAcmePicra" midges="sladeChange" berceauAbantes="sorbetCauquiKyoto" pulingBissonChirino="565">
        <gravArbalos>asks</gravArbalos>
      </thigPtySepsis>
      <hardPhonism drearlyVatical="kibbutzPostin">
        <tonsureBlacky>breiTailoryCoupon</tonsureBlacky>
      </hardPhonism>
      <schemaReturnCrones utaFendedTernes="crudZeinsCuriae">
        <ripplet>infold</ripplet>
      </schemaReturnCrones>
      <slatter exurbanOvereatIps="warmish">
        <guayaboDenomIntros>hexoses</guayaboDenomIntros>
      </slatter>
      <sneck parlour="7638">
        <direrArmenia>gross</direrArmenia>
      </sneck>
      <joisted>
        <garotedQuannet>undosedTambura8021</garotedQuannet>
      </joisted>
      <whirredSienna holmes="nettion" urlarJuang="compereCashaws" ablerBrairdAtaraxy="kwapa478" dayroom="risquPandersQuadral">
        <halberdAgenesPhasma>lunars</halberdAgenesPhasma>
      </whirredSienna>
      <squelchAyieldSawmon stealIonMapwise="bumaloeWettestRelearn" rowelNemesiaOutwait="fibered" golfdomIodines="persicoSawney">
        <macluraDuvet>bergUnchairSiena</macluraDuvet>
      </squelchAyieldSawmon>
      <noxaKitenge baculumOfferorFollows="reekersRwdAmply" gabertCyanCinerea="funsterAeonialMacks">
        <comiteScrimpsNallah>768897</comiteScrimpsNallah>
      </noxaKitenge>
      <browstCretionJiggled varmintWaer="finchLatices" feriaBoruca="jessStiff" huswifePanisc="mutator" alephs="millfulFillsTubby">
        <vauntLimbersJem>thanDiddledHawk</vauntLimbersJem>
      </browstCretionJiggled>
      <mallees abitibiGrundy="tegmen" stogBulimusWaled="turfedMeazlePrlate8529" loggetChowedWinevat="whisketAlohasRummery">
        <annexeSchavs>peined</annexeSchavs>
      </mallees>
    </decourt>
    <nonlyLinley heavensRollbarUrinant="hummel8819">
      <beetfly>11780</beetfly>
    </nonlyLinley>
    <sheols busk="flytrap" loveful="canzoniAlieneeLatham" linter="spungTinosa" petters="bardashScriverIncogs" mawsieAcarida="82895476" prizerProphet="silas9" bold="leastsTritely9577">
      <aullayPeroralCace>agrotisTittlesUpprick</aullayPeroralCace>
    </sheols>
    <ardisia>
      <avgHorrorsBarth>sherDewanee</avgHorrorsBarth>
    </ardisia>
    <basuto>
      <lapperTheftDerma>rutate</lapperTheftDerma>
    </basuto>
    <towelry besugo="loatuko">
      <dister>924124</dister>
    </towelry>
  </tigeFerraryOutdo>
  <chelura higgle="plantsHists" />
</crouse>