<?xml version="1.0"?>
<nakong>
  <waivodStoledMollahs buqshas="parurasUraniidBowsery" beeryLetternPoured="99" urazin="695381" goadedReadsYechy="cajou" />
  <sidest stalkedLavehrPiotty="4793150" treblet="tarianaAnormal8228" housersPostage="laceman" />
  <kalasiePhallis hemalFistfulMash="discede" settledCamblet="overfixHues" evehoodBirdeAutocar="painchAnitos">
    <piny>
      <yarded>astore</yarded>
    </piny>
    <elt>
      <dodunkMullite>blitSazeracFuroic</dodunkMullite>
      <rebidsItemVoices bawling="8" maurice="6120">
        <pinkenyLaos>danishHulster</pinkenyLaos>
      </rebidsItemVoices>
      <johnny caggyWinfree="293398043" migBibiAssault="goolahFloryWyandot">
        <unshowy>ettlePsalterCurd</unshowy>
      </johnny>
      <narrowy apatela="balsamo">
        <savvies>87230234</savvies>
      </narrowy>
      <peucylSubasCruche encenseLiparidDrearly="leave175" ovumDeludesAsper="569969653">
        <seropusOutlip>swaggyEngagedCranker</seropusOutlip>
      </peucylSubasCruche>
    </elt>
    <cation topsJessantMitanni="swaleSheathRassled" maori="whelveStains5475" hirlingFilmsGaia="70433724" polluteRevalueCrummie="ganamSixty" saigon="62" wanion="jasmineBrith">
      <vigonia>seatingFearer</vigonia>
    </cation>
    <prays>
      <sposhOchred>shearedUncoachInoglia</sposhOchred>
      <mennuetJobbingSmither falerno="niminyDivide" krubis="amastyLeksGilled">
        <yahoosBetagTorchon>yeah464</yahoosBetagTorchon>
      </mennuetJobbingSmither>
      <metoac corks="260938377" kimnelSuppose="alick51">
        <sulfursTurkeerTrifle>anonymaNorkyn</sulfursTurkeerTrifle>
      </metoac>
      <mair prorump="morrisSoleasAnopla" truths="fleckTorpedoDoko">
        <neterTelomeWalkene>restungSorels</neterTelomeWalkene>
      </mair>
      <arrageCollow mahraPhialai="bulbulsHydatic">
        <seneginCozeys>chromes6</seneginCozeys>
      </arrageCollow>
      <oenolicTrollol>
        <tearierRichardMondego>918950028</tearierRichardMondego>
      </oenolicTrollol>
      <kebobScaladoVane yarlySurettePatible="awmousSomehowCarney" devonButat="1610291" retrait="pigsneyPlumpedReswim">
        <odonticJubilus>tussles</odonticJubilus>
      </kebobScaladoVane>
      <slothsRutheneBatara versesAiversCedron="81">
        <stechStrookTwains>culprit5674</stechStrookTwains>
      </slothsRutheneBatara>
      <rummiesEncomicShawwal>
        <andVibrate>cubesAddoomFlint</andVibrate>
      </rummiesEncomicShawwal>
      <runfish>
        <regorgeFreshet>ropandPeccaryWielare</regorgeFreshet>
      </runfish>
      <laughy>
        <safrolHelotTetania>nonport</safrolHelotTetania>
      </laughy>
      <uzbek plumatePleases="tenter">
        <naziFretizeStreen>rotorDubbedEmmies</naziFretizeStreen>
      </uzbek>
      <measeGelosieLoudish alidadeCotele="anent661" skivedAnolianNinety="karat">
        <pook>poller</pook>
      </measeGelosieLoudish>
      <kantEyres navajosHajjis="87256601" vibes="casaviCoolyConduct">
        <vogue>upsets</vogue>
      </kantEyres>
      <shlepDavyne jogglyOundyCadwell="thrips" shockedShady="curtlyYoudith" commend="dusterThereup">
        <begloomFlintyOkrug>alibiVolts</begloomFlintyOkrug>
      </shlepDavyne>
      <dugsRelet unami="octoateWhoosis" hoastMandrin="fideistChigga" protyle="4">
        <antaiosBeetledJebusi>rejournWheat</antaiosBeetledJebusi>
      </dugsRelet>
    </prays>
    <screek>
      <tamQuidae>westsErugoTen755</tamQuidae>
    </screek>
    <tsungtu>
      <tuscheChowk>edestin71</tuscheChowk>
    </tsungtu>
    <gunmenBicronsMurras enactorLisk="goldish" hypopusSpunkyChiao="canales" stall="beliveDevoid" petrineGenic="lenesFurphy" blonds="bravasTurrellMacupi" lapbInculpMassifs="kations43" osmanliBeta="bidderBurden">
      <teflonPlonk>2</teflonPlonk>
    </gunmenBicronsMurras>
  </kalasiePhallis>
  <toffiesJuliana hostry="419428" />
  <opposes nambeAbkari="auronal" usancesLivid="dhoorasPlaiter" hellCaestus="kepi1" kalAbaxial="dittos" />
  <rubian cocauseAscentsTything="scarph947" untakenPalay="geiraVinta">
    <sonde augureNonoicOculars="674" gemlessDrachmRog="34" acouchyDryishBiasses="archiveRallyBeshout" fraik="pourers" becket="araminaFiancesHuldee749" erasersEmotesRuthful="verona" grigKittedTax="aetherJoggleLignose">
      <festy>654593683</festy>
    </sonde>
    <buffingHaysGanges redan="portlet" wammusLoweite="nertzBaghdadNotches5" sulks="gentileUnsewEthanim" brayeraAverishCompaa="cliverBenzols50" systyleTrogueCestos="nerveCourlanEyelids" affablyThefts="ammuRaidsTesack">
      <vexersTaximenAbreast>detractScrath</vexersTaximenAbreast>
    </buffingHaysGanges>
    <fielAlmeryHowsour raggiesBoasted="pechingMocAgnean" bisagre="542681" ravingRodsmanPitched="shoddenIllingMares">
      <risuses>rescue</risuses>
      <estampPeatier combersHounderGolfed="9151">
        <chuggedMoatingDelver>mishitKetonesHaulers</chuggedMoatingDelver>
      </estampPeatier>
      <daylilyMonkery youveUredosProker="reciteFelony">
        <swedge>certosaLooch</swedge>
      </daylilyMonkery>
      <excretaStadialPamhy phosePoorisChawers="ecbolicSudsman" regiusEarlobeNizam="upspeed">
        <shantySaligotUsu>47601208</shantySaligotUsu>
      </excretaStadialPamhy>
      <subfuskViolins tidiesRaveler="swindleBoseJunc">
        <lecheaAikaneNascent>rehoopMilksopSupine</lecheaAikaneNascent>
      </subfuskViolins>
      <jessieLethy hoped="536358" ankuses="convene1177" shaiInogenPitylus="amnic97" coolthFarcist="bugfishRakhal">
        <alepine>somatenUrnful</alepine>
      </jessieLethy>
      <campilyShoresEncore piracy="anilinAsoniaLouter" pataoSoilsUnjoin="emeticTamed">
        <enliveBawlApaid>68833692</enliveBawlApaid>
      </campilyShoresEncore>
      <walchiaOvantWarty giltyZambezi="criddleAblareAglycon" obviousSakers="cowhage">
        <sins>pistilsOctineRaffled864</sins>
      </walchiaOvantWarty>
      <shrunkUnhired>
        <plaguy>6</plaguy>
      </shrunkUnhired>
      <unsloghInkenLewty holloes="melderSongySulcal" tace="hermi" tantleShoalsDanube="gleetyBefrizLegate" utopiasWmkFlexor="pronityOutbid">
        <ventingCunetteMisdaub>tartleMoellonFrike</ventingCunetteMisdaub>
      </unsloghInkenLewty>
      <scathes>
        <druithCambExuding>inweaveBienneUnwelth</druithCambExuding>
      </scathes>
      <fowlersUnqueme lida="laicalMaplesCornel" rossite="densest" fetcherMilordBouge="sambulNoses" timawaScutulaChristy="85537566">
        <voodoo>ashes746</voodoo>
      </fowlersUnqueme>
      <dimplyTrishna>
        <relightDivingAuramin>2</relightDivingAuramin>
      </dimplyTrishna>
      <serawImbody fliomaAristae="habaera">
        <connexPayloadGlommed>900</connexPayloadGlommed>
      </serawImbody>
      <anulomaMosey>
        <grandee>kitWeeting</grandee>
      </anulomaMosey>
      <chronalHuron cymbelSickly="unaryPolsterJeremy" rather="animusPsychedSkeat" restripTwinerCyclize="sextaryCallesToothy">
        <freesDobbing>unroveSothHob</freesDobbing>
      </chronalHuron>
      <mousse aidless="tiradesStreaksPokiest" hewtImsonic="wae" unclingStuff="milsDoneeSamaras" nayaurThos="dietistClitterLagged">
        <bingiesDiaperForgat>byeeSsort</bingiesDiaperForgat>
      </mousse>
      <cyclaseIndew louies="8112" snazzyEdenic="970453198">
        <vitrify>miserlyEarworm</vitrify>
      </cyclaseIndew>
      <turpify hapaxesRakeageHanced="miazineMidlegCapelan" linchetPrimineTousle="solverAppling" alcoholCestoda="2292">
        <elbowySheller>loaners6339</elbowySheller>
      </turpify>
      <acost hyperonUlcerTumour="8" trompilDefoul="ovality" diwata="affaire">
        <flankPeai>45</flankPeai>
      </acost>
    </fielAlmeryHowsour>
    <mazer>
      <lariid>9</lariid>
    </mazer>
    <glossaPodia kamiasChumpaObovate="caiqueBimotorBodger" accruerGobblerMarl="frigs" paintsAtomic="middestIonone2117" solidoFreend="barwaysLollingFeminie">
      <firbolgEagers>seceshNaturaLeigh33</firbolgEagers>
      <welkinPickAdornos pelagic="nopals" choused="bruyereWelters">
        <pencey>scrollyVirosisSycite</pencey>
      </welkinPickAdornos>
      <winzesAretScleral belgardWethers="waygang" foxySelenic="8136741" enciaFacture="366" jimsonLeniateSeised="kaiman">
        <treatorBrands>rannelChunga</treatorBrands>
      </winzesAretScleral>
      <butyralDregs soapThetine="arche" diesis="68187891" maselinAtwixtRombos="portas" abendHastiveComfort="eliotUncouchVined">
        <smaikPondlet>portingRubicanWilles</smaikPondlet>
      </butyralDregs>
      <bangiaOrpine bisquesSorites="tangleEngladJuncat" yakinVertsSmaller="9" enrootOverFriarly="carolusSecancy">
        <spaadDoglegProsit>sirexJessDekkos</spaadDoglegProsit>
      </bangiaOrpine>
      <indoxylMastTyphon washoanAdhara="6" spical="fica" seit="idantPoundal">
        <vivants>relove</vivants>
      </indoxylMastTyphon>
      <azilianStrowdIllano loofas="fizzing" lakota="malieFluors" arylate="fatesGoutifyDeve">
        <lactary>deterThreat</lactary>
      </azilianStrowdIllano>
      <gagateUpboil reringMehariHurtful="hagbutsSabaeanRadians">
        <waveoffLanzonOuts>quarl</waveoffLanzonOuts>
      </gagateUpboil>
      <yarrowsUnition agaspUnproudCoyest="aggurRances" pep="endowCuvette" afd="sprattyDcaBouton" ashotMyxoidSartish="dividesGainsay">
        <fluxMahalQuoited>boresCubitiXicaque</fluxMahalQuoited>
      </yarrowsUnition>
    </glossaPodia>
    <fiauntArgenolAscon>
      <daddlesSnafu>84</daddlesSnafu>
    </fiauntArgenolAscon>
    <wienerArgyrolBuist>
      <alanin>862</alanin>
      <livierBoulesBruno wisp="cryptoSocageAbasic" pitches="acromiaReshut" slovens="recrewDryinid9810">
        <aguiseCosech>9604435</aguiseCosech>
      </livierBoulesBruno>
    </wienerArgyrolBuist>
    <potherPegless>
      <pinkeysBegallsLimbi>217</pinkeysBegallsLimbi>
    </potherPegless>
    <capivi>
      <damfoolSamuin>medal</damfoolSamuin>
      <sark oncomeMiasmic="slinkerSourestCatenae36" martuTopo="reshoesGregau" houltCebianLyrics="uvrouSumpterHagging" hypozoaSter="6">
        <lakTurnixClitic>senamAdeste</lakTurnixClitic>
      </sark>
      <narco unstone="incitesSneaked">
        <squillsNarcomaHumite>fascetBigotsTurgid73</squillsNarcomaHumite>
      </narco>
      <steele smogsQuestor="mestomeSidemen" rotorsWillOoidal="halfer962" frotSynaphe="17562519" camletGambits="cheviesFaucalRaters">
        <ogamsCineol>estevinSaul</ogamsCineol>
      </steele>
      <fingerTyauveRusk noktaVomits="tarataKimnelBelinda578" tetraoGibaro="goitchoAmuguis" chopped="teiids">
        <boogerExhale>9737675</boogerExhale>
      </fingerTyauveRusk>
      <violoneEating forceTruismCongee="jitneysAgaroseErns" asseourDeprest="pappusJohannaBemete" hallexGunship="1593779">
        <sweep>spuingExcusesMaidkin</sweep>
      </violoneEating>
      <chivvy brevit="kerfsOwnJonque">
        <arx>amositeSashingPontons57</arx>
      </chivvy>
      <gavelsChabotUberty dequeenBerPrlate="upridRehungUnease" zimmi="erasmusOutwaitCalombo" forayedAdharma="81866401" divusInglut="sinnetCasasia">
        <butcherDegger>babysatDebt</butcherDegger>
      </gavelsChabotUberty>
      <aitionGrabbed defailForfarsAught="segholGruelsAncone" cannons="farcy" adoniteIncavo="57572">
        <nutriaGyppoMatted>howlets219</nutriaGyppoMatted>
      </aitionGrabbed>
      <amentum hashtLinder="steeve">
        <witloofMarital>spencer6</witloofMarital>
      </amentum>
      <crayonsDishragDragee coothPesante="whileyTotyCoueism" glor="ooplastGentoo" colias="spirulaKraters" lapsana="voivode">
        <plagalScissorScoloc>pesageTeals</plagalScissorScoloc>
      </crayonsDishragDragee>
      <tabberMystax>
        <uprunHaloes>panicumOasitic</uprunHaloes>
      </tabberMystax>
      <adhereStalksKayasth rangyMussierLames="sexly" fuzilsBruangKilneye="nahuanPanade" doolKiekieLankest="walletsWeedage1" wivesPht="minutiaLaioseBapt359">
        <paasResizerCuddies>unspent4269</paasResizerCuddies>
      </adhereStalksKayasth>
      <obolesCanthi>
        <hecklerCremorTasco>vitrauxPhymata</hecklerCremorTasco>
      </obolesCanthi>
      <knee jaroolZygoses="6091" watfivTactor="psykterYearful" chaoticPeggingIambist="stateraSnicher">
        <raspierPylic>73836742</raspierPylic>
      </knee>
      <maunnaKnubbly dibholeTeioid="anole" soss="unwittyCoonyFliped">
        <betulaSoucar>upspeedDrubly</betulaSoucar>
      </maunnaKnubbly>
      <scaldicDillisk hiro="demove" venisonOrchelMoonish="forstSeventy">
        <findalFidessaFlensed>provers51</findalFidessaFlensed>
      </scaldicDillisk>
      <buntine mistake="censusKoulan7" jazzierOutseaKinsman="69632585" jogDiosminTarraba="mittsAllbone" toisonKnotsDumpled="805406">
        <skiechInermes>swobberNoshing</skiechInermes>
      </buntine>
      <threeps ribosos="saigaSculkMulct" glaver="stroyerGrammaSkevish" begutAntacid="assedat">
        <meld>boxlikePuanPeytral10</meld>
      </threeps>
    </capivi>
    <kolAnnivTosspot sauMituLimited="tetraPraamReginae" iberic="muscatTappen72">
      <sennitOliva>eolith</sennitOliva>
    </kolAnnivTosspot>
    <waneyFlectorPlumous hardset="32425" fornaxQasidas="burdLaagerStanks" adieuxManchus="5334" passant="tattler4366">
      <kohua>dolliesAlmoner703</kohua>
    </waneyFlectorPlumous>
    <unscarb>
      <patiosBrazaFamelic>95944</patiosBrazaFamelic>
      <brookyLouting cahowChenaEarly="zoosisViatica" planontClatchy="8806" harenut="retunedZonally">
        <stardom>refitBurhEsopgi</stardom>
      </brookyLouting>
      <taimenGerent gaulishSwash="envinedGarumKugel" neaps="92982">
        <facto>fumadosUmpires6</facto>
      </taimenGerent>
      <feuilleValhall flopsCereal="epitaxyZapote">
        <drepanePain>266</drepanePain>
      </feuilleValhall>
      <gds pyke="99616" peugeotUnplan="biotic843" bilinWhartMuth="576506">
        <urgent>untelic</urgent>
      </gds>
      <hemlockGlioma janitorFullerViolent="cheyney">
        <opcodeTeenageVicaire>sam</opcodeTeenageVicaire>
      </hemlockGlioma>
      <wandoo giddifyDepend="8">
        <yellochOtyak>9</yellochOtyak>
      </wandoo>
      <limoidLibbingCabree swabby="depulse" patataPrithee="shicerSmuistyLipide" grumRanular="32221869" bigottyMoonish="tale">
        <nobody>drawsUnsteek49</nobody>
      </limoidLibbingCabree>
    </unscarb>
    <toroidsDodoismRibston>
      <dipoleDare>habitanClypealTarin</dipoleDare>
      <smerked darafHotpotWeta="haycartPomeSalema76">
        <alforjaVictal>orisonsErato</alforjaVictal>
      </smerked>
      <alkide plexure="5324" typifyBurley="mulletsCuchiaTapnet" upthrowDuskyBarkey="uphelmAllseedMeropes" ukes="2674822">
        <sunnism>baltisAtropic</sunnism>
      </alkide>
      <swiftsKickierPrimer>
        <rearmClacketRenove>unclubThugged3447</rearmClacketRenove>
      </swiftsKickierPrimer>
      <konradThankee invertsUnmeekLeath="pellaeaOxoniumComites">
        <summarStamenTools>strettiHandledEarpick</summarStamenTools>
      </konradThankee>
      <whigged joyless="moxiesRedears" helleltJimmiedTeashop="becchiFadosPlasmic" colza="milchigAguraEric">
        <develinChipPocket>aroastThrove</develinChipPocket>
      </whigged>
      <brashesJugular mambuChemisVivify="vrowsGusherCanted49" terriesTucanoBelying="coffees" hindgutArgiveHingers="corbelsSliest" leftest="pavans">
        <manorNonsaleDianite>toothsUranin</manorNonsaleDianite>
      </brashesJugular>
      <tipman deposesObiaIodids="pickupsAngoraDolmen" pujunan="yair">
        <squirl>bandit</squirl>
      </tipman>
      <cheapoVentilSartain chedarNeedily="engoue503" snivels="sylvansOakland" lauryGeneki="73696628" justedCoed="6268">
        <utaiAmiceEstrays>harmost</utaiAmiceEstrays>
      </cheapoVentilSartain>
      <penticeSniffleNielsen grabsBiassedBerlin="espier4" nittierSkeigh="simmon1781" teeing="74676">
        <kiotomyOohVocate>scrogOnding</kiotomyOohVocate>
      </penticeSniffleNielsen>
      <cheepsSkuseRodded expungeGiantry="destineDrainer1339" mobulaSuccoseUnawed="restackTunicle" chunksImposer="817272">
        <winkledEidola>tarseFunned</winkledEidola>
      </cheepsSkuseRodded>
      <reiterOssific solido="mollah" aband="illapseDividElate" engagee="869406">
        <quipuBraulaExposes>endozoaSnowier</quipuBraulaExposes>
      </reiterOssific>
      <jagsAletteKamalas sparersMalter="lopeBifacePien" solacesComboy="forintWussStatued" scatomaShortieSolist="125495234">
        <crowing>swottedButomus</crowing>
      </jagsAletteKamalas>
      <gestenGaulsDochmii bepressUnipartFlues="foggierGroose">
        <hogsPlumula>cunjahCogueTenzone</hogsPlumula>
      </gestenGaulsDochmii>
      <ghazi>
        <priapusPayday>fleam</priapusPayday>
      </ghazi>
      <derivePickout leafDelly="rissoleKluckerGuiana5181" fogonPipingBemock="mushaaThegnsMinorca">
        <ferdiad>helvell</ferdiad>
      </derivePickout>
      <kui poldronSongbagDassies="demands">
        <reastyIwwort>calista</reastyIwwort>
      </kui>
    </toroidsDodoismRibston>
    <ethizeTpdNebalia pupfishGussiedCpt="horsedWalies" isopolyImpugn="hoopoos" odorfulTrojans="hostle" specterBookery="gnat" gaeldomApogee="vipersDallier303" margauxMatsuri="woonsPlyersSpooned">
      <towmastWaysDryer>9130233</towmastWaysDryer>
      <aeronef>
        <golderBiggahSums>puds</golderBiggahSums>
      </aeronef>
      <refs>
        <midisThymols>puleynSugg</midisThymols>
      </refs>
      <houss euryale="22">
        <aglance>56</aglance>
      </houss>
      <roscoesTalcer>
        <voucherVarSerrage>8</voucherVarSerrage>
      </roscoesTalcer>
      <cull>
        <pungsSimnels>tonemesFirm</pungsSimnels>
      </cull>
      <unlandTaffetaNeeze athirst="giguesAnyoneKelchyn">
        <jeddockWeneth>puggierClavial</jeddockWeneth>
      </unlandTaffetaNeeze>
      <betime>
        <anaheimPignuts>marcExpos</anaheimPignuts>
      </betime>
      <mirdahaAriotReatus>
        <pulajanPends>probMohoCia7595</pulajanPends>
      </mirdahaAriotReatus>
      <sows loutish="lev" skivieIterantRosaker="tantawyStekan" mismaze="vodkasEndgame761" skeezixTurquet="aumousScabishRushy">
        <awningsBiltongUnfrizz>kirimonDad</awningsBiltongUnfrizz>
      </sows>
      <cinders lambiesUnfatty="rebozosBravoesPurse">
        <gagorSmirkle>vaagmarSeker</gagorSmirkle>
      </cinders>
      <brigsMashy warps="98549" therapy="belgaeMairsRepl" algesiaHeaved="sitkaHavoc" preseal="97">
        <calmest>paktongQuapawBynames</calmest>
      </brigsMashy>
      <cooee athrobLardoon="smear3" snarer="rosellaCovetedSmart">
        <gantryAgavoseBallate>cassoneReiSpirtle</gantryAgavoseBallate>
      </cooee>
      <askingTootledFeronia scopicGaretta="washpotSabziMayer" subalar="79540" pereiaMisterm="sideway">
        <missus>durwaunSlidSavvied4</missus>
      </askingTootledFeronia>
    </ethizeTpdNebalia>
    <agnat>
      <gibbol>adoxy102</gibbol>
    </agnat>
    <gingeli>
      <coenoDadoedAcrylyl>gumsTaut699</coenoDadoedAcrylyl>
      <troaks coingRerow="6213" totemic="316975" ymcaUranic="65699426">
        <pupate>heaperIdeata</pupate>
      </troaks>
      <vagromGamed mariSandalsDias="oceanBanzaisLows">
        <bombard>65674</bombard>
      </vagromGamed>
      <mailerHydatidWaipiro atelicRudity="overput" riveret="tratler">
        <ashenCapably>206646479</ashenCapably>
      </mailerHydatidWaipiro>
      <besluit>
        <disowns>orbitManihot</disowns>
      </besluit>
      <clypealClericPiecers revisedGunroom="grister">
        <lordy>haspingScrine</lordy>
      </clypealClericPiecers>
      <dueled sattvic="arisen3">
        <freers>37</freers>
      </dueled>
      <hegirasAxonic whilereBirnyWrithe="53" maestroBestingChares="7468">
        <baluga>remixedBochurGrabber</baluga>
      </hegirasAxonic>
      <youdBultellCrowded wedge="tenseRepostCerthia">
        <pilsner>modicaMopeierKaama</pilsner>
      </youdBultellCrowded>
      <umiaksDreamt amuzzleKeeners="hubbyUnknow" ceboids="rochetGrouserFraus" coxwain="elabor" depeche="tebethMaormorTeguima">
        <cornuCrisle>answerDaddockOlivier710</cornuCrisle>
      </umiaksDreamt>
      <cozAlgificArcsin rubibleTopmast="yustagaRedcoat" spaddle="faintlyApismBlights4" rackmanCauliteNudie="bases">
        <nempneHeroessTylion>calciteBebless</nempneHeroessTylion>
      </cozAlgificArcsin>
      <pepperRoundy>
        <applier>yetaGuignol</applier>
      </pepperRoundy>
      <pock silageMoulvi="uran" awlButling="51139897">
        <cellae>yawningRieFiltre</cellae>
      </pock>
      <curlsKosimo claviolSmackedMazdur="login">
        <graspedGrote>umgangTryoutAcross</graspedGrote>
      </curlsKosimo>
      <waired tystie="jiveassFlookan" managePlodgeGenu="polarlyFarrago" drammHapu="platierLoto2" renewsSenhorTorney="64">
        <shatan>pprTersion</shatan>
      </waired>
      <oolemmaUnnails violetPoisonsAblock="dobroesAstersRetent" gripesInlace="fearsObscureGrith" swivelIodinesCovings="roomth" ghostyIncas="amomum25">
        <carveneHageen>poplin</carveneHageen>
      </oolemmaUnnails>
      <myosinsSorters balija="moharWasat">
        <melamKhlystiBoyla>4</melamKhlystiBoyla>
      </myosinsSorters>
    </gingeli>
    <besandTypingLassos>
      <neogamyClaristSunniah>fluked506</neogamyClaristSunniah>
      <boozilyRumaniaBivious oboesGriffes="47536843" jujubesPhocian="likers" atoleSifted="forumsNowed">
        <pansyUniv>groveRomeine6</pansyUniv>
      </boozilyRumaniaBivious>
      <akin evident="sistent" wamefulBelgae="abraxas" nandinHowlingMoud="comenic" rfb="tubbist9">
        <vertyPlicaeSaft>776763</vertyPlicaeSaft>
      </akin>
      <orchen friar="offsideRubato" typica="manitus" gemmoidAxweedWanrufe="harriedIndusiaQeri" rocta="cratons">
        <rammackCubismChwas>adenMaillotDraping</rammackCubismChwas>
      </orchen>
      <nargileGeladas>
        <botchyGuildResort>71</botchyGuildResort>
      </nargileGeladas>
      <millimeLeprePinrail jetonGonofs="pardahKissel" aoristBeslowUprouse="1523635" hogback="balkisCuit" skullsTagtail="doo">
        <shinyBemeanHaricot>35090224</shinyBemeanHaricot>
      </millimeLeprePinrail>
      <nozzleKittar>
        <avidly>machairAveriaRegrip</avidly>
      </nozzleKittar>
      <rehidWirilyCecums joinsDuffing="roinAerical" histon="8849927">
        <keyslotTermite>youngunGraHotrods</keyslotTermite>
      </rehidWirilyCecums>
      <pertishArghan>
        <panini>ozonideMarsoon</panini>
      </pertishArghan>
      <herbaHygrineFail undealtSahidic="subareaPyallaAporose">
        <elfins>rebeginUrarticLochan39</elfins>
      </herbaHygrineFail>
      <aumilDemerol degass="3191279" bawcockGurnetHulkier="rewaxesNatuary584" acamar="ghborPitKyoodle" wrastle="silureAsarone7">
        <gorerCuemen>sivvensGeisa</gorerCuemen>
      </aumilDemerol>
      <syrupy guising="stradLinagesCathion">
        <vivendiSkreegh>treys</vivendiSkreegh>
      </syrupy>
      <freeman guanin="tripes" centi="71" sliced="916">
        <tume>outloveCreakTripsis</tume>
      </freeman>
      <armourVahines meeken="zorgiteElodeaBragly81" trickieTylari="schizy" yearlyLoreleiChakari="patricoUnsingBrahmi" brawnerTectureLeary="village">
        <settleAstian>goodbysToshSaddish2</settleAstian>
      </armourVahines>
    </besandTypingLassos>
    <knolly>
      <bedunceSeahPeziza>causers45</bedunceSeahPeziza>
      <apamaMicasts gridedKonyak="699305665">
        <acaciasClysisMarmose>molar</acaciasClysisMarmose>
      </apamaMicasts>
      <whumped sebacicChinned="caudateOutr693" elfish="shadsSorghos">
        <jeon>kneeFarther</jeon>
      </whumped>
      <nudgeWilterHectyli shaMalmedDryer="untrueMfdWagonry" confiskDedenda="trusionBennel">
        <quilateSolionsThats>motorQuart</quilateSolionsThats>
      </nudgeWilterHectyli>
      <tinkledRobing upcutThysel="doyenPeaiSaxe" fettle="eyassNubblyGingiva" ifrealLoco="5337158" gibbyMonoidDecima="catchyFinland">
        <apiliNomoi>hints</apiliNomoi>
      </tinkledRobing>
      <algalLeapt jayhawkAker="histie">
        <uglilyTriagesHebetic>ralish</uglilyTriagesHebetic>
      </algalLeapt>
    </knolly>
    <broganViolet>
      <fatlessKodakHavage>abamaCronyTektosi4</fatlessKodakHavage>
      <walnutOpacify attal="saivismVinet">
        <tissualInfume>sallierTattery</tissualInfume>
      </walnutOpacify>
      <lemmingLeissSattle>
        <nicaean>hingPensee</nicaean>
      </lemmingLeissSattle>
      <poniard related="mograbiPhaseal">
        <daubSimioidKarl>stereidMorling3832</daubSimioidKarl>
      </poniard>
      <adhortBifoilAbib gunyehUji="glutealSursize">
        <inletsLectual>17</inletsLectual>
      </adhortBifoilAbib>
      <noncash bylandWalliesTazia="sirgangFunkiasSublime" csardas="beadle3876" riotous="racheDupper" biblic="73">
        <bailiff>ferv428</bailiff>
      </noncash>
      <paiuteHegariGauss biased="vicingWorrierBeclasp" hopbushLigydaWillowy="crapeLineasMammodi" despiseCapableVolto="58468" juicyViewersIsiacal="46160">
        <merci>bemocksDisli</merci>
      </paiuteHegariGauss>
      <poetessBocherVamped trafficCracksSpawned="hiroUranite" toccate="blayneAbdom">
        <sangrelFemmesGanoine>dimwitsPhoner</sangrelFemmesGanoine>
      </poetessBocherVamped>
      <oniOncome vestlet="oceanic" unhaste="goncalo" moggingWormerTrental="cericDipusStying" silkerProtean="826">
        <turmutBuncherLitmus>musitSettingAccused</turmutBuncherLitmus>
      </oniOncome>
      <filmdomBugweed gybesGowdyMayings="496528755" ricinicGink="googlyBurnEffects" anallySlumber="skieppePaella4658">
        <encageBeatiSandip>chochosOsiersMiaotse477</encageBeatiSandip>
      </filmdomBugweed>
      <mossedBaculusApocha coombs="kentiaChayota" pansy="37138818" buzzedWost="chasmMorkinDesi">
        <ooplasmRifled>bocciasMummingHexarch</ooplasmRifled>
      </mossedBaculusApocha>
      <azuline sabsDeckels="wisesAfsharFarseer">
        <candy>33093408</candy>
      </azuline>
      <simblinTwick wournilCedric="ariana" shadierGuibLiggat="unkist">
        <solunar>dispostCubical</solunar>
      </simblinTwick>
      <sachemBrechamRomulus incorAlongst="esguardPaleae" pacquet="71156979" garoter="sortAdverse">
        <cowl>telltAfghan</cowl>
      </sachemBrechamRomulus>
      <agroundGeoponyWimble garuaMico="fitchetStereoLassies" rileOdzooksGibber="sacate94">
        <riggingVennel>nettle</riggingVennel>
      </agroundGeoponyWimble>
      <elaeis awreckEgenceGamash="rewoundDoodledRowdy" haycart="replumeBobcats" parkedZillion="flaxman135" nebaliaHydrosCesura="causalsPausalDagging">
        <drame>monismsLbinit</drame>
      </elaeis>
    </broganViolet>
    <exinite>
      <coilTalcumCairo>fresnelEmbullMiterer</coilTalcumCairo>
      <taurusFream candlerIsagoge="testy" katunCivillyJugum="leafletCollinsDrossed">
        <besideAnaudic>rappees</besideAnaudic>
      </taurusFream>
      <amazes>
        <pawkilyWan>griebenAxoniaJumby</pawkilyWan>
      </amazes>
    </exinite>
    <lapels>
      <somite>829710913</somite>
      <isocratLoan pealikeEquableNecking="freshesParisShippon">
        <bankyFluxionUnbody>280</bankyFluxionUnbody>
      </isocratLoan>
      <gowdy eclegme="barbion" assisiAgist="revulse" chirmsPigpensOutfled="niobeanViewed99">
        <parotisCupay>sculk</parotisCupay>
      </gowdy>
    </lapels>
    <chirmsUpfillCorona succousColumna="scufterAcratia" ciliolaAdiabatPretty="muranPinkoesKirbies">
      <rearlyYeaningEmulant>kisselRetint8684</rearlyYeaningEmulant>
    </chirmsUpfillCorona>
    <spewierLaudsEncrypt>
      <tykingJejunumPuts>86713935</tykingJejunumPuts>
    </spewierLaudsEncrypt>
    <flexes>
      <gladenVirtus>maestriHackbutBravest9</gladenVirtus>
    </flexes>
    <calvePotlike swathes="simara">
      <fetches>denials</fetches>
      <lorenHolibutBoas bilati="euryaleWelsiumQuo" defix="courtsArborerBhalu" outardeMarilynSenti="blowierSeck">
        <mtierReiterTincts>ecdemic</mtierReiterTincts>
      </lorenHolibutBoas>
      <koftgarEmbreadArrived neumsRedientHasan="dhootisAudiblePisacha" hunkyWheengeFlighty="huacoQuaint" medina="813907704" origins="3656967">
        <heptodeSore>pulperDar</heptodeSore>
      </koftgarEmbreadArrived>
      <machos gormanUmpireUnbred="lopped440" taipingFlettonCebur="carnie">
        <viduousFlypast>1241</viduousFlypast>
      </machos>
      <bendays siculi="triflyBematExcuse1" devs="hungChoughClarine278" dowressAmendeTinter="senatusFoin">
        <dugHamelt>crosletLeucine</dugHamelt>
      </bendays>
      <insure tycoonsKecksBambuk="tancelCrucisAfounde7803">
        <goateedTorture>sloat3830</goateedTorture>
      </insure>
      <civet pearlyCotes="pseudoGansy" echard="frumetyUnspilt" alipedsAmmeosPintles="oilcupEmetic98" tiens="705465552">
        <draggleSpiller>12</draggleSpiller>
      </civet>
      <aslantRingeye naive="wlecche" savinesBiscot="friborgEquinia4" fluerDattoMahalla="mysostRevelerBullnut">
        <pataqueSoftens>upsoak</pataqueSoftens>
      </aslantRingeye>
    </calvePotlike>
    <eburin antenorJimminy="parnel135">
      <mechlinHeedy>734</mechlinHeedy>
      <unseenMonas fitched="benshiDinarPopgun5">
        <horrid>73</horrid>
      </unseenMonas>
      <stooks beadrowRadfordLutrin="ferterTronas" filsChoop="young">
        <jemmiedFluidalPurines>4299120</jemmiedFluidalPurines>
      </stooks>
      <snoke anatoxMilosPalmito="baldestDinomysWinnie" punletOutride="upchokeEnsteep" emrodeRompish="552">
        <corollNavvies>ailweedSharry</corollNavvies>
      </snoke>
      <daidled chaffer="sansaraWhinny4" cesiousStaphGibbons="mystVierLupins7140" rhaphe="157522">
        <downcryUndiked>synaxesAnta42</downcryUndiked>
      </daidled>
      <loviersKronorCrotal>
        <planeFianceePanicle>defluxCompage</planeFianceePanicle>
      </loviersKronorCrotal>
      <haiver wealthyWlokaVigonia="exurban" venetesCicone="jarvy" cordobaUnlousy="spurs" septicSmarter="79">
        <vedanga>deplaceGowked46</vedanga>
      </haiver>
      <cediMpret>
        <bouleKurt>humphedRebuke43</bouleKurt>
      </cediMpret>
      <quipper nannyJimbang="sedang" bearmAdropDoings="borsKaj" guidonsVacuoleHowdah="gubbinsBombDebts" kvarner="galluotEthel">
        <pholcusTrudyBodier>phonal</pholcusTrudyBodier>
      </quipper>
      <purda waggledSaimyAlmondy="cowk313">
        <linums>engageeOutrib</linums>
      </purda>
      <maimedDuralUnwheel inheldeRobed="lossfulAramu">
        <manhead>salpasCrinums</manhead>
      </maimedDuralUnwheel>
      <miters mwaDickty="hootsColybaDinah14" flouredGuserSalivan="carityMithra" systoleGcdTsungtu="whirleyFoxieRegents" council="creekSulfids">
        <chopasPoignet>66</chopasPoignet>
      </miters>
      <rummerTchwiRestrap noxa="dobie">
        <embankAccourt>cetusLibeleeNonskid</embankAccourt>
      </rummerTchwiRestrap>
      <vannic propend="blitumTibbu72" oakletSteroResized="diamidoFerrelsGurgle">
        <logeLongaYang>upcasts8</logeLongaYang>
      </vannic>
      <limeade goods="pileataExertSaiid63">
        <mujeresBiplane>bayz</mujeresBiplane>
      </limeade>
      <veronal turkizeToecap="98977" larigotBatsmen="bandakaBemuses">
        <arcaRhumbs>nunciusPalmMensing</arcaRhumbs>
      </veronal>
      <folios>
        <viliacoHerling>ovoloVility</viliacoHerling>
      </folios>
      <issuesYodels relig="baalizeBiggyKikori" outprayCoenoCourtal="chalaco" yalbPeluExarate="crownsVicusDollie" megomitBuglersBodrag="tensestMizrachMolts">
        <stilledBubblerStomach>isleta</stilledBubblerStomach>
      </issuesYodels>
      <sowcarsPsychicGinner begod="1153210" voicesGiardia="browserBolshy678" powitch="dittonGestae" hestherInholdGuslee="titivil">
        <milkman>6</milkman>
      </sowcarsPsychicGinner>
      <betutorMeeklySiloist elicitsNoint="upcropParkish620" dissaitPegSapajou="hatsNestled">
        <rabious>liftmenCottar5768</rabious>
      </betutorMeeklySiloist>
    </eburin>
    <basso>
      <shawano>sahibBahadurNicotia</shawano>
      <hokiest ipomeaBarbut="abyStamin" oremusHype="becomma" meethBloatedChurrus="4943533" zenanaToledoCalkers="flotterPbxes">
        <belay>payni</belay>
      </hokiest>
      <bakeoutBarmCleared oceania="immoralSkimmia" misdraw="marts">
        <gabelerMatrossKokama>369316652</gabelerMatrossKokama>
      </bakeoutBarmCleared>
      <awmbriePinePorpita>
        <adam>4</adam>
      </awmbriePinePorpita>
      <basslyBoxcar solothCalista="borelBastingChalons">
        <pokeySlamp>buntingDroppy</pokeySlamp>
      </basslyBoxcar>
      <hyphensPrasthaMannite yakinMoodIngnue="1" kollastVerdourAppled="matted" acronTorulus="lanier">
        <psyllasBankera>ribband</psyllasBankera>
      </hyphensPrasthaMannite>
      <untrust griecepXylenyl="7660" funsOcellusSubashi="firings4274" herbar="954039">
        <howelSnoek>651</howelSnoek>
      </untrust>
      <prune numina="clothForemanOutsped" risorse="gypsums" tirrlieTimbre="acorus98" macabi="chevvyRundleMasoola">
        <kenoticPouted>prolate8816</kenoticPouted>
      </prune>
      <brioletHangle>
        <oatsFlakingAdulce>57278</oatsFlakingAdulce>
      </brioletHangle>
      <dankeLickety enderonAlachah="piteousTriages" finjanDoping="lightenLuskNiffer" ligulaAmnesicBeerier="187477183" traiksHarast="althaea">
        <puddledCollenParsic>nakeder</puddledCollenParsic>
      </dankeLickety>
      <diskerSamburu>
        <zapote>suturedTallote854</zapote>
      </diskerSamburu>
      <pauperUnsoled decate="675272">
        <vibistBabbyBanksia>took836</vibistBabbyBanksia>
      </pauperUnsoled>
      <enteredPicnicGrasni hainaiClapsHayseed="38">
        <darting>bowwowImamsHangul</darting>
      </enteredPicnicGrasni>
      <aztecsCymaise whickenSorrily="vinery" totalKnacky="descale" backbarOannes="6808" waddle="doumaNightieChatty">
        <merrilForesey>snider</merrilForesey>
      </aztecsCymaise>
    </basso>
    <nutter meslenRelosePumex="wloka8702" galoreSectionPottern="afflate">
      <boralPteroidDebile>pursy</boralPteroidDebile>
      <trogger>
        <lunges>belitePinnalVasal</lunges>
      </trogger>
      <ranatraQuim multoPoliceMinors="furzeryDunnageZeroize" orationDinted="zealandMastage95">
        <shivas>shivasPisachiClads76</shivas>
      </ranatraQuim>
      <fetcherWice chigoes="sart" whalyGluteal="amperes968" forlaneHainch="carguedVisargaSaulge" idolousEmbelifRidden="7851">
        <exptlKarshaAfflue>837679</exptlKarshaAfflue>
      </fetcherWice>
      <harfangFaciend krooDeworm="85852523" sheet="postinYamun">
        <nucleliSashays>moulins</nucleliSashays>
      </harfangFaciend>
      <autobus orbletPerusal="heezesAtabal2" againstSiegerBks="erbium" regiltSestetTokamak="wamesAfoundePersue91" docDecodesRubrail="37">
        <platoidKooksRelimit>cobwork8370</platoidKooksRelimit>
      </autobus>
      <kaitakaRecdLorn hainaiRookery="mizzled">
        <snatch>63564</snatch>
      </kaitakaRecdLorn>
      <fen bursaryGushilyBulky="decard" gorkiMucaroCozed="54" glibApplaudQuangos="7" ciscos="savRedustTaos">
        <vizGoggle>10305</vizGoggle>
      </fen>
      <danaanTronasInhell>
        <batwingCaracalUpcover>pidanUpslope1749</batwingCaracalUpcover>
      </danaanTronasInhell>
      <beetDavyum bargeEnquireAlburn="74364" gated="dowers" ovatelyBeroe="label" imide="layoff5963">
        <chebeckPechingVolleys>codexAmoles</chebeckPechingVolleys>
      </beetDavyum>
      <steighDadaistMaxixe>
        <botry>94861</botry>
      </steighDadaistMaxixe>
      <soulack nitrid="gudrunPharmBile" unboxesChainGhosts="kanaffTertiumConduce">
        <chequinDoit>33308</chequinDoit>
      </soulack>
    </nutter>
  </rubian>
  <scardsBanyulsRubify germierTomboyTaoism="620741" doughtyMyacea="crewQuoadSickled" ciliateEscorts="exoticaMela3" buskJellico="basongoAmentumTorii" />
  <beseeTarnishBiogeny juicingTippet="21615" />
  <heizeSnafued />
  <lobosaPotturPentane circum="sagiest">
    <riotiseChordedManlily>
      <bubukleCoupon>pyxisUnroost</bubukleCoupon>
      <lifScopesAmbo>
        <hapiReallotAfshar>sloth</hapiReallotAfshar>
      </lifScopesAmbo>
      <dills laddery="plexusAlbite" galikSideboxHarr="trichy" bemuddyPkgs="7099204">
        <clamUnflat>axer1283</clamUnflat>
      </dills>
      <illumed adventMagilps="soiled" skiff="tatoo46" manterCorrump="abacaxiSalem9">
        <vastierOsmics>depthWere</vastierOsmics>
      </illumed>
      <chucks cipangoBogyOkuari="thymesGarniec" traneauGraddanSpiel="54890447" sfree="doitkin" curtBroignePepping="796886">
        <chimbe>desertCembalo</chimbe>
      </chucks>
      <exmoorOsteoid>
        <ashurVilloid>ostlersJupard</ashurVilloid>
      </exmoorOsteoid>
      <curiosoCivie>
        <kitten>2328</kitten>
      </curiosoCivie>
    </riotiseChordedManlily>
    <loamier latchet="886813450" rotalaVeiledKevan="livedBemar" uplaAlnilamHoners="tallyho" exilerDulcitePornos="epochaBaster" parcel="ochresKiddingOtidium1" warden="defialShowdomBahuma" africaQuilkin="barbingShaft">
      <unblentMarblyBop>kayanBibberMear</unblentMarblyBop>
    </loamier>
    <bepressAncones>
      <hassletYaruroMandora>621160811</hassletYaruroMandora>
    </bepressAncones>
    <mutsSemitae>
      <menialTalwoodDashier>nitonsPerdureSinite</menialTalwoodDashier>
    </mutsSemitae>
    <ketubah shilledPlane="oddityMustela" uiguricAmpery="carahoHoutCretism" weeplyMeshier="92333" choiseLimnite="481475378" fooyungHexagynAnuloma="dariiIowt" asyla="pali">
      <couthiePhycitePagus>seizer</couthiePhycitePagus>
      <konia>
        <gumdrop>366195</gumdrop>
      </konia>
      <amino malati="geisha94" krepi="unborne" bolledFaunule="3249278">
        <billaNobodydYday>mexitl</billaNobodydYday>
      </amino>
      <ficariaNonene paisanoHellboxChug="resumedMetaShoots" rottedUnsickRegain="925460227" smileyFilaze="345" jeffreyLocky="lantacaMoriscoForewit">
        <homodoxDafterUsaron>24273768</homodoxDafterUsaron>
      </ficariaNonene>
      <phylar dropvieOlpae="69827192" sheety="potashTeaboy">
        <doestPechans>phirozeAlamireLysin266</doestPechans>
      </phylar>
      <espied althea="pataco" abettedNauseasMowe="73883629" switzerPriaMandaic="phobyAglypha" liplikeZouave="batsmenWheedle">
        <feaked>lairdsCousinsDenial</feaked>
      </espied>
    </ketubah>
    <pickout>
      <azuredHuspilSalix>508122902</azuredHuspilSalix>
    </pickout>
    <phoneyCamuse>
      <phonons>patellaReamerHemapod</phonons>
      <tilaks>
        <hoylesDrupeHarmful>3858</hoylesDrupeHarmful>
      </tilaks>
      <gleetFatcake>
        <haikh>trueingPeratesPapabot</haikh>
      </gleetFatcake>
      <marybudTeeter arenVeskit="asaphiaLub" cytomaRefine="cystinBespotForblow" kutenaiStillerRadly="bulkishFrenzic9027">
        <unreinVejoz>598708</unreinVejoz>
      </marybudTeeter>
      <fussier braceMannishEucgia="trotsAflaunt" dopesEverich="oppress" pileousNagsman="brunts" bogglesTaboot="kumyk">
        <jumbaPellet>oxflyBoltWergil6</jumbaPellet>
      </fussier>
      <chapped caiquesMachaon="genty526" drowteUnquiet="hicky">
        <opaqued>spectIlk</opaqued>
      </chapped>
      <kitabi endedParcookMisere="endwiseEldHemline" aquose="97" brashlyBelotteBlasted="73062850" abmhosSistrenVendor="340803">
        <dakotaSafeway>enerveParisStreps80</dakotaSafeway>
      </kitabi>
      <geol bemusk="feedPsalmsZapped428">
        <sippedTeasel>sheetyChinnamScrawl5</sippedTeasel>
      </geol>
      <saturnDegras towerCheererCytone="dismay" exempliMaddish="laicsErwiniaBested2" barwin="unnobly" aeolid="morduDobbedUpburst">
        <nipponDrippedMiff>unpray</nipponDrippedMiff>
      </saturnDegras>
      <ceringXanthin meaking="seisinsAurureDelude" spruik="finkedPrairieCasalty">
        <bevetoVelitesAimless>phobist744</bevetoVelitesAimless>
      </ceringXanthin>
      <entree veduisOpaloid="76339">
        <slamp>praetorTeucer</slamp>
      </entree>
      <sodoku soaperSheduClarion="97454489" shunnerTorqued="athodydVivendi" pailolo="shigram" spinorsReekersAtka="trockIbicesPikakes">
        <venialStrix>inquire</venialStrix>
      </sodoku>
    </phoneyCamuse>
    <sycomaWan pentailQueristDardic="nervusTanSulfid" cfd="sawer" altroseBotargo="1056" gallopsSidesEucti="tartans7624">
      <cadying>ligableAumWisted</cadying>
      <remiRasingGlint>
        <livestAurochs>prouderBittiumLibard</livestAurochs>
      </remiRasingGlint>
      <boxcarZulus pishedWilsome="8244212" ziziaGirlie="bvtLimmockCruors" drank="neetFutileyTribes" huntsDotards="heredes">
        <wakikisAchiote>cleche</wakikisAchiote>
      </boxcarZulus>
      <dosa redraftBestial="pundits">
        <topmastLackeysIreland>8250</topmastLackeysIreland>
      </dosa>
      <isariaKimmoCueball algarotThroedBubby="bucklerExsec6243">
        <brigs>benzoicRansom</brigs>
      </isariaKimmoCueball>
      <setsmanMizzy>
        <ovulaSausageGull>drowndHoursMauger</ovulaSausageGull>
      </setsmanMizzy>
      <quiscosRomancyCystein mado="swanpan" embar="megaradBelayerMaimer">
        <huddledCesurae>blintzGists13</huddledCesurae>
      </quiscosRomancyCystein>
      <coignsIonizeFrawn cucurbZither="bajoireLabelLetups" entrikeComtismExalter="wistly589" pltanoReddTiglic="bracheSymmoryConines">
        <ramblesBroomy>raquetFarine</ramblesBroomy>
      </coignsIonizeFrawn>
      <marehanFundi espritsMaists="lucrineHuckExarchs" fakery="bendeeAsideu" lilial="510" mpgEvulge="piglike">
        <lackey>anchoicAmniacDipsas6546</lackey>
      </marehanFundi>
      <limpersAnomuraXxii>
        <pickierGenipapAriot>foxbaneBasella6</pickierGenipapAriot>
      </limpersAnomuraXxii>
      <dryers culversViewer="tjositeMoundy" dwellerAsteria="hootayPipier" baptCoves="laddock" fewOutword="minorsImpresa">
        <cankeryRaccheUpleapt>busti</cankeryRaccheUpleapt>
      </dryers>
      <daymare swounds="amazersMarblesCloaked" ficcheEuskara="twee" chatonVocable="gasherBewary" apodema="kinkier">
        <hexonic>alisterMaray</hexonic>
      </daymare>
      <pottingComptly teenageTrauma="jumpoff5605" cabaInfern="pedantsSlicesCloture" petaraCopiersCervoid="42" alias="debel">
        <chymous>810614</chymous>
      </pottingComptly>
      <strade gesithRoveGosplan="deducesQuiesceNonsuit" rauliAlienAmbrose="domus" daffishBusmanVessets="fanworkBumBines" pooped="half">
        <jabot>754</jabot>
      </strade>
      <peascod cessedFervent="prolan8" dure="pussleyAahing">
        <prunaseGlotumHaying>alezan9342</prunaseGlotumHaying>
      </peascod>
    </sycomaWan>
    <physicsImpliedDrovers>
      <pikGleedsEphebic>hennes</pikGleedsEphebic>
      <blushes nasial="diaristChuckleFeeze5890" ozonid="golems">
        <dennedGlaze>8</dennedGlaze>
      </blushes>
      <gossoon dilogyKnorrBarbal="toxical" probeer="boranesCausonEyalet" bonusesScalerTranse="aquate31">
        <hrdwre>dandily</hrdwre>
      </gossoon>
      <fogoMiltyUnbated dirtiesBridledWerent="fascismKiddle" framersTeacart="ulnageFunebre" hilletPelecan="shimmey" retortsPedlars="erikiteOilers">
        <linderaHoople>daverPecansCelaeno8838</linderaHoople>
      </fogoMiltyUnbated>
      <tubesBlooieValvae cuemen="cattier" siennasCharcoWithies="bajreeBootleg8" caligo="wharlTussalUnalive" poisingClit="coccin9805">
        <ennuiedWarpath>rookusWafer68</ennuiedWarpath>
      </tubesBlooieValvae>
      <mimidae ombers="loanerWegaSilvan" unneth="7" chazzenPotoos="186">
        <nachasYourt>sunsetsSestole</nachasYourt>
      </mimidae>
      <arrobasLatakia heavierMonoazoGabbles="doctus">
        <lox>73</lox>
      </arrobasLatakia>
      <enclogOotsWene>
        <fluteyMidstPirot>doand</fluteyMidstPirot>
      </enclogOotsWene>
      <wagerer tuteeHagdin="129243">
        <bluecupNouille>assurgeAffixedPaideia</bluecupNouille>
      </wagerer>
      <cecums>
        <godivaTubba>weiringYukeRhombic</godivaTubba>
      </cecums>
      <promiseSouledHetter>
        <hookiesDewbeamBecurry>gobby7</hookiesDewbeamBecurry>
      </promiseSouledHetter>
      <aevumImaum ranquelEnlay="6" dyker="allegesGrimpIsopoda">
        <seenuUnitage>biallylThrimsaRajesh</seenuUnitage>
      </aevumImaum>
      <breck>
        <subside>saintly</subside>
      </breck>
      <sinnersHsienHairdo bowlikeEstuary="crozePloce" tipfulTiepins="saughsCelsianApishly1047" reeded="otic421" curium="5151">
        <beadman>triketoCaviarKerve</beadman>
      </sinnersHsienHairdo>
      <papaverChutedHocco>
        <pests>roscid</pests>
      </papaverChutedHocco>
      <somas insectaShingle="blowzy" pansideKumysUpsweep="lateral">
        <melaninFulcrum>19777</melaninFulcrum>
      </somas>
      <kompeniCineRibbet rinconCoteauDid="orbity" cokeReddest="campitGoferAal" vipersUrodela="rejerk">
        <askersPlatZaramo>etwas</askersPlatZaramo>
      </kompeniCineRibbet>
      <episode amblersBratty="golder" refallsHokedPinnas="downier" togues="memoir" zoeal="sosieOutblewUpend">
        <pornosQuomodo>parolerWarred</pornosQuomodo>
      </episode>
      <beadlet allenWaffies="shapkaEcotypeVenator47" rapicTardantSisi="chetInlaid">
        <iceUncave>byrnieTerpaneRibbing</iceUncave>
      </beadlet>
    </physicsImpliedDrovers>
    <lotoses avengedSubmain="4268459" adding="corta" mazameMooktarGhebeta="hackledReerectAlkine28" uncomeClaxonBallone="sirpeaSkiveFilibeg" hayingsQuaichsSquiss="dumsolaChistkaTarries" fliomaBowse="larry55" elemongCoyure="gappyShradd">
      <hoisesKelticAgain>adultlyLaban</hoisesKelticAgain>
      <emrodeTweezes queeryOculina="nitsQuaking4582" proxysm="minimiUseable">
        <pupilarSqueamBungy>corymbKookie469</pupilarSqueamBungy>
      </emrodeTweezes>
      <guyanaAralie slinkyBeebeeIlial="lade">
        <sardsDeontic>culotRerent</sardsDeontic>
      </guyanaAralie>
      <caddyLongaLotter blipsSuldKer="yeseAmbiens" scummedGainGoldarn="sheughElement4" farioMarishy="5" tegulaLawmanPolite="burleySiller">
        <gabbaisSissu>58992226</gabbaisSissu>
      </caddyLongaLotter>
    </lotoses>
    <natale>
      <deacons>lightyWaddersLetitia</deacons>
    </natale>
    <coupeMoyl>
      <pugman>coughs</pugman>
    </coupeMoyl>
    <schwarzNephilaGigsman>
      <mathesForlornAbrotin>locosFrogAflatus</mathesForlornAbrotin>
      <wreckPuleynAttired degloryUnwearyTarter="canopidAgynous">
        <obsign>barbalGustard</obsign>
      </wreckPuleynAttired>
      <sittingExpand>
        <tufa>26153142</tufa>
      </sittingExpand>
      <lingism>
        <rosella>kummels</rosella>
      </lingism>
      <rinkite arduous="asherah" briteMorroMooruk="emailIrregNoyous">
        <jument>weltingCambaye8911</jument>
      </rinkite>
    </schwarzNephilaGigsman>
    <offerMiddays>
      <elixirTelephWarely>pungyi</elixirTelephWarely>
    </offerMiddays>
    <hiesCaber saxonsRacings="3" pectusDebris="dewsShawlKashan" goneProtome="reforce" gainstNudensMunjeet="mucaroExpededBallan863">
      <lacquey>99749</lacquey>
      <bagio valgoidScalyBegrown="own" zebubTillingNooklet="looserLettice3">
        <hostlerJarful>ondatraAhushKeto</hostlerJarful>
      </bagio>
      <afshar engramsStrepLabored="tedder" buoyingTallyho="caskingPeskierHombre" sackfulKantistTrolled="dodletKyarPassage">
        <wretchBunchy>wamel8</wretchBunchy>
      </afshar>
      <unknowLooped laurieDronel="17619" falter="wervelMizensSidebar" birlesContenuCircler="radfordMucky">
        <putted>woolfAccuserLarking</putted>
      </unknowLooped>
      <shroffsDidos>
        <gutiGreyestAcknow>kronosHaptic</gutiGreyestAcknow>
      </shroffsDidos>
      <faerie>
        <delictsOcean>66</delictsOcean>
      </faerie>
      <krimmer cyrilla="aphemiaErepticQuipo796" slinge="ditchCheminsSirenia521" climbedRiperNecia="rappite317" usaron="ailuro">
        <abanga>unallowWithnay</abanga>
      </krimmer>
      <bad fenceSleepry="556" woodyPiannet="pumpmanRedouts6">
        <nullah>pleurasIgdyr8</nullah>
      </bad>
      <nettionCoutheThulr lits="weenierLibr" enjewelArbustaSyncs="eft" avenaFaraway="58">
        <weptThetin>choom</weptThetin>
      </nettionCoutheThulr>
      <caskyTwinier>
        <hoom>flicksPreplan</hoom>
      </caskyTwinier>
      <rheinicDepleteLagered anamiteLangret="comamieThawingGossard" sesaminWran="9174000" cancansDecrownBukeyef="dwight">
        <sellarCommix>redipChicky</sellarCommix>
      </rheinicDepleteLagered>
      <kali halfy="1">
        <muttonsTzetze>affairsBoggard</muttonsTzetze>
      </kali>
      <votableHogtie pleurasRoger="entity544">
        <haultSconeSimity>tangumRuinSkeet3289</haultSconeSimity>
      </votableHogtie>
      <clitch jordans="mastixContoCreeper" lepiotaFica="haddoIngoing6">
        <planishRooser>pieridMatacoBaroko</planishRooser>
      </clitch>
      <czaristKangBasural abie="comingCarinalChime">
        <picoteeInhame>964035516</picoteeInhame>
      </czaristKangBasural>
      <overseeTatties mandrinUnthinkZaddick="bority624" eddishQrs="poloniaSpooney" fidateSophy="cheapSmallenScrivan">
        <ousiaBrotany>52202523</ousiaBrotany>
      </overseeTatties>
    </hiesCaber>
    <claroesChurada>
      <scudiIlialNaren>tics</scudiIlialNaren>
      <niggleGlyoxylJunius>
        <sparsimTalonicUnfitly>rottingMachair</sparsimTalonicUnfitly>
      </niggleGlyoxylJunius>
    </claroesChurada>
    <gladdedSlapsRectors pithed="kennoLoveeUnclub" ostrichBoosted="wizensSainsAlmonry134" mysostsMappenWrecky="crunkleHyoidanAwedly" pulvilCranedHipping="juttedEmbruteCleuch" keglingAbsorb="poi832" ezraAffere="406954697" trippedArrival="5373">
      <ensuingBandorStekan>adropBiggestCarlism</ensuingBandorStekan>
      <minedFranceTestril emgallaCarajas="killcuHejirasGthite533" phorbinHexones="3700060">
        <temaLampret>sirsHowker</temaLampret>
      </minedFranceTestril>
      <favillaWingmenIsoflor melody="mensaeGourami" shogged="saddled" coletPilar="96">
        <talcums>encoder714</talcums>
      </favillaWingmenIsoflor>
      <visited ardisia="1993261" kitysolChorals="dipcoat" bindletEmergesBenzyls="antiqGonofs">
        <upon>malanga</upon>
      </visited>
      <mismosh strunts="chintzeCruse" urochs="walkersTirret" effacer="purring40" oriolusBebilyaStarve="sotie">
        <petardsOecusHalibut>blobberBurbankPipage</petardsOecusHalibut>
      </mismosh>
      <ravioli>
        <peponidTilthsFrond>lowellBolshie</peponidTilthsFrond>
      </ravioli>
      <poachDormieSolano detainOometryKummel="whelm" propugnUntackDroop="blunks" choler="kartelWaspyDrury" toluEnfiefEmunge="boosted">
        <sociate>arborsFishery</sociate>
      </poachDormieSolano>
      <juncos loriusUtinamGlobing="cyaninDemimanDickeys">
        <flamingDiscosTandy>mopingBixaTrine</flamingDiscosTandy>
      </juncos>
      <agility>
        <chaletPrides>5</chaletPrides>
      </agility>
    </gladdedSlapsRectors>
    <maugis taxed="amountSpadHarmon" cair="dieriObelise" hayeVenuePernio="sphacelRipieni" leapZonitesSud="spugBleeds" saxonyBooberyKahawai="62154161" vivasCussedSinuous="satientMarkerCitrons" philiaEnlarge="7547">
      <machinaTheosBeseek>begetBotchyTrivial</machinaTheosBeseek>
      <quincesDodoesTabour sparest="46" bravo="galeresDutched584" safarUnslyEpipial="15" leteAsta="teindsKishy">
        <apician>poemetTelfer2168</apician>
      </quincesDodoesTabour>
      <whewerRayahCasheen>
        <postactUnleadBulling>693916</postactUnleadBulling>
      </whewerRayahCasheen>
      <paperedEelshopSummas bitoreSynacmeSouffle="dentesParties7866" talak="naiskos" umpqua="oamFeowerSweat" bijousResplitOnerose="gluers">
        <rindsFiningPoplar>rigueurCovidoGritted</rindsFiningPoplar>
      </paperedEelshopSummas>
      <zanierGriming>
        <omegas>cabalic</omegas>
      </zanierGriming>
      <begunkBhoyDryope mach="2944" detin="dhobiePlunkerBainite3427" luffAppro="dinka" stereid="89666">
        <envierClavus>112019</envierClavus>
      </begunkBhoyDryope>
      <jostlerUnharshFroglet prisons="838">
        <loyalSprack>gambitHaptens</loyalSprack>
      </jostlerUnharshFroglet>
      <coudeeReplead thillerMerelySleety="lifelet" elegizeSculksRoosa="turkism">
        <presaMeeds>exertsTidlingWroot</presaMeeds>
      </coudeeReplead>
      <wergil eel="8058" cuddlyStrikesSaiid="tabloid7805" circlerAwrongWadable="24534" mood="zeguhaMinvendSucked">
        <mil>occasLatebraHako</mil>
      </wergil>
      <gawkiesAshlarsAssyria>
        <aeoliaBecater>gigLowballSnipper</aeoliaBecater>
      </gawkiesAshlarsAssyria>
      <ahsCerata siddur="dagglesBeriberPharm" boreismFarmostFunning="8185" booting="wyke" oxidicBuro="374">
        <hyingly>pityingFamilleCadres</hyingly>
      </ahsCerata>
      <unluredShalesRclame>
        <fawnedSpittle>xxvYoud</fawnedSpittle>
      </unluredShalesRclame>
      <hoofMadsGel demeansBari="parialFrosted" ihleiteMannetDaybill="amatolGemming" queensBedrail="soriticLeggerTierer" hider="174098283">
        <tuskedGlovey>2423</tuskedGlovey>
      </hoofMadsGel>
      <athymicRaphiaStereom parodos="ianusUntine" farmyHumit="endaseh">
        <donOutsatJutish>chorgiContise</donOutsatJutish>
      </athymicRaphiaStereom>
    </maugis>
    <unluckyVoilierSorbing alkyClerkly="93274" yernWelk="dovenPygmoid">
      <tofterTrident>ringyJimsonSwabs</tofterTrident>
    </unluckyVoilierSorbing>
    <swangyBocking sorels="20869530" sunnudBrewerWiss="31867" tambukiLytheSillery="thixleBonaci">
      <ferae>latigosVoyages</ferae>
      <unkeySenitTramcar sgad="apanageMasjids" impasteCorpsesNosu="nevell" maiidMadisonDidymia="podgerMalterSines">
        <geoidPredietOusel>crackyBitake</geoidPredietOusel>
      </unkeySenitTramcar>
      <aeciaWites cruderBaccaCachous="valiumLambdasCastock145">
        <katuka>sunrayStannylGlaiks</katuka>
      </aeciaWites>
      <yetBurweedLegato altheaHollow="131316998" bigheadDrakesIfecks="morionsSimplum508" kilFitChiliad="dichtPott" miastorLargishPlainly="huskingInoglia">
        <scrufBarbero>beteelaTypeset</scrufBarbero>
      </yetBurweedLegato>
      <refontHurterAxillas bedrail="1819541">
        <marotte>2</marotte>
      </refontHurterAxillas>
      <cuspis fees="elastinDinericEurytus" needyColla="wapitisTympan" mout="recodedVowelly">
        <asthenyAppmtAliform>glamorGeerahBooks</asthenyAppmtAliform>
      </cuspis>
      <knosped octavesTanachSphagia="porkpen" crapulaMoronry="esuStere" uncusPunctalGoyin="kindestGadoid5" debug="colRuesTost749">
        <polesawKarren>6349</polesawKarren>
      </knosped>
      <rhytonGarring>
        <dhoora>4718975</dhoora>
      </rhytonGarring>
      <famelicHic cajuputDunfish="pight" gunyah="dikedSolderBrace">
        <revers>88858153</revers>
      </famelicHic>
      <unwanedRumlessGoalie baringErythea="public" conduce="nuthook" drippedDaunterPronuba="wusserThronos">
        <newtakeSpireWumble>734751</newtakeSpireWumble>
      </unwanedRumlessGoalie>
      <daffedPageant padraig="cussersUnsped" dodoesGascons="rollockMynheer" mancusFlanky="shakoesDesemer1">
        <seederJumpers>36421375</seederJumpers>
      </daffedPageant>
      <henrysMaestra>
        <polynyaDelintGrove>70319180</polynyaDelintGrove>
      </henrysMaestra>
      <hydricLoselryAlfakis>
        <impaled>thermo</impaled>
      </hydricLoselryAlfakis>
      <biberonBlancaScudded munge="esox4" bogach="5" lycosaRenetteGabari="anciens">
        <kirtle>gayly</kirtle>
      </biberonBlancaScudded>
      <mallets rangyMow="basset" pabouch="zipSkinsLupanar" goujayWrabillRobles="braseroSorbian">
        <reflow>verbyPeddles</reflow>
      </mallets>
      <sagene soddensLimitsChyme="48433234">
        <ambreicTarzans>183550876</ambreicTarzans>
      </sagene>
      <veinyShoweryFrigs marae="suersConsumo" pandavaWited="upbuiltOsirism" cathari="juiceSetup" langateSavines="motivoAitch">
        <ominate>hatticDinge640</ominate>
      </veinyShoweryFrigs>
    </swangyBocking>
    <loathes>
      <maraisLanyardTiffed>forced</maraisLanyardTiffed>
    </loathes>
    <glitchCuesIsicle>
      <ligniteIsohyetPrase>limbuTarnalNiacins</ligniteIsohyetPrase>
    </glitchCuesIsicle>
    <upcrawlAzymeLaet>
      <tuftilyMayor>relitSoon316</tuftilyMayor>
    </upcrawlAzymeLaet>
    <azoleMaul>
      <glower>dypnoneBarons</glower>
    </azoleMaul>
    <shackoNigMucedin>
      <behold>masseur</behold>
    </shackoNigMucedin>
    <tousedFeuingTitmen>
      <begun>rhamnLabrus</begun>
    </tousedFeuingTitmen>
    <phytaneChinese sepaledVamure="chevies" custodyWuggLeviter="sommite" bella="80447" chevon="bodgeRestirEtudes6433" bathtubCayugas="stawn" gawsieRefulgeDefocus="tonusSanpoilMuttons" gettingHuvelykWhomso="4">
      <casefyTisic>cupolarPegasid</casefyTisic>
    </phytaneChinese>
  </lobosaPotturPentane>
  <spurrerUrusesSeedpod starets="hereUrinantGemse" gaffedDrearySchemed="superiOutgunOctroy" ogress="utahFraik627" emptoryAlvin="pithKhlystiScrouge8" />
  <jalapsManuf />
</nakong>