<?xml version="1.0"?>
<cipolinOct>
  <stadium sompay="1148" upwellStratig="cymarin" katarUptakeRemain="syciteHolibutQuechua" beraptEmbrew="milla">
    <rumanReloseCouvert cinchaXicaqueLinkers="mobSirees" pulvRacetteCitola="7" amutterSavagerShip="cineneWhisketFragged611" lended="townmenCancelsBefan" sougherGorling="strentGladyGoatpox" redrill="unbroadPagods">
      <subovalSamaniTanrec>belaceMucidSlask44</subovalSamaniTanrec>
      <fibredAlgosis swoop="roddenHontousVersal">
        <alimentSheltieBuses>39960253</alimentSheltieBuses>
      </fibredAlgosis>
      <mulledDustragRecoals tapetis="gepeooFusees" oaritisShingon="ossetic" rondleHarshenPuszta="7593203" shiplet="bultowLigaseBesluit">
        <secantsOngoingGentoo>coopee</secantsOngoingGentoo>
      </mulledDustragRecoals>
      <lill jarveyGenetta="haboubDaftarGroser" rewwoveUnroundCmdr="73961398" cetacea="91">
        <imbondo>814258</imbondo>
      </lill>
      <baled>
        <comingGliblyMahaleb>hiccupEstaminDunces</comingGliblyMahaleb>
      </baled>
      <soledDocket>
        <vitalicDesktop>trinode</vitalicDesktop>
      </soledDocket>
      <fanionsRewind loves="isizeBrainedTancel">
        <smazes>96676733</smazes>
      </fanionsRewind>
      <aruncusCarabao shaltVulnStormy="fermium" bdftMurexes="6" flyblow="2785517" mete="kalianaDingle">
        <denialBumpyOrganza>salmis</denialBumpyOrganza>
      </aruncusCarabao>
      <fidia bongingPoisson="splitTowableDesalt" mugfulBodies="oronoco">
        <garyLittleTidiest>friableWryingDecking</garyLittleTidiest>
      </fidia>
      <rodolphSalpidsMandapa defiAridianToniest="ferrerAeaean" lowing="erinysPaddaBenzoxy" hexineDogblow="cyaninsUnclip" porkishPrestos="isoldeJakarta">
        <plowmenScringe>croonKluckDiol6210</plowmenScringe>
      </rodolphSalpidsMandapa>
      <umbrel enluteAmideBhaktis="57293859" fads="58809740">
        <lardry>ponziteSulfion</lardry>
      </umbrel>
      <akhyanaBirrs puttsPookoo="telecon" gobbeParahSnib="boguedSteng6" plumlet="jophielBoobooUnroofs" seconalTng="drawly">
        <mestlen>detectBesortArdrigh</mestlen>
      </akhyanaBirrs>
    </rumanReloseCouvert>
    <chicory turn="loatheEmeriedApodous">
      <pollensSylvas>egesta58</pollensSylvas>
    </chicory>
    <monact cisternStymiedSmarty="847152261" fourthBussed="celsia" diarchOursels="80269" stupendCrownet="phobismBrimfulIii">
      <movesMitu>flaggedTussarsPended</movesMitu>
    </monact>
    <firsBalon pileoliUnfurlHeehaws="mawwormYoungAdar" zack="fardageCafila" abassin="hoerUnslungMimidae" wennierBlooth="tinniPtinus" biasingKebob="cobblesBalerShebat982" troopsDhoorasTestar="goaded" titler="tokamak">
      <artemasRibbons>helmet</artemasRibbons>
      <legerConuzeeEmbosk ungainIowtYon="naschGlowfly9">
        <moutheGyrene>beets</moutheGyrene>
      </legerConuzeeEmbosk>
    </firsBalon>
    <carvyMitch>
      <loserMargauxResalt>6407413</loserMargauxResalt>
    </carvyMitch>
    <fobs dispHyllus="nolBribeesSar32" swatch="salugiShewing" manesExplantSmiris="horstesDbrn72" swingelDwayneHaddie="eleminBurnous" hyblan="rimmersGamb1" ungearHajj="261942">
      <modyAnalgic>cockleGallah</modyAnalgic>
    </fobs>
    <rhesianWeedier>
      <asaLotion>venereMeals</asaLotion>
      <fumblesAclemon pholcusNaziImpel="courtedAfront" peplusFlyswat="otaries" seniorsFixateShedded="kaputUnflaky" harpistIdiotcy="nubCachaza">
        <famp>chaunts</famp>
      </fumblesAclemon>
      <bistersEquiped>
        <eyoty>pellety6</eyoty>
      </bistersEquiped>
      <airflowGoethe chane="murphLearnerUnnails7813">
        <gnawnCess>4</gnawnCess>
      </airflowGoethe>
      <warmingTouseJudaic waifs="cotoinSamnite" spetHemin="hermitsManitouPalmy">
        <tamineLlanoAgiel>jarvis</tamineLlanoAgiel>
      </warmingTouseJudaic>
      <chymistAfleyBrutify armuresFagotyAlkali="34281246">
        <antaAbobraWisents>rayCandier</antaAbobraWisents>
      </chymistAfleyBrutify>
      <murphyRhythms boggled="endew" bozoBabiedBornyl="290" pottur="8428">
        <asaroneSmarted>nailersNomen</asaroneSmarted>
      </murphyRhythms>
      <jacanaSnooseChac coffsSyssita="redared" wheamOeuvresUnhood="bassine" wheezes="ichthVerdins">
        <bulgerVenomlyIgname>algosisLumbarAsiento</bulgerVenomlyIgname>
      </jacanaSnooseChac>
      <nimble hillArrah="dickty" cytosinAtheism="101" shistOrgiacs="5">
        <pandyPiraguaPlatten>oddballClerics</pandyPiraguaPlatten>
      </nimble>
      <omalgia>
        <boutYurok>51</boutYurok>
      </omalgia>
      <mescalsLarrupsGigback labiateAramidUpwound="earAmendsManito">
        <kwhrRaggledMyoneme>soredia</kwhrRaggledMyoneme>
      </mescalsLarrupsGigback>
    </rhesianWeedier>
    <shaleCableJulius termin="snood3625" evenestStrome="espouse" mollify="rohanChyazicDonnick" spiltCivitanTheasum="rimmedArsyl" implantGigeriaThebais="kadayan4" gryllid="dualitySahhEathly" ecod="6354">
      <labialSavvied>kmetTrover</labialSavvied>
    </shaleCableJulius>
    <carlie>
      <suffer>dodoismCaprinBaconer</suffer>
      <pianeta>
        <attornStopes>wilga</attornStopes>
      </pianeta>
      <pedlersMalvinPlatys swabianChamoixEctene="lissome">
        <finialMercStarers>flaccidWorritRangier</finialMercStarers>
      </pedlersMalvinPlatys>
      <chestyBitlessCadesse>
        <splurtTulipa>7631185</splurtTulipa>
      </chestyBitlessCadesse>
      <buenosBloc>
        <rosabelLorenFrabbit>mammaSeqq</rosabelLorenFrabbit>
      </buenosBloc>
      <lycea>
        <waxyTowhees>686419</waxyTowhees>
      </lycea>
      <kahili burniesTamaraoRodham="2" azoManoMunch="crapesAshesMeltons3941">
        <whiney>isopagOnzaMorphos88</whiney>
      </kahili>
      <aristeSinae kakisKneecap="707">
        <dobosBasedRolling>sirventGuanaysBeverly</dobosBasedRolling>
      </aristeSinae>
      <flungTormina eerockAceraeBezants="tonemeSenoufo">
        <kokoViajaca>giveyMonk</kokoViajaca>
      </flungTormina>
      <peplosTottenCuculla quiltDrawled="hexerisBuckers" fair="stewbum" dozedFant="chubbFili">
        <bloodyNudestOchone>lustingRipsawForfear2</bloodyNudestOchone>
      </peplosTottenCuculla>
    </carlie>
    <outhornAdheredYagnob incanPomelos="valkyrDietedRefutes" comtistHcbTelfer="xylol" tipcartChamianBisayan="13622028" shuffEquiaxeGregge="mommaNidgetsAleft" fogbank="akron65" beckonsMitrate="emboilUnhabit3">
      <rumpadCurcumaShushed>lazedShewed</rumpadCurcumaShushed>
    </outhornAdheredYagnob>
    <intire limosAwanyuPigless="93123697" snigsMotonMegilp="fragorAcamar694" socket="83" fortifyGavyuti="donnedKernoi">
      <makers>beearnAmirate</makers>
    </intire>
    <outsiftEnouncePublics bisexedPedicle="lobelin367" waicuri="raidersOutlandFooster">
      <bestayElling>beamletUrceoli929</bestayElling>
      <dativesTanglesTanrecs hygeianSmooge="vocable31">
        <remaimAutomat>56714150</remaimAutomat>
      </dativesTanglesTanrecs>
      <wantonsBeatnikAronia ayuyuBingey="nodsCheviesCoolth26" rortySureshLangite="trawlerHonky" piecer="abaffBeylicMoolas" ashingSiletz="recitBeety">
        <footsUnpurseDepaint>tannishGrowseAwhir5564</footsUnpurseDepaint>
      </wantonsBeatnikAronia>
      <hydrate>
        <hewhall>luridlyPompa</hewhall>
      </hydrate>
      <underfoAlipataPostil dhuti="athodydKome411">
        <sencioUmbertyRustles>tendreContekeErthen</sencioUmbertyRustles>
      </underfoAlipataPostil>
      <carnageTigronePallial tripodsBootie="vallotaAllowerFon" lupeose="goschenLoxedKodaker">
        <streetEnrapts>avowedZebeck</streetEnrapts>
      </carnageTigronePallial>
      <aeneous loftilyWhereisClerisy="subsultDruidryRobotic">
        <sauroidTextileReuse>bewray</sauroidTextileReuse>
      </aeneous>
      <pileoli cising="gardBortVending" asap="dofferPushtuWaggy9" desugarRed="16142060">
        <forgeryMealily>svelter</forgeryMealily>
      </pileoli>
      <twosomePepsins ratter="karunaViscera" spawlerComte="imelle" titles="copingAjimez">
        <whissonTulipsCunners>289925</whissonTulipsCunners>
      </twosomePepsins>
      <cudgelWinstonUlcus foresay="agudistCone" tophousThingutDhoni="574">
        <baizeSepiasUphoard>deedierFaucial</baizeSepiasUphoard>
      </cudgelWinstonUlcus>
      <yatiganNonvoidNewsier whoot="7714652">
        <dunBriton>flanchDeposal</dunBriton>
      </yatiganNonvoidNewsier>
      <fluther hippyAramisAzlons="18199">
        <croylBank>tekkeTaphriaLumme904</croylBank>
      </fluther>
      <damar afacingMorions="unshod" purist="egomism" matchyGumma="fadgesBathers3">
        <quakierManatusTomb>belugaCrewmen</quakierManatusTomb>
      </damar>
      <ascapePermitAmines koolahDevance="9452" deltaic="357952961" jassoid="529">
        <tinctsKilXeruses>19026</tinctsKilXeruses>
      </ascapePermitAmines>
      <carcer soapboxLycus="slaveAlives" overedCaraculCulet="latah2">
        <tummy>ingushBezazzSilicle</tummy>
      </carcer>
      <slavismAbscamSuccose dicotTykingWyles="tertialFinding38">
        <tablingRetimed>tabstopRachial</tablingRetimed>
      </slavismAbscamSuccose>
      <sandbox>
        <serfTromps>568267</serfTromps>
      </sandbox>
      <kallah propyl="bushierIgnoble" pupatedBezzledKnapper="3939" dumousSmarmyEttling="madefyPrexies" betakes="delead17">
        <refiles>vizier</refiles>
      </kallah>
      <gabberCompeer>
        <pepsFrsiketProblem>463</pepsFrsiketProblem>
      </gabberCompeer>
      <muggar teapoysMigrantAcids="8">
        <forests>fibbed</forests>
      </muggar>
    </outsiftEnouncePublics>
    <alloxyStrigaThon warbite="diphaseRamekinShemaka" venatorStrangeAdonia="rededMiffUnheady">
      <modioli>colorinPutrefy</modioli>
      <rendu luteinsDesorb="stooded">
        <cailleProsserPredraw>radulaeTabour</cailleProsserPredraw>
      </rendu>
      <tasset bingesFumaryl="showyEnfonce" senusiSluicer="bepaperPalerHipwort61" nadaTrishaSheathy="daimen1602">
        <durettoPiglet>akontaeAnisadoHoliday</durettoPiglet>
      </tasset>
      <chirresPanisicCargued dimmed="globateBhat811">
        <gregosAssary>imposeSlovenKiddos</gregosAssary>
      </chirresPanisicCargued>
      <reveteBeamage>
        <dusting>995346</dusting>
      </reveteBeamage>
      <nonplusHilsah>
        <entopic>kamansiLobosa</entopic>
      </nonplusHilsah>
      <slutterWherrit chaffy="97162" washman="theorIrelandHarems" ufsMowrahTroggin="itai8121" ton="dearthsRemade">
        <hanumanIdola>raisons</hanumanIdola>
      </slutterWherrit>
      <aliyos bedownWorsle="74962">
        <syriasmFlirted>telurgyFeofferUncurbs</syriasmFlirted>
      </aliyos>
      <wallabaPiglingOculist reredosBrobGenetor="skewl" taxmen="6036883">
        <vizslas>egloguePaon</vizslas>
      </wallabaPiglingOculist>
      <habbubTorsive>
        <repugns>narrateXviii92</repugns>
      </habbubTorsive>
      <stoodTubasCava>
        <sessileSoshed>fitzroyCaprine</sessileSoshed>
      </stoodTubasCava>
      <oasis tartingBeep="402" carnSoprano="hoseUndwelt" moots="eulytinBehenGenty" taosHubbedVirion="schorlsBluefin6208">
        <bums>mauser</bums>
      </oasis>
      <bloatsAccueil badges="norardGorrafLaquei37">
        <chilToshery>kauriProdded</chilToshery>
      </bloatsAccueil>
      <druryUmbelGirons mirakCinerin="174" wishingGaspTray="forradKeekAltoist" silenus="aldernWaflibGimbal">
        <finnier>retool</finnier>
      </druryUmbelGirons>
    </alloxyStrigaThon>
    <servalLuck>
      <terret>aonachRedoxesLambs</terret>
      <lignifySonship>
        <dartledBoldoSaree>59734</dartledBoldoSaree>
      </lignifySonship>
      <regmaAniseed aymeMaoistsOilcan="goolah" ignify="knospsDeiced" backsetAdjute="reseise" guarri="fakesBufagin">
        <dorizeLumeter>misturn</dorizeLumeter>
      </regmaAniseed>
      <flared>
        <resayLitotes>mysel</resayLitotes>
      </flared>
      <hcb killdee="55">
        <doggishClonHalves>secnoDunker</doggishClonHalves>
      </hcb>
      <adduArnebiaPhugoid rehoodCtene="drepanePatinesAloins" maco="gownOreide" kalkvisTerapNaiades="murinaeCurtlaxClayey">
        <reaversParader>crojackLipemiaFinalis</reaversParader>
      </adduArnebiaPhugoid>
    </servalLuck>
    <cohueOscines ettleCabinChihfu="mandsDiddest" tyste="godpapaWesterVizor" heronCuspids="8830" veldmanWapitis="459752998" cute="haemic68" bindwebWanlasPaopao="adobesUnclogs">
      <coenjoySolein>zonurid</coenjoySolein>
      <dhooraAosmic caitifMin="caririCauserProsal" celtsTiercelPonces="nonacidArgolet" thruwayLoop="homerIring" eeryGriped="espierFrateStatant">
        <steresRespray>moxo</steresRespray>
      </dhooraAosmic>
      <anhydRadical mabolo="bidRede5">
        <pilotee>stagySurhaiAvick8</pilotee>
      </anhydRadical>
      <jaderyLeashesTappaul>
        <oidiumUntrulyScopet>arcsine</oidiumUntrulyScopet>
      </jaderyLeashesTappaul>
      <spicilyOleaseSpader laneway="niddickDoit" yakshiUnamplyFalling="43693928">
        <triedly>firemen69</triedly>
      </spicilyOleaseSpader>
      <risqueeShingle>
        <armhoop>creamerFilosusDoubty518</armhoop>
      </risqueeShingle>
      <vaunts>
        <halfOrris>973210571</halfOrris>
      </vaunts>
      <fitsRetrims>
        <nonagesBellesBlame>selagoAliceSkyfte94</nonagesBellesBlame>
      </fitsRetrims>
    </cohueOscines>
    <spurts>
      <verismOasalScrolar>mandoerUpworkEncup</verismOasalScrolar>
      <maria reevokeOctile="bawdierOxerReflow" dankerCosilyLopes="cesuraEasierAgio" frousyAdderFustet="infundRecatchSope" ariser="wobbledWallop">
        <rafts>podsCrabbedIsn</rafts>
      </maria>
      <gerald biffiesZipsAvalent="mothyDamalicDunnock" jettiedWeldedTallyho="746" exiling="arnStolesAbkar6">
        <squet>ratalsRepagePanung</squet>
      </gerald>
      <enrange dunganLiar="romeineYomud">
        <fibbed>blowsedStrettoLobbers</fibbed>
      </enrange>
      <kebbiesImpliedGirland sparyPradoUveas="skeinedMapuche2566" remixtSidhe="648">
        <soiledMeno>galago</soiledMeno>
      </kebbiesImpliedGirland>
      <pitlessTineoid kilhigVipery="ronniWyandot" stolen="89">
        <clunterNancyTanjong>versets</clunterNancyTanjong>
      </pitlessTineoid>
      <skoptsyReleve viscoidBoeberaFlotsam="136509674" roanokeKayo="pollenStorierHypho1270" fungoidKelpies="bumfs" chinnamTetotumCete="geticDooleesPiceous">
        <foh>conkerChancedPoppers915</foh>
      </skoptsyReleve>
      <twazzy manageSonoran="moiraNaghtEnergy" geegawQuerent="payenyNilgauGloried" placersMendeGomerec="sidthWilgersInvade" werentEliaLynchet="4402">
        <pwca>3</pwca>
      </twazzy>
      <vivresNixon zabaeanDistendPlexus="measlyAnxious" picudoToi="radishTswanaCleaved" faintyGarageCorking="725779">
        <depass>parsedCrest3</depass>
      </vivresNixon>
      <congrue scudiWantons="747257045">
        <mahound>quoted</mahound>
      </congrue>
      <sottageTibbyRunways retinue="bin">
        <mordUnwild>oppleteChopaJarkman</mordUnwild>
      </sottageTibbyRunways>
      <heriotAramid georgie="redeedYewNakeder" curstly="rottleUndeepAmbaris" jarveysUnsewsPereion="peleIcterusWildly">
        <lightyUnipedToras>septa</lightyUnipedToras>
      </heriotAramid>
      <achenesFlywort neshlyFoinsUnterse="scraggy" tilers="3043620" elfinsWhammo="dromicMewled" ceresin="2741182">
        <das>planeraSwimmy</das>
      </achenesFlywort>
      <fetlow zingierDashel="andreas" hutcherKhatti="humate" outportProbers="212209159" tiltedUncomptShimal="trinaMaddockPeskier">
        <baptism>neuronsRoupedPushily6</baptism>
      </fetlow>
      <chiaus rotJewishKumys="layOitava" thripsLaniate="eider" butylsAirline="51" stut="wifekinParvuleHoofy7">
        <tanager>acomia</tanager>
      </chiaus>
      <raraHarpist hadderMiaowed="whimRechal">
        <grampsEntrant>agacantAmbo</grampsEntrant>
      </raraHarpist>
    </spurts>
    <tossupLindaWawling kennellGrolierPapingo="16690">
      <taulaGrowze>baffiesByplayPrimos</taulaGrowze>
    </tossupLindaWawling>
    <roping draconeHaviourBubalis="637" hoorayViablyLof="radials1674" eosin="usninicSheerer4393" festineLied="9199" eaverLoriotSematic="sicklyShawmWhauve" biggish="airshedStalksBinh" ramedRakis="citatorBathingLimean">
      <thilkPutidRattly>formismPinna</thilkPutidRattly>
      <vitrial bandgapOfficio="burDelimesRosilla" muslinTopmaul="hyaenidToddledFugged" jimmerOrlop="meaned">
        <koellia>9</koellia>
      </vitrial>
      <doyltSerailUnsorry rebusy="4" wallabaSolertLumpier="uns" feretraTempete="metherCuteAttunes">
        <viddhalFlylessCodify>parchyLymphChawl</viddhalFlylessCodify>
      </doyltSerailUnsorry>
      <filippoShlocks holderMuddyBehinds="kaesTeazle" sackfulLoveryMycosis="heydeys2">
        <brewedUnbarb>gnosisMantraInteind</brewedUnbarb>
      </filippoShlocks>
    </roping>
    <goi>
      <urao>oofierGreyRoble</urao>
    </goi>
    <winksWhittleLooms minowTopmanArcane="loudMemoirs4" aikuchiBethank="63721839">
      <punoWithy>activesAmylinLamper6192</punoWithy>
    </winksWhittleLooms>
    <kaftansRummesTumbler agons="ninniesWraxle" curcumaDecafid="shamoisNunship" gnarrPorn="quarksSpavied" unveilsTuzaWennish="cipangoEthFinite">
      <gothiteUnstoicAponic>zeatin</gothiteUnstoicAponic>
      <canyPincer>
        <hicPuppyHulsite>31852</hicPuppyHulsite>
      </canyPincer>
      <ables tohungaAgata="annoyedSeisinsHemol5736" forelayShemite="85" plosion="troisAbede">
        <amara>soxhletGadgerSturoch</amara>
      </ables>
      <piglets ramblerDizzKerch="privilyChords" amiantDemosesNaunt="2367" forhooy="8" adapid="displat">
        <palpiBaluchPericu>cawquawRookierFrons</palpiBaluchPericu>
      </piglets>
      <scolds bibberyGrunted="bilgyMonoidBoiled" kiosksOverink="mayflyPouffedCookee">
        <whorly>gradin</whorly>
      </scolds>
      <estradaSalties slingsGallifyGoutily="ripoffsLambadi" sucrierAbjurer="acrodusYuechiCarmen5066" hippic="inamiaLiard">
        <aimlessHobJigged>scorkle2941</aimlessHobJigged>
      </estradaSalties>
      <bubWindlinLeepit encryptTzar="boxcar" skelpedJerkilyClaggy="sinamin919" jahvehPicklerColumbo="motleysElemeThetch">
        <wherrit>adulce</wherrit>
      </bubWindlinLeepit>
      <condorJemidar olea="buddahPoof" minuetsRuction="uraSharpy" sophyAnyMuscat="tsks650" salivasGluonDeplace="atelo">
        <specialBenzeinSoapers>rumblerBrowst4536</specialBenzeinSoapers>
      </condorJemidar>
      <cressonReslayDod hadland="setulaeDentist80" kannenStum="roasterCirceanLanista" handlerFlongsWatery="bhikshu">
        <tampansEtherinPad>heml997</tampansEtherinPad>
      </cressonReslayDod>
      <soupfinGnars>
        <sheltieAmusing>277864</sheltieAmusing>
      </soupfinGnars>
      <distentOceloidCrts begoDorsersBanig="asilidSiccedSerrae" hunkiesBribes="monthonSapoursCreachy" nigellaMantrap="shadsGraipWaise" helpersKilhigAudible="8680681">
        <farceButsEscout>9028</farceButsEscout>
      </distentOceloidCrts>
      <tolselTellin outroveAlphylDocity="jingoed853" selects="talmasTramellAstate" parcherAirwashTawny="162">
        <carpetChewsSetule>kaas</carpetChewsSetule>
      </tolselTellin>
      <cantlesBehead boogieBushletLogia="gustful3178" elevensStrobe="spathicOpacousGold">
        <murreysGuelphBrevier>slobsDaturasBikes</murreysGuelphBrevier>
      </cantlesBehead>
      <grimilyMana outtoreDikast="nomosRetypesGienah" legenda="orgueilClipeiCalices5003">
        <emulant>yieldsAzonicKlipbok</emulant>
      </grimilyMana>
      <squeakySisel togeman="2855">
        <hebe>clintonVenice</hebe>
      </squeakySisel>
      <xyridMoxas bugbearBalu="dosagesChillyKwachas" miskalAffing="fanteeg" primomoAdaFifths="syntomyJinx" freeingSpheneQuaighs="doloursDragglyNesiote">
        <matsuriPettlesLined>tapasFalcula</matsuriPettlesLined>
      </xyridMoxas>
      <hagglerPomades rigid="330362502" pia="acpt" kailsBonnnes="burseed">
        <ameenClayier>44566901</ameenClayier>
      </hagglerPomades>
    </kaftansRummesTumbler>
    <ungiltRelevy>
      <mtsPattGoldbug>lacingBemoultBetters</mtsPattGoldbug>
    </ungiltRelevy>
    <lacked>
      <sutleryApus>punkaFowlsDatsun</sutleryApus>
      <suicide noneneGaiety="439531928" alkinLeawill="hights" riever="desists">
        <writterPotlid>aswayValsoid</writterPotlid>
      </suicide>
      <thymylSalugi genys="unhaleStageyAutumns" ctrl="ringiteMaraudsGermon" mapach="aroliaEwound">
        <bdftBuffers>presShallu</bdftBuffers>
      </thymylSalugi>
      <acing torma="4602838" flattopAbelRayons="calceus" oudsGladeAnoine="mukhtar4">
        <rewearCarissa>42</rewearCarissa>
      </acing>
      <upwallSylva goblineSulka="cheneyQuassinEstriol" roofy="prio">
        <slattedStoodenPrimula>uncock</slattedStoodenPrimula>
      </upwallSylva>
      <barerGraterSeker alcedoLiftingBanters="rosilyMenacme" inkbush="517817">
        <sneaked>54592</sneaked>
      </barerGraterSeker>
      <milvineStrewn>
        <plattyOliverMonists>glaucinRakersCommix</plattyOliverMonists>
      </milvineStrewn>
      <sandiaJowlerSluig indicalBiscuitNostrum="timiasBletia10" manticGatemanSpirtle="fondue" putageSour="vernixBloomedBetaine817" choregyRubus="pokies2607">
        <subgit>90</subgit>
      </sandiaJowlerSluig>
      <baulkIdles jerkishBaronga="outdoor" schlep="satedNixyPulsing" berbers="myxoParados" latishCully="listySightlyVenting">
        <sixmoFlakageIgnores>369028</sixmoFlakageIgnores>
      </baulkIdles>
      <pelecanHirst palpateMiseatGerenuk="carrots" unesco="72611">
        <eyrasDucats>elapsCancanOutlead</eyrasDucats>
      </pelecanHirst>
      <berakotJerkinsTine itacistTeamanCicala="logriaSpore" opponeVidimus="gabiHamming7" diluvyJaggerFaconne="coevalsBulgeAmos">
        <warlingXeresWoodoo>savacuTineine</warlingXeresWoodoo>
      </berakotJerkinsTine>
      <stourlyInflowTwilt compteTaipeiKopis="natives">
        <loli>klipbokBihalveAfflate</loli>
      </stourlyInflowTwilt>
    </lacked>
  </stadium>
  <pricyKnorriaKoruny outhowlPinales="spissy276" ferlingWindilyWinkled="eryx" />
  <deaflyBaulkedTurkis framea="tenetDiadems" dappedShippon="269919">
    <derris>
      <barberaGorgedLavers>80900</barberaGorgedLavers>
    </derris>
    <vacheIntrine gaymentOaf="2397587">
      <anandaCollide>basions</anandaCollide>
    </vacheIntrine>
    <cheve simileUngrace="context" dittBoomed="420494" madOccas="abatageAnnexes">
      <karate>3536</karate>
    </cheve>
  </deaflyBaulkedTurkis>
  <brat carryDilate="partiedToughra" poriteSonanceBanyai="outbledKoklasPitau">
    <wrothy>
      <sayneteLowderQueal>curshipGloats</sayneteLowderQueal>
    </wrothy>
    <parisonTells>
      <ostrich>thuslyHorsierEffray</ostrich>
    </parisonTells>
    <emptioPyres cohoshManholeRecipes="87739" beathWorsle="becunaWalkeneEsteros78" octavesPentyls="brantsTaboretEchoers" yakalo="avenantNutlike66">
      <armary>jacamarGer</armary>
      <retortsApiary mucksy="acylSuasoryMezzos">
        <contg>noelGarrafa</contg>
      </retortsApiary>
      <lignumsAmicWode aplysia="47266499" jackmanChechiaInst="9555782">
        <tooroo>nodous</tooroo>
      </lignumsAmicWode>
      <surveysBarrettCanals nintuAciniDevs="cundumsConusesMissend" breba="newarkHelloedDepass" eyedotFoveaeHogg="908155262" repureMarkMenta="warpathBabis">
        <eggfishBoobookGlia>skoaledHammam</eggfishBoobookGlia>
      </surveysBarrettCanals>
    </emptioPyres>
    <newcomeEcdysisGoofing>
      <moke>cokeOnychiaPeauder</moke>
      <tarishAnaitisCatface>
        <boveyPondok>secretsRecoat</boveyPondok>
      </tarishAnaitisCatface>
      <deratedLogicalMadman>
        <bindiCanulaeLength>cunditeWynneRohun</bindiCanulaeLength>
      </deratedLogicalMadman>
      <pangs ethenicBossilyHazelly="torminaGuindePoulter">
        <sliddry>547818489</sliddry>
      </pangs>
      <sexhood opting="tropein">
        <obits>heizeEundemByplay</obits>
      </sexhood>
      <deuced fuckPatentFucales="duliasCrocker" bestudsJasione="boydom">
        <metisseDayment>702738</metisseDayment>
      </deuced>
      <gapperiIxiama>
        <updarts>greFivebarRedeye</updarts>
      </gapperiIxiama>
      <cabdaTwiers subtlerArdencyPacta="epigynyEcuMasque" overact="doppler">
        <affiche>cliche</affiche>
      </cabdaTwiers>
      <vives>
        <isonymThoued>linwoodPiroSinglet</isonymThoued>
      </vives>
      <slicks libraOratrixStances="ragboltGyricProving">
        <glarilyCalipee>almudsBarmie</glarilyCalipee>
      </slicks>
      <plenishGuardsMobbers uptideLaticesSelamin="2309176" ryalLayloc="66799">
        <dantaSeniles>molluskTriketoSlinte</dantaSeniles>
      </plenishGuardsMobbers>
      <canali helpingBachingHonan="gagers" buckeye="70061245" agadaOncomeMether="66525" coulombTorsile="therellArgalis">
        <milagesUmpedLarky>axial804</milagesUmpedLarky>
      </canali>
      <noyantFretishPrep subdeanAnnuals="jacktanAlgeticTelfers" argyric="dyingThrongMerges" mizzenDoudleCloyed="728215">
        <bufaginArgotsMoplah>bohmiteAbye</bufaginArgotsMoplah>
      </noyantFretishPrep>
      <marshaSocle>
        <lungyPile>immixesVolutinBadiner</lungyPile>
      </marshaSocle>
      <vermeil korunaSecular="matacanRineRabban">
        <phaneWestlanBossdom>7938426</phaneWestlanBossdom>
      </vermeil>
      <shallowFodgelUnclip waiklyRuptile="jovyDiobol" geld="264184732">
        <analogaCelled>ceresinTiffy</analogaCelled>
      </shallowFodgelUnclip>
      <crotalEndowed jagrasRumalLout="95026" comer="tabificGyving" nakedPiansMenaced="julianeBacklogClinks" gladii="oblige">
        <grousesWantons>appeachSeraing</grousesWantons>
      </crotalEndowed>
      <swinney>
        <seawallMfdLatents>unfurInhumedChudder</seawallMfdLatents>
      </swinney>
      <coyedErrants daciticAlanylYakamik="purse92" typicaSkippedIridize="turdineFattingHayed">
        <rubbyInsteep>6007</rubbyInsteep>
      </coyedErrants>
      <amadisReign>
        <tribalTitres>8226064</tribalTitres>
      </amadisReign>
    </newcomeEcdysisGoofing>
    <pess panochePicard="miliolaResellsHatbox4153" cuttlerRoid="strettiVexilla" polemanEnjewelCartist="667137561" apxFinnick="witletSmarms">
      <fuddledEfts>vulvaeCoft</fuddledEfts>
    </pess>
    <alhenna>
      <uncurbWea>dinedJarkman</uncurbWea>
      <blurScattySputum>
        <nuchaeForbode>relbunAlya</nuchaeForbode>
      </blurScattySputum>
      <begladsParched>
        <unnerveRubrail>barretManilleThight9152</unnerveRubrail>
      </begladsParched>
      <bonesOlent perchFono="apodous" patballRabbiPunky="oui">
        <incorQuashee>sawaliCesteUpstood</incorQuashee>
      </bonesOlent>
      <dusterAntiopeKrieker crowdlePurismsSimar="78321915" uzbek="worralSubgyriMalati">
        <threose>7615</threose>
      </dusterAntiopeKrieker>
      <nudens jaglessPuckYaka="aboardHabaera9245" ridersKiliareGalchic="imbibe" gibbetsUnsoulVastest="suzanLymphsShurgee" abounds="whiteCharlet64">
        <tonemesAdital>toreOrl</tonemesAdital>
      </nudens>
      <hetmanAlares molterAvoue="weentyNoebcdDickens" impalasCreamer="553807507" daitya="tangkaImbrium" lairmanShevaHawaii="36070377">
        <scouthsMahaleb>89</scouthsMahaleb>
      </hetmanAlares>
      <comboVeadar>
        <also>taulaDrovesDoghood</also>
      </comboVeadar>
      <gouryManomin copes="81" torpentWrithMildly="chimar" neighedFrenghiGabbai="8181" mantuan="scoad">
        <barretsBrasherCretins>redsWannestRampish</barretsBrasherCretins>
      </gouryManomin>
      <odylesPostmanEmit>
        <kookieSoberer>machzor3181</kookieSoberer>
      </odylesPostmanEmit>
    </alhenna>
    <hup ripeBrulyie="brisker" bdlsGlarierScalls="toisechJakes">
      <criesAsa>rasenShaveeBalatte</criesAsa>
    </hup>
    <kinot>
      <jobname>5</jobname>
      <ungrownCrabbit frightsTsarist="cashboy" beking="guileryTavers" trigos="cycadScribesOctyne8">
        <rociest>822</rociest>
      </ungrownCrabbit>
      <exceptSwoughGuffaw beswim="west">
        <kabayaRavined>friaryLetoColza2817</kabayaRavined>
      </exceptSwoughGuffaw>
      <effuso>
        <hire>yoteOboeDulses</hire>
      </effuso>
      <tubulusMortals isonymyZootomyMosques="4383603">
        <alpian>orogenyHerdmenAnymore</alpian>
      </tubulusMortals>
      <wethersLacemenTurfite caduca="87060" blockLearn="tamalsPubsVaginal71">
        <slup>unpicks</slup>
      </wethersLacemenTurfite>
      <pave>
        <models>kuficShunner</models>
      </pave>
      <fungoseTingleBakshis maimers="cramperEgoisms">
        <barmenMedevac>caliteSeveNabobry</barmenMedevac>
      </fungoseTingleBakshis>
      <caratesAzonalNordic sibling="pavinsBasanUnskill" tooReshoeDowp="bidriTerne" sequela="562596750">
        <tirritMeatyEffete>acoupeDingeOxazine</tirritMeatyEffete>
      </caratesAzonalNordic>
      <decoctCossNegroes>
        <agruif>morros</agruif>
      </decoctCossNegroes>
      <gride triamidMucinsTarweed="pvt35" arilGunterUropod="flirtsLocaterSlaveys" hafterMakariEerie="sardarsDecisis" tangingMisadd="seedbedFimeticGuepard">
        <cedula>51487</cedula>
      </gride>
      <halvaAbbest luchuanPyrite="insaner220" jimply="roodleNimshi">
        <rallyBailee>corrodeWheep</rallyBailee>
      </halvaAbbest>
      <victrixSla gombeenVext="branchyPulis">
        <epiceleGryph>270</epiceleGryph>
      </victrixSla>
      <sockingDustsCockal laicismAmselGypping="swarmedGoxMemory845" churnerHanaper="pienaar" hallageRebbred="burialsPalace">
        <beriIodoxy>jalapicChuje</beriIodoxy>
      </sockingDustsCockal>
      <angry ravingRhymedBlubbed="aimeeBari23">
        <bullom>5</bullom>
      </angry>
    </kinot>
    <pipedFiumara ruboutSleechy="viragoOzones">
      <amentsAils>anticus</amentsAils>
      <defraysAppair kallegeCaddice="24340">
        <chylifyInosic>kenarehWingSophene</chylifyInosic>
      </defraysAppair>
      <blotty>
        <ariasGrimmer>thing1</ariasGrimmer>
      </blotty>
      <noumenaPunkishPaladin seriateBarreraPitapat="kermes" jigsawsTanling="sabring" fucateLardGyrene="possessMesa" initio="9">
        <sloveneBarley>corneinEmmove</sloveneBarley>
      </noumenaPunkishPaladin>
      <lungiVampersCassata barriosSkewsGlucid="graemePuffinHayride" dadaist="67">
        <legis>673540</legis>
      </lungiVampersCassata>
      <kelowna tasselEliasMayance="anmiaBeam">
        <swagmenGalecheBister>accrued</swagmenGalecheBister>
      </kelowna>
      <trusteeGobs>
        <welshy>slewingBourder9077</welshy>
      </trusteeGobs>
      <crutter wrackBroomyLural="flaryWariedCrimean" cakeyEquip="44">
        <chlor>hupaDetects</chlor>
      </crutter>
      <psychsUndigneYapman sharraCashaw="byelawsCavia" unhuman="hallahTildenRuntier" scarabs="bagoboRagshagThenne">
        <feeableFortBreck>crustySnuff</feeableFortBreck>
      </psychsUndigneYapman>
      <euhages trokes="jarldomCalzoneChorook41" bendlet="ruffed" cuonFaddistHalide="3014227">
        <teckRaguly>5</teckRaguly>
      </euhages>
      <yesKnorhmnBootie adopter="crusileNitriteSly" recklaGrippit="thurtTackiesBungos">
        <playingUnrude>chancedFormantKinder</playingUnrude>
      </yesKnorhmnBootie>
      <inbringTanseyDermol>
        <innerveCecils>kimmerRubato</innerveCecils>
      </inbringTanseyDermol>
      <urinoseBarbell see="enwidenDialed" meatilyGreylagLockets="swithinRatan" vedro="hoinBuffing" flimmerBoomedPhr="2825022">
        <tottie>myocdiaKiddushLargo</tottie>
      </urinoseBarbell>
      <tribualButenylMyope dossalsHeavy="corking">
        <egohoodNonnatEndites>figmentTeleiHeavy58</egohoodNonnatEndites>
      </tribualButenylMyope>
      <tipiBronzyAbrades sugaryMalurusFlabel="working" barillaHastExodic="cordies" preally="wheam">
        <slashesVesigia>burweedScute</slashesVesigia>
      </tipiBronzyAbrades>
      <pruntedBanking gimlety="suntrapJamberOilcups">
        <toilers>sniftedMiseats</toilers>
      </pruntedBanking>
    </pipedFiumara>
    <snouchManny scolopsFastiiaUnbid="holed" abrege="idsSuitersMatzahs" wassie="restepBelouke" didromyIrrate="troopsCintre" dipsyBursLuggies="yutuZooms9" buswayBonzerSleaved="agit" swirledAnilic="entierSneestyToting">
      <alaneHeroessWads>solandDromonTambura7</alaneHeroessWads>
      <arouses snorts="filetsReguard" vaultBayonet="lobataSnakesPhonism">
        <hulkyDumasSignify>aselliBroiledFecit</hulkyDumasSignify>
      </arouses>
      <snappyRhumbsKubanka squidgeAahingClition="apojovePavedNonfat" bildersAcutish="astableLanioidReetam" stammel="valoniaFelwortSandkey" rockman="halduSwangy">
        <triose>503838</triose>
      </snappyRhumbsKubanka>
      <izafatTricked plumbetApraxia="dojoBraccae" vexersWaiwaiPhenate="hirundoGerberaPulton" washitaBaiza="misdoneStitch21" brookeCoccidOvicell="6">
        <felloesRowetBeebees>encarpiJewism</felloesRowetBeebees>
      </izafatTricked>
      <wealth faipule="dumbed">
        <hoselGessoGavelet>24</hoselGessoGavelet>
      </wealth>
      <ennuyeCoffReki carpedKolea="myallRathely" skilfulGambas="gibsonsTommyFinnack8" mizzleMonistViroled="cercisYahweh">
        <saurels>errorsMimseyMorales</saurels>
      </ennuyeCoffReki>
      <phippeRetardsGoobers cohosts="myrtle">
        <daggly>ischia153</daggly>
      </phippeRetardsGoobers>
      <puebloGravelsApple fauvismRimfire="jumbalViningBaumier" carvoneClangorSeapost="salteeDoulceKolkka3185">
        <kojang>67975131</kojang>
      </puebloGravelsApple>
      <larvate pilularSwitheWacker="oleinRecanesDori" suasionRedial="whittenEvert" misfileClefsOctan="genitalPosiesPlebe">
        <bullaeMonacan>kilnmanHitsSaying</bullaeMonacan>
      </larvate>
      <goboUnderdoTitties vaseCaged="psisSkipped11" sicking="weezle" pottledJouncesGlossas="galiotTentageBabbie" onlepy="mestizaCaitiff">
        <bohorBelouke>forebarFangledCond</bohorBelouke>
      </goboUnderdoTitties>
      <mensasReboltPeep lochus="uncleadLueticSnithe" purgaRetort="gutters" showmenRoddedIso="wenches">
        <picoidPhthorFlood>racks</picoidPhthorFlood>
      </mensasReboltPeep>
      <nugatorTenuous langle="ootidTelecon">
        <fecundDomineFidibus>19048</fecundDomineFidibus>
      </nugatorTenuous>
      <bedareKalianaEarmark vetture="banesVerilyRusk" devonSoricidMes="gunja" pdq="3045" lockram="tsadi">
        <resiftsNazifyGersum>hrdwre</resiftsNazifyGersum>
      </bedareKalianaEarmark>
      <podiumCrafty prothylUnpass="29" coddles="chromicPearch" sutoRundlet="sildSipe" urdu="fraenum677">
        <virionSorningNacres>couthly</virionSorningNacres>
      </podiumCrafty>
      <biffing flunkyImpis="nyasKaffirsOatfowl1438" skiisArgasid="kantelaKrooniPeafowl" newlineSlottenPectin="atopiteWimplesRoiled40" agtMundilPurse="viveur">
        <ovally>cursersObi</ovally>
      </biffing>
      <fossilsWarbite kirmess="scaglia">
        <arsenicOcyroe>92</arsenicOcyroe>
      </fossilsWarbite>
      <twierKyanite bushingTattily="laborPiefort2" biverbChondriLumber="bustoYakima" grittyMochras="ullucuGaineOrtygan">
        <linsArr>callais</linsArr>
      </twierKyanite>
      <hanger wristy="ocoteaDowner" cheatAbrusVara="rocheaSparer" physidCongoesJustler="thermitScurrilThesean">
        <lipase>creachOlefinsRale8753</lipase>
      </hanger>
      <liparidJinsRoofers iodideOpinerBrained="vannetPrewashJaggery" motesTortie="borable" wanzeBowkBisson="mandoreWhoosesAwedly" zootocaAntique="wooed4902">
        <rubelet>lands</rubelet>
      </liparidJinsRoofers>
      <liseAssertaAndian branner="moopGewgawyChurls" howsourBarboneFels="4">
        <remix>lokiBramahIreos</remix>
      </liseAssertaAndian>
    </snouchManny>
    <finmarkAstrict>
      <loessal>kettlesChinkle13</loessal>
    </finmarkAstrict>
    <mingy cibolan="okapia">
      <verstesGrivnaHaemad>hounceHapi</verstesGrivnaHaemad>
      <doucely outdoerNoyaded="heshvanShiatsu" aught="evanWyrockPleased">
        <avalon>593</avalon>
      </doucely>
      <queuedKukri howdah="keatsAlodium" limensPipal="mudholeKolacky" lookupsAlcoranDauke="28">
        <prase>animusCerrisGoujay</prase>
      </queuedKukri>
      <titi>
        <paucify>sullageExomisFruit31</paucify>
      </titi>
    </mingy>
    <corsak misaverAlgistErke="lycus" iraqiHauflinPonera="49" psaltesDasein="1" yomerVertigoPopery="whereisGrangesTines4307" arnattoSerting="mobbie574" liefestRegula="waygateSansarKinked" moiler="idemKeymen65">
      <vittled>5</vittled>
    </corsak>
    <drawcutTubik>
      <shakyIgarapeFazed>2890576</shakyIgarapeFazed>
    </drawcutTubik>
    <pewageCubtiFlowers>
      <jibes>piewifeMicronLunar</jibes>
      <fasciaCaguiEquoid netbushTouscheAxunge="gekkotaReavows8" yokelryHamate="cowiestSeasideDubbers" busby="bungPunts1990" gleemanAgal="20765">
        <hulsite>squdgeSimpleDrudger</hulsite>
      </fasciaCaguiEquoid>
    </pewageCubtiFlowers>
    <abseil luncher="encamps658" imonium="32440" scull="bombusThiuramTould">
      <nifeAlloo>92953</nifeAlloo>
      <uniques murshidMerReeve="charpitSpurter" juliettLuresHooch="vellumAbilao766" babysatAcetateExcises="hogmaceAtopen">
        <crecheSisten>bulgariTwirls281</crecheSisten>
      </uniques>
      <callansSolvate quinasLapelsImbuia="caidsManjack" adustVivat="burelSilvernLndg" hockleMedietyGrutch="rigadonBelee">
        <relookApeak>abodah</relookApeak>
      </callansSolvate>
      <amomis>
        <kiboshAobRaging>racketsCoagedCautery</kiboshAobRaging>
      </amomis>
      <gregale ordealRubbersTrub="wasnt" radeauGargleCollard="bechalk" imputeBarfBiflex="bogongOutactsUngaro">
        <aliculaOperon>peepingExulTotoro206</aliculaOperon>
      </gregale>
      <prises def="mirific" rennerBruchidAmictus="spaviedWingyHaffits" tang="godlessSnellsModula">
        <muvuleOkuariCornule>673</muvuleOkuariCornule>
      </prises>
      <uraniidWaygoerWitword slumpy="beowulf">
        <vivariaKazi>34008</vivariaKazi>
      </uraniidWaygoerWitword>
      <beauishQueered hermaThronoi="871" picketKrubut="orlopsFrettNitriot" butaneAnulomaPinnule="juviaGarredAlday">
        <bomEducateLehua>dopantGneissPhialai</bomEducateLehua>
      </beauishQueered>
      <hitoshi factorsBusby="tacketStatohm" quatresChalaza="74" triaceDirefulPaua="recrank" carinaeSchmear="megaronRewindsAmiss">
        <capeletCotele>marcos</capeletCotele>
      </hitoshi>
      <coppyPlaud roundupAnalityLab="juttedKeysAchape">
        <vireChicoTacker>23499158</vireChicoTacker>
      </coppyPlaud>
    </abseil>
    <waivingWhirlerFrousty>
      <lacunalUnlookCubane>sai9</lacunalUnlookCubane>
    </waivingWhirlerFrousty>
  </brat>
  <agriseIslamic>
    <kartos>
      <plosivePsid>3318234</plosivePsid>
      <suwe appearAdpress="gooberOocystsBetso" dittoes="istlesSicanaBerat">
        <osirify>capfulToosieEither</osirify>
      </suwe>
      <goldangSahukar aloutSaultHexine="weedishInklike3280" herrLimn="diswontHorsier2462" warVerminyHerms="75" nearly="gamps">
        <hotmelt>hacklogStaggerCocuyo43</hotmelt>
      </goldangSahukar>
      <pacotaSisith colonelPoleis="eathHartalAttune" nth="cynaraBamsGetable9050">
        <celosiaOrvilleUperize>caxtonGinmill</celosiaOrvilleUperize>
      </pacotaSisith>
      <basilarSharki>
        <nuderCuinfo>95</nuderCuinfo>
      </basilarSharki>
      <coelectHater>
        <varveDouchedAclu>20</varveDouchedAclu>
      </coelectHater>
    </kartos>
    <colonerTain>
      <trollyCateSauf>oxazoleMaffick</trollyCateSauf>
    </colonerTain>
    <raftersJoustGalled>
      <heyghWiggingDispulp>olioPertest</heyghWiggingDispulp>
      <jantuFoibleHousal nongame="5850">
        <nickersAstr>hytePatamarFirmers</nickersAstr>
      </jantuFoibleHousal>
      <autismBiolKarri dianilProcess="7" jawnDevCelling="summula" abbatieDewlessOleic="duliasCamis" kyaniteAddn="decore">
        <harrowHucksNattily>13587367</harrowHucksNattily>
      </autismBiolKarri>
      <monsCnidian eagreQuiesce="anticusGriever">
        <pistiaLarding>armenic</pistiaLarding>
      </monsCnidian>
    </raftersJoustGalled>
    <sisternAgrestRamta lilith="piercel" burgeonTenline="brochan" boyunaGroomyBaraca="60449396" bagful="freud" woodineGeode="lashinsMedino" borshtsSnugsDjuka="pickinRousts">
      <pahmi>raffman</pahmi>
      <avarish basallySaulterDecalin="warselHurdlerVermes">
        <lunge>eskersSilkine95</lunge>
      </avarish>
      <freckleDum solera="yoreCooedLina" chained="574818" faufel="leveselSoudgy" caroidVeersDeals="coucalLevoIcosian">
        <bobbinFaxing>cabullaBaboosh</bobbinFaxing>
      </freckleDum>
      <hautePurringTyromas measles="44">
        <satietyEelboat>81</satietyEelboat>
      </hautePurringTyromas>
      <ethynyl arkite="eggs">
        <yurtaKininsDrassid>shunsMileClimber</yurtaKininsDrassid>
      </ethynyl>
      <lentoid iodolFeakFleapit="alcumy" habenaReddest="picariiMoulinUnfrost">
        <unacutePhilyra>vauntie6516</unacutePhilyra>
      </lentoid>
      <wauchle yoyo="soloing" rune="riceyUnfurlPerron" update="scopesKaftans" logresDenguesHoaxer="musily558">
        <zackYarnersBusby>168155493</zackYarnersBusby>
      </wauchle>
      <mendole cigarBetell="honksLeoSubplat329">
        <waglikeRhexesRaggedy>tubbierCattedChupon</waglikeRhexesRaggedy>
      </mendole>
      <ramanan condorCliqueInsane="sixes" mendedPotfuls="kcalUmble" manso="reiner8">
        <utherBbs>happifyYawps</utherBbs>
      </ramanan>
      <latomia>
        <villiFlipped>senoraMalloy</villiFlipped>
      </latomia>
      <boddleAnanite warlyEdictal="forfaltOperant645" per="1875" ranglerHurts="autonym">
        <ungear>89918432</ungear>
      </boddleAnanite>
      <pimpish decilesRespeak="6303983" chalta="atis" spoffyCornuleLimper="gonyAlpieu">
        <mume>695960</mume>
      </pimpish>
      <scurrilCornage nagnailCelureCyrano="testataSnufflyMazards">
        <reoiledExturbZeus>deripiaSims66</reoiledExturbZeus>
      </scurrilCornage>
      <septiUnities lengSpheresHelixin="pilularTucumBothria" upyoke="upgang" belkGuttThecoid="fdnameTamine" mitosesCyclistAdjuror="46560719">
        <guaiacsSakeberOotids>greaserJetbeadContam</guaiacsSakeberOotids>
      </septiUnities>
      <redcoatUroceleParch tiensFetedFervor="irrateDisourNeuk" inchaseJusting="misky">
        <blowoff>aigretOsmols</blowoff>
      </redcoatUroceleParch>
      <afferePiupiu anaces="heftsHolies" snabble="loofahs" forepawTitle="terming" myringa="resound8">
        <fled>cucullaBlowsedPillas</fled>
      </afferePiupiu>
      <mirkArmed>
        <uricKiddish>navalPekingAlethic</uricKiddish>
      </mirkArmed>
    </sisternAgrestRamta>
    <tishriFortsHulls coelomeBebump="hickeyStop" harpedConcertBut="fullomBarboy" leftRamnes="randierAtman" wlityFoal="gladsUpload" irisherPantine="joshersPaste" subsistOkehPics="795">
      <candidsAlert>6961</candidsAlert>
      <crummieHopbindCarding tektosShrieveScut="edgilyPipiMooed">
        <packmanSugaredWhammed>molmenErrandDepute</packmanSugaredWhammed>
      </crummieHopbindCarding>
      <turgoid diavolo="boers">
        <zest>calkersSleavesDanism</zest>
      </turgoid>
      <keysKenning>
        <cracklyMuhlies>lansingDanker</cracklyMuhlies>
      </keysKenning>
      <hounceSkiffRfs coloni="upslipTorpids">
        <undeBogged>akoasmLudian</undeBogged>
      </hounceSkiffRfs>
    </tishriFortsHulls>
    <folksey>
      <soka>vulpesPatinesPapa</soka>
      <pruderyHopples>
        <dewdampWrote>oathsWienersPoschay</dewdampWrote>
      </pruderyHopples>
      <swapCompreg>
        <pallingWealthy>boughyBattens</pallingWealthy>
      </swapCompreg>
      <entuneTempete hollSplicedBologna="2308">
        <trading>boffScarfe</trading>
      </entuneTempete>
      <taglock officioLeggy="pansidePadrona">
        <gemmoidAssagai>vivantsBreezy</gemmoidAssagai>
      </taglock>
      <slunk>
        <maunder>fan</maunder>
      </slunk>
      <whyRepriceDielec ablockScoured="bakra" zoogamyWorsle="urusHoubara" sinsDonzelsErupt="cowlsAnolyteSkeily">
        <hsuan>brinjal</hsuan>
      </whyRepriceDielec>
      <sockets asapMaestroMonists="levantVerdinsSmell" meatyDiene="13" alee="cubhoodWaar" climaxHardpan="tuqueAenean">
        <pithily>took5845</pithily>
      </sockets>
      <jacobusBlarinaWrothy rehboc="rogerDollsDoebird" screaks="structOutword">
        <barlingShearerHarper>dieter</barlingShearerHarper>
      </jacobusBlarinaWrothy>
      <isuret saltcatKnyaziOpalina="598077261">
        <saleBobtail>3827</saleBobtail>
      </isuret>
      <vomitus syncomsAsakBingee="fameRebopZizit" koreishRanders="infixedClassicJerkily" imbruedWages="55738">
        <doorsEverard>pelterEphebesBorts</doorsEverard>
      </vomitus>
      <gelong eliPiggedDecker="goitresCruive" seiseJarabe="nitellaDecreetMoodily">
        <unsoilSpatteeBelait>zambia8</unsoilSpatteeBelait>
      </gelong>
      <hayzTuition faxKinsmenWhipsaw="personaBladedJinriki" wreathsKookri="ohms">
        <extort>corve</extort>
      </hayzTuition>
      <erucinThread shacky="811991527">
        <basoga>orellin</basoga>
      </erucinThread>
      <babuTurtlesMoky>
        <cagemanGunneraSemicup>semmitErelong18</cagemanGunneraSemicup>
      </babuTurtlesMoky>
      <johnnyAmara clotsOrtiveFirst="2791" sparrerNassaWinesop="voidedOchreae">
        <natickNeriumHade>dirndlYiteCrance</natickNeriumHade>
      </johnnyAmara>
      <bravuraIcons nizyArgusesSmasher="dreidls" clipperBlondesRefoot="papilioFuidhirToroth" delawnNaid="crockoAsgard">
        <yentes>91296788</yentes>
      </bravuraIcons>
    </folksey>
    <chitheTwifold>
      <nyayaPeepers>802</nyayaPeepers>
    </chitheTwifold>
    <psalmySapheadBret>
      <irrupts>coombeDitaliIctonyx</irrupts>
      <cutlassByroad craalSpoused="966" selfist="brims">
        <kerite>peerageVespQueued</kerite>
      </cutlassByroad>
      <yaruFacades gallsSimplex="215422414" claver="ringersBlypes" iconize="loamedShonaFoller" hamalsAspectFrenal="ccittNoddles">
        <intrado>alfalfaIlysiaCores</intrado>
      </yaruFacades>
      <timon>
        <sixteDietine>agnat1</sixteDietine>
      </timon>
      <vespal aquatic="serauTazza" rigbaneNaebody="byhandCenters" xviii="kelterEmong" aspyEscuelaSodio="daddumsLebhaft">
        <exposerBaboenOared>rosatedTroadEphori</exposerBaboenOared>
      </vespal>
      <pilaryBakeout afoulUtahanWindel="429274">
        <agreatBohora>966</agreatBohora>
      </pilaryBakeout>
      <bhotiaPluses orioles="styca" loglogSealery="mord" employsCircaTankful="hammilyBhootsThujyl" gauls="prick">
        <jaunderTrotAhind>cecumsTournSigmas</jaunderTrotAhind>
      </bhotiaPluses>
      <luckiesEddishTeaches revellyYikeOllav="blackerChorea">
        <tripal>burials</tripal>
      </luckiesEddishTeaches>
      <othelloGyassa cower="evacueFonoWithsaw">
        <araujiaOvariumMum>keypadsAnodine</araujiaOvariumMum>
      </othelloGyassa>
      <nisi octectsRonyon="amoebas" prideHowea="bodiced3927" torous="ologiesApopyleIsonomy">
        <page>kittles4</page>
      </nisi>
    </psalmySapheadBret>
    <kudosWhrCloff>
      <dainchaDotoTickled>seaStaab</dainchaDotoTickled>
    </kudosWhrCloff>
    <cressy epheboiAedeagiBuriels="larrup" sasin="greigesHoopoo" sierElhi="ringletHotted2" reedmanTeaish="975440100" remital="trangam127" setierMoror="4225377">
      <nodOffal>tanninsAlike1336</nodOffal>
      <abhenryKusaPutdown peda="amicesScleria" umbranaPoling="vac" coynessDiazomaSfogato="sundersBotlingHeeler" promit="rehayteWatchesAlmemor">
        <undimlyRetax>droddumVaudois</undimlyRetax>
      </abhenryKusaPutdown>
      <askance>
        <sokesDorask>caulker</sokesDorask>
      </askance>
      <kaimanAdducts topoiLunulePained="airingBulimy" ermaCringleBedizen="irruptFluavilMarci" malledShabbosArcula="datsunsIncaged">
        <naphtolUpdrag>trottedCupsfulMeq</naphtolUpdrag>
      </kaimanAdducts>
      <hagadicCowshut angusesCarapusGaulter="dealersPeanut" chukkar="isopods9475" axisesLexical="bago76" greyflyKilom="rested6052">
        <uncastePronityStibine>cadishMuddersSimples</uncastePronityStibine>
      </hagadicCowshut>
      <opianicSaitheMalign amimide="sawRagulyWapata" ooplastTampoeBelis="exingKenelmScouth518" natch="1819461">
        <bettas>heliaeaGroot</bettas>
      </opianicSaitheMalign>
      <spunkie talonHobos="trayne" atule="ensuresLactase" rattons="vedetMerlonEntrees" filacerDowseDerat="saltestScalfe">
        <pleachSaltato>basesRilesGabbler</pleachSaltato>
      </spunkie>
      <reefingBentHuff untold="etrierKbps" redawnEnforce="corses" gerbo="bribersStertor">
        <zincicGamariBedway>dubiety</zincicGamariBedway>
      </reefingBentHuff>
      <worrierDikers bec="porosSensoryMarkets5364" societe="pipingNorryJocoqui">
        <wendePmsgUnoily>bushOopod1822</wendePmsgUnoily>
      </worrierDikers>
      <sundryEuterpe coppiceDupped="941" musjidsAcaciinFlowk="burstTunkerUnflank" ifecksEmrodeBet="215526" etheriaQuipus="comarcaPattieTroco">
        <ifecks>tardleInfantSceptic782</ifecks>
      </sundryEuterpe>
      <tynes tummed="71153" melilot="1" lobwormMescalsAlkoxyl="gaedownKaury" mand="9">
        <artalLindo>avensGabbart</artalLindo>
      </tynes>
      <phonSwatVinew retoreDioptre="dreedBedkeyPether3" rivage="kasturaIdrisid4655" octroyLakierSilurid="silureBatikedHathor" mxdNifties="wentleClayingNiters">
        <accuserPositExec>997</accuserPositExec>
      </phonSwatVinew>
      <crappedCloches piertMeer="nucelli" kapok="urariFunking">
        <onagerConinWombier>mirrorsPuddy</onagerConinWombier>
      </crappedCloches>
      <protomaBuran crupperPashka="scams7" cludder="gobiRanglerDroits8" ansarieKindlePht="dukhn">
        <acuateCokyHunch>cantateLituusCierzo</acuateCokyHunch>
      </protomaBuran>
      <hyphensVelvets>
        <amuckMoilersBonnive>wauled</amuckMoilersBonnive>
      </hyphensVelvets>
      <naplessRatafia nephewsBlasts="252393" queriedWuffScoping="grometEmptilyMessrs">
        <adon>sookieKaputtClarify</adon>
      </naplessRatafia>
      <preyedDargahCholla fogdogsUnhairy="4685214" jailsSecaleWabayo="stolasBeePlosion" scandix="uptownsMoselle">
        <rambehPuris>ettarreBarmfel</rambehPuris>
      </preyedDargahCholla>
      <muskieParma intarsa="calderaCrasserScalet4165" ralline="crucily">
        <unleadBourse>kalendsWawlingFlueric278</unleadBourse>
      </muskieParma>
      <linjaAhurewaCuirass>
        <styrax>quartanSemital6457</styrax>
      </linjaAhurewaCuirass>
    </cressy>
  </agriseIslamic>
</cipolinOct>