<?xml version="1.0"?>
<putrefyEsuKopis>
  <meeksLadronTelinga />
  <tiger grammaDamozel="humbo95" rotos="impaleNaggers" lawrieSighful="zoaria">
    <combed tripelBasogaHulloa="lapsingHalesia2552" opticsRefletInchpin="acroa8" aspFumish="rechoseBegirdDapson">
      <descale>alboinMixy3</descale>
      <burrowChiviesUnpave muidPattieBanus="8">
        <frapEmpeo>3151</frapEmpeo>
      </burrowChiviesUnpave>
      <expels rudelyKunk="160416" caspianTelomicGriots="gausterMurrayOrchel6610" porgerSkegs="forlornTroubly">
        <teether>53341573</teether>
      </expels>
    </combed>
    <grangesEmetin aniente="varying638">
      <kerewaFolliesDwines>octads</kerewaFolliesDwines>
    </grangesEmetin>
    <taubeSazeracDromons benimSlottenNanny="lacer" dimes="nachani2889" tanadarUnderly="241200966" theyGismoSalema="8061" culmingBoodlerRegilt="veps">
      <aerosat>sinopic</aerosat>
      <psalmsPalliaReweld>
        <cephidDive>oilcupTwirlsWomans</cephidDive>
      </psalmsPalliaReweld>
    </taubeSazeracDromons>
    <cassabaThebaidBounder>
      <epinaos>relatesShittahDolose</epinaos>
      <deforceWithyBobbies tornitNotanWhither="metumpChamiteOpts9163">
        <himatiaBojo>flusCollow</himatiaBojo>
      </deforceWithyBobbies>
    </cassabaThebaidBounder>
    <spaneLancersJoiner graph="mungo" saxonlyGest="469406644" ouster="63" togaeLacingsMaundy="fluxureMabela" softensBugbear="1">
      <niciCoset>burgeesUnableTopmaul</niciCoset>
    </spaneLancersJoiner>
    <bey>
      <darkingChekhovManless>miltersLunkers</darkingChekhovManless>
      <ceriasGlummyBespray crisleMoocher="80" expirerUlans="nucleonAntonym">
        <eskarRaymond>groteNexuses</eskarRaymond>
      </ceriasGlummyBespray>
      <corveeMile verdictFlashesChesty="crubeen" turfen="skirredMobbyBemired" confitPerfidySammer="ownableSageer" budeFogs="alephs">
        <jumpoffSpendsSorer>7362</jumpoffSpendsSorer>
      </corveeMile>
      <cokers mangweRouperScotia="rooveTyking669">
        <searestZea>3885982</searestZea>
      </cokers>
    </bey>
    <shunt>
      <flukeyDightsNerka>veeryOnegiteSpine</flukeyDightsNerka>
      <sweltryPandionMog limosiVanes="passkey" guttlerSumbalHangle="radarsZoolEmbden8" insole="33788208">
        <obitalSunset>hums</obitalSunset>
      </sweltryPandionMog>
      <agnamedUnnoblyOsseous absumeAnabataJovy="nidusesLantumCebids812">
        <ceresinUndweltGuan>flosserHynder</ceresinUndweltGuan>
      </agnamedUnnoblyOsseous>
      <cycads>
        <overdye>peoplet</overdye>
      </cycads>
      <oustitiDonnie>
        <hagboltStealer>810</hagboltStealer>
      </oustitiDonnie>
      <manacleDights>
        <dermol>pumpageKolas</dermol>
      </manacleDights>
      <kussos stilbumAbaftAgnates="froust" treitreShikimi="tattiesPareses26">
        <praesesDefense>woodlyHough355</praesesDefense>
      </kussos>
    </shunt>
    <moqui>
      <toffishElusory>99978411</toffishElusory>
    </moqui>
    <tolselLoafersTheseus>
      <luredEmmove>charrosBoderDemal</luredEmmove>
    </tolselLoafersTheseus>
    <plangor>
      <marcWhelmOrating>methoxyRansom</marcWhelmOrating>
      <chukkerFilmist>
        <coinySuccumb>55694159</coinySuccumb>
      </chukkerFilmist>
    </plangor>
    <misimaLiquidsIowans>
      <sorelsClapNagari>21334763</sorelsClapNagari>
    </misimaLiquidsIowans>
    <beliveSpitingSennite>
      <handjarLushyPyralis>sutureBedewer</handjarLushyPyralis>
      <urinateButcherDickers haggada="unbaleMegapod" upspireWrawler="piculeSitars" snakerFinkelCathro="20" mirzasMinoize="erelongMislainSpells">
        <extPavisseImpede>escalinImpest2</extPavisseImpede>
      </urinateButcherDickers>
      <alienPeglet lineas="dampersWindier" afficheSpiling="imperilUnwealSangas" yieldyVogliteResat="agentry122">
        <gromilCrusAdular>feastedVilerKludged</gromilCrusAdular>
      </alienPeglet>
      <klanismNotchedDecury owsenIntrCholam="dronerMeriahZeke" aware="54" imprese="tienta">
        <blout>36</blout>
      </klanismNotchedDecury>
      <gappier belfryVialed="subgoalVacona" oaricMakuaKamassi="requestDryas" akovSextur="tumidlyChateauRattle">
        <duaneUnlooseChimere>6642076</duaneUnlooseChimere>
      </gappier>
      <simulerMoltedLaches mayeyExcoct="2628" storingSoutenu="shurfKai">
        <yeelins>angamiSpirket</yeelins>
      </simulerMoltedLaches>
      <zanders kawakaRiffs="paneHoatzinPyrene" awnerFraises="298428" aveny="233" fetal="galereSusanee">
        <fatuismPrickerFarcist>borable</fatuismPrickerFarcist>
      </zanders>
    </beliveSpitingSennite>
    <autocueBevined>
      <impowerTarrackJambes>battikYachtedSofar</impowerTarrackJambes>
      <trowthsPutteesBroadly>
        <genoeseRecanes>baglike</genoeseRecanes>
      </trowthsPutteesBroadly>
      <civyUnrufeRetrad seymourAbashed="posture" hend="wallochDensherAxons">
        <pandectTrockedVexing>neeseAvatar</pandectTrockedVexing>
      </civyUnrufeRetrad>
      <gravataInsteamGunk untipt="tulipa8857">
        <tectaPrimity>aflushKneeled</tectaPrimity>
      </gravataInsteamGunk>
      <nodatedTuxes>
        <bedaweeGenualHylism>decemTwangsInert2407</bedaweeGenualHylism>
      </nodatedTuxes>
      <agismsSteepsHarps>
        <ziff>whatnotHessiteSod1</ziff>
      </agismsSteepsHarps>
      <mummiesArtus cruxesAngevin="marmIllogic" faikes="ciliary">
        <levers>doeuvreNoshersBridler</levers>
      </mummiesArtus>
      <nievetaMisrulyHopbush taetsiaPungiPoodler="fatales860" sicesMoy="3931267">
        <biasesNipplesKyrios>daytime5</biasesNipplesKyrios>
      </nievetaMisrulyHopbush>
      <spited optant="flemishAgreTelecon" museums="legong">
        <ranket>agravicSubiclePardhan</ranket>
      </spited>
      <comfitsTriarch cadwal="pipericShooksCars" wasirDaubedClack="312334973" deviateTroublyZilla="sibbySpooner1946">
        <tempery>dynam</tempery>
      </comfitsTriarch>
      <sandburUlmo>
        <cymbate>919</cymbate>
      </sandburUlmo>
      <sahlite layshipSheaveRazored="liberia">
        <fluming>lungee</fluming>
      </sahlite>
      <dowserCarolerDecharm xylogen="intice" seethesCryptaTribrac="oppidan" sociate="costeenTorpedo8" caseboxLints="hatchet">
        <acacinKappRemoras>33043278</acacinKappRemoras>
      </dowserCarolerDecharm>
      <camasCodeineGloms thorite="corah">
        <founBehestTarbush>akasaJowpyPathol</founBehestTarbush>
      </camasCodeineGloms>
      <freyHawky umberedDrolled="croftPlaguedHecks" cantilChinoa="unsweet" sauteed="aztecaRewriteTriune">
        <unsoggyBbl>cleuch</unsoggyBbl>
      </freyHawky>
    </autocueBevined>
    <pottagyReads lobaleEncy="cubas7368" sacBullate="voidersColibri">
      <redanSpiresAphrite>9548</redanSpiresAphrite>
      <duffleContendBygones laputan="lowdownRunerBopyrus" sconces="boylikeBrocade" keeks="9922">
        <gazozSafaviCamera>830</gazozSafaviCamera>
      </duffleContendBygones>
      <parietWashmen heliosSherifiHaplomi="7386405">
        <segarEchisFlouncy>sris</segarEchisFlouncy>
      </parietWashmen>
      <trouterChassedLatron bosketBeccoRosttra="iraqianWhinny" himwardCupaniaSkulks="shikkenAbp" mediad="heizeVolary">
        <telesiaDayroomLouisa>felliesCroisadSahuaro</telesiaDayroomLouisa>
      </trouterChassedLatron>
      <pleurasPalsterChego unburntJug="cowishLeadageMysian" soferStbdUnsnare="fuzesAbdalBurials" trilitTwanker="cresolsEnwiden">
        <vegan>diiodo</vegan>
      </pleurasPalsterChego>
      <apnoeicPilot misstay="697" choiakStiver="decernsBelaudZittern3747" shoved="douses" isidae="sparedRhizoidTinwork3172">
        <sidleKulimitArtily>9</sidleKulimitArtily>
      </apnoeicPilot>
      <drapesContra poufedAdornsKnotter="creemBaignet" ledidaeGolilla="fstoreTeap">
        <noshesVexesVeiled>cos</noshesVexesVeiled>
      </drapesContra>
      <allodsOvisacCrow pochardBlandEnrapt="shippo">
        <gymslip>vereyRibososBoozes</gymslip>
      </allodsOvisacCrow>
      <budgyAlmice>
        <merula>typesetSweden</merula>
      </budgyAlmice>
      <tilersRosettyOfer drablerDub="decime" gobiaLituiPippin="viewSaccusAbhor" dudsPilleus="baggieInamour" stratigDrogh="avourNakoPailou">
        <puffery>verdour</puffery>
      </tilersRosettyOfer>
      <bumpity>
        <houseChintzyAgnize>90691430</houseChintzyAgnize>
      </bumpity>
      <costedTwining cohostsJusterBromic="mafflin">
        <belton>shute</belton>
      </costedTwining>
      <shibahs exurbFoliaryErrsyn="2" spaceAlgine="specterDravyaComfily" chippie="eskerHakoFrocks5" tragion="gars">
        <needy>syntaxLepteneTinters</needy>
      </shibahs>
      <tilaks bushierAcop="yabbersAlbs" greatlyAasMahsir="wissel" votesSalleKebyar="decrescZaparoDemit" strainsFuddleBooths="fairyCapotes">
        <affrap>28061</affrap>
      </tilaks>
      <bightTelesia>
        <dewworm>becomma</dewworm>
      </bightTelesia>
      <pegs enhalo="jiltee27" pipyFaunusPotions="soldan" scallopNewts="boylikeLisiereAnlases">
        <shoneen>nocksKeyCathy</shoneen>
      </pegs>
      <winstonRocheSleep>
        <yarphaDevastActiad>cholaKneel</yarphaDevastActiad>
      </winstonRocheSleep>
      <kanteleHowdahs panocha="timbrelCondue" aldose="canossaPostwar" poditicPrimusGluey="reagreeCrest">
        <wagenerFamaDefying>deroutHurry</wagenerFamaDefying>
      </kanteleHowdahs>
      <chufferSamoyedLinge haje="peskier">
        <soldadoDhaGarava>renown</soldadoDhaGarava>
      </chufferSamoyedLinge>
    </pottagyReads>
    <tenibleBiblism>
      <jaredChases>boseNick</jaredChases>
      <muscotRefelLimn kadderWangaGrison="hadbote">
        <pockingSaftlyUnbrent>pegall</pockingSaftlyUnbrent>
      </muscotRefelLimn>
      <conreyPartialMbeuer lingersMux="sievedAnaboCortins" smeuth="43733">
        <sendCartway>99110</sendCartway>
      </conreyPartialMbeuer>
      <placate geelbekHoliday="heveaUnstickSoulful" turboAirship="vagrant">
        <dinkies>goburra</dinkies>
      </placate>
      <bespin bullaSonantBelibel="kaiak74" figeterScarphsWhoot="derthParamShindys" plagaIpso="175" wotlink="whollSpinous">
        <staffs>leilaGrandsRupture</staffs>
      </bespin>
      <bambooThingyIlluvia curserPattyQuetzal="448342" hebete="tambacsPulicatHilch2593">
        <ampuleAphididCygnid>zeed</ampuleAphididCygnid>
      </bambooThingyIlluvia>
      <cockerSunlikeWert arcite="tetchPrepareHaole337" kiblaDunnage="pertest" compendUnpen="hymnal" artamus="52">
        <mattersPottage>1</mattersPottage>
      </cockerSunlikeWert>
    </tenibleBiblism>
  </tiger>
  <barrer edaphicGlebaUnsely="risselCsmpDatapac" strid="25006433" forgabCambioSnecket="hisisIslayTakins" upleapsSurgers="liasingGunnar">
    <proxied vangAmdt="243696" potage="dallier" hammalsBeside="countysSplitUnjaded" twills="coeffThirBedikah" mirth="32" rpsTapnetBesaile="67">
      <squushyRhachi>swoonedRamack82</squushyRhachi>
    </proxied>
    <lhotaCarpet boffolaTediousPewage="hohokam" tasco="6" roomth="yergaGrubsInmew" reeseBookery="slicersJurorsMohatra" civicsHurdle="5759">
      <altifyFungus>meantesCyanoseGuarish</altifyFungus>
      <phytaseGnosis>
        <lushaiLamest>dyadGirlishRappee691</lushaiLamest>
      </phytaseGnosis>
      <wayao kalesNoreArabic="hiplike" tractorSpicks="decibarForeseyEquinox">
        <pyxidesJussalGousty>loreleiWhim</pyxidesJussalGousty>
      </wayao>
      <padrone sclim="louluCann">
        <monemeTravoy>axonal</monemeTravoy>
      </padrone>
      <flayed miami="mumpish" snoolSabreur="faunula">
        <peddlar>fozyToppled</peddlar>
      </flayed>
      <fibrinsDogger allelicAddedLyrical="mowed" lenseZineb="polsterJestsShaugh" anconeiAttache="las">
        <lunaJewbush>9162</lunaJewbush>
      </fibrinsDogger>
      <cytozoaBrevet sopherShooOutsigh="wettishMac">
        <scoke>hognoseBynameLinus</scoke>
      </cytozoaBrevet>
      <canallaCrambe essayedAdvena="sperplePullet552" earnAleutic="anywhy">
        <dukeryArara>lutidinMotif</dukeryArara>
      </canallaCrambe>
      <moistlyHalite tattedTeparyMeting="930411" amimideSizzleOfflap="mittenEcch" tachiolBoracicRoute="724633396" vara="aswingHooterBunkie69">
        <plonkedUgt>babylon</plonkedUgt>
      </moistlyHalite>
      <premio samogonSopher="nidusShirtyExpiree" slimishNovelry="crushSimasForwarn">
        <petasmaLardryPrisons>747908060</petasmaLardryPrisons>
      </premio>
      <dronedPanadasAnguish entoticFubBalti="soolBaidya">
        <nagnailRever>anoiaChromylTaters</nagnailRever>
      </dronedPanadasAnguish>
    </lhotaCarpet>
    <mondial>
      <greenthBedeman>antigayRocky</greenthBedeman>
    </mondial>
    <sedgeAssertsNatrix winzeInsular="58819215" speceProponeMutch="goofMardyTalmas" fewerRiskedBarrios="oasitic" haggisSolutusSobs="searsPrismyHogton9278">
      <rattensBumpierDuscle>hotline</rattensBumpierDuscle>
    </sedgeAssertsNatrix>
    <showdomTempeh appoint="9962" tossups="nodedGurt828">
      <spiltSramana>pionFittersNilotic</spiltSramana>
    </showdomTempeh>
  </barrer>
  <suzTaxyingEmitted barytes="75455" />
  <solerTeemingDattock okeeCaligoBaggie="bynamesPacketOuabaio" wimick="cocklerFooter23" intrunkBrink="jacksawTheolog" esc="squader4287">
    <ankara>
      <gowdsDehorns>cre</gowdsDehorns>
      <messedDiptyca chutist="shrovedTyddynGony" cutlass="desireUnction" cronetChlorin="sodden">
        <cheeks>beverHuscarl</cheeks>
      </messedDiptyca>
      <wauledLarvatePacquet>
        <aidmanMahdistPiston>walkupMislead2090</aidmanMahdistPiston>
      </wauledLarvatePacquet>
      <malayanClyersSpoking aaaPolypsWabster="oxerEyelidsOkes" laissezYelp="5" slope="monicaSompnerGrizel" engagerGingles="grendel">
        <order>chowedPlevinPravity22</order>
      </malayanClyersSpoking>
      <ebricty enhuile="arguteCopeElul7810" achime="dundees">
        <gourBand>oarweed</gourBand>
      </ebricty>
      <elitesSospiro estroneKingcobSpicas="melamed" eponymsPapaneBeclog="eten7834" spleniiYallockVila="atavi1" teashopNoses="vicus5290">
        <spheneEndereDartoic>udell</spheneEndereDartoic>
      </elitesSospiro>
      <zorroBoaterLoftmen palaicPlungesVoivode="hookahsRudolph">
        <macduff>hazesSlackly4</macduff>
      </zorroBoaterLoftmen>
    </ankara>
    <unkendSpivvy>
      <flaggedAvocateAngolan>dividGisel3073</flaggedAvocateAngolan>
    </unkendSpivvy>
    <warbler>
      <wuff>zincaloTydden</wuff>
      <brawer turpMonthon="despertNunciusStifled" orbsEtonNance="tertius" untrod="cadgilyErgoismResene" sophicJanglySemite="pigboatDimorphPastil">
        <pantingApprend>mudfish</pantingApprend>
      </brawer>
      <kneeingDitch>
        <unsane>brining</unsane>
      </kneeingDitch>
      <devisorBadiaga>
        <hobnailSuneHammaid>pimentaFerny</hobnailSuneHammaid>
      </devisorBadiaga>
      <champedSnubsEophyte>
        <music>propels</music>
      </champedSnubsEophyte>
    </warbler>
    <relbunAurificAdobe>
      <kunaiLiestCubbies>monkismDhanush</kunaiLiestCubbies>
      <prythee>
        <pap>sucuriuBoutelPullman</pap>
      </prythee>
      <matzaScalxEpics>
        <cynismPungie>recasts97</cynismPungie>
      </matzaScalxEpics>
      <escharIssiteEirene quarticUnampleDolman="yodler">
        <moated>reaalKintar</moated>
      </escharIssiteEirene>
      <girns thump="quilate" trinkleSpies="5047746">
        <mildewyCowpony>archeolInbd</mildewyCowpony>
      </girns>
    </relbunAurificAdobe>
    <stenarFeodumTetract acetarsOctopi="darkenVousty" inezConiine="4" cessantYolk="violinaOopodal" invised="turgid3" mungofaSensed="dregKashiClubby">
      <ranalCartier>esthLabInanest</ranalCartier>
    </stenarFeodumTetract>
    <choisyaBecloak longly="6506806" cramel="melasExhorts" fleta="6289163" mipsRivered="rodlessFrowsDislive6" quirePirene="camaca">
      <umptyEnsuedDecator>tasksDetenue9</umptyEnsuedDecator>
      <zygoses holoku="tenonTineid959" tuladisPossums="chaco" delyFontal="elapine">
        <tienUndeft>agility</tienUndeft>
      </zygoses>
      <kendna sunckeSnapeHairier="zymasesFullish" antedon="combe">
        <bosquetIxodicNoons>salTragusGallops</bosquetIxodicNoons>
      </kendna>
      <hiemsTzardomBiocide chappyCupful="flushedKumshawSalify" potteryPinoles="termingMiastor4" castlet="oxaliteMommas7">
        <cobwork>1</cobwork>
      </hiemsTzardomBiocide>
      <obitsTolanesCupman caption="awanyuLewthFiscal">
        <ptyalinPucks>fondacoWithbeg</ptyalinPucks>
      </obitsTolanesCupman>
      <teazlesNavarinJoebush seismCadgers="askarelNixerCumacea70">
        <catalogBiprism>derrickPolemicHemic6</catalogBiprism>
      </teazlesNavarinJoebush>
      <staxisPinx graneArchyDawing="12164" manitoSabot="rices" fictileBezel="encinasArsineAchuas">
        <mammeysRomney>tarpotFarsangRurally</mammeysRomney>
      </staxisPinx>
      <harpyiaLinnetFardh disardBaccate="chifferRetAswoon">
        <loaPyelicPochoir>outbore1674</loaPyelicPochoir>
      </harpyiaLinnetFardh>
      <bepaid motonWeheeDamnum="kens">
        <jovyHeld>podware</jovyHeld>
      </bepaid>
      <quillaiMoheganNeurons sinnersRetradEddie="procityThoman4" apolarCaelian="unbarsSandbox62">
        <pollockFacily>8295719</pollockFacily>
      </quillaiMoheganNeurons>
      <percoct regrindDisple="hyraces" ossea="dautsBps">
        <visitsBethelsUntried>riffleGlacial</visitsBethelsUntried>
      </percoct>
      <larcinCuterHoister salient="eterneEat" priapusGubbinLianes="equantDishelm" mammothCorvoMalmed="1264" fordidAskarBasks="everse">
        <chawersWrestCommaes>webers</chawersWrestCommaes>
      </larcinCuterHoister>
      <unbedOddsmanClaries stand="punkahsAdlessTumbler121">
        <guntherLigatedBillons>trilled</guntherLigatedBillons>
      </unbedOddsmanClaries>
      <qintarPaste umlautCharqui="stouresShaughsDoggery">
        <cuissenUnlinksFolksey>9111</cuissenUnlinksFolksey>
      </qintarPaste>
      <akalBogElect delim="sheetsScathy" washaki="463414" voetsek="tenonerKitlingFixer">
        <timing>inswingPopulinBoldine</timing>
      </akalBogElect>
      <procrisPistoleSpiered milaBarrel="aiderMajlis" ergotinChinoneAmazer="2907" yazataMammeesLambs="kettingSurnapeBilalo">
        <tibiaCorbula>perms</tibiaCorbula>
      </procrisPistoleSpiered>
      <faggedRatlikeOculli crapplePulmentSummas="canon125">
        <notedlyBebiteJayvee>sharedVagousBargh2</notedlyBebiteJayvee>
      </faggedRatlikeOculli>
      <picolinTittups sheevesProsomaSaumur="nubSalchowIran9" aconicLunganToday="agallop" dooSherdCoptine="poduranDislimnImpresa">
        <durumsSpitingMoksha>anamiteAdicea</durumsSpitingMoksha>
      </picolinTittups>
      <zonaryNereisAddulce zappedTino="cakier" patee="tugless">
        <acpt>garoo51</acpt>
      </zonaryNereisAddulce>
      <winterHewel tabled="64" avulsedBat="ambushAxisesPinkies">
        <droylAuctaryTriedly>luisTingesVillain</droylAuctaryTriedly>
      </winterHewel>
    </choisyaBecloak>
    <scenite>
      <babishClimax>vall</babishClimax>
    </scenite>
  </solerTeemingDattock>
  <falda rotosCivetUndeify="5" crowbarPaves="438">
    <blowsYeechAreal>
      <cohogSoothes>9607017</cohogSoothes>
    </blowsYeechAreal>
    <shinilyNoriticWod>
      <shinneyValine>flaxmanJasySilkily</shinneyValine>
    </shinilyNoriticWod>
    <doandDoupion shuteyeUniters="edeaTabira">
      <salpaTextile>baggilyWhipsawApplot</salpaTextile>
    </doandDoupion>
    <booly hitchelDixy="886344" aridedSticked="founceUnboggyAmphi" tips="29">
      <torc>aloxiteDazedly</torc>
    </booly>
    <verdins>
      <osmanliAngelim>bardism</osmanliAngelim>
      <amber autoist="yurakKameSao" italian="apoplexMinetteMinning" foghornMeet="siddhi" cappyFedity="316116">
        <hazanimTasksTung>reignsCurled</hazanimTasksTung>
      </amber>
      <telegu>
        <frithsViceUrva>tumour</frithsViceUrva>
      </telegu>
      <scallopSaithe quamashAreaLines="54117" scalledFavissaTchi="8" purins="dryopsAwonder" scholaNightieCowers="eves">
        <venture>inseaCydonEaseled</venture>
      </scallopSaithe>
      <omegasDizdarDecays>
        <shakenSecalinStench>asyncAyield6</shakenSecalinStench>
      </omegasDizdarDecays>
      <loculesJacob malkinKadmiCyathos="farleyGezerah" styldiaApout="nocking" soupySutherShuteye="cevenolFuseauPeter7616">
        <plunksPounced>cetylicWashmen51</plunksPounced>
      </loculesJacob>
      <shelvyLamnidMasts twinThink="planeraHexereiCultus">
        <barieUnoldIjo>beaufetHaylift659</barieUnoldIjo>
      </shelvyLamnidMasts>
      <alcondeInburst nummus="changs" respanResizeRawness="sercialSabia5">
        <lunateSpryest>77006480</lunateSpryest>
      </alcondeInburst>
      <yumanPlanchTsarina enrangeChineeMasks="suqRerope" unfreed="fistuleSannopImpetus" ooliticTealess="seirenSallee" outdure="oopodalGilgaiRantan563">
        <aefaldRelot>marishyOxhorn</aefaldRelot>
      </yumanPlanchTsarina>
      <sferics balersAphthic="1478117">
        <coenoSideralHogen>29</coenoSideralHogen>
      </sferics>
    </verdins>
    <nubbly>
      <gabbier>slimsyBelly</gabbier>
    </nubbly>
    <wezn>
      <birdeenLimbousEmulsic>megapodKoppasEnnerve408</birdeenLimbousEmulsic>
    </wezn>
    <faintyProtest>
      <bleaunt>frenchySquat</bleaunt>
    </faintyProtest>
    <beltmenDronageUnsoul>
      <pataco>jaups</pataco>
      <pufftnFicin excites="yankedKickers">
        <grewiaAssoinUnwarp>buteosCorah37</grewiaAssoinUnwarp>
      </pufftnFicin>
      <blimpWhither torenia="gether853" coverupUngiftJoles="pillowsCatted">
        <inomaTeetan>tasserUpplow</inomaTeetan>
      </blimpWhither>
      <aseityBuntonVirales>
        <raidFanworkMaxixe>coronaeBehove</raidFanworkMaxixe>
      </aseityBuntonVirales>
      <inrolAverredDihalo oicksPigginsDeicing="litaiWindow" yay="cramper" hurkaruRend="wakemanProtypePleroma" agoraeDecime="brainy">
        <kermis>gooksDedimusDivia</kermis>
      </inrolAverredDihalo>
      <byronic condole="oilwaysZizz" uncheck="8237096" engramsMing="catcallMealsWelch" aubeDukely="bouses">
        <sesamumScreigh>godsakeDrat</sesamumScreigh>
      </byronic>
    </beltmenDronageUnsoul>
    <reaveDemodeCyanol fattenSpoffyIstrian="8723375" pedal="rotangScalaryPopulum971" areitoBlearyWan="verbenaQuina" tootsieDecantRode="awklySaining86">
      <unloftyChoiceNevadan>veenaBibiriNondeep</unloftyChoiceNevadan>
    </reaveDemodeCyanol>
    <straysUmbonal>
      <binnyWebworkHidling>tigreProfuse</binnyWebworkHidling>
      <derailsSemeia wun="jameson">
        <tuamotuJaborin>furudSeropusGohila</tuamotuJaborin>
      </derailsSemeia>
      <empires poring="julyFrontisEgling" otalgicVerbum="548" treadsQuipus="lowsinAnguish">
        <selfPrimers>3</selfPrimers>
      </empires>
      <unciDorm rever="seme37" woodsiaAvianCorkir="tackifyEntr" obsign="2">
        <crumpedTellina>sievesHybridaBoatel</crumpedTellina>
      </unciDorm>
      <muruxiAlinota>
        <fanum>299200</fanum>
      </muruxiAlinota>
      <convexo flukyKabars="theyaouGentoo" magyars="10553387">
        <residerRamadaLex>cyanidNarwhal</residerRamadaLex>
      </convexo>
      <silesiaEluate poesiePaucity="oleoseTaurylImprime" trulloBingBaldric="maggy">
        <korunaBabuaDoumas>bateteEnarborNoggin</korunaBabuaDoumas>
      </silesiaEluate>
      <worritAmin equoidDomajig="reshUranianBedye8" kylinDunairRearers="ethionsArroz" antheiaAmas="dadosQuiteno50">
        <intailScumble>tuladi</intailScumble>
      </worritAmin>
      <void>
        <peesashEnsiled>unedge</peesashEnsiled>
      </void>
      <bushesJailer sherdsCruzadoAsitia="94547895" artifex="piotr" aileenCrickle="lopsPrionid" cahitaWheeledPantle="atteDookitStetted">
        <oinks>9550847</oinks>
      </bushesJailer>
      <carpaleBedunce annattoAztec="coziestEtym">
        <alimonyNinepin>rufflyWheeledDero</alimonyNinepin>
      </carpaleBedunce>
      <vampBeverTidbits blawort="471352412" shuns="9865" closeupAstartePredraw="haysel8" draconeBoth="88194480">
        <cymriteSnapperSabulum>wartPlitchKeblahs</cymriteSnapperSabulum>
      </vampBeverTidbits>
      <expand jewyGenettaLehrs="sweetsCommise" chinedUpwent="622339017">
        <muleta>krooni659</muleta>
      </expand>
      <hummingHam>
        <detrudeKelliesHays>evulseInhellHousers</detrudeKelliesHays>
      </hummingHam>
      <jubbahsAmbush>
        <jaghirePatedOwhere>avahiGrunionAswash</jaghirePatedOwhere>
      </jubbahsAmbush>
      <ctimoPalulusOtomaco actiniaLeptite="glaucinTawdryCalces" rockedCodens="megaeraQuasiSellout">
        <epitaphCowlikeWhooper>122897</epitaphCowlikeWhooper>
      </ctimoPalulusOtomaco>
    </straysUmbonal>
    <swathesKat>
      <stinko>lungan</stinko>
      <glauke>
        <motlierPoultryEmbusqu>559463</motlierPoultryEmbusqu>
      </glauke>
      <lancetRahul grand="blanBowbent" afacedGroose="paludeYesesGurgly" retardPlonkoFiscal="463213" headcap="scaifePostbag">
        <omagua>meedfulTotalsHotline</omagua>
      </lancetRahul>
      <kerrilMushaWaipiro unawfulViddhalSturk="models" glary="upband99" antheiaMicate="lasqueZymoticPennage">
        <afreetsSynop>swedgeCambalo6845</afreetsSynop>
      </kerrilMushaWaipiro>
      <criboStile schloop="meconTheory6" stubbyPotfulRerises="328">
        <zongoraUnhatedDesex>mommiesUrnismKalong</zongoraUnhatedDesex>
      </criboStile>
      <fannellMuumuus sizzlesNimming="grackleCeriops" ticunaLaveersDeejays="dikshaRechalHelping" rangyUnhabit="unisexClucked">
        <lirasPonsFuzzle>2</lirasPonsFuzzle>
      </fannellMuumuus>
    </swathesKat>
    <uptight keeveSquinny="27179377" taperLei="tabasco" isaian="carus" soulishGeoidalChego="gaure" lullay="mondseeRoofed">
      <moselle>60</moselle>
    </uptight>
    <around>
      <aruntaAffixed>gripers9982</aruntaAffixed>
      <decrescYieldyPrepg gulpier="3150" candifyXiphoid="minimisLlyn7891" musit="kalasieGustoes303">
        <moorpan>bedizenPleiadsBumaree</moorpan>
      </decrescYieldyPrepg>
      <meharisWhosome>
        <womanedBitsFlare>easingLowballRerun887</womanedBitsFlare>
      </meharisWhosome>
      <sistaniFilthsMisdeed catanDrats="filariaTrenail" cesspit="956117571">
        <thermsTriuridClayton>41</thermsTriuridClayton>
      </sistaniFilthsMisdeed>
      <heimin>
        <uncroptSpiralsTetched>fusulas</uncroptSpiralsTetched>
      </heimin>
      <humetPalace penmenPyresOncoses="demon57">
        <woundAblates>3195297</woundAblates>
      </humetPalace>
      <axheadDecast bromide="unquickWaivery565" maplandBergy="sykesSeasons">
        <tulalip>cymbateBecarve8797</tulalip>
      </axheadDecast>
      <bks zarebaGowked="mungoDarkBarth" nritta="kilobar" phizesRebecca="lored">
        <dysury>gimlety</dysury>
      </bks>
      <orbital catalpaWeskitAyu="diastemFumose86" stopesBelovedMidair="dutchy" corbelsPylaMedeola="espavelTuschesRrhiza" caramelPie="945047">
        <unbenchCoefMyeloma>skierHawed</unbenchCoefMyeloma>
      </orbital>
      <cleruchEjoo goonsUnnakedPoetito="bhoosaOchringHurl" aglintTonalAcystia="villan" rusmaOpting="squetee">
        <vinceGrunt>pogoBelili</vinceGrunt>
      </cleruchEjoo>
      <yachtyBasogaMetisse sensateLepryFluffy="overputShune" unwealWitumki="wryLogcockGouge">
        <spoleBelfry>adaysInferno598</spoleBelfry>
      </yachtyBasogaMetisse>
      <hammilyTaoiya quintusClat="bogfernFooldom" dormer="buskClootToho" paccha="osmoticOlneyaBunnell54">
        <prahus>corsairUptossParvenu</prahus>
      </hammilyTaoiya>
    </around>
  </falda>
  <offloadEmigr showmenUnshoedTerbium="uncularWahhabiDriech" abaueBibbed="catjangHondaVulval">
    <himatiPowitch>
      <beglads>3</beglads>
    </himatiPowitch>
    <misteryEmbolyLamm nincum="repassVina" gimmerHineRuscus="maffleMeltDucdame490" pack="jubateRegGabbing" rivoHubby="1875" baghdadPimlicoFrizer="386704811" hollockFoaledRantize="shockerCasein">
      <sagital>2133</sagital>
    </misteryEmbolyLamm>
    <ungiftSwankey>
      <gustierPangens>daubing</gustierPangens>
    </ungiftSwankey>
  </offloadEmigr>
</putrefyEsuKopis>