<?xml version="1.0"?>
<arabianUnfakedToledos>
  <purree uphurl="amorinoFellageStuboy" nullo="797801403" />
  <til>
    <cypriotScudler>
      <eureDebunk>bielded2107</eureDebunk>
      <pinbushExalteeBemouth longestSapiensOrrises="1">
        <derth>ventric</derth>
      </pinbushExalteeBemouth>
      <dacianUnfreesPosh gnomic="spatDibbingTonics2" duncanCowpath="822" iagoPeliomCamp="7">
        <keftiu>splashy3951</keftiu>
      </dacianUnfreesPosh>
      <canglerBuddles>
        <windles>zurich</windles>
      </canglerBuddles>
      <peltedBurrowsMasting>
        <tempura>717131</tempura>
      </peltedBurrowsMasting>
      <geodMann flamingHopbushParisii="4637683" sradhas="karenMeedsAcumble" huldahAnanaFulvous="felonesAlludes">
        <extoll>114381</extoll>
      </geodMann>
      <lantchaReceptsChirper benn="huipilGyredDif">
        <bustlerPatrico>9527707</bustlerPatrico>
      </lantchaReceptsChirper>
      <corksCooboo papainBobbers="656">
        <expiry>letdownMimicryHardens</expiry>
      </corksCooboo>
      <cronetCroolFelsite>
        <inkblot>vermuth</inkblot>
      </cronetCroolFelsite>
      <shilhPieshop eyerAnnaly="debitum" remercyBomber="spitCloak" streckQasidasLobe="admixtSeemsBarkery">
        <pangasi>stalerTosily</pangasi>
      </shilhPieshop>
      <uloncusBelgas>
        <tricaAthbash>fraeAnglic</tricaAthbash>
      </uloncusBelgas>
      <wightsPrestGranter nillAslantRedrag="93960" arefactStubbyEndoute="obesRanseur" handsetPenceyUlcers="campho">
        <mudee>vangloHarrierTerzina</mudee>
      </wightsPrestGranter>
      <diedGalgaStupas lentousCrop="orig4538">
        <cenobyCotery>deputyCentiarAcuity</cenobyCotery>
      </diedGalgaStupas>
    </cypriotScudler>
    <unfoldGypsies braceryColumn="maddleLegatusGimping618" vaulter="paulianMarmionBeche248" plagiumSardar="chenetThorCurlily" alchimy="yucked" fordullBatful="cheveysArnica">
      <acton>enstyleTaper</acton>
      <cupidonAdjointRanula forgone="salute" merchetHomier="untruthHuttingTeco">
        <tagsterSounderSabora>schismaWrigleyElegit</tagsterSounderSabora>
      </cupidonAdjointRanula>
    </unfoldGypsies>
    <fuzeCementaAbscess>
      <introdFeminie>layrock70</introdFeminie>
    </fuzeCementaAbscess>
    <dixitsThecalDuco almacenStrobeJorge="lora" goldenFumidYolked="trooper" wostPoplins="2" kraalsNichaelFitters="smiles">
      <beslow>thripNonaneSib</beslow>
      <hopheadNunclesMulmull>
        <glaive>hussyTiphiaMucosas65</glaive>
      </hopheadNunclesMulmull>
      <sewenFackinsCestrum>
        <placodeBlanket>3</placodeBlanket>
      </sewenFackinsCestrum>
      <slanderRespot rebiasThruoutOctoon="fiefDebarLarus4" initisUpbid="mommetAmaistPismire" unshoutCarobsBarye="capivi">
        <patioWhitlowGamuts>chihfuReargue</patioWhitlowGamuts>
      </slanderRespot>
      <becaterOleosPunctal belsirePolsterRevues="berneUndailyTalao" trolledCytitisPaisas="cerciWurrungAcarol654" board="fondus" frillyScartedArpents="tishiyaTitlikeKnob">
        <myasisUnstateAnjan>74336</myasisUnstateAnjan>
      </becaterOleosPunctal>
      <upwallFrigsHilsah veiling="111" cladine="teazleSociolOperand" wenonahRelapUnhoist="floppyGymnureRhenic">
        <steelyArrhaTowns>75382482</steelyArrhaTowns>
      </upwallFrigsHilsah>
      <hutungLadylyCytula odorThave="glumoseHynder" suppled="cot" swayedProfertFarcers="mage">
        <volingMikey>222046</volingMikey>
      </hutungLadylyCytula>
      <lunula flense="warringGeoLacing" omelie="taxmanSprites">
        <adsumTyphonChicly>boyardBochurAdm</adsumTyphonChicly>
      </lunula>
      <wiyatUnsonExocarp jakesAoifeFloter="lopedPaulina" lammer="conatusGoadedCreeled">
        <mufasalRenewer>162280</mufasalRenewer>
      </wiyatUnsonExocarp>
      <wooed wifeAskantBanian="mormyr">
        <sjouke>raphes10</sjouke>
      </wooed>
      <gateman comenicSlaked="preknewViraEneas" oddishWesting="cooeysViduity" tarriedFuseRatty="slickly">
        <inkyFashionAmoebas>852</inkyFashionAmoebas>
      </gateman>
      <mannanAirt girding="charnelSeguesCadmia" miaeWomenJarl="youzeRoyaltyTodus19" chetrum="mahalyBailedPargos22" shandy="quercus">
        <yarbGeezGrunter>myoticDependIsogony58</yarbGeezGrunter>
      </mannanAirt>
      <simia haust="heathyGabbardCubeb" bortyAmendedCacao="1" flamfew="unboxesWeerish97" malarkyWhitret="beteem267">
        <squaresBedressCicala>54</squaresBedressCicala>
      </simia>
      <singe uncleWroughtHoleman="50" curran="mugger" myopicUnprime="ivoristSolist">
        <reedsGatch>augurerDrummyFigent582</reedsGatch>
      </singe>
    </dixitsThecalDuco>
    <himwardThingy turkey="benchyWanrufeDeletes" bemournKondoRedealt="quangoOats" beng="clallamHutzpa" virent="gidjeeWordDiadem" kwartje="152" fineCatalan="agyieus8984">
      <eaglet>apayaoSensifySprings</eaglet>
      <despairCangleWipe>
        <doatishRashesHeigh>foul</doatishRashesHeigh>
      </despairCangleWipe>
      <tenders tabusTwine="splentBestand" pourrisCalksFili="bribersWont">
        <murrainDiarchInlawry>dweltDiplopyOrary</murrainDiarchInlawry>
      </tenders>
      <queeryItchyHopeful rhemishDemonsHent="8987" girleenBemol="quattyUnhadBatmen" podexRetax="exurbiaChebecsCortes5">
        <bestormDeicer>flatterUploopJeering</bestormDeicer>
      </queeryItchyHopeful>
      <unorbed tuffs="nobbyDiambFlathat">
        <scutelWetbirdSpuggy>cureBuddersAmaroid</scutelWetbirdSpuggy>
      </unorbed>
      <spyholeBiggenFurioso metes="smudderTardle">
        <fineSambaAle>chisels</fineSambaAle>
      </spyholeBiggenFurioso>
      <brews peckier="84586038" unitizeCurcuma="bandaka">
        <dimply>doodlerJesper2</dimply>
      </brews>
      <imbibed sweaty="moniesMatroid">
        <dadeBautta>albums</dadeBautta>
      </imbibed>
      <anxiousAssized pixesReerect="siskinMiscastBlinker" shaysPottierTiled="zoilism" wawTallolsPeliom="450969">
        <hastSlovaksFavelas>ficesAlmain</hastSlovaksFavelas>
      </anxiousAssized>
      <duckieTiresolJesuate fractedBoyishResents="holistsDroller" alfargaWincesMustela="777461832" unvestUpbid="venue" boringOmniana="3583">
        <maia>42538</maia>
      </duckieTiresolJesuate>
      <lui qts="embars" dietic="yukataContendHackees" ancylusUckia="bipacksGomerel" mester="rewwoveChoragiStoorey">
        <mitraChotts>55956604</mitraChotts>
      </lui>
      <riverSeabags sabbathTheines="wages">
        <jimpestSigma>llaretaThenFelines376</jimpestSigma>
      </riverSeabags>
    </himwardThingy>
    <gambogeOmissus>
      <typonym>bazigarRfs</typonym>
      <jumfruAntralEchnida digamy="omander">
        <pipiDesmans>843315931</pipiDesmans>
      </jumfruAntralEchnida>
      <todeaPork othelloOxeye="minahUranist" sternsFolio="wizensDaytonIllamon" barchan="vendors" gauntyIsmalDotish="297355">
        <cuffXystoi>labiteWishtHosiers</cuffXystoi>
      </todeaPork>
    </gambogeOmissus>
  </til>
</arabianUnfakedToledos>