<?xml version="1.0"?>
<cindery>
  <smit />
  <betrap cloakedSiloing="frapMudiriaCormel" gaugesGimel="vapourMicheryBirdies" fumierKnacks="ruffinZygosis" enroll="8">
    <upbuyShopmen subaudAdevism="psoadicLinguaVosgian" rackwayStanzeWiddles="puyCocker" chikara="312592" ouabeDotes="peoples">
      <mammersTinnenAdatom>pawerGoujonHemodia1821</mammersTinnenAdatom>
    </upbuyShopmen>
    <mimosaArrises>
      <loftyBlindly>wagEuvrouBleats</loftyBlindly>
      <wieldsUraticBadling osheaBoccaro="undye">
        <lorchaJahvist>jizyaDayglow</lorchaJahvist>
      </wieldsUraticBadling>
      <molesInvictSwithin intrunkBorani="cendreTroke">
        <japed>flocked</japed>
      </molesInvictSwithin>
      <vivendiBethels treaclyPaeonic="537" goodbye="colyoneCalksLunker" sepiolaRiflingFlowers="copularAssamarCocarde14" scumExactusCootch="omitterOxidiseClechee">
        <sirgangAdorns>perched</sirgangAdorns>
      </vivendiBethels>
      <teleduTole congoTaversBiblist="statsOzonify">
        <limmersArshine>roloway</limmersArshine>
      </teleduTole>
      <facileTampionTumour>
        <wasternBurbot>4623813</wasternBurbot>
      </facileTampionTumour>
      <goalers reslashEnoplan="mezzoMpondoGobbing" zoosisMouzahBops="shinily" writes="addison">
        <ryked>clashes4795</ryked>
      </goalers>
      <mayvinsSulafat>
        <lewdlyCasted>vinetFurculaScfh</lewdlyCasted>
      </mayvinsSulafat>
    </mimosaArrises>
    <speers lunoidBulkishCaddies="choleic5">
      <gadesZounds>bowlesDiker</gadesZounds>
    </speers>
    <acinicHypoxis>
      <diquatsTofornDolled>105</diquatsTofornDolled>
      <maniusUntied beanier="42909490" emeutesMarianaBirkie="rottingUranite">
        <gallousGamUnspeed>screet660</gallousGamUnspeed>
      </maniusUntied>
      <waste magnonPalierStript="grizzlyMensesDhurnas" scaldy="stipo">
        <gawkilyUnringCornel>figaryHoly</gawkilyUnringCornel>
      </waste>
      <spadersLeukons unsound="4287" ropaniKickersNopalea="wielderLurersInhold" skenes="okras">
        <pranktGamgia>54826</pranktGamgia>
      </spadersLeukons>
      <cogon tassetsBonnie="dinette" gripper="paine" ladhood="badmen" trisomeMizar="radix4">
        <bauds>hummusUngoneThorter</bauds>
      </cogon>
      <fields glintedYengee="7" slubber="foodsRelater3216">
        <semiape>hexagyn97</semiape>
      </fields>
      <formismGinsengKnapped dissueTapwort="harshly">
        <tuxesSemicha>haloa8885</tuxesSemicha>
      </formismGinsengKnapped>
      <mauriPulBogydom preenerHadlandAdders="morellaCogways" unlineBemaulSplore="powtersGroomy">
        <fossick>993792755</fossick>
      </mauriPulBogydom>
      <ail guilesPisachaShock="taggingUrolithAlnath" aeries="flangerFoggersSmell29" orrisMallumSulfone="olpesScribe" handlesKnautia="tostadoGup">
        <tidi>whiner</tidi>
      </ail>
      <talcoidSeptane razedOutban="pigeon" atheist="isotelyUlva9">
        <pelesRunningModems>gangs</pelesRunningModems>
      </talcoidSeptane>
      <lienorBosey>
        <conidaePawnsWoolf>myriadPupasShoaler</conidaePawnsWoolf>
      </lienorBosey>
      <tarocsPark>
        <mannansBanditsWyvern>amurru</mannansBanditsWyvern>
      </tarocsPark>
    </acinicHypoxis>
    <shillooDimyary>
      <pongees>menuki</pongees>
      <nullaryVedalia>
        <biddieDaroga>lurerCalmierOutre</biddieDaroga>
      </nullaryVedalia>
      <galey peppingProvers="9802141" orgyia="275" nukesEslabonBaybush="gallons">
        <cowhide>bagman</cowhide>
      </galey>
      <lessonCpsCherts runoff="coalpitHoarish">
        <outpealNamelyRhythm>combed</outpealNamelyRhythm>
      </lessonCpsCherts>
      <sampi khaikiDriven="corozoCobbledBundeli8259" gamed="westersBuccaroEmerita707" mouthy="gaysMiffyGypsine763">
        <albifyArtworkPurged>haikuChetahs</albifyArtworkPurged>
      </sampi>
      <ceileSikesRotse>
        <defusedMoraea>poiseSkidway</defusedMoraea>
      </ceileSikesRotse>
      <astraea morasElls="snobolAthodyd">
        <goujay>lepton1</goujay>
      </astraea>
      <gularisWrampGimmor siena="witches">
        <decoatSers>zenithBonsCheskey393</decoatSers>
      </gularisWrampGimmor>
      <unruled bandrol="yoginsGlaliAbmho">
        <stanza>93563439</stanza>
      </unruled>
      <semble cockledArioian="375">
        <inroad>fossetFiry</inroad>
      </semble>
      <kambalTheurgyIra euphonSlodgeCootch="atokeHardiesEntotic" isicle="fatorSprackFlisky" stummelWeevilOxid="fingerSquinty" impederAestureAegis="raquetCombWhoosh">
        <chadarAntalGigger>998845</chadarAntalGigger>
      </kambalTheurgyIra>
      <bangup>
        <cottier>yavaProbes</cottier>
      </bangup>
      <alkenes awhape="smallerPlacing" clapped="porusCanap707" lucanusGemmily="roseryMismetAfars" salterLygeum="72194">
        <loutedKoibalGumshoe>gaugersSaltato</loutedKoibalGumshoe>
      </alkenes>
      <kuveraUnboggyCharbon irksNeth="gooderWurst7959" kytesBrutism="ansiClasped" weenty="moxaRippler">
        <missetCordy>8500444</missetCordy>
      </kuveraUnboggyCharbon>
    </shillooDimyary>
    <blenderSpitten>
      <cachouOxidize>filletsSpences</cachouOxidize>
      <eudora>
        <caratch>cowpathEpilateEnerve</caratch>
      </eudora>
      <gadeanFetus okuari="trickieDetar" belastDamfool="merer565">
        <termorsGoby>pautOutfeed</termorsGoby>
      </gadeanFetus>
    </blenderSpitten>
    <biogens>
      <bedegarDizzierGovt>503103245</bedegarDizzierGovt>
    </biogens>
    <sourlyCumic>
      <jctn>insanie2</jctn>
      <org pippyObtrectWooler="myxomaShivery">
        <ramifyElicits>oncia</ramifyElicits>
      </org>
      <bagelFiggier avourPeasantParkin="creamed" raveryTucsonFugs="redeemsEam" soda="3811" oyerImpregnZorgite="dicey">
        <pram>116977</pram>
      </bagelFiggier>
      <schleppTilingBrickly containCogwareEffaces="doddartPranavaWissel" shisn="shuckerThrawn" kesseMushlaDialler="pursierPregame">
        <sawpit>hubber</sawpit>
      </schleppTilingBrickly>
      <ethicLaodah fussily="cotes42" members="enlief" andiraBrowdEpizoa="429147247" hurrerChoking="blotterFettlerFels1500">
        <sultane>girted</sultane>
      </ethicLaodah>
      <inleak>
        <liquors>arilsBlitumShinner</liquors>
      </inleak>
      <theirnCimicesItcze manieGrapeyFlotsan="dunkersSynnema" creaKhodja="44083035" nifleHintersHinging="monocotCitesPhases" initalFictiveLeonid="tells6">
        <carvistNews>ceases</carvistNews>
      </theirnCimicesItcze>
      <salifyUnrife bowheadUnbeastKra="9" wartedPanics="yeatherBepinchOrbity8">
        <ethmoidHistsKelson>abeliaBowpotKechel</ethmoidHistsKelson>
      </salifyUnrife>
      <hewerOtology chidedArpens="ascryHealthy" misting="getasOccupy" mappenFactyRentage="aciurgyFikhPynot" bezilsItalSpaces="sus">
        <clasperWrangleAnomie>vodun</clasperWrangleAnomie>
      </hewerOtology>
    </sourlyCumic>
    <caudex chertyArouserBezetta="corvetsDetd5" iconPinson="kvassesWane" secohmBagnios="tartineScorned" cursusAreole="halperEneasAutoing9">
      <amangPesos>shamer</amangPesos>
    </caudex>
    <pulersAmidineCimbal>
      <habaera>egolEnchairReedman</habaera>
      <cloyed ebriateTests="minaAct">
        <moulterOuterlySissy>diacopeToggled</moulterOuterlySissy>
      </cloyed>
      <branlesCakey achyRiggedRikshas="lariidSettlerPricier3398" bortHaiku="oxphony" motoricHockledLoord="olivary7">
        <snortyLambie>toluoleDruithRedcoll</snortyLambie>
      </branlesCakey>
      <outyellLevy derateDiarchy="crabutBaulea" windjamFlytail="nahoorRunes400" clechyAlienorSnick="ramateAutor641">
        <inionXyphoid>saba344</inionXyphoid>
      </outyellLevy>
      <polloiShish vulgate="3723" cheatLactantHend="chuvashSquabSwearer" agoho="belardUnmowedMeacon" boudinGutsier="donar">
        <piacheHookupu>ladesGurjara</piacheHookupu>
      </polloiShish>
      <soarChaldeeHim>
        <yells>chiasm</yells>
      </soarChaldeeHim>
      <upflee oracula="miskySinapic" turbot="careneMousy" impededEuphon="depitLanchUnami">
        <uniOvidae>78474</uniOvidae>
      </upflee>
      <aviatorBoswellUlvas binderBileve="margins" zuleika="khar">
        <kneesAlerion>yaffsTinajaLoach</kneesAlerion>
      </aviatorBoswellUlvas>
      <rawnessShelaCoteen slokenLubTertio="xystus" hoyleUndukeToling="veloutStuddieOrigins" reswore="codAgorasImamic" perkilyCondomLoped="6700">
        <infancyCusserHowder>satangRehireNito</infancyCusserHowder>
      </rawnessShelaCoteen>
      <jahve dinusOrpineHoggin="brucinsJacking">
        <upcreek>addrestHadeanPoppa53</upcreek>
      </jahve>
      <closelyAvulses roundedBugsha="boonPuff" watSlaitZenick="ragfishKneeledCuvette">
        <imaWarring>stibVenererPinche</imaWarring>
      </closelyAvulses>
      <outwoe humicSerangRomanes="gripierBasten" resinicDekingParmack="affeirBoggledMarrer" acredPriorlyUnglues="elatesAmilesDayglow">
        <consuls>31</consuls>
      </outwoe>
    </pulersAmidineCimbal>
    <crwthsLoad>
      <emceingJugsLancets>offedFissura</emceingJugsLancets>
      <meharisBailers donackEnamor="iwberryOutsatOillet736" buses="refixSingly" dinomicQuartan="jujuInhiveTaxwise" unais="pegasus">
        <mappenTempyo>10515</mappenTempyo>
      </meharisBailers>
      <sheikhs stenosRefilmCurb="821" jimmyAcardiaDaisy="ironerDreidlHogties" toda="asweat" fiddleyOutswumCentals="foulestCanasta">
        <vriddhiRafferyLadinos>harleRapidly</vriddhiRafferyLadinos>
      </sheikhs>
      <retellThiasos prancesBachesPairt="maypoleFrisk" scanicWorksTurban="cherguiPovertyTineal" toysomeScranMisgive="unglossShikraCoho" otusOrage="kathalBodice">
        <truedColossFunli>jimplyOsminScholae</truedColossFunli>
      </retellThiasos>
      <upon pajamas="acetousUngold">
        <dari>offsEvils2</dari>
      </upon>
      <startsySassak libyan="lycosid">
        <prowedInshadeCinclus>triblet98</prowedInshadeCinclus>
      </startsySassak>
      <marsha lettSoleret="legatee" taka="potware" kaisersHusking="censesLearoyd" falsestGudgeonLhd="240201270">
        <caimansBiotiteToluole>33349675</caimansBiotiteToluole>
      </marsha>
      <humphSpretty viperaElvesDuole="boxierRiantlyHaplite" tirerAni="groot" creaticEnhardy="vitrifySeenuPupate">
        <yakimaFearsTornado>755</yakimaFearsTornado>
      </humphSpretty>
      <wishedBurkeDummel curteinSadhana="nickum8984" dustsUptendCommark="widenerSmallenZocalo45" horkey="3317">
        <cajunIrade>ppiWadge</cajunIrade>
      </wishedBurkeDummel>
      <burritoGloves hugeousNovelry="eustyle647" kernosGlisk="ardeidBirderHabab" stomaCoat="mammerDopy">
        <yurtaSeemingNotaeal>crayon2</yurtaSeemingNotaeal>
      </burritoGloves>
      <bathesCorneasCadmium pelidesZygionUsurper="immote983" surphulGesten="metopic" jenoar="scrowAclydesDrivers" seagirt="sayaSucketAnisole">
        <swithinTrusterNilled>pagneNaulumFulham</swithinTrusterNilled>
      </bathesCorneasCadmium>
      <pinkanyStouten afront="sorelManaged204" olivineKnuth="rappelsRenoCogito">
        <deductBeltie>180030207</deductBeltie>
      </pinkanyStouten>
      <moltedDoffedBawds faceteGing="kohlanKashiraScone" megaradEcphova="windzSacreShiest" cupolas="bolimbaHopefulGaum">
        <flitingPainingJambosa>renvoisReshapeBahoo</flitingPainingJambosa>
      </moltedDoffedBawds>
    </crwthsLoad>
    <wearied>
      <joinersFancify>tirls</joinersFancify>
    </wearied>
    <whf yorkersLyctidSeed="haymishNebToughie" hoylesDozily="suttaBowls" girshes="maudleBdlRumored3" koans="amylonGyrene6768" praisedEndurer="63473" bluismMarplot="hurrianInscape" propagoBummaloGnaeus="boutonFresnel">
      <gaffkyaImbandOlent>rimpiBracesArenoid507</gaffkyaImbandOlent>
      <hintingPales gaia="3" smurryFoleHarmin="bobstay778">
        <amebous>mucateYocco</amebous>
      </hintingPales>
      <ziganka aioliGrinch="skimmed" gummaZestedWhiglet="68306100" regular="furoreGrugous1427" enhappyUnquodWaxbird="notatedFraunchCruzado">
        <mundariCentesmCathryn>26552</mundariCentesmCathryn>
      </ziganka>
    </whf>
    <pyloric lendPorterSheogue="guerdonBemireTarau1" bravedIneptly="gradalEhretiaPaniers" gulfier="942108305" ciboneyDigneWorse="66" pangara="32273614">
      <boget>truttaWrap</boget>
    </pyloric>
    <amorosoComartDsname>
      <phonon>kischenScantly</phonon>
    </amorosoComartDsname>
    <outhymnBrasses>
      <bourgTreblesEtherin>statua</bourgTreblesEtherin>
    </outhymnBrasses>
    <stomps abramMulita="thelionSieverTenner" wemmyTaalAched="atamansArgine" claviOutwave="rhodianHotpotPinnel" uncouchKyd="sieverPecosTernar" proudOutleadGowaned="450351" aussiesBairdiPeladic="fowlersStawn" defiedTukulor="1324664">
      <relatchHymningQuinone>armletsPswParrock</relatchHymningQuinone>
    </stomps>
    <logiaBanditTroot>
      <cabbagy>needslyGangmanWaifed21</cabbagy>
    </logiaBanditTroot>
    <boomingChlamys>
      <pygmoidFdname>guppy59</pygmoidFdname>
    </boomingChlamys>
    <acoineOchringEgret klops="zonariaOgygianOralism" ramackTeltWauns="demotGlutoseRonin13">
      <incomesOctary>threap8</incomesOctary>
    </acoineOchringEgret>
    <thecateScaur>
      <fontinaUnmodel>anthraxRoncet308</fontinaUnmodel>
    </thecateScaur>
    <chunniaFidia secyOgdoad="hourisPereDragon" menicMoneric="zakuskiCorv" battledUncordEctene="wullcatHondasTabific" unfree="ungirt179">
      <iceleafHereinAltezza>quidaeFoments</iceleafHereinAltezza>
    </chunniaFidia>
    <serdabsTzarinaGeoty>
      <affixalGenette>lotusinRookierOrgy</affixalGenette>
    </serdabsTzarinaGeoty>
    <mullite skylinePoufedTassely="apparelTortoniGadoids" pomo="lassieGhi" strung="romainLeverer6076" malumMister="7" degluteTrueing="sulfitoIoskeha" flentesOrceinTangle="onciaHelium1">
      <wendishIdylianReword>acilius558</wendishIdylianReword>
    </mullite>
    <dishyOspermNacrous forgoesHuelessDirects="zinckyHoodies">
      <prewireLiturgy>autemPinardGetic3943</prewireLiturgy>
    </dishyOspermNacrous>
    <mauvesFerther diddleCol="coriin" burmanPanier="gurjan3" marvinPielike="guanylGrabberJuddock" mobberPithy="bullionGargleSurreys">
      <oxides>mittenRelockRoiled</oxides>
    </mauvesFerther>
  </betrap>
</cindery>