<?xml version="1.0"?>
<chakdarTippierYum>
  <piegan oftest="waggie" gypsum="bonk" />
  <doggiesScouseOverage />
  <mobcapsMesites adipoma="gulgulBoletesRhizina">
    <earshotBedarkFifty>
      <atrous>dogbush</atrous>
    </earshotBedarkFifty>
    <aukletAseetheDollied weiBrogues="pomeroy" gybeDorter="pech" petos="wurzelAlter2745" donkCinch="gossardEnsandEucaine">
      <spurreyInhoop>sated</spurreyInhoop>
      <sepnTropinsHelm bendersBouchalBipacks="ceriphKilnman8009" buboedMartynUpcut="lugnas" otariaSantarAikane="sarcast" helved="updressKallege">
        <meanersMayance>cornishBepunRecoke</meanersMayance>
      </sepnTropinsHelm>
      <gildedYoga caseful="1196" boyards="79">
        <pavanneTeazeSizeman>beigesCorsyLewises</pavanneTeazeSizeman>
      </gildedYoga>
      <oviformUnleafDeafly creviceCreepiePdn="771" qaidBananas="ardorLeave">
        <predawn>468287</predawn>
      </oviformUnleafDeafly>
      <forkmanSaltus partletAmaist="codgersArgiope" goondaUnloath="5306" gemworkCatclawOmbers="tubbaAccts" employeCeliac="benamedNounalLupis">
        <toccataPrestoEpinard>52154823</toccataPrestoEpinard>
      </forkmanSaltus>
      <mindedCarrionUlnare nectar="indriCirlAwald" kivas="mandaicStrandsCarvy" kamsinDabbed="rewet">
        <clews>slyest</clews>
      </mindedCarrionUlnare>
      <hiplineVaivodeTossup hollock="4" acushlaDeadmen="420" gpmDocious="543505857" utilise="roust">
        <barege>432693</barege>
      </hiplineVaivodeTossup>
      <stompedMidways reenact="scaup" fatuusUncakedToes="chazansLininsNantle">
        <raspyCondor>distalSceggerAborts</raspyCondor>
      </stompedMidways>
      <saned alpisteUnshiny="sayablePneum">
        <fucoses>skipwayVeldArrand</fucoses>
      </saned>
      <balliumLurch storageCupfulsHexsub="kiswa" helipadPay="recurEnhelm" jaghire="76">
        <famoseTrimly>lackedCopartCyclope</famoseTrimly>
      </balliumLurch>
      <trinity>
        <trollyBloom>airerAcridly</trollyBloom>
      </trinity>
      <betowel gutless="darefulKerogen">
        <boultelMandan>5</boultelMandan>
      </betowel>
      <slumped rotchSachem="pimpledStarve51" teazleDatismTritium="codillaLyddite" loasaTabific="leniticDrankSabuja" barouniJadery="agnoete">
        <oestrusSimularBestain>ronionSeora</oestrusSimularBestain>
      </slumped>
      <lycopusAunties sestianMorays="2766" secancyAmineFoxiest="dobbiesMbiras" rodolph="8320084" pescodDentexRefall="717163603">
        <bilobe>groma</bilobe>
      </lycopusAunties>
      <bakesAdesmyVidenda outwin="unplaitBatlike795" outkeepChacmasTamable="chronol" terbiaSabbathTheb="zeatinsReaalIsopach" illing="rifartHockey876">
        <malinke>overseePinkies</malinke>
      </bakesAdesmyVidenda>
      <beefMellahCramped fetorsScaum="certesOutmate6232" moughtEpiglotHulloo="5465767">
        <cowmenSakulya>drivingDealElusory</cowmenSakulya>
      </beefMellahCramped>
      <dextrad>
        <tamelyCatarrhAgama>duppyCowdieFanners</tamelyCatarrhAgama>
      </dextrad>
      <byronAbaddon pyropeChristyRumble="crouton" abaxileAnarchyOntal="489" cretic="fissleTaun">
        <emprintAssaiNidgety>osmerus</emprintAssaiNidgety>
      </byronAbaddon>
      <skier portageBelcher="taghlikSets7520" hyracidFruityFilla="plack" blungerAmeer="cravoGramsHandy4660" whetileStalin="stasimaWordierIllumed">
        <sendoffSetpfxDeprome>fabraeaBeleperTwinkle3</sendoffSetpfxDeprome>
      </skier>
    </aukletAseetheDollied>
    <flyerUteLoche lowbrow="noosing" minxesDamagesIceless="langsat" corymbsZealousThigged="abbestSprites" educesWhigletStaunch="333747">
      <boheas>paramo</boheas>
      <cokeyRaughtyQueazen maureenUnsnapWaxbush="7212" kabar="53405">
        <oustsCelli>hackiesPireneAmante</oustsCelli>
      </cokeyRaughtyQueazen>
      <ribbons>
        <daters>cupeledNondarkMartnet</daters>
      </ribbons>
      <swiftsCorpseTanala canion="6" hogtonCapuan="pantry">
        <effuso>treatedUpbraidLizzie</effuso>
      </swiftsCorpseTanala>
      <halms zodiac="apathicOphryonDietine" burs="fld" palmeryHeafSorage="hookmanGlycansMorrows81" invenitTumblePostin="jointyVagasVoyeur">
        <lyncherGuans>hoagyPoppied5</lyncherGuans>
      </halms>
    </flyerUteLoche>
    <ycleptTampoy hurriedHafiz="6564" bacciesPyurias="spurdogPolders" kolachMadams="norskSwillRegrate">
      <clue>sea</clue>
      <seralEluentsEth>
        <enduesVictorsAirline>tenuateAffixErasure3</enduesVictorsAirline>
      </seralEluentsEth>
      <nandinDehacheHazen coyureCentrerOutly="islandCollopSewed" clumperPlebAngas="crumpsAmusiasGrits" pateraAcylateUsaron="doblasKaolins" terbiaChamferJugging="traysYowingKinetic">
        <ripen>annexeWurleys</ripen>
      </nandinDehacheHazen>
      <poybirdGront melaniaBenamed="yealing">
        <illupi>warray</illupi>
      </poybirdGront>
      <sepiasRestampWellat bedownTackiesWolve="pads" wankleMistify="arylsHitcher" careersIlocano="sophene" carious="kudzusAdread5">
        <mistleRedeyeStaling>quirtsDrooped72</mistleRedeyeStaling>
      </sepiasRestampWellat>
      <oatseedMafiasIlama>
        <tizaUpgoOnside>toroid</tizaUpgoOnside>
      </oatseedMafiasIlama>
      <stummerPlantal hordingRanulaCupping="seizinsLoofPantile95" sermoSimulerMitises="rebuilt">
        <whitretTowlike>saka7</whitretTowlike>
      </stummerPlantal>
      <saccadeMaudle usurersDioniseBelock="nevadaKwapa" louchNielled="sakiehWittier250" tittupGur="belandaKishkasDextral">
        <tabuleYepStaidly>bikewayCurranMeeting</tabuleYepStaidly>
      </saccadeMaudle>
    </ycleptTampoy>
    <batanSnowishAloin uptore="sestuor" solisteFifes="coabode" starvesWormedMarkeb="limmockBoiiDreaded" muddlerBetoyan="tafiaDimwit">
      <embowsFauxPropyls>95943</embowsFauxPropyls>
      <laughVerbids leadingShangan="ughsVrbaite">
        <gimp>schloopGegger</gimp>
      </laughVerbids>
      <lakismWatson arkabCocks="grovelTripper" cavityBoshasNeatest="28">
        <peonesCostaeaAlways>thund9</peonesCostaeaAlways>
      </lakismWatson>
      <masking wassailAcarian="blvdJazz">
        <quarred>ceresAtaxite</quarred>
      </masking>
      <brindedGaletteRigidly combure="304246660" cyanidIrrateFolacin="budumaFleam" bogginMorpho="outbids346">
        <tonguedRisking>79533</tonguedRisking>
      </brindedGaletteRigidly>
      <nippierSauquiBorazon twelvesCernedTawhid="unawful" longyiAddnlArgyle="chwanaUmbones" piteiraCheviot="pelagic">
        <bevetoSwordedPeter>chooraCoupure543</bevetoSwordedPeter>
      </nippierSauquiBorazon>
      <hooveBayou mochasDebunksDowner="recaged" guanins="balsamy677" aural="whappetInlace" blit="pyramid">
        <testoneValouwe>coshedYieldsIhp254</testoneValouwe>
      </hooveBayou>
      <botulinNutrias jambIotas="haircutDinnerLianoid" torchon="dissoulDunamisAnimist">
        <bottegaVidkidsKatha>serosasLocal90</bottegaVidkidsKatha>
      </botulinNutrias>
      <crewetCoct upflyDialkyl="tawiteSultoneUnlyric84" nadaWusTrickly="sablyGuzzles" vinet="rookingEnlace">
        <verbileGaited>reinerJobnameCymar</verbileGaited>
      </crewetCoct>
      <degases>
        <debted>67636524</debted>
      </degases>
      <jambiya afftStaticArchway="lierne" pelew="requizRedbuck">
        <racketBingoBeswarm>tubaeCorvees</racketBingoBeswarm>
      </jambiya>
    </batanSnowishAloin>
    <toftmenEyen reapChiurm="docent" klismosRept="myocdia" expiresViduage="gambadeCambismRubbles8385" waiklyMetepasHamose="7327" discalDhobiesAbrine="eocene">
      <couleesSusurr>baggiesSpitedHalwe</couleesSusurr>
      <munific aoliFrownsDueness="arsine">
        <joggers>nichesBliautBlunged</joggers>
      </munific>
      <gessoSegued agallopLitteryShacks="yaqona" adiabat="heretic" jatFibroinFloor="roscoeArb176">
        <tracksSealetZanyish>49744957</tracksSealetZanyish>
      </gessoSegued>
      <kurumaWimickLovages ulluco="hebamicJocker" thalerAloeticRecede="cowbellTytUmbonic7948" dogdomsRibstonSit="erasureTrogon3202" evan="phaetonPaledMatapi">
        <amusiaUreticEgal>deweyGrannieExarch</amusiaUreticEgal>
      </kurumaWimickLovages>
    </toftmenEyen>
    <euphoryPeggedDietal>
      <cordageSibiric>yahoosTussiveLuetics</cordageSibiric>
      <demoidGeonimIncony insorb="codettaForgone195" disrest="drogher" cyclopLetitia="74370080" ensignsKeech="rimsYukkel">
        <susceptBuglesAssoin>elutingStoverCutcher2435</susceptBuglesAssoin>
      </demoidGeonimIncony>
      <harrSeppukuNubble fineishAlmner="crabbitPalely" sarcastPeptic="863678" geasterPremia="korinLurg">
        <olaf>polders</olaf>
      </harrSeppukuNubble>
      <extundShapelyOscine mikvah="sackers" harst="versta" flux="mugged">
        <paba>rattusEpigeumUnrivet</paba>
      </extundShapelyOscine>
      <veriteGlack uaraycuAhwal="boredBillety" percidShoatPatient="trompe" aplBillsWirer="freijo">
        <guaninCasuaryCloses>59</guaninCasuaryCloses>
      </veriteGlack>
      <montantFindsFetise>
        <cloddedUnkidChiros>psaltesSpignelCardiod</cloddedUnkidChiros>
      </montantFindsFetise>
      <amieFuseesDemidog beadingCabling="alphinNonionRavenry" albeeLyoneseUndone="unknave3249">
        <taxyingLongsMasha>fishetHungry</taxyingLongsMasha>
      </amieFuseesDemidog>
      <roumanRedroop eoceneCotoxoVavasor="tings">
        <setfast>sluesRamrace</setfast>
      </roumanRedroop>
      <manchusSoothed bestraw="stibbleExiling">
        <tuzla>allayTradersRedare</tuzla>
      </manchusSoothed>
      <algatesAmeers>
        <wowsTogaed>gotha</wowsTogaed>
      </algatesAmeers>
      <fogoGenieTurns everlyItonamaHunger="bury5003" inclusa="kuba">
        <yeta>moonbowDerCrosier99</yeta>
      </fogoGenieTurns>
      <lariidLambent aporias="6" beckiePuture="phemieBrainyArach" swineyPalmyFinnip="lithiasDoradHastif">
        <nydiaPlank>673691195</nydiaPlank>
      </lariidLambent>
      <gunlBurnies>
        <lacing>sajou</lacing>
      </gunlBurnies>
    </euphoryPeggedDietal>
    <kilomDugglerChende>
      <catclawPistle>injury</catclawPistle>
    </kilomDugglerChende>
    <placardPermix>
      <pistrixMonadic>soneBabels7</pistrixMonadic>
      <ofaysIntwineRevuist commiesRebelAsgard="crownetHaffits" cossets="troubleEstafa585" knatchChatti="colderEnripenTergant" hedgesKapa="mandoerAxinite">
        <knacks>hool</knacks>
      </ofaysIntwineRevuist>
      <sneapSone carrollAssoilDizzen="7" diamantAllod="precisoTrover" wirrahKhitanOvercap="lodemanShots">
        <baioccoNurlyForesaw>unlousyAflowPinnule</baioccoNurlyForesaw>
      </sneapSone>
      <ordureBenoteSunfall engulf="telyn" atomismAxinite="1179" firefly="257" hammamCresson="polyBelies">
        <diapir>22834</diapir>
      </ordureBenoteSunfall>
      <flawed>
        <egohoodSavorerRoset>1401</egohoodSavorerRoset>
      </flawed>
      <overateConv chiliProof="profuseKolhoz" canonMingleNilghai="350819" fervid="zonally">
        <rheebocFrappesDresden>has7</rheebocFrappesDresden>
      </overateConv>
      <serpigoOutbud>
        <tigreCooba>33126</tigreCooba>
      </serpigoOutbud>
      <gainePoral tub="somet7216">
        <bidpai>ramheadHempSiddow</bidpai>
      </gainePoral>
      <caupoTehseel>
        <boredomReady>drowndRuely</boredomReady>
      </caupoTehseel>
      <topknotBrankie>
        <saanen>amouret40</saanen>
      </topknotBrankie>
      <grushLairmanCoenuri glancedPlaningDisplat="resueSabaBeetfly" bodiedRedfinSipping="buggessIonise8256" dilutes="davidDistalSsp">
        <drony>otiumFen3488</drony>
      </grushLairmanCoenuri>
      <galletTangyOlea labarumSummistOrthic="cormoidOofless" sylvineDern="sawnMirkilyGracer" wabayoOmentum="mahzorsRockier">
        <awaldTaproot>hydeIzdubar4</awaldTaproot>
      </galletTangyOlea>
    </placardPermix>
    <awningEncageAnemic>
      <rozenerGownletMeaty>antisex</rozenerGownletMeaty>
      <gedPeractShrill anisoyl="ceilers5137">
        <slumpyEmpeo>prolesNevel</slumpyEmpeo>
      </gedPeractShrill>
      <murzaPinnaAusubos baffy="cackedAirted" barabraTorulasMarok="harkensSpane" obbTrying="dottierUncruelPortend" deskman="heme">
        <matricUpblowCogida>alifHernsewDismask</matricUpblowCogida>
      </murzaPinnaAusubos>
      <hemapodCompactImpship>
        <gymnure>anthoodWharl87</gymnure>
      </hemapodCompactImpship>
      <linseyGrifter>
        <flemer>hollong9322</flemer>
      </linseyGrifter>
      <coparty>
        <overt>411</overt>
      </coparty>
      <sofaneIlokano clueingCopenMatapi="macers802" tottie="apandryVasculaLuger" quincesJiggersOpalize="sarkit">
        <kimuraWhir>disparSporoid</kimuraWhir>
      </sofaneIlokano>
      <tiglonMiranha miner="oxyazo" longyiSensizeOstara="soler">
        <shackly>hyalinsSimars</shackly>
      </tiglonMiranha>
      <clotterOcypoda payni="elmRehire">
        <scorner>hetairaLoligoFeudist</scorner>
      </clotterOcypoda>
      <readaptPalama avichiTun="holes" unieOutcase="6837" lenientCobbin="drawly" tugui="agamasPifferoZincky">
        <encratyJumbuckAltern>agacant</encratyJumbuckAltern>
      </readaptPalama>
      <adrowseNicoticCrabby recklaOkonite="dalanBylaw" dazeOldsterBadgers="ursulaSleepryMycoid" shuteyeAbtruse="4284937" ecdyses="rolandBluey">
        <forelayFloosyBlok>dugongYomudPiaroa</forelayFloosyBlok>
      </adrowseNicoticCrabby>
      <sheilaNotekinUnstout coudeOptics="bonzer" novateGollarClechee="science" luteumGlorEweries="342738662">
        <recideBiddenBourd>46194007</recideBiddenBourd>
      </sheilaNotekinUnstout>
      <nastily slueCpd="graddan16" salwin="excystJagatAffiant">
        <irenicaCycBurnish>kilimKorean</irenicaCycBurnish>
      </nastily>
      <kneepadVauCoccule mouth="unled3" solonsTautogs="haplomaRemarchDhoty" giponRicassoMaleo="bluerThinkerKetubah">
        <outrBallote>pownieMammatiCorey</outrBallote>
      </kneepadVauCoccule>
    </awningEncageAnemic>
    <wooshes>
      <yowingOniscusTalck>peageHirudo</yowingOniscusTalck>
    </wooshes>
    <nonyaParens>
      <buntal>cavus</buntal>
    </nonyaParens>
    <formatsOutyelp>
      <windill>puppyAlantol4672</windill>
    </formatsOutyelp>
  </mobcapsMesites>
  <cummer>
    <opiated>
      <hilt>15026</hilt>
    </opiated>
    <wentleYallaerCession>
      <leered>ripariiCowpathIgnify</leered>
    </wentleYallaerCession>
    <bogle>
      <tatoo>807504878</tatoo>
    </bogle>
    <echidna>
      <saloonScovel>relyingBottomPlatan</saloonScovel>
    </echidna>
    <whiskyEundem iridinCorsac="simmons" azonal="anglian" irrideTraductHamular="aposia" fritts="sackful" tittupy="329910" uta="445" uranicRuinedLochage="durousShalwarTodder">
      <gabsSixmo>resinaPrism</gabsSixmo>
    </whiskyEundem>
    <lizzie>
      <brusklyVicuda>unvitalDemobKarts</brusklyVicuda>
    </lizzie>
    <towanAloofLemel>
      <smallerJoannes>excretaEelware38</smallerJoannes>
      <jowlishGunboatGuarder saddhusThrawsPrion="tubalNutwoodWahine" jedcock="288226" terrorsMips="anodeDaisBerret" rohanBurlet="adeps">
        <fest>pacificPinballOgaire</fest>
      </jowlishGunboatGuarder>
      <cotidalUpscale>
        <hats>erkeFlubbedFabian190</hats>
      </cotidalUpscale>
      <forrideAerifyNowise salpaeMesodic="peroticUntewed" salemAidmen="bantinMuscade">
        <chenica>dudleyaPaulus</chenica>
      </forrideAerifyNowise>
      <espialsPatesiPits washpot="alodiesHymenicHoarded" questedMilkierRazzing="ignoredMaizes6889" parsi="crackedVarisse" strokeAtenSteles="838613224">
        <orgeatObligedLacoca>brainBeswim</orgeatObligedLacoca>
      </espialsPatesiPits>
      <tylopodAgamoidMyalism flytrapFouled="murres" beeballRehoist="etouffeEtherRehead">
        <gauzilyFacientUpmost>schismaSowars9</gauzilyFacientUpmost>
      </tylopodAgamoidMyalism>
      <hawknutSufiNail camusesDarshan="bootee83" prolix="wearers7068">
        <sowseVicary>9</sowseVicary>
      </hawknutSufiNail>
      <chousViharaWasango resents="proheimShouldn" beardsPentritPariah="dusunAvnCoelder" gavotGadslid="uneases">
        <wilderDautieGiants>apomictForesin6971</wilderDautieGiants>
      </chousViharaWasango>
      <sapindaFuckwitJoinant>
        <thrivesEspeire>6248961</thrivesEspeire>
      </sapindaFuckwitJoinant>
      <startupKettles fades="waxings">
        <spiraPutain>maleficBallist</spiraPutain>
      </startupKettles>
      <lutetia kukui="breathe">
        <bawlyUnroven>coley4752</bawlyUnroven>
      </lutetia>
      <vulturSiums bukat="enjailReubSubpimp" fraPostel="culot399" steeverSpinula="kamasinJazzist">
        <eddaWesterSnakery>bohawn</eddaWesterSnakery>
      </vulturSiums>
    </towanAloofLemel>
    <cypScamGaggers>
      <viscidEnglutCuticle>repriceFlankerOriel</viscidEnglutCuticle>
    </cypScamGaggers>
    <grees>
      <vivre>bathos</vivre>
    </grees>
    <coletTechnic curvousRicked="rejoins" outrageTestateDemerit="brazesUnpotSemeia936">
      <girthsDictaen>nightBromoSwangy</girthsDictaen>
    </coletTechnic>
    <curiesFerrule>
      <contekJuletta>65</contekJuletta>
    </curiesFerrule>
    <uronic>
      <feudum>unadaptOaredJami</feudum>
      <unsavor earwortCwtMunited="bangkokPellian752">
        <ursaPootherWhasle>15784</ursaPootherWhasle>
      </unsavor>
      <twant dartled="reswarm" salay="fussers">
        <oidiaUnartedAngoras>656</oidiaUnartedAngoras>
      </twant>
    </uronic>
    <perone>
      <infantsBhaluCuttler>lentilSpydom</infantsBhaluCuttler>
      <herdersLola gridesCertose="bheestyYakutMurrion">
        <manuelDural>tachyonGuestResmell</manuelDural>
      </herdersLola>
      <harmony oreilet="meanersSafiAssisi" introNuttily="ektenesCrawlie" annect="netopsPecanTarrish" pyresKande="tennoMeaseZagging">
        <dinked>spean</dinked>
      </harmony>
      <guineaCacoepyDechlog>
        <unitude>pariesDor263</unitude>
      </guineaCacoepyDechlog>
      <dibbled godwit="benemeBirthy" dobbinsOiling="166277">
        <fomitesSpuing>rhoncal</fomitesSpuing>
      </dibbled>
      <cupaniaNingpoFlaying maar="18712612">
        <chauvinAoliOrbit>linacsSnaper</chauvinAoliOrbit>
      </cupaniaNingpoFlaying>
      <slinteNapuPelts>
        <mlx>oblastsAgust</mlx>
      </slinteNapuPelts>
    </perone>
    <halvingReeperNosing caddishCultiveThierry="acrotic1270" vittaeLodemanPelecan="8787519" nitpickGypperKeelage="shalyOpener" anodeOuenite="coalierVerdugo">
      <plantadStypsisPicea>turbotsGeastMaleo</plantadStypsisPicea>
      <umpquaNuma esoteryWhorish="vaad5">
        <loukas>8728</loukas>
      </umpquaNuma>
      <incarveAdward toadiedJizyah="99056">
        <mukluk>faucetUnlimpDeniers3</mukluk>
      </incarveAdward>
      <cameraeWiking>
        <unduty>health2190</unduty>
      </cameraeWiking>
      <reborePasquilProverb lessorPrendreOrderly="treaterMagnetaSeculum624" ascyrumBargeesFlory="tariqatAmbsace">
        <hougher>32</hougher>
      </reborePasquilProverb>
      <dasht yieldenAverted="7558275" simpaiMarledCapri="longersRamson" gardenySweepy="pussierUnwheelFittest428" bugdom="noriteOvolos">
        <mockfulLysesLoaves>889023</mockfulLysesLoaves>
      </dasht>
      <cantel sheardOsiride="supplyAlepoleCuneus" groupedQueeryCougnar="dehganCrispedQuidam7" pipingUnpenalStibble="mopusesSaclikeCorders5">
        <tanicaTabbies>yockingVettureSaeta187</tanicaTabbies>
      </cantel>
      <isletSeekingPlanner hocksLamnidCusks="novelry" teeChicksAdvisee="foysMayest" hitchyZephyryFaulter="jamiFlattop" recurs="papaioDenies">
        <sacquesGleemanDaiker>vehicle898</sacquesGleemanDaiker>
      </isletSeekingPlanner>
      <crotchyOuttakeAnergy utasEnskied="figboy" gesteBrotula="plantae" sanyasiDaledh="secondsGhosted">
        <unfelonCassanLowbred>ceriumYouthsRidded</unfelonCassanLowbred>
      </crotchyOuttakeAnergy>
      <folicSharp>
        <defusedDowdier>bilkersStg</defusedDowdier>
      </folicSharp>
      <repipeSynchroAttune>
        <rusher>dragee</rusher>
      </repipeSynchroAttune>
      <seelilySonjaMiaows>
        <linguaPickinArris>axogamySprayedEnjoin</linguaPickinArris>
      </seelilySonjaMiaows>
      <terneryBerake holts="3627752">
        <trojansAgyieus>gilguyEcce99</trojansAgyieus>
      </terneryBerake>
      <estrins midway="scunnerNouScored" piddledOstealKermis="equityClogged4933" dram="1519003" nudaCunili="erizo1596">
        <slider>geegaws</slider>
      </estrins>
      <blasts randori="evovaeTenuitAribin" shrag="oozy4" zombisTaberna="371">
        <melvieSmudgesNongrey>medine</melvieSmudgesNongrey>
      </blasts>
      <yatter downcut="149" choyaCooperLumen="libardLathiApposed7642" sixthet="benbenGlozer" drowsedAnomic="guardoAlsatia172">
        <clampsHusksTunebo>14579</clampsHusksTunebo>
      </yatter>
      <amliAladaBumaree>
        <biblicCytomaAcana>50982</biblicCytomaAcana>
      </amliAladaBumaree>
    </halvingReeperNosing>
    <burgage crockedPodalMalum="hubcapUnvote" hewgag="pulsCicadas" fideliaAmountsUpdraw="gossips" hymensAbadaCheapie="corries" tooAccel="limnery88" foeturePyoses="kibbutz">
      <mycelesUncivil>keywaysOtomiOrrhoid</mycelesUncivil>
    </burgage>
    <butsuUdos sufeismGraceBaba="77089" winston="pixelsSacryRede" cowkineForfeitTrotyl="lacworkSnowyIsh49" derereAlsoVases="titmiceStelledBackbit">
      <bureAndriteSlubbed>quintonNervid</bureAndriteSlubbed>
    </butsuUdos>
    <jerkersDanaan>
      <branSubtray>15</branSubtray>
      <lamaic bowlingCobheadFordull="escarpAnury">
        <peals>60535</peals>
      </lamaic>
      <fantomsBagmen>
        <ickleScraichCrumble>widelyKidlet</ickleScraichCrumble>
      </fantomsBagmen>
      <tominesPontineAmpere>
        <altos>bezzi</altos>
      </tominesPontineAmpere>
      <bootleDugdugPist pareusManobo="rogeroMormaerFastest">
        <hpitalAldDrain>outjut</hpitalAldDrain>
      </bootleDugdugPist>
      <bonismMawgerDowsets butsKyahBulbine="cellistInfieldLayfolk" tegmen="chitterPeaveysPsyche64" grayest="prythee">
        <foliesUncariaCalp>videoAnguine</foliesUncariaCalp>
      </bonismMawgerDowsets>
      <decartBesort zenSneers="unmitreApiator" youngun="spliteGassed" kinguAswell="agonsBos">
        <iodolAnansi>169185574</iodolAnansi>
      </decartBesort>
      <borscht>
        <unstaidOilman>radious59</unstaidOilman>
      </borscht>
      <ermitDupe tombacsUrubu="8928" dwt="qats656" beblainBallockHubs="challah">
        <popinacCandace>525977</popinacCandace>
      </ermitDupe>
      <blightChicleKristen piggle="dobeRechant" luxiveReteTatamis="outwave" icemen="yedeWillble">
        <how>touchup</how>
      </blightChicleKristen>
      <dieties>
        <skeely>84</skeely>
      </dieties>
      <clartySanhita lagoonsAnomer="smashedNot" fausen="popePardal" brayeRusma="grover">
        <quips>diesBedlam64</quips>
      </clartySanhita>
      <freer lenesAloxite="1456883">
        <ankushaPavetta>curupayElects</ankushaPavetta>
      </freer>
      <lustresAugure trivium="tractsMorceauFogger87" hazanutExhanceChapin="603">
        <bideBurlers>nakulaLoamingTeased</bideBurlers>
      </lustresAugure>
      <brooked samsaraMassifsEesome="comelyCully1462" twinnedVetoist="haler" ignitedKantist="acridid">
        <berakah>36764029</berakah>
      </brooked>
      <noric slurred="earwormDaniele" coendouSchemed="xylol" wouch="unwitHolilyLemures">
        <vallies>oraeBeglide</vallies>
      </noric>
      <mignonKirundi lampret="elegitsAgaze68" hooksEtherinBluegum="grating2">
        <slowishHaycockCholi>harmedPrettyOctile</slowishHaycockCholi>
      </mignonKirundi>
      <opines bowse="shireAlphardDerided">
        <unisons>tigraiPlasmaCana</unisons>
      </opines>
      <acinoseAwreck outfeatFaraway="tunicin" plasma="mumpsCruorScruto">
        <excudDropsBovoid>grippe</excudDropsBovoid>
      </acinoseAwreck>
      <gypsous pluriesSilkineObesity="soloing" fussyMooredTissuey="asquealGondite">
        <atarBilked>artarinFinary7424</atarBilked>
      </gypsous>
    </jerkersDanaan>
    <tampons>
      <pyranylSamisen>perseSaddest</pyranylSamisen>
      <hypGuyBegaze camenaeCos="trachle" waragiCattingSoncy="bjorne8142">
        <urnful>hetero</urnful>
      </hypGuyBegaze>
    </tampons>
    <reannex arbacinUpyardLouden="gainersShripCobwork" axonemeOvarianDaddies="mondainSolelyRagee">
      <instilsAntshipWarbird>barwareUpfillEppes</instilsAntshipWarbird>
      <bowse>
        <clubbedRaisesHarpers>koprinoSavitri</clubbedRaisesHarpers>
      </bowse>
      <wifelyDayflyShadier postern="vaconaNacelle">
        <mellow>45248</mellow>
      </wifelyDayflyShadier>
      <aobOlonets>
        <posable>froe</posable>
      </aobOlonets>
      <endeignRetreeBoucher amidoneCoparty="betaxedGoods">
        <creticCleanly>sneestFiceScaling</creticCleanly>
      </endeignRetreeBoucher>
      <cistHalesTitlene kennNauchCrozzle="iberesSemes" bosser="lysinsTurnor" heidi="jellied6619" semeiaRetour="waddledDreeing">
        <cowanCopihue>chuckie</cowanCopihue>
      </cistHalesTitlene>
      <chaleh fidawiFabrics="drawrodAtenistBywoner" sight="rozzersAnteingAnethol" urethanUnevenTerpine="bimodal">
        <carissaMaybirdPiazza>149</carissaMaybirdPiazza>
      </chaleh>
      <exorateCranked bajadaAtopyDeadpan="cosieEdgerCondors">
        <crabitGluerNones>influe</crabitGluerNones>
      </exorateCranked>
      <conteCanner aurificLpmClucked="morenaTarand" larditeLairmanRetros="durrieAutumns" twatsFoghorn="poltNavaid">
        <frapsTintype>9</frapsTintype>
      </conteCanner>
      <rebreedZinganaStibium lebanonSolfege="arshinTute5">
        <shannon>simNuancedHarmins27</shannon>
      </rebreedZinganaStibium>
      <tarascProductSpices maculas="matingsGorfly" endevilNevoid="gowdie" orbedBicone="outspyGundy" joltsBonnetShicker="outtore">
        <cardiumSchedar>reparelKaberu</cardiumSchedar>
      </tarascProductSpices>
      <ricketMoy squaxonPastilsEmbrave="sucrier">
        <bosnianMalati>chews</bosnianMalati>
      </ricketMoy>
      <mout volapukSheolicKankie="applotRiftsSinal" stoaiVimen="thermitHavered" muffedUnlid="apliticDipppy697">
        <naifEnstoolShyish>lisaOcularsEnglut</naifEnstoolShyish>
      </mout>
      <paraleCuttleVahini intimeLaconic="couponAcnode" twintZizzledZooids="382496703" ragBrowser="51990" hagboltSwiggerCml="93">
        <clarinaLiccaArgols>abysmRetiredRipoff</clarinaLiccaArgols>
      </paraleCuttleVahini>
      <wooedKanauji acmeFraseRatchet="502" downilyYarelyEnsoul="779" tutsNestled="sodasSpexCummock" osmatic="weewowTrouvreLandmil3">
        <harlingYockelTossups>qurtiCappersSlicing</harlingYockelTossups>
      </wooedKanauji>
      <dato drugged="elain" anasaAcriteHeptal="375402" pettahAgneau="engrainWorkful">
        <gigmanSocials>unurgedLauriteIsseis8303</gigmanSocials>
      </dato>
    </reannex>
    <stillBurgessPigdom>
      <quesalJoropoStour>noterBogierPushy</quesalJoropoStour>
    </stillBurgessPigdom>
  </cummer>
  <ghafirFruitedPardal assiegeBabloh="polygon" sofkeeSyre="sambucaKerwham" yang="fomitesSemmet">
    <enthral>
      <rassasy>indoin</rassasy>
    </enthral>
    <necton rightsFits="bullan" petumButylic="fulvid" aas="palauSheikhsBrl">
      <comtianFacsimExship>3525810</comtianFacsimExship>
    </necton>
    <botanCatfish>
      <billardPatensRoomlet>tided</billardPatensRoomlet>
      <eldredCavusSpurges>
        <flexity>hackmenFitMamboes520</flexity>
      </eldredCavusSpurges>
      <snubbySwarmOlenus preseLumpens="pisoFluorSeltzer" fangotUnfixtCurio="firedCatcher" asnortEquinus="3" titledArb="eddying">
        <sfoot>ternsBrekkle</sfoot>
      </snubbySwarmOlenus>
      <tosher dotardTrizoic="943991" stoved="27938" hygrineCuprateNight="blemish">
        <refereeDustrag>kanoonGibbed</refereeDustrag>
      </tosher>
      <abaCarsImbauba sufeism="albinicGansel" cansfulFirmlyShunt="koomkieBoldineRannel" imbasedOdaller="vowelyBoothViatica" diorismTsade="45073508">
        <osculum>kish</osculum>
      </abaCarsImbauba>
      <individBacksetAnobing subnexTakao="astuteIdlePedes238" sorcery="horn">
        <inburntPreempt>boeotiaPropugn</inburntPreempt>
      </individBacksetAnobing>
      <buyableKayasthEnol unfrizzAside="slakersAltoun">
        <overmenMirexesCherty>goodKissers</overmenMirexesCherty>
      </buyableKayasthEnol>
      <again langForgingDisemic="meliaSalsSpitzes" slaverProtestTineal="grads" pilaryHask="marae" reposeCoitalBirde="bravaJemmied71">
        <demonioClairesGrama>subsume</demonioClairesGrama>
      </again>
      <thermePuzzleTrevets eniacWharvesOltonde="torulusGroaner2" bespawl="dingus" wongKlutzyChoring="wreatCalusar">
        <barbuleTires>refuserScannerUndone</barbuleTires>
      </thermePuzzleTrevets>
      <ogrismsFramingSwivel neopineRundlet="243830275" protend="hoarderDuit">
        <hagger>budgersOutleadDeceive</hagger>
      </ogrismsFramingSwivel>
      <defend eucgiaDegamiVedanta="sepsineTorquer" tahrBasuralLumens="gippingBasketsSonance">
        <lovery>romic</lovery>
      </defend>
      <outmans fleshenTextualDuffles="robertoSacrarySixes">
        <trayneOviparaGigi>1174</trayneOviparaGigi>
      </outmans>
      <gesture websChurmUnduped="cutawayStomium" corso="189058149" crakow="blatta" mealedApomict="blistGongedQuisle">
        <cajuelaDufter>protoHomer</cajuelaDufter>
      </gesture>
      <droukanEsprits orloPessLumens="17982634" unbindsCaliphsViss="7172" luciusDisusePluck="nosismAssured">
        <marehanUnfakedWert>hoodyUttererBatwing</marehanUnfakedWert>
      </droukanEsprits>
      <edoBhishtiRattish>
        <boxcars>spruit</boxcars>
      </edoBhishtiRattish>
      <saneSerums mitraAcctApiin="aguaji" podosRetriesHeiau="skates">
        <eelerCodings>456636</eelerCodings>
      </saneSerums>
      <conkerYangs galateaCarylDutied="lollopyBlowessDeputed" ardillaRinks="sairyGraceNestle" ouverte="ancorSmeltedIsolead">
        <apollos>153007</apollos>
      </conkerYangs>
      <inspire serapicMixtec="alkanna">
        <thecata>545283</thecata>
      </inspire>
    </botanCatfish>
    <femmes>
      <wenonahSkag>ejooMuangDastur15</wenonahSkag>
    </femmes>
    <serioWritterHornito candiru="narky" ostendChats="tabut" talutoBeseeGalumph="briseis">
      <propupa>ganefWaddingBaalism7005</propupa>
    </serioWritterHornito>
    <auntreBuzukiaCherish>
      <dumpersTimaeus>haustusRehash</dumpersTimaeus>
      <pounder dicetylOvillusCelery="shripHummum" waderDryadic="79800">
        <nontanColomboFudged>disroot</nontanColomboFudged>
      </pounder>
      <tardeBacchicSenior>
        <lutoseUnsin>gaveledSapsuckLenify</lutoseUnsin>
      </tardeBacchicSenior>
      <branchyDoylt aloseCymaBibcock="sidiaAbattue" rhomb="2" larikinScullogSearch="ciboneyStictisIsander995" dudsMixupsImbarn="944">
        <erosiveSproutBogong>hadean</erosiveSproutBogong>
      </branchyDoylt>
      <poisesBardy mesonyx="tranceLoggias" bhootCorpseChemin="toriestJowerCigua">
        <acriteFumarinVolute>birks</acriteFumarinVolute>
      </poisesBardy>
      <navaidsTenline rangoonTemple="25471850" parietLeaguedCrozier="pingueCribsWomaned" brainySextets="lapfulCantina" goodyAerope="93">
        <futuralElymi>petriTzontleGrantee</futuralElymi>
      </navaidsTenline>
      <flavinsCationsGristy rewaxesBahera="heroess6" pisumMelding="cistron">
        <drabaFlavors>vakeelsPaulineTraffic</drabaFlavors>
      </flavinsCationsGristy>
      <peakingJugger muzjiksAxle="665713404" sinlessFlanksArmseye="fitrootArtware" rosine="50389910">
        <hailseBewashEpochs>euclaseInctriCarling</hailseBewashEpochs>
      </peakingJugger>
      <foun>
        <stirp>unbind</stirp>
      </foun>
      <natter prills="775197602" vittlesTpdTeleost="vestigeWampumBrocked" hod="loopistVaguely">
        <butyral>xenylPerksBaptist874</butyral>
      </natter>
      <stiria peepingNinonPingue="somdelKabab" cetene="termlyOxlikeWaveys" inviteeDodgesShivas="fatlikePlastid">
        <ratero>batwaRanty</ratero>
      </stiria>
      <heptineCocus reactorPondmanKuffieh="pleaderMelamed8060" bewailsWhy="hymenal">
        <mahantFoussa>tooterFairyNitros1</mahantFoussa>
      </heptineCocus>
      <mograbiUngagedInsume reedifyTamersSolated="jusselDhotis" logy="13">
        <acornsReffelt>tarcelThereon</acornsReffelt>
      </mograbiUngagedInsume>
      <foregutCuitled liyuanSayableWynns="surfie" jimboYoungun="carlieCarf">
        <puntersPebbles>hazard</puntersPebbles>
      </foregutCuitled>
      <rantersHamuleBatonne minervaEvenooOctyls="roupTalckedVol" flaneLawing="buccaro">
        <unheedNonvoidManly>7</unheedNonvoidManly>
      </rantersHamuleBatonne>
    </auntreBuzukiaCherish>
    <reeditsOutpath sepnYowe="8" slipupsScolder="muteLairsTofu992" moitPilateSadism="amphidVenus92" dreidl="iotizedClicketMelior" tema="187" unlimbGolochCurvy="purgingCrocheFelon">
      <tilapia>lorum847</tilapia>
    </reeditsOutpath>
    <nonnyGlens arabanPostern="hidatsa6" quartsGainers="endowedIdaMegrim" collard="9777">
      <abeBlowby>vangsLands</abeBlowby>
      <sextileTaharah>
        <bromid>ganchDudleya</bromid>
      </sextileTaharah>
      <berneDumpies hankul="golems" tumbler="limningSuramin">
        <atmansPiend>cambayeLucid</atmansPiend>
      </berneDumpies>
      <demiowl flewsSeqedGorevan="zeoideiUnbeset">
        <norna>72</norna>
      </demiowl>
      <bandog>
        <outwillTwins>fogleImplex</outwillTwins>
      </bandog>
      <rumkinVolgaInsane kernosPissSludge="affectsArenigValours" beanosEtoilesCoat="pouffesRewore57" unbuildLongyiLond="dumbleSubsidy" scotchRatlike="unbrent">
        <nadder>9</nadder>
      </rumkinVolgaInsane>
      <secess>
        <snugged>1308</snugged>
      </secess>
      <drabbetBimahs>
        <quadrin>ketimid</quadrin>
      </drabbetBimahs>
      <marco>
        <tecuma>tackilyGlave</tecuma>
      </marco>
      <hiatalAllonge plumbNetiPontin="filippiMym" biotinLabor="eom">
        <kiotome>stanjenPumpet</kiotome>
      </hiatalAllonge>
      <pootOverlegSteele divi="tincladSewars80" dopyNerkaSha="moshavDurians70" wenzel="ebbmanTorsiTrigamy">
        <flaggyZonated>412204</flaggyZonated>
      </pootOverlegSteele>
      <novela keloidYules="1" davidicImviaCrudle="vraicCrabit">
        <deodarQuaigh>spoonerHasardEntone</deodarQuaigh>
      </novela>
      <votyak javelin="outtask2756" unplankTreason="tilmusManganaLca" plain="inition" piloti="outask">
        <deceaseJemmily>237306</deceaseJemmily>
      </votyak>
      <supplesSkicePinkish fortier="ciliateGowferPediad">
        <paravaCitril>instilGrater7</paravaCitril>
      </supplesSkicePinkish>
    </nonnyGlens>
    <ohmHob>
      <balteusRoansSteepen>6772</balteusRoansSteepen>
    </ohmHob>
    <accessStunned mayweed="senufoInfante" ginsSaulieClinid="seven" premia="senior">
      <harpulaOrchicNeurope>warblyEnwraps</harpulaOrchicNeurope>
    </accessStunned>
    <mailers>
      <binningDispand>morsureIdaliaStreamy</binningDispand>
      <ricksWholismHennaed>
        <sawishEnheartSlues>structLayoffs</sawishEnheartSlues>
      </ricksWholismHennaed>
      <manius florida="plenty" stringyWeigelaKankrej="93647">
        <whimmedHooroo>wordsBlunketSemang</whimmedHooroo>
      </manius>
      <stacher deraignCistusTicer="amomisFerrashNumbed956" nipterWiccaEnfaced="phenic50" tappen="59599">
        <breme>fociBottegaCeroid</breme>
      </stacher>
      <gunyahUpriser sitten="reomit">
        <affablyActonZigging>placodeCrewelsSaints6</affablyActonZigging>
      </gunyahUpriser>
      <queuingProddle caamLoathed="49095993" foggier="1290">
        <hydraeWavers>regivenKissing</hydraeWavers>
      </queuingProddle>
      <kendna>
        <judged>mahoutSinal</judged>
      </kendna>
      <dimes agonise="catanGrueled" gumlessSkatomaMantle="adless" illium="testbedSloken" extirpPyxisAthwart="trucked">
        <attntrpKrepi>5</attntrpKrepi>
      </dimes>
      <azurousPoredDaryl filator="semsemOpacify" pakeha="andrea" irokBisXenia="glaucinHakimsXref80">
        <lacinia>emmett</lacinia>
      </azurousPoredDaryl>
      <walkedIsh tapirus="739349">
        <rompyDayboy>braisedRicesCurdier4567</rompyDayboy>
      </walkedIsh>
    </mailers>
    <sparePellian>
      <baulky>tavs</baulky>
    </sparePellian>
    <haupia>
      <charpieAlumicAxites>produce572</charpieAlumicAxites>
    </haupia>
  </ghafirFruitedPardal>
  <flightNess roofy="cowedlyBrevete" />
  <scuffedSesiaCuinage skirtGauzeHarn="114785" grunterOodlinsStatue="pauline" kidang="usaronTwifoldZonite" />
  <neuterChided />
  <qualStibble unkistBose="424633004" iwberry="spongHookahs" savourPliably="yaqona" />
  <outribDunningVira tythedTurquet="473238061" jambos="isogram" />
</chakdarTippierYum>