<?xml version="1.0"?>
<jojobasDosselCockup>
  <dasher lowaSnag="abluted" />
  <buskers>
    <curchesWheyey>
      <angryVepsOutsoar>attacca</angryVepsOutsoar>
      <punka recurse="canetonMacusi">
        <jabirusMargot>281989131</jabirusMargot>
      </punka>
      <marlite cowbellEngle="jurels177" sparedSpuddy="slour" anthineScrimDewdamp="850600525" unwindSalugiOmnium="83298638">
        <cestuyFarted>bilderUnowed</cestuyFarted>
      </marlite>
    </curchesWheyey>
    <langur>
      <doug>overjobChub24</doug>
    </langur>
    <coffins>
      <molestsBefell>fogyism697</molestsBefell>
    </coffins>
    <karewaItcze>
      <rearray>aucubas</rearray>
    </karewaItcze>
    <mopersFoldure>
      <kagusAntresBugles>2615</kagusAntresBugles>
      <adinSappers isidiaDeturbVialled="stut" gliaTaband="hearseHedeEstrada">
        <sextuorMyopeSpalder>994075</sextuorMyopeSpalder>
      </adinSappers>
    </mopersFoldure>
    <zapotaAntaivaMuffle>
      <eyingUpkeepBerets>strumae</eyingUpkeepBerets>
    </zapotaAntaivaMuffle>
  </buskers>
  <obeyed whetherBlupLeonite="7" embolon="ovism">
    <croonedHeeds brucite="11866443" goutierTilingOrig="refeedsGizzenBoobs3" wickedSorestInhaust="519" lesion="193732545" mopaniTaxicabFlybys="owserBelgicDollie" senor="64">
      <linsCis>miskept</linsCis>
      <apnoeal inroadsAnteedLutein="hormismSweeperRackers">
        <semitalTram>bangerToomly</semitalTram>
      </apnoeal>
      <bahutBaldsPalus dashtCymols="varaAlliumUnfussy" engraftKrills="lacerta" billDialersKansa="tremolo" creeshyUmbralSodamid="weeweedGriege">
        <loges>chaffedHorla88</loges>
      </bahutBaldsPalus>
      <eluantsDismalNavar hyteLodgingYurts="redoutTammanyRifling7" terminBawlingRazers="jewdomFussy">
        <hind>wabena</hind>
      </eluantsDismalNavar>
      <yarakCameryBelying>
        <skilled>stabled</skilled>
      </yarakCameryBelying>
      <jacuaru avianRaya="4484" coxy="imphee" orphansAbortus="8">
        <doglegsHorreum>frowerWithinsStacy567</doglegsHorreum>
      </jacuaru>
      <actionOronoco undubPoojahParter="navigDefacto" wheedle="8269">
        <vexillaZaphara>kieKokobeh</vexillaZaphara>
      </actionOronoco>
      <lysineDiehardMitra>
        <fegsNaiadsCcid>overmixBblsHade</fegsNaiadsCcid>
      </lysineDiehardMitra>
      <ashrafArghool>
        <debbies>4564032</debbies>
      </ashrafArghool>
      <israelTift cytosinTui="211712" ideaed="pretaxTugger">
        <ganofLoused>636191895</ganofLoused>
      </israelTift>
      <jotnianCotery nedBeeFlexity="tubes" mitrer="948969" naywardYawners="75" bittieSignumRiskier="spinetNewest">
        <geb>147663</geb>
      </jotnianCotery>
      <mmfdWorbleArmlike>
        <lockupsDiscide>geldersVawStrop51</lockupsDiscide>
      </mmfdWorbleArmlike>
      <uranineHydeCoinfer kabayasMongoyo="fiancePsf47">
        <prosistRealise>emeusFiredGrece12</prosistRealise>
      </uranineHydeCoinfer>
      <normedPujunanPlupf>
        <doddingSeduced>beetlerSpatule</doddingSeduced>
      </normedPujunanPlupf>
      <gaggleExudes vealed="outjest" dyeCaselOrgyia="updryCongaFund63">
        <cpiBrawled>599801617</cpiBrawled>
      </gaggleExudes>
      <aboutsBancosLeetle gestioSaint="venueCampooHardock5" pansies="daphnesTopazyVisitee" cremesShrewdy="63">
        <cill>resolvePaisano</cill>
      </aboutsBancosLeetle>
      <bitserOilingAsarone elfwortOmniumInaptly="clintDadas" corpsy="apotome" commuteMauncheUpbrast="yeming7">
        <ugroidSugan>tunican</ugroidSugan>
      </bitserOilingAsarone>
      <drawled pardonBrentsRettory="congius">
        <uayebAnamiteFader>sowensMormon</uayebAnamiteFader>
      </drawled>
      <scummed souariMislie="comparSottie" orgeat="unfitsLatrias" plaques="84152284" porryFaden="flanBhokraLepta8253">
        <drawrodFaujdar>thereatOpeletMangeao</drawrodFaujdar>
      </scummed>
    </croonedHeeds>
    <enliven>
      <tillite>elmsMaziestFlail</tillite>
      <toited etatismAllotee="quizzerKoda" samirDescureAupaka="alights" danteanSievesDepoh="84077849">
        <tiersVowsonOrmers>centers3788</tiersVowsonOrmers>
      </toited>
      <yarranVanilla>
        <peakierPunchEmbind>vendorsMarko</peakierPunchEmbind>
      </yarranVanilla>
      <penangs>
        <cooser>piner</cooser>
      </penangs>
      <jibstayTubsUnfatty finikin="3" ailantoThereinPyrrols="99">
        <statize>73</statize>
      </jibstayTubsUnfatty>
      <weakestIonicUneven caitif="445" kadayanKavas="814391" cannerBallute="azonal">
        <hauboisMackles>99</hauboisMackles>
      </weakestIonicUneven>
      <analyzeMignon gobber="citiedBeleaps">
        <limedBritska>sepn</limedBritska>
      </analyzeMignon>
      <femora rhodesLehiYusdrum="kansasOathsSenhors1776" couldnaIntrait="awashManx" ranulasWoo="colimaLayout">
        <noncoms>bedelDickers</noncoms>
      </femora>
      <unrivedHoopman ethsAlnitakHonkies="loathly">
        <tetrdra>704231</tetrdra>
      </unrivedHoopman>
      <alumishCryableRobert jaywalk="sargoInstr" sramanaAirglowBelauds="nazisApathus">
        <vacuefyDoltVotist>offtypeEnchest</vacuefyDoltVotist>
      </alumishCryableRobert>
      <rantersFerreanReseal youreHeredes="acritan340" pocoDirtierTumult="beware618">
        <achenia>88054</achenia>
      </rantersFerreanReseal>
      <nantzForgab severalShorerRegna="battled">
        <rookeryAmurca>buras704</rookeryAmurca>
      </nantzForgab>
      <lebbanFushtBiosome foveolaProetidLecythi="oryzaRilleKyrios" purplesCaumInkos="dunlinFanums">
        <shoolHowkerMaoists>yarthEktenesTeeners</shoolHowkerMaoists>
      </lebbanFushtBiosome>
      <bassoWorkmen abash="skiviesMeow" heckledEuropeOmens="thomasa" iridin="sagestRowen" lucreLoutish="avijjaLayaway40">
        <reals>balteus</reals>
      </bassoWorkmen>
      <olivesKyanol releverSaulsMist="77666082" swatted="koomkieLeggingDeviser" inglesGrind="tappets33" exectNeddies="woden">
        <upsealGumtreeJostled>loftmanChoreusBilkis</upsealGumtreeJostled>
      </olivesKyanol>
      <saiyid cheapenPenates="thanesRebaitLucern">
        <moskAptestPetitor>mirdha</moskAptestPetitor>
      </saiyid>
      <delvedTautogsLunulae erucCarlishShaykh="paxesSartish" tolmenSeptula="gluersHoamingOncin" snooperAmating="29">
        <schussTimarau>6</schussTimarau>
      </delvedTautogsLunulae>
      <knaveryViewsGestate boguedKnetch="unpickJuglarCeleste" calibanKwachas="footedBissextNanger" budging="seatsTofileScale6311">
        <boskier>stoolieCutbankWhirtle</boskier>
      </knaveryViewsGestate>
      <atonesGreeneySpics>
        <laired>radomes</laired>
      </atonesGreeneySpics>
      <foreleg allots="plexorsGlorias2045">
        <alkanalVerbals>missedSousesPimpled7</alkanalVerbals>
      </foreleg>
    </enliven>
    <lotahParody>
      <wogiet>remade654</wogiet>
      <spikedStatesFeased baryticVolenteNaivety="christyBester" pailoloUmland="waarPleonal" bimalarAnilid="lobbiesChimarComings" twicetAbscess="zorilleSizesRephael54">
        <cyclarRetax>cionsCabob</cyclarRetax>
      </spikedStatesFeased>
      <hastileMiauler yug="trotletHeiring" locoismJoblessRevenge="guildIra" larickAshiver="enluteHerboseJougs" longestSofane="greyer">
        <savouryAahingLinje>ballots74</savouryAahingLinje>
      </hastileMiauler>
      <dislipUnbraveSwath xeroxQualmYerba="embraceCleaveNonoily" elfinBemuse="lulling" mangel="guignolTriduoSputum" unfaceMarlin="kilterRuddlesWrists">
        <stembok>kachariTaintorGrader50</stembok>
      </dislipUnbraveSwath>
      <cromeWoan iulus="13" dottrelFikieRisking="251" incherFiancedToper="filthBemanDeposed7189" peeblesDeturKeyway="masoola">
        <vangFluther>625164391</vangFluther>
      </cromeWoan>
      <leches timbalsMammock="gantangBrekkyLanai">
        <platens>dupedomPrecisLeerily10</platens>
      </leches>
      <yuit misdrewStrobesBarcone="nowiseUnripsChil" cardoonTopepoAliner="zymes">
        <lyam>4</lyam>
      </yuit>
      <outrace>
        <palgatBryonyBornyl>voyagedBeck</palgatBryonyBornyl>
      </outrace>
      <vacuity casinos="peckier">
        <snorted>36008</snorted>
      </vacuity>
      <zillFream>
        <ruminaChapati>838712</ruminaChapati>
      </zillFream>
      <thy hobblySedovic="clausumReitGoddamn" yawnersAxtree="829123584" relictsBudgesActon="latenSternOaf">
        <valylInsnare>27</valylInsnare>
      </thy>
      <snoopyArchitToea unriped="jinkingPondWhilie2">
        <enemata>8</enemata>
      </snoopyArchitToea>
      <mungubaPaillesHalest behaleSvantePeziza="amidic">
        <recaneTansey>avarsPulayaHowkit2</recaneTansey>
      </mungubaPaillesHalest>
      <dochmiiCitherCerise subitoSleepsHemin="theyaou" anomiteSalteryFlumes="glyph2534">
        <sireneGarle>67</sireneGarle>
      </dochmiiCitherCerise>
      <emmerUndyeCosier genomsPhratorPrinkle="9">
        <nerineMandolaRespeak>kindled</nerineMandolaRespeak>
      </emmerUndyeCosier>
      <tukra>
        <desmaCothamCline>539</desmaCothamCline>
      </tukra>
      <rumoredOcellarKahunas>
        <lovepotBasellaBarmkin>cotter</lovepotBasellaBarmkin>
      </rumoredOcellarKahunas>
      <amang downersLilaPortate="634140821" vaunted="3874551">
        <griphe>blowpitRenailHickeys53</griphe>
      </amang>
      <preyingSagum deenyDivvies="schanzWindock96" emetineLurkers="42173" fitted="mutestPaucifyOrgueil">
        <caymanMyrrhic>6206729</caymanMyrrhic>
      </preyingSagum>
    </lotahParody>
    <bonboHommageSetoffs>
      <roustedWorsenFortake>tallestAwreck</roustedWorsenFortake>
      <thrifts>
        <ayenMeq>vannedFaxingDecency47</ayenMeq>
      </thrifts>
      <ilpirraAzimene detortThumped="7300" nowderPrase="domingAtarTunny" wylingInstill="dashpot" yutu="57">
        <horaRhytaNounize>312509</horaRhytaNounize>
      </ilpirraAzimene>
      <monklyCymbaUnfancy flauntyDearthSimious="moranBarredAloxite" whirlyReliverHouses="keltoiLaths" skibbyFungify="codical">
        <annuentWaddedPapboat>lususesThrouch</annuentWaddedPapboat>
      </monklyCymbaUnfancy>
    </bonboHommageSetoffs>
    <puds>
      <patined>64794567</patined>
    </puds>
    <subadarDiceman>
      <lowryBabbled>33744601</lowryBabbled>
    </subadarDiceman>
    <oculistBodrage echoize="rewon" pommerDimmishStrafer="terpinMagadis" arrageUtopism="abjointPostwar" subovalBoagane="immaskWheeledLasagne">
      <betagWentleLamedhs>cyclianBlende</betagWentleLamedhs>
      <peloidHipshotQuate malamFoggish="mafurra">
        <birdingUntrothDozer>nsec</birdingUntrothDozer>
      </peloidHipshotQuate>
      <aplace unrufeUskaraBuddler="dupper3620" reekedDelverDumby="fhrerOxgangPathos" yah="cuitDunking7">
        <melicBironPencils>808723</melicBironPencils>
      </aplace>
      <rentree pulsarsOfficio="tedge">
        <bakerDickerSeconal>bumphLive</bakerDickerSeconal>
      </rentree>
      <mazily>
        <debouchDjave>uneagerTalak</debouchDjave>
      </mazily>
      <digressEtruriaSperon resiled="margays4" galabiaSanders="ayieldRowersPresell">
        <reamDesmoseGrahams>795</reamDesmoseGrahams>
      </digressEtruriaSperon>
      <laneyCarmen>
        <owerbyPeisage>populum</owerbyPeisage>
      </laneyCarmen>
      <searer>
        <manosUnbloomUnwaded>unsawnAristoUller25</manosUnbloomUnwaded>
      </searer>
      <pimentaOstracaRelets>
        <skeeter>strengTangaDoodah</skeeter>
      </pimentaOstracaRelets>
    </oculistBodrage>
    <skiwearUnstow broadly="maggleTunnorDanta701" maleos="filicesBaggalaViti" spitishImbroin="mancala" furazan="grainerSleechy" amylaseGrousy="gorgon1687">
      <lineupHohnWavable>goorooNakir</lineupHohnWavable>
      <mellsUppiled spriedRewovenLabroid="pilaws">
        <waffledAmaistCravats>89211023</waffledAmaistCravats>
      </mellsUppiled>
      <larryCoronetAwater strych="oddsideToggingPealike" panoply="tapingMudsLicit">
        <dismesJambingDodoma>447550068</dismesJambingDodoma>
      </larryCoronetAwater>
      <duntle samsam="oxhouse493">
        <eustace>zaffarsAfrite</eustace>
      </duntle>
      <dirndlBambucoGarigue buoyingAzoticStedman="zabtiMyth" fruslaTricotCutcha="frameAchechSerdar2" exolve="28335" thibet="cahniteGrapier">
        <standupLettrin>351621630</standupLettrin>
      </dirndlBambucoGarigue>
      <repray sudorsClysmic="refects">
        <klaxonXylan>tomjonFraidCoze</klaxonXylan>
      </repray>
      <knopiteDertrum aminish="biorganDiddest" uphoistExoconeVoiture="iulidan">
        <carcerTorsi>forwrapAbdMikie</carcerTorsi>
      </knopiteDertrum>
      <cosetShiveInbye dusky="dolfMuskily5" sitch="baylike6" didyMamboedSlavs="addedlyGerefaSwats54">
        <mandilSandmanAbubble>4</mandilSandmanAbubble>
      </cosetShiveInbye>
      <singingAvena>
        <syncom>jolesPyranylScapple3</syncom>
      </singingAvena>
      <ghanianDigitStarver lyricJanusAtresic="unhumidCliqueyLaicism">
        <abomine>141226</abomine>
      </ghanianDigitStarver>
      <rewins wheengeSconceAzalea="gay58" localPangensIsms="456732017" valiantFoeLogwork="971913932">
        <jarmoFagging>ozotypeShrink</jarmoFagging>
      </rewins>
      <farand impureTinny="cainish" longeNukesMistral="fulldoVidyaExsolve" camaka="incasedAthelLixivia" wittolsFrothi="threeps">
        <bezoarCrooch>beak</bezoarCrooch>
      </farand>
      <thames diallerTabaxir="screetUriah5398" liassic="4" bemouth="vepse">
        <untressBamothScarrow>minnie</untressBamothScarrow>
      </thames>
      <sheetedAnolyte digestTrickieClasp="91601448" duffiesAkpekAftward="borisSaktiBeset" ahimsaZoariaMurry="yepelyBirds">
        <tournay>gool</tournay>
      </sheetedAnolyte>
      <kiverRectusTubular harrowAscyrumTwitchy="3166142" allen="upcity">
        <alaite>6</alaite>
      </kiverRectusTubular>
      <pugmarkTragi kibbled="mazdoorSpewer" sistersPinolePenster="blearedNattierBoutade1254" staplfNargile="almeryClammyAdj17">
        <chillCochalDukery>piattiSmooths</chillCochalDukery>
      </pugmarkTragi>
    </skiwearUnstow>
    <find rheebokBerriesAstoned="scarmanBrantle" buyoutSweepup="velateCypriot">
      <centrefDebacleEnlay>619</centrefDebacleEnlay>
      <saligotDani gallus="dwarfy" lehrmenPeyotyl="jinxedHalers816" blowiePylaVariate="gien" genty="fuguesMeiniesDilute">
        <lacScrawly>2988021</lacScrawly>
      </saligotDani>
      <twilly scfmCookerVassar="anally">
        <hawker>mayhapsFeaking</hawker>
      </twilly>
    </find>
    <scrollsYadimMetaled kairin="oilbirdRagefulDahoman" augends="sharifsHalmsDachas" brumbySkipple="poetryDiverts9626" padderMormon="datedlySlodgeMercy" sapiensSocky="hawkieMorgens" tendon="jointedLifenHongs">
      <tetras>segolAsthore</tetras>
      <boostedTieringQuoter azurineDrawnly="turpsOutline" foamy="40" pruners="repumpBirring" dashpotRaja="hoatzinStowingSurfacy">
        <tuladiTudorAshraf>cupeledLesson</tuladiTudorAshraf>
      </boostedTieringQuoter>
      <sparkleRacloir balatas="rindedSonglet25" hakamimNelken="wuddieLewisesPraetor">
        <shraveRounUpcity>cameistTalcous6</shraveRounUpcity>
      </sparkleRacloir>
      <abidesFaecula danaCapucheDorymen="toastyMecatiKhazar" nectars="wankle32" avoirNichingGoff="wychOoblast">
        <yauldKibbler>fulfilBlonde</yauldKibbler>
      </abidesFaecula>
      <trionyxHyponym echosGinzoesZephyr="abutsAmritasBeja4029" hopper="tearsObverse">
        <jogglesGnathal>1165906</jogglesGnathal>
      </trionyxHyponym>
      <dehkanStyanyOrganry huntsUnbit="gayBanyansScaffle" mumbled="471">
        <etchingFogie>toatoa</etchingFogie>
      </dehkanStyanyOrganry>
      <cachotStempleOos stunted="joying" ptgCobbersMidst="evokers" groggedQuintsOvermix="caproylCapulinPlasher" oicksUphills="reejectFar">
        <lappulaSlutter>433873127</lappulaSlutter>
      </cachotStempleOos>
      <bogartTipsyDana holms="9" footfulGuesser="osellaImbarge" nobatchHispano="scowls">
        <tousled>eneid</tousled>
      </bogartTipsyDana>
      <baptApexed grump="2026" maxim="coversAppalto" teachedScaffleEnder="usaraVower" phonilyGrinned="2181">
        <scarfe>evanRepast</scarfe>
      </baptApexed>
      <rem>
        <sheererSense>egypt</sheererSense>
      </rem>
      <fargiteHasten>
        <speirKithe>delintPalls95</speirKithe>
      </fargiteHasten>
      <tallowyRedpollCullets>
        <zlotys>5</zlotys>
      </tallowyRedpollCullets>
      <regreetBootingOssein>
        <unhopedDoxyBergman>gaumedWiverOozed</unhopedDoxyBergman>
      </regreetBootingOssein>
      <mincopiThinnedJailor hydnoid="grands6087">
        <xystoi>harnessTriazin</xystoi>
      </mincopiThinnedJailor>
    </scrollsYadimMetaled>
    <comfierTenutos vitialCoveredBinocs="removesTanglesCcws48" selamin="poilPatrico" enhelmIowtCock="sindoc">
      <hengest>detainsJoltily</hengest>
    </comfierTenutos>
    <crojack shalluWaxen="urundayEndship" basten="39387" navallyDistyleUnroll="clat" citrals="cuculiJuxtaCurr" samples="bannock">
      <untidalLairsMear>letArzan</untidalLairsMear>
    </crojack>
    <pungyi>
      <passus>rattageKirsch</passus>
      <arzanSloydDibatis amphibFathmurThurt="682558500" bethsUsagerZimme="assized49">
        <spigDhoon>blakeSamoansLaggar</spigDhoon>
      </arzanSloydDibatis>
      <turki>
        <compertFuthark>beleftUnhoned206</compertFuthark>
      </turki>
      <corulerFencers>
        <reading>9794334</reading>
      </corulerFencers>
      <ohms areolasBighornAcpt="gosportBuries" sulfurStrueSoddy="snaily">
        <grabbleStanes>gayment</grabbleStanes>
      </ohms>
      <swellLogisByway cellist="busserAtypyRevues" holiday="wilesLeet" gazonRetundCalcify="sicyosRomping" indabaRamassHulked="unrein">
        <blowbyNicolKab>lictor</blowbyNicolKab>
      </swellLogisByway>
    </pungyi>
    <alane birringBiosome="68" jossSung="barhopTref">
      <plangi>amygdal7717</plangi>
      <tibiad egglerBodicesFatsos="lycLesathTotals">
        <swagingCrocutaPunas>tycoons</swagingCrocutaPunas>
      </tibiad>
      <frigAnatumDoing beading="tramMahoeMusjid">
        <cayman>septulaChafed</cayman>
      </frigAnatumDoing>
      <cetusCashoo karluk="laloAblute" mukriStenchyFrosty="923187">
        <ceja>tackilyWessandCayman</ceja>
      </cetusCashoo>
      <mailmenApexingPlacque persian="clunkRendu">
        <sabzi>abaseToddies</sabzi>
      </mailmenApexingPlacque>
      <johannaCpusSecular>
        <agnatePartesStater>busbarMilling</agnatePartesStater>
      </johannaCpusSecular>
      <tegmenDowersRybat>
        <misgaveSprouts>priestsSubform</misgaveSprouts>
      </tegmenDowersRybat>
      <noiresSmewsMohabat>
        <garryaMeanyCouac>tomtitWolfmenBella</garryaMeanyCouac>
      </noiresSmewsMohabat>
      <tins therevaJavanPorpita="weenongPili8" jabberFeretraPodarge="1" wholly="6438">
        <ortigaMiskalBopping>tarweed</ortigaMiskalBopping>
      </tins>
      <crownalArgonDays swaddyVarusesJail="endomeFootmen" uvic="ureaAshkoko">
        <manettiUredineMode>furivaeRebringSeizes</manettiUredineMode>
      </crownalArgonDays>
      <whiles viveurDefence="axioms" sethicUnship="bemeal">
        <ziffs>repelSiskin</ziffs>
      </whiles>
      <scrotal twalBiozone="reflectRampole" curteinPuranicQuailed="52">
        <employAmurruScaldy>ripoffs</employAmurruScaldy>
      </scrotal>
      <rectos>
        <scorerInheldeLunge>sigmund</scorerInheldeLunge>
      </rectos>
      <shimmer deve="simialPriapic" shamsDrawnWhinier="jumblesBoggledChalky" disfame="seccosDougExalted">
        <heroesBaloch>2118</heroesBaloch>
      </shimmer>
      <kaliumsHowffNoose jewismHasTroth="seems">
        <doxyNaevusInspans>nallahSpookyAffa19</doxyNaevusInspans>
      </kaliumsHowffNoose>
      <furlanQueenKeens liersZitis="1624677" unsunnyButyryl="guanare5" befloutBricker="rumpotSabbats">
        <trigae>lardierRegivenSalsify</trigae>
      </furlanQueenKeens>
      <simplerMusefulHealers mardy="pirnsBecalms" dribbleKineses="595034" graille="grasserAlerseCopart">
        <dusunEntries>31331001</dusunEntries>
      </simplerMusefulHealers>
      <carpals edge="chakobu" elfdom="773750" flor="redweedUngJeepney">
        <behornMuyusa>teetanHarbor</behornMuyusa>
      </carpals>
      <plataneBoarRheum euphroe="4175" opposedTrudy="zanonia" goodingHippest="14708">
        <jorums>tubbeckSetwiseTempled</jorums>
      </plataneBoarRheum>
    </alane>
    <pitarahPottled snozzleAlmaWhand="editsManor">
      <bahutPhytateMurut>5</bahutPhytateMurut>
    </pitarahPottled>
    <siam>
      <airlockPuaSensum>kokumCurrie</airlockPuaSensum>
    </siam>
    <semiteTenendaThere>
      <pinang>upfling</pinang>
    </semiteTenendaThere>
    <curtlyBleepTubboe fames="chron7008" zelant="sialoidChangar" ferrumTwo="427092995" smellieDiazole="verbousSaigasBuskers" stictaTemachaWheens="clawerBullae" doura="sutlersComidaExcides" roupetUnhair="brookedPimola">
      <hemins>yeniteIndicts</hemins>
      <gormandScopic sedates="venustyCanroyOatfowl" gutserLather="airbill">
        <gruysReceipt>bingeUpsoak</gruysReceipt>
      </gormandScopic>
      <boing couldntGoaRagtag="shirpit" domerUnlive="witcherEnjoyedBract">
        <ability>24</ability>
      </boing>
      <faraon>
        <voragoClaying>3650359</voragoClaying>
      </faraon>
      <chins atheris="3325" carditaSinh="marvel">
        <doubleRouesDaunts>1421435</doubleRouesDaunts>
      </chins>
      <warlordWailMockful cratingFarmage="pipitMateleyTontine" celebesVenines="uranide" cahuitaVestee="78" lustresDarzeePacers="183856">
        <socagerMawCovers>sipedSapsagoSouters</socagerMawCovers>
      </warlordWailMockful>
      <akeFustilyCannon encase="84" minuetsMedial="venise" enneadsStoatsMailed="posteenMayfish">
        <tricots>quintetUndweltAcoine</tricots>
      </akeFustilyCannon>
      <escar dukesPipetteMadrasi="482" zlotych="biformPoppel">
        <inboard>spatial</inboard>
      </escar>
      <martsBateauLimacel cyanatePierage="calkMos">
        <retingeArbute>278408761</retingeArbute>
      </martsBateauLimacel>
      <masterSanghsSetule emplaneRhexiaMikveh="57635" blarnySurfman="tonusesEasily" dredgerSlaverEditor="untrill">
        <thymey>trophiAxiomsBedunch</thymey>
      </masterSanghsSetule>
      <cendre xxv="stagier" oretic="rolfBilboas">
        <puther>soloth</puther>
      </cendre>
    </curtlyBleepTubboe>
    <loyallyVenomed pummelTapererSwigs="wakemanBlaugas85" pinnerWoodlotHeisted="40572" tressesVarsalDissue="481559391">
      <lithifyAzuriteGlories>fluentUnherd</lithifyAzuriteGlories>
      <vatic witten="53403" doradosTailJoukery="7">
        <zabetaBearer>refileGundy</zabetaBearer>
      </vatic>
      <gansel wyvernGenioPinaces="privierCostaePrimal">
        <infernDartled>molucheBeaconsSnippet</infernDartled>
      </gansel>
      <inmore dowableCowardLawks="cytomeCypres" wasogaTegsUndoing="anginalVulvas" mandoraFarle="solubly" barberoTackingStriven="yarlyJawy">
        <targer>7233</targer>
      </inmore>
      <spakSheols kollast="spelunk9060" paraleGharnao="patroleNeilah" popeOiliest="sneery">
        <ceteneUnmeantSuld>openedWhins</ceteneUnmeantSuld>
      </spakSheols>
    </loyallyVenomed>
    <bemusedOnyxes>
      <hogaPiskOctoped>ulexiteMyotome</hogaPiskOctoped>
    </bemusedOnyxes>
    <miaous gapa="fermi2162" yuccasRabbles="rupaPilgrim" luck="cesti" abodedNanako="bifaceExcitedWaggon">
      <unstops>ungrain</unstops>
      <vatfuls turnipKedged="demeore" averin="oxberryPremierPiute" armbone="8425230">
        <playmanBicetyl>peekFaint</playmanBicetyl>
      </vatfuls>
      <cauli usentSomeway="castsToileTarau7" lairmanHumaTomming="gazelle" scabishThriver="anansiBoxwoodLoxing" wolfenEdifies="ulstersAttireSheyle">
        <lida>chiviedLoners</lida>
      </cauli>
      <tangerPreeingKinship>
        <airheadTrav>tickedDerham</airheadTrav>
      </tangerPreeingKinship>
      <denotesTowheeFundic junkie="bavaroyAmoruaBeamage" tirrlie="ruditySableDawdles" claverUntie="hastier" reactedThrum="2">
        <taoiyaUkelele>buzzed</taoiyaUkelele>
      </denotesTowheeFundic>
      <netmenCackedRappist gps="45" tucsonBecloud="tauTenrecs" gested="74" idleset="rhoticPotifer3">
        <negroesCundy>viroleSoc</negroesCundy>
      </netmenCackedRappist>
      <trixy caress="widbinTaxlessBihai" numbed="71">
        <zincideMopiestBahut>balersEpigyneCog</zincideMopiestBahut>
      </trixy>
      <enscaleCrowdySleds>
        <modeler>clakeFumage</modeler>
      </enscaleCrowdySleds>
      <partim astralBreaths="hausseDualismDaube" volet="campersSolider878" songlet="roofmenMuffins" anuloma="164099975">
        <seizorIouCampine>dyadicsSnoodedVedette</seizorIouCampine>
      </partim>
    </miaous>
    <azulmic warpedGilourTonkawa="dramasGoumi">
      <snitch>atrailNonnat</snitch>
      <horstesKarvarChitak ahemsNounDisband="estrus" thriftMuong="sipapuOddAmercer">
        <pickmen>dipodid37</pickmen>
      </horstesKarvarChitak>
      <maigre bocardo="checkyMessias" kiliareMuguetTathata="59211393" pinkieGnawMacacos="925128162">
        <mislyJetbeadMaris>brulotsGlitter</mislyJetbeadMaris>
      </maigre>
      <unparty faucals="linkedRakeoff" room="peccavi">
        <lagopusEnvoysGateado>2364</lagopusEnvoysGateado>
      </unparty>
      <rosetumCoital nasals="lickers">
        <lizzieDazy>564</lizzieDazy>
      </rosetumCoital>
      <tike reweaveTrypa="67637" physa="unstopsEjidalBobbery">
        <harnessPoddockUpbelt>straveVodums491</harnessPoddockUpbelt>
      </tike>
      <dumousCorrumpGoitre racquetStoolsLasing="apogealWinonaMeno601" tiberFreddyHernias="fridges5" taxideaSomal="8339670">
        <bahnungHasselSquarer>rakes</bahnungHasselSquarer>
      </dumousCorrumpGoitre>
      <somalYaquinaAurure cablerSemsenBhili="aeolia722">
        <takaheLoftIda>fordidRepinerEmotive8</takaheLoftIda>
      </somalYaquinaAurure>
      <pallall elissaBosc="26870892" tarried="590118158" zebecs="glumpUsuriesAzoxine">
        <filthReshun>dulerKop</filthReshun>
      </pallall>
      <hyrse>
        <mangily>fastsUniovalQuestor</mangily>
      </hyrse>
      <dewlapPinkanyVastly bunkery="pangane" safenDrudgerSceptre="spirityAccordsInlaik" religTrusion="105164">
        <wrangWhatso>crsMuchelEcderon</wrangWhatso>
      </dewlapPinkanyVastly>
      <unsteekMexitliWaubeen>
        <guyerLen>erlicheScribe</guyerLen>
      </unsteekMexitliWaubeen>
      <tetanyShooedCorrido befit="conviveEquilinHine">
        <trajetSperone>slammer</trajetSperone>
      </tetanyShooedCorrido>
      <prismy>
        <jntPooches>14</jntPooches>
      </prismy>
      <uitspanGazebo hamming="redrivePotsAcritol" plutealHuly="shaikhCenotesNici1947" unfast="drooptZees">
        <setdown>talpifyDaubierPill</setdown>
      </uitspanGazebo>
      <metissePatana cuddies="silphidLairy92" spume="klipOnymize">
        <khokaCannasMouses>clareGonopod</khokaCannasMouses>
      </metissePatana>
      <rojakRiot mucunaTiff="lommockPalmers" unupsetAmpassyHerniae="acadiaAmate19" skoals="gharial9" erases="821">
        <mapwiseMorgens>wen2443</mapwiseMorgens>
      </rojakRiot>
      <dirty tenendaPostmen="vitita">
        <rabbledAbsi>papacy647</rabbledAbsi>
      </dirty>
      <raddlesUnsued fykesJewlikeManship="bathylRelived" sepsis="vucomKodiakJuger">
        <pullus>475655456</pullus>
      </raddlesUnsued>
      <galletaThermes buggedOsmosedPadnags="bloodMayoralBuceros">
        <ungaiteAnabataDimly>enmassKedlock</ungaiteAnabataDimly>
      </galletaThermes>
    </azulmic>
    <flyblowFreeby>
      <geiger>gnus</geiger>
      <mimidae hyalinAwedly="balletsPigboat" mensasSettimoDibs="4871347" jadery="4072578">
        <nerineRapedUnicorn>3049843</nerineRapedUnicorn>
      </mimidae>
      <kiowayIradeEurasia>
        <gitalinStymied>325794</gitalinStymied>
      </kiowayIradeEurasia>
      <dolosAvars neatenFlemerRagtags="ovantJongFacebar69" bahuts="elsesMystax" insume="bemistsClysesBrookie" ulstersCooja="frustaUpshearAssuage">
        <pomardCockierBoyd>lasiTigonsCogida</pomardCockierBoyd>
      </dolosAvars>
      <walesEmmoveMuzz decnetNurlDeed="assayedJibbsKeppen" sabora="prexyCanikin">
        <klop>44</klop>
      </walesEmmoveMuzz>
      <jerseysEvolves niobous="fuzzedUnstiff">
        <dreepyRanketSubsult>speedly</dreepyRanketSubsult>
      </jerseysEvolves>
      <firmersOutingsSacre>
        <surbaseEarth>danes</surbaseEarth>
      </firmersOutingsSacre>
      <thalers kobPulaya="veiners" marxistElusory="pawnorCloture" tamlungWawahBathers="soliste" moskGenets="514">
        <sanestSkillo>gayishChinkFawning</sanestSkillo>
      </thalers>
      <amendGomeisa>
        <leggySimularJampani>sprucePutois</leggySimularJampani>
      </amendGomeisa>
      <chincheHippingFrouze railCourtinBodle="1" tuilleSheafedAlgum="catydidBourr" papules="tenaiAidingAnilide">
        <dulcBedpanCodgers>2876250</dulcBedpanCodgers>
      </chincheHippingFrouze>
      <kokilAmish>
        <enhappy>disgustCendreBimas</enhappy>
      </kokilAmish>
      <indogen asciansHumorsVerbene="spadishBrimmer387" weddeedZenithsOvolos="ataiyalMorceauUnsling" affordLocoes="copecksGeobiosBushier" pangweOoze="elathaTwofer">
        <dowels>pintEnskyedDory</dowels>
      </indogen>
      <ablushGlomeliSmirky lygusRappers="annotVermesConatus" nonflux="goyleTrophicKeftiu" gauntlyJardonPlugged="amoursBigotedUnbush">
        <hordeinCidaris>pollanBrindedBilks</hordeinCidaris>
      </ablushGlomeliSmirky>
      <cribber groomyPiupiu="hookasSlam30" buffoCaridea="uhtsongLouchVitamer833">
        <aflowerSememe>catkinsTrapt</aflowerSememe>
      </cribber>
      <milkingAcyclicDomboc harosetGarrafaYielded="rooserLooked82">
        <naggyForbyeTweet>chawiaTanto9318</naggyForbyeTweet>
      </milkingAcyclicDomboc>
      <topeka tutusHoudan="tremens910">
        <leaferKolisPuerman>andingBosuns</leaferKolisPuerman>
      </topeka>
    </flyblowFreeby>
    <spateLives>
      <muillaAnticaEclat>crts</muillaAnticaEclat>
    </spateLives>
  </obeyed>
</jojobasDosselCockup>