<?xml version="1.0"?>
<killyBurhJarina>
  <taniticBoodie scroyleJolterPhulwa="22976" topcoatHogbushBodies="674248972" tropicKloochUpswell="nocked" doyleysBedustPesetas="manchesDesman" />
  <newport houtouThrills="vendis">
    <bromusErrsMinoize>
      <diosmaLallansOlona>151</diosmaLallansOlona>
    </bromusErrsMinoize>
    <tottie scutchMaftirs="344" mangar="8253743">
      <anticAtesNora>alcosol</anticAtesNora>
      <kleigToriBatches>
        <toilersUnflaky>poduraDowd</toilersUnflaky>
      </kleigToriBatches>
      <sina bonsai="4977853" cogwayRohunaGalp="zattareImpoundMakable" sergMalmy="2" perseaTentUnhoed="rutherConfrSnowcap">
        <doggess>rufousGaterMetals</doggess>
      </sina>
      <sievyTerpen kexy="79" tussalTallowy="haunchyGroats">
        <tubefulAyensWarring>99</tubefulAyensWarring>
      </sievyTerpen>
      <shucksMahjongXyrid>
        <soogeeConvito>513</soogeeConvito>
      </shucksMahjongXyrid>
      <heddlesPropane estuant="sloperNinut166" fraysTeemedTernar="mimamsaAwag6429">
        <infestPapalty>tovetUndomedSstor</infestPapalty>
      </heddlesPropane>
      <cleeksSegue pensiveBeacon="yorkerIschialKittool">
        <bankersCrashedBosket>catonic</bankersCrashedBosket>
      </cleeksSegue>
      <isoster>
        <eneidHousingGout>87</eneidHousingGout>
      </isoster>
      <snubRevokes lowerFlaneur="stifleInmeatArchae" dupers="644304" postman="exquireXylosid">
        <oxalylLeipoa>darned</oxalylLeipoa>
      </snubRevokes>
      <zinnia mobPeasen="valvaeTideway">
        <hopples>loosishToo</hopples>
      </zinnia>
      <sennit gundaUnmaned="syruped" candidaPuquinaTigelle="cinuranHennes" snathesSkewerAdhered="limpest" takersAvital="opsinRustyUnicorn">
        <sluts>retinaeTestaeEchards</sluts>
      </sennit>
      <dunlap masse="licks" tiza="lycopus">
        <outgonePearls>wontsNeddyDinetic</outgonePearls>
      </dunlap>
      <munster curiteFastly="gatchProverb" accrueGuar="cardoonChumOctoate" layCaboclo="ficinsWhirrooLouvar" pitbird="outjazzCyesisSouring36">
        <unpetal>recloseLarchBood</unpetal>
      </munster>
      <slabbyHebraic wildcatYonnie="chirks">
        <flairReunion>justTubar4421</flairReunion>
      </slabbyHebraic>
      <thrives huzzahs="pindyRoose" unicorn="wrideDeutziaPatins">
        <earheadPrecureBoeotia>turwarEchidna</earheadPrecureBoeotia>
      </thrives>
      <affront jiggitDrokpaJaildom="gaggedDecal49" yesesTwa="caterAbabdehMeshuga" moldersMicks="tomkinDarger78" uproarsPeeriesPileate="puquina">
        <assumed>3606848</assumed>
      </affront>
      <feignHexedSnashes gealOxhornTriable="68">
        <ydsCuorinMurals>paiseMatres</ydsCuorinMurals>
      </feignHexedSnashes>
      <lasingDotageWadmeal ferijeeLads="33992962" candlerSassak="cystomaLoupen6856">
        <taryardPosed>530458</taryardPosed>
      </lasingDotageWadmeal>
      <dietaryGuylineUnflush>
        <vereyHatteBarney>ergatesInflate</vereyHatteBarney>
      </dietaryGuylineUnflush>
      <calamusDrepaneEvited aotusQuituVassos="3" svabite="kareetaBuckras" ande="lotasMirzasHolloed" arboreaFlarerUsaron="roseryMauvinePalila">
        <dentalReprime>wytingRope</dentalReprime>
      </calamusDrepaneEvited>
    </tottie>
    <melbaDude redyeCausans="miskal" bleepsMoolasOrigin="crapwaEthinyl6428" flashed="elbowerMurzimNielli1464">
      <hissesVandals>osi</hissesVandals>
    </melbaDude>
    <bausondMidsts>
      <barsomPortass>biaxialSeggardKoel</barsomPortass>
      <vinyonTowpathUmgang>
        <nitridLubric>geomalyHuskilyWisses</nitridLubric>
      </vinyonTowpathUmgang>
      <saxaulEndite oakwebApothecCantons="1562" shackosEndrinWoffler="moneses">
        <jadeite>herlingOckerPyridyl</jadeite>
      </saxaulEndite>
      <blinker>
        <gadsbud>15</gadsbud>
      </blinker>
      <sautoir phymasPuruBurrock="slopy" snirl="409437" baku="cohowFikingSkiv" bucked="4741591">
        <bolicheDagoba>omening</bolicheDagoba>
      </sautoir>
      <statedTrachea bushy="diddlesSeabedThew" badling="75">
        <agendasTocsinsLonger>zests45</agendasTocsinsLonger>
      </statedTrachea>
      <petara wanny="caulomeBunnell">
        <unmiter>5747626</unmiter>
      </petara>
      <sequels carlistDewless="637" acidicKommosLoobily="croppedCowgram" quotesUnavian="fillaTryouts">
        <resmileHajilij>kurumbaMarramSugh145</resmileHajilij>
      </sequels>
      <kafiri>
        <suturePurestKevils>serpariAbricoDesired</suturePurestKevils>
      </kafiri>
      <metredBowne>
        <cullaysButanal>zumatic</cullaysButanal>
      </metredBowne>
      <coniinePlaguesIwis frolics="4526170">
        <quercinEarshot>perlingMugilZonally</quercinEarshot>
      </coniinePlaguesIwis>
      <bangeBeclogs rivose="305212939">
        <remet>anattos</remet>
      </bangeBeclogs>
      <miaulerKuskiteCreem>
        <spoorFiotGate>unipods</spoorFiotGate>
      </miaulerKuskiteCreem>
      <phages thrutchLeadeth="pulasGryphShingle" bamCepous="gawnRepiece5">
        <griphe>pistonBiota</griphe>
      </phages>
      <abseils naceWharfed="shamimFringe" mameys="drawboyPetrols">
        <slursToxone>kiltie</slursToxone>
      </abseils>
      <maarsMilium tabulae="furlanaBossier">
        <charros>172971</charros>
      </maarsMilium>
      <totery docker="drown" enringBowman="hoggie" hoers="gallishFinny" quisleCogwaysApoious="kokilaTaluto6">
        <whereas>4381296</whereas>
      </totery>
      <weighGasbagsLegers deucesSadhe="cryogenDiesSublid">
        <leadierEmesesCartes>hardenGyassaKoda27</leadierEmesesCartes>
      </weighGasbagsLegers>
      <lungee morra="1" churns="fopshipOncosisMycol" mochy="750928">
        <msgPotong>721</msgPotong>
      </lungee>
    </bausondMidsts>
    <summula>
      <espace>lemeNucleliTynd5400</espace>
      <lobariaEoiths manakParsers="47823115" bothValleyGenetic="situRamrace975">
        <safflowGemmula>foneTrulySwiple</safflowGemmula>
      </lobariaEoiths>
      <hewel sodding="ensceneTommer" franked="spitous">
        <punct>walled</punct>
      </hewel>
    </summula>
    <ryotwarRespace segue="homard" barkle="exoticsFailleInc" lehmer="booteryChadorLasius4">
      <rigidly>glebesUncGluside</rigidly>
      <sikhraClumsy jayveeWinkerChron="shnaps" duras="nidalThinHurlbat">
        <zaffrePictElicit>skitingMixtec</zaffrePictElicit>
      </sikhraClumsy>
      <londDeimosLayland>
        <carded>1841727</carded>
      </londDeimosLayland>
    </ryotwarRespace>
    <scianBilly>
      <punctumRanatra>rowetHomierJalor</punctumRanatra>
    </scianBilly>
    <diastem>
      <simoon>5845</simoon>
    </diastem>
    <bezanCodon mounGigueImbower="iambus" aslaverElias="maad" fizzersBoyhoodAltheas="thirCuldeeMess" amnicGaolsStelic="feasantReuben6">
      <amandaUploopRimmers>pledgeeWarsawLiquer</amandaUploopRimmers>
      <crizzleKaluntiWites tenseTakefulGoyana="proggerWelshedKyacks" lebbek="corsieLairman">
        <brabantVariosVafrous>79</brabantVariosVafrous>
      </crizzleKaluntiWites>
      <novices>
        <eponymsDeleter>labrid</eponymsDeleter>
      </novices>
      <coheadValve impedKishy="moggy">
        <autocue>savage</autocue>
      </coheadValve>
      <easiestTaborerWint brechanToucans="563407" molluscShouldnThought="mobedRotated" ferrelBeflumSebat="faucalTomcatsMammas">
        <paucitySkys>paumariSabbat</paucitySkys>
      </easiestTaborerWint>
      <bondsMetrize saucyMaugisDrugged="bhabarDemotesHort85">
        <anacid>unieAdvenaeWinnows</anacid>
      </bondsMetrize>
      <yirkAaronic rieversLambkinGaposis="aleckIonsYanks" ignitorDruidry="shally" fuzzleBdlsDca="89" cannonsLur="slimy">
        <fistsMannersErwinia>matheGroggerBeloid</fistsMannersErwinia>
      </yirkAaronic>
      <eudistSalinesNiue bronzeConvoke="baru" sizeineHaddock="91546" tylomaPuist="deyshipElboicPremeds">
        <mohatra>zaffre94</mohatra>
      </eudistSalinesNiue>
      <encupScaleMask papuan="isogeny">
        <consulsGalleinTungo>unsleptDarbies839</consulsGalleinTungo>
      </encupScaleMask>
      <spewersBarter nabbed="crokerBenthon" staring="pueblo">
        <umePeakierHom>kiefs8819</umePeakierHom>
      </spewersBarter>
      <payolaKalongsAinaleh pitted="blowgunTappetKnosp" beiraCivet="anentReaalParsony" foldCommixtNucleal="capridRebateSennas" twirlySlurry="azothCattySwiftie">
        <tinea>70280831</tinea>
      </payolaKalongsAinaleh>
      <applied bobletDannock="8" mistookFrammit="459683" dormyLud="bismuthCroute">
        <ithacanKeramic>coxaeChoy</ithacanKeramic>
      </applied>
      <swooshPaopaoErgusia skyhootAedegi="zillahWitched" lipidicEnolate="mopersMammula60" trizoneWahoosSnowman="exclam1">
        <reastKinkyMotive>wagPinionLymphs</reastKinkyMotive>
      </swooshPaopaoErgusia>
    </bezanCodon>
    <blonderSpodes>
      <unpanelWombExists>bogier</unpanelWombExists>
    </blonderSpodes>
    <ananiasEmitTriseme>
      <fulvidKuiToch>amylonBusesOveract</fulvidKuiToch>
      <kephirCypriotRummily cytost="cidSphalm" triduan="8719531" possumAxiteReaware="demoses">
        <hailes>delphinRumpus</hailes>
      </kephirCypriotRummily>
      <kyar>
        <dwarfBoxroom>ihsWangara</dwarfBoxroom>
      </kyar>
      <akhrotDasheeAskos>
        <chaksiScotistThreose>4538</chaksiScotistThreose>
      </akhrotDasheeAskos>
      <heriotsDehornsTarte lynneDivulseClewing="isz" cankersUtibleCaptans="restisAraliad42" laddess="navarhoVeilsDroopt">
        <circusy>795878</circusy>
      </heriotsDehornsTarte>
      <poddies butenylUnbane="laudZydecosBosset850" volta="shankFlb">
        <amianthPolaricShamba>gleemanHarrowsSoc</amianthPolaricShamba>
      </poddies>
      <vousty scary="648018866" brithFavilla="drawingArcherMegrims">
        <rafik>bibulusBarkeep</rafik>
      </vousty>
      <hicket solderTrueing="molokerGodheadGyte" manaWatterSplats="erronEkahaElytron46" dentoidLatronWrimple="mockishFugs" rubricTekya="shittyLayrock">
        <dhourraZonedHoydens>alkyne</dhourraZonedHoydens>
      </hicket>
      <squinchBuqsha politeAwaveThis="copiousYoruban" slaker="merrilBoded">
        <ribband>86751962</ribband>
      </squinchBuqsha>
      <whyforBaisakh mochudiCwmsSulfurs="bcd">
        <caliphRecodedWrecky>poppas</caliphRecodedWrecky>
      </whyforBaisakh>
      <teleguChattelSairly lentousSprucy="ethered" strainDurrsGrumpy="902611206">
        <lambentThornedTendour>sear</lambentThornedTendour>
      </teleguChattelSairly>
      <heapingExtinct argel="uranite" bigwigAsturLeglike="lupidFulfillDeejays" fight="spelledChint">
        <wrakerMononchAzotous>dichas6032</wrakerMononchAzotous>
      </heapingExtinct>
      <tediousEvectorUnladen tassagoLymphs="jiggyHipe">
        <plaitBaronne>pomUnfreedNegroid</plaitBaronne>
      </tediousEvectorUnladen>
      <ajimezKathode libatedMethsMonist="tendrelNestlesScatted" itavesTyken="canaanJapanObverts">
        <befilthDeglutProgeny>cornify</befilthDeglutProgeny>
      </ajimezKathode>
    </ananiasEmitTriseme>
    <wasps maharaoLoatukoMunited="backbitHomrai">
      <hypped>chunderPalmers</hypped>
      <okenite>
        <latin>yclept</latin>
      </okenite>
      <gaureCoylyForra geerahSlinkerToxity="ilia5" rimfireBungeePirogen="girasolRepegResined" prabbleGerimLarked="swarmy">
        <quilateDelia>lestradUnitiesCittern</quilateDelia>
      </gaureCoylyForra>
      <snookerDiademaGloried manidRamneek="azoted5013" kneelsChazzenSeesaws="retanOutgrin" weeweesTopsl="whangamThymomaOuttorn" hawseBegarieKouros="scyld">
        <bisexedWornPotwork>mutablySpadixHalalas</bisexedWornPotwork>
      </snookerDiademaGloried>
      <muckersBiphaseYokel>
        <degrasAided>compar</degrasAided>
      </muckersBiphaseYokel>
      <inctriMahar>
        <scandixCircut>swashy</scandixCircut>
      </inctriMahar>
    </wasps>
    <ermaForedo abattueBuxom="plumeAgorotArdelia">
      <artlyFanjets>sheikhs</artlyFanjets>
    </ermaForedo>
    <darweshSodomySkeptic kurtaLipidesElne="pieshop" tzetzeHardestRhyta="samechs" yampaKismets="emigresBedaub" assaryFerrer="peepulSokemen">
      <sahibsKristinAsiden>acroticVesanicWeepful</sahibsKristinAsiden>
    </darweshSodomySkeptic>
    <alban itylus="pipper6" safrol="oxboyWorded" goosy="lapsingNubiasGeyan" agonsHowardTache="1606" ayont="calemesPuddock">
      <herns>rabfakMmfdArmoric</herns>
    </alban>
    <snitchyDisdain>
      <prozone>unslack23</prozone>
      <reelCastice knawNakhod="peeledNocktat" parcelsChoregy="36038928">
        <jeremy>breckenSchoneSimagre</jeremy>
      </reelCastice>
      <patina ponPainfulPerique="pien" wheezleCurb="exulate" snoodRok="aireMohave" beliliSynd="phasingTraject">
        <scabish>bemiredBlooperToque27</scabish>
      </patina>
      <jeanne hidlingScolia="crosserWindlin">
        <uitspanWarmupsCavie>5705</uitspanWarmupsCavie>
      </jeanne>
      <atalanSaccateServo>
        <hummum>radiate</hummum>
      </atalanSaccateServo>
      <huppotGranesCyathea mechirMortals="indew" foggersRaid="571116965" eimeriaLeonidSycoma="plotBejan" whoofPicaro="scoffAsideuBroose">
        <bisterAumousCoal>72792</bisterAumousCoal>
      </huppotGranesCyathea>
      <appelBaileyKeresan cuspidSkidpanMuvule="propylaTriodia" gwiniad="43" apres="grumblyMeslenKamian">
        <tobeLuffing>2810338</tobeLuffing>
      </appelBaileyKeresan>
      <aetitesFergus resedas="gegger" igniterDungasChicane="agialidGormanHenter" qtyPackmenPickmen="chemmy">
        <achedCarcaseArouse>176135</achedCarcaseArouse>
      </aetitesFergus>
      <gadderHexactShesha cheeksWinnie="88028449">
        <frameaLycea>gateado44</frameaLycea>
      </gadderHexactShesha>
      <rippierCarlageZoopsia dauntsKogiaTorreya="darwin" florinsParnas="9433">
        <lilianStirred>woaldsDemitsSalmin</lilianStirred>
      </rippierCarlageZoopsia>
    </snitchyDisdain>
    <cyphersGrandmaCannel mehelya="cuttooCraiseyLak8">
      <oncaUndure>969347591</oncaUndure>
      <balconyVersantCatalo retailsCivics="crafterDildoe" refont="bacalao">
        <checkedYangs>aorist</checkedYangs>
      </balconyVersantCatalo>
      <orchatCaph unquertHabuAbandum="vaseDoomingLemanea" daedal="9445505" charerPodex="unearth62">
        <zilchesZibeth>84</zilchesZibeth>
      </orchatCaph>
      <sinalHoled ananterCreditSalons="unfurlRiches26" dehwar="shrewd6" ragbag="ragedSavingNorbert">
        <wabbler>chitoseHadden</wabbler>
      </sinalHoled>
      <retal moodilyPokilyZereba="florianEluantsWhalish">
        <silkman>inters</silkman>
      </retal>
      <caecumHadromeVentrad detestUnsolar="siresJangles" thetchWemHoghead="pistoleCaliphsHouss" grigsWrick="emulatePostmenFerns" wafflesBillonsFeedbag="enqueue593">
        <chamisoCadet>2</chamisoCadet>
      </caecumHadromeVentrad>
      <pilm lymnaea="swivingLebbekMairie" elechiAuk="suther8">
        <snail>10</snail>
      </pilm>
    </cyphersGrandmaCannel>
    <sapsagoAljobaEncoil enlardRealesFimble="deuce" thugs="675982" rushlit="rodwood" geezerBabish="85">
      <grownGuanin>305232</grownGuanin>
      <nucleonMonaxon sopperModiusEagerer="cinterMouthy" philtra="horstsCuppen" anlases="awhet" cebid="4104561">
        <chainsStenterLawgive>talking</chainsStenterLawgive>
      </nucleonMonaxon>
      <syllidOyanaPlumule unvain="riveredRandChimb" toytown="884754">
        <sequela>3</sequela>
      </syllidOyanaPlumule>
      <touscheMobula batable="9961033" guarandAcreman="glewBaldest">
        <catharDrylot>bijousCpu688</catharDrylot>
      </touscheMobula>
    </sapsagoAljobaEncoil>
    <lammedBarrioValerie obis="280" hunter="rocher" blanco="lounger" cogidaAssured="bookies7820" maximedKhitan="dingAeratesDucdame9062" rammerSoda="sluggy" vistasRandiesNeascus="959337">
      <shoerArchd>hawkiesPropelsRetinae</shoerArchd>
      <orphize umaua="ovocyteGymnureGarners1407">
        <rovedMissuitWaxlike>sweatyDecury</rovedMissuitWaxlike>
      </orphize>
      <nymphlyGothsPoteye untrodGripierOutage="vauntySacker">
        <drawkTrigae>nudeFlutingFelspar1033</drawkTrigae>
      </nymphlyGothsPoteye>
      <coartMelDroukit>
        <unlayErne>fream</unlayErne>
      </coartMelDroukit>
      <rusheeBehoove bityite="retube" iguvine="ponja8" capped="52638" dreegh="lamdenToddFld">
        <loxicBlunketDestain>ingram</loxicBlunketDestain>
      </rusheeBehoove>
      <misseem cheaterDungeon="4" porchesMobbism="artarinPavia">
        <ridgyEscopet>mimers</ridgyEscopet>
      </misseem>
      <cycasesCouteauReaved>
        <popess>apodalLogics</popess>
      </cycasesCouteauReaved>
      <bustee kilpTorgoch="905268665" chapsGaps="hoofers" kashmir="jettedFumariaSpeak9851" brocage="fikedMolterBlaasop">
        <unseizeTerebic>porkBumpsIyo</unseizeTerebic>
      </bustee>
      <burton>
        <pellockCoitSettees>oveyUnshedWan</pellockCoitSettees>
      </burton>
    </lammedBarrioValerie>
    <judaicLariaDocetae>
      <caribouAreolaeAmarvel>leashesVolentiDiker</caribouAreolaeAmarvel>
    </judaicLariaDocetae>
    <usun>
      <tammiesGlossa>firingsHamuliCuchan</tammiesGlossa>
    </usun>
    <upcropSofasLpm axinFertile="tibetanAsteer" bret="bardieVampedLamely" lagetto="cayuganDerides" taichVade="kvahChitonFusoid" cooterFirebug="2756">
      <sicsOverweb>wittedBlibe</sicsOverweb>
      <repawnPerronWirra coheirsLoutre="eachSpicersLowa" oftensBandaFleer="smirisStarwCastlet" bacis="sudserPropose" flaxShuffleAreca="rhenic">
        <sinaeBootidBedye>minutedBelgardHaving</sinaeBootidBedye>
      </repawnPerronWirra>
      <charmed phrenSimmerArg="wynnMorgensZincky" ottererScarvesPungie="crasherSeptile" phosYugWelshed="thanessSledded" emsFigbirdMisaims="bossagePlebs">
        <bruleeVerrugaCrewe>feather</bruleeVerrugaCrewe>
      </charmed>
      <saulsMgd videndaAdpress="broigneNici" kursaal="63116" bulimiaHewe="985" creakerKyarCoak="laurusPiddled">
        <snookerBadsMadrona>cachuaHalawi</snookerBadsMadrona>
      </saulsMgd>
      <upseal leptidCoutherBhoot="guineanAdoKeruing" cadeKnucks="madrierBergamaMunnion" alerce="phloem" hot="airifyBosonsAbode">
        <tootVitreanAglaia>arithEpochaPeeking</tootVitreanAglaia>
      </upseal>
      <foe pelmataMogul="heuvelMorselsChafes" serialsUzarinIndult="115" prooferOcypode="dumpyDandle" igraineGaggles="37440">
        <idlyRavened>26</idlyRavened>
      </foe>
      <remeant holpen="conspue">
        <cawkyOweltyHaunt>proprFplotUndoped52</cawkyOweltyHaunt>
      </remeant>
      <tolliesKibesNace aciurgyAerose="weeSinks2">
        <torydom>6</torydom>
      </tolliesKibesNace>
      <zoomingLousing ragletSuccube="unityShoalerViscum" margin="epopeesElonite" zenuSodomicIris="chasmedMatatuaArks">
        <cabuyaCommonsTakhaar>keeper</cabuyaCommonsTakhaar>
      </zoomingLousing>
      <deposerInboundJoshua analoga="wingerPantileUnquit" skatOutlainPintos="foursCloes" envenomKirmew="sycosisSarusTelamon">
        <caliteOoralis>bering</caliteOoralis>
      </deposerInboundJoshua>
      <dowel>
        <engulfCuritesSplodge>4</engulfCuritesSplodge>
      </dowel>
      <vinettaPaulina spaeGimperMukden="taxibusFlorGifture" graversWipingCompo="pavisesDeariesQuippy" ironizeSelfism="rachel">
        <flewitConsent>balking</flewitConsent>
      </vinettaPaulina>
      <disshipSpunch asakFumade="dimwitNomism" spittedUpspirePrimity="269818">
        <diwata>pyralidSagittaSpill806</diwata>
      </disshipSpunch>
      <servistStylishAmsath>
        <gaggled>flatcar</gaggled>
      </servistStylishAmsath>
      <bioherm>
        <disamisCostlewPandit>9799701</disamisCostlewPandit>
      </bioherm>
      <glycanUllucu totemyFeroniaGabled="exalter" social="sinfulReaginRevigor" dif="refocus">
        <redeems>393</redeems>
      </glycanUllucu>
    </upcropSofasLpm>
    <eben>
      <canhoopBunkersRedbay>asarh4</canhoopBunkersRedbay>
    </eben>
  </newport>
</killyBurhJarina>