<?xml version="1.0"?>
<witneysCassena>
  <sphereSaurel grizelKefs="8" unsolidVivekParfum="knawDrostdyAgyieus" dignityDroptRotonde="dumsolaAludelsMispaid" feistAversRisotto="trepid">
    <papa airiestScenas="894" plenism="calindaKebar" ahmedLobulesTriatic="withVexedElatine" hamateKruller="cranniaPodsBoused" grippe="yieldsUnboxesByblis">
      <reelingMannans>pugrees74</reelingMannans>
    </papa>
    <sunketsUnbroke reneg="uptill" cesium="kapai" alepotTikkun="lodgedTietick2" mudsUnfiber="diploisRepayed" yucchDivisi="2413334">
      <crareAncon>fopping</crareAncon>
      <genionSugaredFlaffer tampa="hordock" rhyniaAbrades="abbotsPruning">
        <skel>imputer</skel>
      </genionSugaredFlaffer>
      <seminaSumner>
        <suable>mijlTraheen78</suable>
      </seminaSumner>
      <hypnone morphol="chen">
        <rebootGattenWinepot>4434139</rebootGattenWinepot>
      </hypnone>
      <odesPlebianDalan>
        <advtKaw>62833</advtKaw>
      </odesPlebianDalan>
    </sunketsUnbroke>
    <predawnDiptycaPess>
      <macer>jambePutteesReverse</macer>
    </predawnDiptycaPess>
    <censors kelpieHirplesInjure="uneaseBittiumCholo" taille="gholeCaestus">
      <anemiaMulto>cutifyAgoraTottle</anemiaMulto>
    </censors>
    <accinge dourahsAlice="74464" ulcersEpopees="snidePulwarTilly" coulterFlewed="rancho937" hawiyaLosels="lyrate17">
      <culversLetsLatents>rudelyTartleCarian</culversLetsLatents>
      <toughyUnshaveZeist trisect="yquemHeaumeLenaeus" frenghiYuanEastern="5744343" ventsEquableYardang="672505" gorgeNippilyCubs="rivesKissyYak">
        <nomadesPaphian>propyla</nomadesPaphian>
      </toughyUnshaveZeist>
      <coxesPressorBoleros berret="nasals" sundogsTonnage="goitralGoondaBleaky">
        <parvuliHagglyTylose>9083721</parvuliHagglyTylose>
      </coxesPressorBoleros>
    </accinge>
    <toolsi>
      <yakala>bracersGabbierCardin</yakala>
    </toolsi>
    <gaistChiefry>
      <calycesEndjunk>mistendCanapeClosing</calycesEndjunk>
    </gaistChiefry>
    <hallowsCrocein dizz="calcarsWashoffFantee">
      <shakoesCowsUmlaut>jaegersHakamimBoskets14</shakoesCowsUmlaut>
      <lowder omelieKaldani="spumierStibicLaton">
        <outlieTragTwibil>bambucoOtaries</outlieTragTwibil>
      </lowder>
      <squidsSuldanRag hokierArcked="sicklesBulgerCadged" campanaStapes="seiningPretty">
        <daimenPlumierBillbug>muguet</daimenPlumierBillbug>
      </squidsSuldanRag>
      <whyExhibitGanged klephtBeziqueJingoed="memoriaChukkas">
        <shaktaComicsUnspit>195620</shaktaComicsUnspit>
      </whyExhibitGanged>
      <swatsReesleAndevo erosiveBronzer="ropemenUntop" zithersGowningTonguer="feodalHunnishLikers" dormieHamletsListful="rondinoDoggiesInsofar9932" mincierAview="dronaGoralsYou">
        <eyeball>shedderQuakeToneme</eyeball>
      </swatsReesleAndevo>
      <therialVital osmolsFormantSinewy="busti" botelsRehoist="uralic971">
        <prayerGobonyPomp>bustingFlinchOvergot</prayerGobonyPomp>
      </therialVital>
      <munseeSubhero koineLogeion="entachAahed" scoticBarling="waxworkOvercow" hangar="olios">
        <calaburScarfeDetest>roomage</calaburScarfeDetest>
      </munseeSubhero>
      <fumeuseNonmanFulfils bunks="chanoyuSplentsCobalt" glory="forgift" talbotPptn="958267894" quatern="57659114">
        <steppes>arabiteHayselAmban</steppes>
      </fumeuseNonmanFulfils>
      <fiquesAlsoLobose cupmanMutual="whinnel" dentalTichelLoath="9866296">
        <sating>swiftie</sating>
      </fiquesAlsoLobose>
      <voltiRajaYauper buoyantBrissesSkier="90902853">
        <jocoteRighter>faced</jocoteRighter>
      </voltiRajaYauper>
      <rantsOnliestRamada recurApplierCubist="genesFieryAppears" collyrCoutilChecke="19017" cravingCordax="selfful" jowelKnavish="saddestAdenyl">
        <eartag>9</eartag>
      </rantsOnliestRamada>
      <goggledButtes farfara="238885" bollingBreesNorimon="limulid53" thynnid="dilatedArenigSeedman" apposerCotidal="91">
        <atlee>decollRonga398</atlee>
      </goggledButtes>
      <raisonsColoniRecase sproseHencote="saverMonkeysPoet" whoosyPeccant="masha" pledgerImplode="papricaArchsinConvexo" arrears="casaque">
        <dichasQueazyBlypes>hottie</dichasQueazyBlypes>
      </raisonsColoniRecase>
      <portletMythoi haverelTutsanEmydea="spannedIvresse" enrages="stevelKimcheeGomasta" carpersFrancasSpninx="birthsDelible" shutesLoonery="puffs162">
        <cottus>inguenLauter</cottus>
      </portletMythoi>
      <strymonToughly fucus="crechesMispensAfresh" roslandXylicRemill="druxeyBrankPlenum4" juncosLallan="wanapumPukekoCair">
        <alarm>grasses</alarm>
      </strymonToughly>
      <guntub ghanaPretorsPoddle="guardedSedgyDower" quaternBorne="eulytin">
        <narcissTarrifyCoots>56066120</narcissTarrifyCoots>
      </guntub>
      <rhymesDrubbedSirvent trionfoAllotee="wiggen" kerwham="gullage" triglidAlateEuphemy="flamfewAddrReplied">
        <balanus>rouleauMesse</balanus>
      </rhymesDrubbedSirvent>
      <rag achar="6" brinceTaryba="harosetHalfer" coptineKoppa="alkylol" gongsDecor="subnessSlipperLunier">
        <aesturePsyllaHemps>thuleTrinaryPath1</aesturePsyllaHemps>
      </rag>
      <sewans>
        <huspil>bhadonPocill</huspil>
      </sewans>
      <depromeLap miskeepMinervaBodegon="unripeCobrasSish" wipsReclassLicense="niobium5021" cadmideJustine="purledBajoire2">
        <spittenOtomaco>fasels</spittenOtomaco>
      </depromeLap>
    </hallowsCrocein>
    <margosaDebussy>
      <hippoNuttilyDonjon>cyanol</hippoNuttilyDonjon>
      <quemArias prevueFiletsBuist="linealPulp">
        <unified>110667</unified>
      </quemArias>
      <gleglyTriariiOvarian>
        <adeonaOgleBlinker>3</adeonaOgleBlinker>
      </gleglyTriariiOvarian>
      <cubWingman darksumHepburn="224" culledFosseSacrify="skywayUniflow" skelpedTiddlerCounts="cingleSenatesCohol">
        <beefilyDeistic>relicti</beefilyDeistic>
      </cubWingman>
      <shiplet aproposKnouted="elboicChrysidFastus">
        <pycnium>lauterPulleysUnsteel8</pycnium>
      </shiplet>
      <corditePredictDashiki arenoseMinium="attaccaMendy" prom="caribes">
        <anolyte>bangerTwerps</anolyte>
      </corditePredictDashiki>
      <lubeTapiocaSwiss>
        <sickle>skelpin</sickle>
      </lubeTapiocaSwiss>
      <tonemicBeltieRudolph>
        <testeRiprapRostel>cranes</testeRiprapRostel>
      </tonemicBeltieRudolph>
      <coreidBruet>
        <blotchyChessesGrinded>khalifaLora</blotchyChessesGrinded>
      </coreidBruet>
      <urgingsWelcomeLagers evadedAnklungBai="chottsPerdu">
        <lozenge>zokor43</lozenge>
      </urgingsWelcomeLagers>
      <shimalUnpanel laurylAraucanEwers="vireo" podites="sigloiTomines">
        <raspingAludels>792276929</raspingAludels>
      </shimalUnpanel>
      <bonitos kinboteJillsBackbar="clinty">
        <hoggeryErasingCassena>awakesSedaterClione3798</hoggeryErasingCassena>
      </bonitos>
      <tamulicHarry whatre="54945" kachin="elficScodgyKillick">
        <figgedBulbletFeinter>typobar</figgedBulbletFeinter>
      </tamulicHarry>
      <swounsBlayk dakhmaRick="ziggingParityFoussa53" lucumoBraisedHalters="courierLargyKhoja">
        <drowned>syphersEmmove539</drowned>
      </swounsBlayk>
      <triaminWherve metage="bienttRatesBromids" morfreySpacesDomina="pedion" tonicAttame="garroteBelaysSmaltz" blurtedBlamAnise="snyOmneityNamda937">
        <rodneyRachial>bulgingSlummed</rodneyRachial>
      </triaminWherve>
      <nuncioTehseel helloRimrock="chuserSeraph" mintsFjordedBolelia="jereMusteeAlantic" utopistGumbo="rehboc">
        <martyScopola>4120</martyScopola>
      </nuncioTehseel>
      <monitorNailery crakeSecno="growed" hoofrotBenches="bialateGamash" zambia="jarsful">
        <scurvy>takahesClashyMete</scurvy>
      </monitorNailery>
      <devotoBiffinsCymule moco="attilaAcestes" blokReback="stmArmerOpted">
        <herlsVillas>larinBilling</herlsVillas>
      </devotoBiffinsCymule>
      <pequot grizelYerbal="57587" subgum="delimeOffence" kydLootenSeavy="hymnal" outplodMonkism="glaucin">
        <northenKeck>neumsPremies</northenKeck>
      </pequot>
    </margosaDebussy>
    <ulnareBulimyBrushet sternumTolidin="77435324" billbugVuggVermuth="cussosUpttoreAcedia" robertaOverpay="bulgurs" coryciaPribble="arleneHunlike" casimir="trounceWhimsicFescues8040" beaches="638396671">
      <stavingMorat>dicconKindalPaginal</stavingMorat>
    </ulnareBulimyBrushet>
    <thoriasRodsterHerb>
      <smicker>courtsWorkupsUncoif7300</smicker>
    </thoriasRodsterHerb>
    <lisOutsideAnimoso>
      <knab>testesDehisceChinker</knab>
    </lisOutsideAnimoso>
    <hexedBibbonsOsteome>
      <sheetFoamierFalding>tibey</sheetFoamierFalding>
      <lbfSpeckedAdamic wallopsAchape="pasearDuskier" collum="5" spiffyCorinDoyley="favoursHurfSignate">
        <imbasedEeliest>clupeidDibbukFulgur</imbasedEeliest>
      </lbfSpeckedAdamic>
      <nicene shotgun="riverBaffies" hamularGossipy="7718038" sjambokHanaper="252">
        <piewifeTangier>motory</piewifeTangier>
      </nicene>
      <pearlerSnathSapor crowtoe="bisayanDurableDasi" farther="3" shuvraMisally="3" pasquilPipi="5">
        <dotedCosierHogling>102003</dotedCosierHogling>
      </pearlerSnathSapor>
      <turnwayStheniaScrine fossaArtisteDrowned="ikaryInvigor" rebless="nervoseMarseHaidee" alienorFright="uvaVulgoQuaky650" glossemTarhood="jismsOkie">
        <ligroinJerkish>cantion</ligroinJerkish>
      </turnwayStheniaScrine>
      <arouserCoverts gurriesFlagmanPawed="catkinZemstvo">
        <guileryActable>merice</guileryActable>
      </arouserCoverts>
      <rebeget lampf="linyBarnabyCanamo" mantleDooring="esodic" limosSaginaHeap="axungeJowed" lacking="duvetynPopal">
        <alquierAshraf>simiid</alquierAshraf>
      </rebeget>
      <dewingJoes commemNonesCowboys="lemons" bromous="dugoutsByplaceBobber119" bewigsJoyHights="habutae" scrapieYetzer="regime187">
        <carpetsGulsBuxus>362</carpetsGulsBuxus>
      </dewingJoes>
      <pastern>
        <clipsVeiningVacuity>940173387</clipsVeiningVacuity>
      </pastern>
      <surigaChiningForce>
        <roslandMubarat>colla</roslandMubarat>
      </surigaChiningForce>
      <pilosinAcoasma liaised="953498818" shiverAsciteSozly="fiercer">
        <unfixesKyrialeDentary>327</unfixesKyrialeDentary>
      </pilosinAcoasma>
      <weepyShipsShilled amidolsHts="inksterBarytes" peking="unbegetAcle" bubalsYarrAmigas="whorish" backlit="juddersSquawky">
        <rectrixBorithWega>eluted</rectrixBorithWega>
      </weepyShipsShilled>
      <downset piglet="forbar7">
        <tariffSodomic>bitypicVasterNaif</tariffSodomic>
      </downset>
    </hexedBibbonsOsteome>
    <egis>
      <fluxionMexitliDigital>laddock</fluxionMexitliDigital>
      <winklesScrapesAftosa project="brickel" euryonTravis="narrowsDemotesPylori" jestsSematicSughing="hallockCoding">
        <myomataLarget>isoamylSturkHiplike</myomataLarget>
      </winklesScrapesAftosa>
      <eheuGarveyAddedly citrene="983474034">
        <plunderAuscultGrind>rodJiggingSepals</plunderAuscultGrind>
      </eheuGarveyAddedly>
      <julidan>
        <saburraCocci>slung</saburraCocci>
      </julidan>
      <quieta>
        <dryness>spairTrojansCrummy</dryness>
      </quieta>
      <jumbo harping="artiadCarapus">
        <jargoonThrift>awnlikeNovice</jargoonThrift>
      </jumbo>
      <emptioMesivta tosserBoyo="turgoid">
        <nullityLosses>apex</nullityLosses>
      </emptioMesivta>
      <deportDoneyGervas outingsKiddiesCormus="lustre2502" ficary="static">
        <samurai>elegizeBeweepSecs</samurai>
      </deportDoneyGervas>
      <irwin availerHassing="bourr7281">
        <reopensHamald>raches</reopensHamald>
      </irwin>
      <nog guy="641086">
        <lineTitus>ovisacsDecap</lineTitus>
      </nog>
      <growthsBadlandUnmet jangleDesalt="budgerTythes" savilePoldavyPungar="flitedCoaterIswara5240" agnizesPooch="1" hatrail="bugeye">
        <gnawer>1845</gnawer>
      </growthsBadlandUnmet>
      <lahore temptsMindsBaioc="rierMaximaFado" boobooBlowze="barrowBassie" skout="lanazItemize50" timauaUnlawHicht="tucknerBanffRococos">
        <airbags>extolsFaraonMinster</airbags>
      </lahore>
      <adamsiaLegificHoneys>
        <wearish>ephyraAngliaeDilates6087</wearish>
      </adamsiaLegificHoneys>
      <minoraSarkit varioMotherNerver="duller" charcia="942" derbendEques="strayMuzoYawy" bockCuneaGunsel="rigelBhil">
        <cookersSofia>2778</cookersSofia>
      </minoraSarkit>
      <pillasGenoasTesta induesLipoidsCecal="icierEggnogMaukin" natickUnshod="3" creaserPeepersTorch="shemite" gosplan="airableChieldFungous9">
        <reive>whigBritten</reive>
      </pillasGenoasTesta>
      <bluism>
        <quasses>hangersRelies</quasses>
      </bluism>
      <cushionCitizenPecite campane="immixVolti">
        <aminsBuckismSannup>piquetPastierBromous</aminsBuckismSannup>
      </cushionCitizenPecite>
      <firyTelsons tongueCorrigeObeche="newsierRaisedMorth" gainor="procarpVodumsMyotics">
        <ropingDen>opening</ropingDen>
      </firyTelsons>
      <cyanidsShakingRufous varioServKernel="dueful">
        <fetters>coria518</fetters>
      </cyanidsShakingRufous>
    </egis>
    <girlandBopyrus>
      <cumbentEspierRampike>voiding9620</cumbentEspierRampike>
    </girlandBopyrus>
    <eflBoredomIzote hetman="8585369" egol="dhanushOvoidalItoist" lagends="889696" mangersOvules="tautenPopes">
      <outformInable>pir4</outformInable>
    </eflBoredomIzote>
    <dodgily>
      <duchy>7820</duchy>
    </dodgily>
  </sphereSaurel>
  <candroy mannifyOutIntill="rivetsTamably" chenarPicas="toupee" increep="arrope" />
  <bestarYantras arbutes="helloes" gearingLauhalaMapuche="vergentFondukGaudete3337" />
  <trey couvertBeckie="ergusiaKnarsBaskets" promoteNomadeDotish="opalArboralStator2" muggins="gaps">
    <armors rundletVeto="tomosisHoodies" dielec="foamierParkerRemass" jours="rustfulRithe9440" spattedPicas="witchenTandourDucs" podiumsCardersWitness="jimminyDivinerEyrar" subfileScummedNegrofy="chickWhitsun" ransoms="kraters">
      <shreeGirasolOvicyst>194706450</shreeGirasolOvicyst>
      <pradeep ripsackPalach="chordHeadyHagseed">
        <laverocCytode>jampaniBankedPlanula</laverocCytode>
      </pradeep>
      <rapeoil abakas="limenLaminalSnarer">
        <otkon>douser</otkon>
      </rapeoil>
      <ladened farmPareja="mortarUnfatty" quarLambesSwung="onerySnootsSpiloma70" ancileMumblerBudget="cookCulett4477">
        <sauce>chati</sauce>
      </ladened>
      <hakimFeretraKakapos hematinAshTire="forge" dwarvesComodoSquiffy="selingFourcheKanat" lovefulMauriceVioler="greylagToadsComing" beman="riffing">
        <statant>polers</statant>
      </hakimFeretraKakapos>
      <diteStypsisZincs impedeRelotTracing="organaNerka">
        <subcash>39759287</subcash>
      </diteStypsisZincs>
      <staningSyrmianPlaint dictateAthecaeBowwows="unbrickCeleBraved">
        <hydrolXylonic>eterneAlkanet</hydrolXylonic>
      </staningSyrmianPlaint>
      <shinsLeonardChorus recycleDeulNeatest="sicularWakariCanso" miggMouthesBito="flakily" bravuraArank="homeridSkidder">
        <eulogicWatered>kusan377</eulogicWatered>
      </shinsLeonardChorus>
      <doradoHumbledAnnulli>
        <naresGeod>609201873</naresGeod>
      </doradoHumbledAnnulli>
      <personHummock aramid="keeling" cachousAmnios="beefilyCaffled3642">
        <lullayAzuryRevince>enwwove</lullayAzuryRevince>
      </personHummock>
      <boofUnearth grumeAboutsStearic="sudraEctypalBoonk" clairce="achymiaShantihFeatous" fustee="nicking" dowveBauckie="privacy9650">
        <bethornSolidsQuatre>4985</bethornSolidsQuatre>
      </boofUnearth>
      <chupak>
        <gluonUnemptyIndol>purreAlhenaIzzy</gluonUnemptyIndol>
      </chupak>
      <kedSalpian>
        <borele>parasolUnrayed</borele>
      </kedSalpian>
      <curium>
        <attentEquipIndole>gymnure</attentEquipIndole>
      </curium>
      <limesBetting grudgedPadangAvarice="9157102" ardent="glovingHummaul">
        <pluralEquoidRetails>ennicheChirks</pluralEquoidRetails>
      </limesBetting>
      <cooed smaragdNerver="beloukeOghuzIdolise7343" dannockRebreedCanarin="ondyCzaricHairpin" burrelTsubaAstrand="ulonata993">
        <unugly>5</unugly>
      </cooed>
      <creachy>
        <wostMirage>ossicle</wostMirage>
      </creachy>
      <upwells alephTychismBequest="legumenSongish" usheenTonneEnsiles="mycosisAbuserShuts" rompers="brocksVibrios">
        <ghosts>wildcat5</ghosts>
      </upwells>
      <wasatchBeriGaysome nearlyMusrol="makateaMommy" youdAspiredOpting="carnets88" coagentMetrezaNair="baryes" turfski="endoralBluffer7409">
        <toftShot>goniacAgger1</toftShot>
      </wasatchBeriGaysome>
      <frigidRationTerming>
        <guesserLopeman>39145693</guesserLopeman>
      </frigidRationTerming>
    </armors>
    <foxchopOutgoerProtyl earningScuteBubble="4664614" blabbedYatigan="gekkoJollify" dietsSemola="836" gozellMadamStretch="coyish" joyed="32011736">
      <duoHoddin>ogboni</duoHoddin>
    </foxchopOutgoerProtyl>
    <snoodedVibistBogwood muetteAmadou="commixtAdon4904" bilgierHeroism="imines" fetorUtinamColobus="phoneyRevealPugmill" culmyEscars="yochel" pycnialCymblin="flasksGaterBroking816" steenthUnwitch="passwaySassed" wildsRawnie="388900339">
      <orgasmsAbrine>18</orgasmsAbrine>
      <wormy haffets="valve">
        <shtgMamonaLettice>golfdomRekeyedLedgier</shtgMamonaLettice>
      </wormy>
      <cobwebUmbre primelyTiletteOltunna="64463" bakeryUnstore="recuts" argotDeprint="linacAnyhowSewster" kingsGruineSquares="580096691">
        <yoursBastant>3926957</yoursBastant>
      </cobwebUmbre>
      <saccadeBalcone chooses="pileataThoughCoyote" dioxide="609316744">
        <shudnaSmittleHokes>bootherBallute569</shudnaSmittleHokes>
      </saccadeBalcone>
      <dcb amritas="doomLysidin">
        <sandals>neistSchilluMazama</sandals>
      </dcb>
      <sixtus breenge="liken4028" allegeSabe="26699" redroveChurch="4" chug="ecklein">
        <mooing>tallerVergery</mooing>
      </sixtus>
      <granadoMeltons penney="curriedFalterStonk7843" hyporit="879858">
        <garbellUrocystScrives>illustClou</garbellUrocystScrives>
      </granadoMeltons>
      <epacmeGimps lipperRotorsTempora="mullarHamzas109" unprint="singerRestiffSpunch" samucan="lwmSennetsYarb">
        <unctionByssoid>740525</unctionByssoid>
      </epacmeGimps>
      <wariest volata="sanctaeOrtet" nerolNovelry="452" mumpingWakwafiDimit="sottingBebotchLaps">
        <purist>dilis</purist>
      </wariest>
      <miastor infract="999" lotions="mentaZebrulaAvocat" joshCloacaeOsseins="forgiftSigmoidIntern" fleamsEagre="swaZinked">
        <bible>40094101</bible>
      </miastor>
      <dionaeaLeprosyHammed nohexVimSwattle="rookletVulvalWeeper6" zaparaResales="710166" camassIsotere="wega" readerEmpodiaSpouted="daweSurlyBlabbed">
        <arsonsLevirRosetan>alezanBrochan</arsonsLevirRosetan>
      </dionaeaLeprosyHammed>
      <paxKeas brazilBredStoners="eftSnodly">
        <chymicCoranceGlasses>danskerCibolan741</chymicCoranceGlasses>
      </paxKeas>
      <sillPoohsBickern beaded="satisfy5025">
        <trocks>bisDecury</trocks>
      </sillPoohsBickern>
      <mongosUredo>
        <advisal>953185612</advisal>
      </mongosUredo>
      <doddleBeaksUpdress wankelConchOutbuy="marshaGenres678" amala="1632742">
        <loraHoodmanProclei>alvahYup</loraHoodmanProclei>
      </doddleBeaksUpdress>
    </snoodedVibistBogwood>
    <inconyLambeauTimbe>
      <sybowNasaPisacha>kymricGantangSaiyids</sybowNasaPisacha>
    </inconyLambeauTimbe>
    <oxalis>
      <eclair>coraledMishmee</eclair>
      <rayon caxiri="dissaveKiakiKorona" gonophsCymlinsWishy="527844" bleaky="64307" bedip="usenetGleets">
        <mistune>teameoGigue</mistune>
      </rayon>
      <topengPiazza howledLakatoiSpindly="fuscousTautogKeftiu" downbyBallup="315533" hayzSlugger="watapesSeropusLice" swackenBetide="caddishCockup">
        <divisiHangup>6</divisiHangup>
      </topengPiazza>
      <sunnaResumesOrra pornMirier="tonierLasagneSorites">
        <inhumed>zenuWiddersAsslike</inhumed>
      </sunnaResumesOrra>
      <alidaDurefulSlushy sanfordColfox="2" murrs="jodoMakhzan" reeky="proserNumblyGelds4" poggyAtuamiNonyl="evvivaGaslessSagy">
        <panaceGallerSudaria>dibutylDungedFrecken</panaceGallerSudaria>
      </alidaDurefulSlushy>
      <jivaCornage fuguedVulpineTeng="4402244" atangleHeraldsPlato="boodieFestalBodgery" almudRightsPecos="sayee" lwoMuttMeloe="techDarkestStaree">
        <megara>37987973</megara>
      </jivaCornage>
      <impeachTwoesUnrude exempts="verdins" quickHinder="diverse" hostess="kanaRubbingAmusgo">
        <ditheryDefrostMisplay>jadingCalycleUnderfo</ditheryDefrostMisplay>
      </impeachTwoesUnrude>
      <ulta hazerPompsAgenes="renig" reropeBoserInjun="tubaUpherChinche" cleaved="etuveeAirsickWauns" gelding="91">
        <langsetMacchia>yes</langsetMacchia>
      </ulta>
      <veduis bawdy="501311724" overestAcritan="wording" elleckFabric="2" buliesBulls="bruang">
        <arckedMolles>bromateAmberyQuell</arckedMolles>
      </veduis>
    </oxalis>
    <musesAltroseVelo assbaaWanned="cimierOxland" fudged="calculi" pigmanTeepeePadri="muktarChymicBuckoes" choraleWhalpSmelter="deflateRunty">
      <coralla>77577986</coralla>
    </musesAltroseVelo>
    <topiary>
      <trued>peartenSalmoAdyta</trued>
    </topiary>
    <tonemeAllots maplandVersingCorver="pendingPomphusUnflesh" smokily="abangaTypebarEnhat" wissleThisbePosaune="pontify" curatorAlias="speiseWheyCarouba2" frizel="sed" excoctStrixSerioso="rhesianDropped" volencyArmsful="rereignSpinoff91">
      <tipful>45664125</tipful>
    </tonemeAllots>
    <unnerveVetCruses edemaDidoSeraphs="airmenAllice">
      <larixPaquetAgeusia>eyrir</larixPaquetAgeusia>
    </unnerveVetCruses>
    <unmoral enleen="duality" trumpBeneficOceaned="blinkedCuriteBrick" mudcatPryer="soorkiThapesDebark" parol="chegoePurfle" cangle="derats">
      <woodine>frislet</woodine>
      <rounded>
        <stapple>algorabGayals</stapple>
      </rounded>
      <rascalsInk gansyOcreate="552676523">
        <tomtitsFoodAdjutor>6622</tomtitsFoodAdjutor>
      </rascalsInk>
      <gypperWhizzerStow imbargeCliveArent="dropsyBabuina" catasta="6">
        <bizarre>thornenCivvyDemur</bizarre>
      </gypperWhizzerStow>
      <gleamySpreeKeelie>
        <globeTongers>neuricBinzuru6020</globeTongers>
      </gleamySpreeKeelie>
      <ebulus ductal="planedMestinoBergs" methoRams="tahgook" fucusedWitchen="focsleTaygetaPrecess7536">
        <ungorgeDieterGetup>baxterBettongKymric</ungorgeDieterGetup>
      </ebulus>
    </unmoral>
    <tattoosRaphiaRamanas limiterSalagoGansa="pinyPelts" menoSchiz="antigun9">
      <lossesRatablyDewata>attiresTrophicDimity</lossesRatablyDewata>
      <biblessPlerome>
        <stocker>boloingWoundGreffe</stocker>
      </biblessPlerome>
      <husk>
        <achapeGrammes>stogRifleVac</achapeGrammes>
      </husk>
      <repolonTropiaChumpa>
        <qidAislingWatchet>bibelot</qidAislingWatchet>
      </repolonTropiaChumpa>
      <prex rachStewbum="troolyKanteleTroic">
        <fleeingBoyd>zeusHistingTursha6</fleeingBoyd>
      </prex>
      <grenier veneers="thegnly" ellfishShanganUnchic="cimbricOveraweCognise">
        <juicers>nonfrat3</juicers>
      </grenier>
      <bicarbTamasMomish unbarb="dottel" quasses="89113" torpent="copepodMercury" bailorVoidedRearmed="tienta">
        <kneziSinless>587</kneziSinless>
      </bicarbTamasMomish>
      <acarusPennyRunnet loamingOhioansBemad="inbreakRemigesDeodars" ogmic="641363">
        <point>altoistDrantDave</point>
      </acarusPennyRunnet>
      <koupreyCoupledPavois medine="wagetLynne" debtfulMarker="rhamnusVail" fleakThenage="skooOutturnFraena">
        <leglet>womp3</leglet>
      </koupreyCoupledPavois>
      <mahallaJagua pietasEdgeStroys="rechart" moresco="dereismIsled" gilledAdemptTsadis="ophisPlums" orleans="repileQuashed442">
        <cosing>himawanRuscus</cosing>
      </mahallaJagua>
      <foresee kookriCellos="veg5" tracery="277">
        <lushestEvelong>308402204</lushestEvelong>
      </foresee>
      <curfewsTrollChabuks hausensLowderEbon="catalin161">
        <soresSlidder>58257560</soresSlidder>
      </curfewsTrollChabuks>
      <physicHakeemsJollily villateTrix="moodish4727" gnaeusPurshia="wormyEnsues2" ogress="retunesCmdr" readornRapider="outblew">
        <navalVacuaAlloys>naias</navalVacuaAlloys>
      </physicHakeemsJollily>
      <pewtersAlfaki donetEuxine="quizzerCouniteFueler" wowwowsSpirt="redcoll" nhanRayedPlatter="4027136">
        <donatioGether>assegaiAfrayTinsel</donatioGether>
      </pewtersAlfaki>
      <keresanChytra>
        <beeleParvise>sucken697</beeleParvise>
      </keresanChytra>
      <augusteZipsMislest>
        <drew>9</drew>
      </augusteZipsMislest>
      <fannies aahed="freddie" mudrasBoffWemless="773" cashoosLenten="knubbyNaa">
        <armingsSculpAdvisal>canthalPhiltra</armingsSculpAdvisal>
      </fannies>
    </tattoosRaphiaRamanas>
    <howked reps="safflowUntiledCtg" fogou="lireChufasVenesia" frazeTrevets="doggers3">
      <cullaBeanery>stentonHerring</cullaBeanery>
    </howked>
    <boragesSingpho>
      <wekeen>4362602</wekeen>
    </boragesSingpho>
  </trey>
  <bhangShopman deathy="prawnsMacaucoShinney756" misePandourCamla="codasTawa3" engraftGuguDyce="upwentTawnHins" />
  <misuser bitwisePedicab="shiestGrowth323" exlexBacury="ports">
    <blinderOniscus afaintDissect="6456636" dumple="curablyGroved428" laen="blungerDudderyFelter81" mimseyLarigot="533434613" shadUnlMalay="spokingPassimHilch" crackupSeck="blues">
      <shilly>saltsCartoonPedagog</shilly>
    </blinderOniscus>
    <datanaAppress acyetic="81283">
      <kokiaMullenTonette>deeses</kokiaMullenTonette>
    </datanaAppress>
    <menorahFamily>
      <askar>dooliPunty</askar>
    </menorahFamily>
    <dakotaFonly suaharoPsalmic="airless" nauseasPegless="muftis9975" charryAlpenSleb="hollersSolubleSlue" finickyFreckCloine="646">
      <loggishBoricPartlet>settle</loggishBoricPartlet>
    </dakotaFonly>
    <biogAspca>
      <wilds>calloo8412</wilds>
      <doojaNiobe>
        <slopeRazerDossing>weazenMaatBigeye</slopeRazerDossing>
      </doojaNiobe>
      <quinoneLapsanaAlfaqui unaway="chorogiStoater" biotypeCasbahs="sextetsYlemStanzo" bladPunctumSoli="lauanCannonForeuse" turkmanRearray="skite">
        <restateWaurSpacer>foredayBeneme5</restateWaurSpacer>
      </quinoneLapsanaAlfaqui>
      <gaping>
        <coldlyVildly>28</coldlyVildly>
      </gaping>
      <heaf meconin="248058704">
        <lantana>opiners</lantana>
      </heaf>
      <uniqueCarpersNovo>
        <circleWanwit>9</circleWanwit>
      </uniqueCarpersNovo>
      <azoxine tows="sobersFitrootCribber" junoniaWaesByzants="willes">
        <geolPatmos>7038405</geolPatmos>
      </azoxine>
      <phren could="pomatoCosetsConcha">
        <sunless>budumaRasher</sunless>
      </phren>
      <sagoinRaffeeAllonge abendAnnam="cassateKnyazi">
        <baizing>dicierMaggyChutney</baizing>
      </sagoinRaffeeAllonge>
      <drudgerTongSinning stubbyHookup="3" kamachiElytron="railer">
        <illeck>vavsUang</illeck>
      </drudgerTongSinning>
      <tychismTaoyin nonegos="calista" galvoFerric="floit" oriel="amalett" lappersUphelmDinus="585">
        <grated>visierBlowsed</grated>
      </tychismTaoyin>
      <lek>
        <gomlahIngiverUnwax>flowerWhumpBeauism</gomlahIngiverUnwax>
      </lek>
      <windelDayton defuseYander="despairComm" mohabatCrojiksHubb="65" yaourtiHaunchy="817687284" peshkarTaygetaMoult="unfumed">
        <obsess>armboneHypoth</obsess>
      </windelDayton>
      <smudgeStye oblong="elymusSheaf" boughyChummy="5275625" dehorts="booberyCalistaGrise">
        <drainManchet>cavemenRussBooly</drainManchet>
      </smudgeStye>
      <edwina issuedFuriousPawnee="bittiumRoars" chareProbe="spyshipPinkieErrant">
        <frateryPaintsHolm>ceriphsToxemiaAcephal</frateryPaintsHolm>
      </edwina>
    </biogAspca>
    <strand ignobleUnicellChyack="centureDallackTekke" hernaniRosillo="shovels891" nunch="namedCrambidFrivol" pamiriPlopEthers="teredoKorunasFrauds1">
      <angulusKanaka>treblyTattlesCohog</angulusKanaka>
      <mornPail yairBetwineChasmy="672427700">
        <collierFirringTrochil>direct266</collierFirringTrochil>
      </mornPail>
      <bakulaBlowier tikkaCoverupPrigger="amoebasMize856">
        <fundicPots>pobbiesSkalds</fundicPots>
      </bakulaBlowier>
    </strand>
    <quieterOutread nakhodBinful="99" wailedMumsBasker="7405" nostrum="nyxis" dragsawPteleaSkep="selvesOtyak" bedoyo="unlocal" klinoCoiners="cajuela" goosish="von">
      <sishamBismark>cameoTalabonTyronic</sishamBismark>
      <junkmanGome>
        <zedsCorso>skeough</zedsCorso>
      </junkmanGome>
      <bathyal dietineAutreQuetzal="shri" impenBaritePlanes="shibahDispell" copeiaResees="azlonPoroseDagame" uphroesPsfBoko="alcaeTamaleKeyage">
        <upbeatsPallium>chunamLunkaDiswood</upbeatsPallium>
      </bathyal>
      <cheveeGustierLoofie ajavaQuassesVicarly="922810" cornishWillow="ras88" timboPottingBulbous="larDaymen2459">
        <azotine>zanzePipeman</azotine>
      </cheveeGustierLoofie>
      <caboucaQueestEnsigns tuarnTherapyCerty="piperHipboneMeted" clawkKayoingYoupon="6" tensing="traductUtas" bitting="mimosisGrindedSaloop">
        <limansOlamVideos>shigramDomines</limansOlamVideos>
      </caboucaQueestEnsigns>
      <mongBedsock slimlyBesee="essenic5740" alumicCadges="reapersAfftGetah" factorCrith="seppuku" unswearQuintar="tapiserGrowled797">
        <oddsPasis>228</oddsPasis>
      </mongBedsock>
      <iambeMusers harmfulDrivenDesires="weevilVivency">
        <bury>dubsSyrette</bury>
      </iambeMusers>
      <ambrainLeawill galany="rearsNocksIsth6" lobberJaniceBeluchi="zoilusHieingThraws4" latimerFordeal="upways" unweldChirt="ponceauClition">
        <viraginAkoasma>sirenMisuses</viraginAkoasma>
      </ambrainLeawill>
      <epirotDiosma styli="dougl" crockyFerraryVasts="phage">
        <snuffCabaho>slotedPulleysKnab</snuffCabaho>
      </epirotDiosma>
      <talliar emprizeCivy="stadiumPagurusGrayish" messireBlately="towawayDuffing" tremensFersUnrife="2975456" comarumRemaimBeinly="3">
        <codecsBesmut>tyndRomansWadmel</codecsBesmut>
      </talliar>
      <kiangBchs>
        <undubEnabler>directLeepit</undubEnabler>
      </kiangBchs>
      <femcee>
        <unities>couhageWraitlyDodgily97</unities>
      </femcee>
      <diamineQuiriteTikker jarredRodletCommits="knelled">
        <zineb>ascitb</zineb>
      </diamineQuiriteTikker>
      <soutarEbbed>
        <phosis>droguesLakeNacrous791</phosis>
      </soutarEbbed>
      <mangy seriemaFerousUmteen="tarea">
        <troppoUssr>auctaryMilkFewness</troppoUssr>
      </mangy>
      <gutlingMethonePowder>
        <numbing>edeagra</numbing>
      </gutlingMethonePowder>
    </quieterOutread>
    <torose osseousGentPentyl="dingeyCoesite">
      <tucksWenchelHongs>1232144</tucksWenchelHongs>
      <orderedWitanAnadems stallPinnel="161" wandyEupepsyWistly="doumasDeco" instopAiriestRemet="87555">
        <aecialNagging>tonous</aecialNagging>
      </orderedWitanAnadems>
      <nameRleGuahivo samaras="12100660" casiri="teth" tibet="aport" calinutDegras="getupsPimplaAmb">
        <kabalas>puke</kabalas>
      </nameRleGuahivo>
      <umfaanSpursLimnal ethyneGharris="tsardomCalebRolf" kinks="sorcerHerbman" ecbaticLeaved="tiliaRhotic">
        <weazenyOxacid>2368</weazenyOxacid>
      </umfaanSpursLimnal>
      <bander savitri="ibolium2">
        <dater>csp</dater>
      </bander>
      <ancylus howishBedrug="wac7" papuaImbriumRulings="chiefer">
        <jacobinEgridStreamy>poongee</jacobinEgridStreamy>
      </ancylus>
      <bevorNurseUdish bedark="soys" bouses="sargos59">
        <alphornOxidate>orphic</alphornOxidate>
      </bevorNurseUdish>
      <apogeesPongoNovator>
        <unlikenFogou>duesLimeadeIndoor</unlikenFogou>
      </apogeesPongoNovator>
      <freudMatzos abbieRehang="501865405">
        <sowtThynnidEmoted>steddle</sowtThynnidEmoted>
      </freudMatzos>
      <hancedCurares uigur="cyathusPushed" thester="graze" amyelia="unwraps4437" prerent="biosMashalAquarid">
        <nielledMunj>jufti</nielledMunj>
      </hancedCurares>
      <neil hiccup="retradBinnaShirl8" rubrifyGorer="mescalInnerDjehad" ileusesMobable="conima" scythed="upattic5">
        <deedeed>freebeeMorion</deedeed>
      </neil>
      <kohlan syceesListred="everardAmpleCaterer8">
        <gnessicEnciaHeezing>tchiHatpinsCistae50</gnessicEnciaHeezing>
      </kohlan>
      <shedEnecate>
        <roscianInchpin>smrgsShivas</roscianInchpin>
      </shedEnecate>
      <contdLemmon>
        <subrailFunkiaDrywall>canulasOriansSerau</subrailFunkiaDrywall>
      </contdLemmon>
      <curler morselWollopAprowl="wipeoutAnilla71">
        <pageful>byssineTyros</pageful>
      </curler>
      <poddleFruz servianRammers="rosedGuffs3">
        <jammingBearded>untucks</jammingBearded>
      </poddleFruz>
      <loomer>
        <elnePiline>4</elnePiline>
      </loomer>
    </torose>
    <piusTenter lucileGarrets="abask" nighestBairnly="4917831" philterKenafs="bragger">
      <whapukaNahor>yapoks</whapukaNahor>
    </piusTenter>
    <drierBeedomPhytons acocotlKianganBriony="admass" begrown="pipa" teaveLopseedEvenest="ablautMentis1168" brutesRishisColline="chitonsUnarrayLeach" unamiWelding="shastriProtext">
      <zillahNugifyBankmen>627797189</zillahNugifyBankmen>
      <peagsYor hardyIplStings="outtoldArchean" bleachs="hogStandupScruffs" pecansPiceinCckw="needleCacurCholla1">
        <protideHorning>sandersTelegn31</protideHorning>
      </peagsYor>
      <altheaSkites caninal="laigh" hided="bootingBoors">
        <nippierTrulliQuelt>weavesHeptyneNooning</nippierTrulliQuelt>
      </altheaSkites>
      <coelinQuaying sussyObiism="outlast4" abodahMartsPrase="22842824" vestals="dancesPerakim" lepidStupes="68">
        <quinzeSkeppeUnorder>empire</quinzeSkeppeUnorder>
      </coelinQuaying>
      <swungenMultani>
        <qualYardangInurned>botonn</qualYardangInurned>
      </swungenMultani>
      <mero fondakColloidUnhid="10281746" basifyCaroAku="hernani" caziqueSamechWeeted="ngokoSickoutRuga">
        <kids>3911</kids>
      </mero>
      <naigueAffaite>
        <ineunt>tholli</ineunt>
      </naigueAffaite>
    </drierBeedomPhytons>
    <picaeElemongDeafer snarerKaylesEerier="avoirCopis" dullity="wailful" dannerZat="uppityAnhyd" pretireDecreedGutwort="djelabManteelHydro" lenaDecriedAerily="sworderLituusModula">
      <gadmanAnuriaAnesis>991</gadmanAnuriaAnesis>
    </picaeElemongDeafer>
    <redsearHeptiteDaffish typify="fertilDunkard" obelisk="56465337" giltcupCururoAssyria="grogsSternQuoad">
      <mannie>homologDilli</mannie>
      <loveryCidersTexan raftsVelcro="dehgan">
        <malkinScraps>adunc89</malkinScraps>
      </loveryCidersTexan>
      <trampotTrapaGaoling slunkenTroche="lesionsShikker9">
        <divide>fibredCavil</divide>
      </trampotTrapaGaoling>
      <algor abpEocenePhoss="2307625" zaqueTelarBajri="tukeClamer" woldesTackler="loveSerangAlmas" palpalGult="nirlsPanocha674">
        <alanyls>unrackPatrole2</alanyls>
      </algor>
      <clartGaraAliment remandGov="saba" vermuthComicFawners="mallet" oppian="asinegoKaliana" mochilaGraphisDoilies="peterBashawAril">
        <cuttingOozier>ritheJilt</cuttingOozier>
      </clartGaraAliment>
      <bowery dintingPillow="tapulTaum">
        <olofWatered>knappeLigne</olofWatered>
      </bowery>
      <darnexWaseElaine podatus="nashiraKon">
        <immerit>samekhsLymphad</immerit>
      </darnexWaseElaine>
      <fancifyPinnySidion harborDecodesLempira="deggedCrawled" ratherDely="algor24" bewieldHailedBleep="antedonBahmaniCharro">
        <passayTrymaCaddies>33330</passayTrymaCaddies>
      </fancifyPinnySidion>
      <maculedTapwort strold="unplumbJudosTurmet">
        <eelingSalade>pimpled</eelingSalade>
      </maculedTapwort>
      <bogwoodSalaryCustom eyecupsWeringDevata="888557" scarfedSlipe="14009">
        <dhava>stomata6308</dhava>
      </bogwoodSalaryCustom>
      <humeriFabianDhootis>
        <sirsHowksVivants>9558</sirsHowksVivants>
      </humeriFabianDhootis>
      <quipusBervieLenos dufterFardeCrouth="rampierVenice91" choose="debates3" liv="venule">
        <ahush>escript</ahush>
      </quipusBervieLenos>
      <dandled remoterTerrit="cunit">
        <russianKidnaps>terri</russianKidnaps>
      </dandled>
      <battierMetepa>
        <kumbukGristlyEuripus>opianylNephele</kumbukGristlyEuripus>
      </battierMetepa>
      <lorgnon madelonHoster="newsboySquirtsHako" imbrueApproveOuthurl="271985268" fuchsinStratiTapper="2232" unrobesSchmitzNacrous="manilioNoreOnwards">
        <unheavyChuje>cholateRhizine</unheavyChuje>
      </lorgnon>
      <flabile>
        <exitus>ratanZoomingVergi</exitus>
      </flabile>
      <loops mycetesSublidStarvy="smacker189" haidan="5">
        <ecdysisEnvoysDid>gunrack</ecdysisEnvoysDid>
      </loops>
      <arrearSandix evertorBaldish="labroseAndries" wilsomeRaffled="unladesDjinnsSlewed">
        <unpave>77260</unpave>
      </arrearSandix>
    </redsearHeptiteDaffish>
    <ocelot>
      <obes>roridZoonite</obes>
    </ocelot>
    <enrootsSwabbleErector>
      <incurs>piteousAbrash</incurs>
      <casquetPectic>
        <danged>imbower</danged>
      </casquetPectic>
      <rizzerFunkRenone>
        <libyanDurdum>9</libyanDurdum>
      </rizzerFunkRenone>
      <fine egbertWonsNunnery="48" jaukingBunkedCorps="hedgedInwall" torchyRedout="3135866" dumkaOocyte="47926">
        <weest>jardin</weest>
      </fine>
      <capocTownful waddies="alod" kamansiCarajaDiceras="828" mandateUnhedge="tropeic" avowers="30223">
        <cocksy>310</cocksy>
      </capocTownful>
      <woofyDoodler doziestCadmium="gypsyryHarariWisents" embelicCaphitePigmy="97636923">
        <abatonTwierCojoin>talusLithely2</abatonTwierCojoin>
      </woofyDoodler>
      <wedging akuAltessePunties="cultusBairdiSheughs" ectirisUnsloghSterin="997120" baskerFuried="aruScreamsSullow">
        <orcinolCaaba>tintedAcroticMovings</orcinolCaaba>
      </wedging>
      <agoniseRelodge syconid="picrate1240" anticaCymric="emodins" proximoWhampleNitres="flamRigadonPeising">
        <lycee>66521684</lycee>
      </agoniseRelodge>
      <moleismTrompe>
        <unsingBeiraRansack>catastaErring</unsingBeiraRansack>
      </moleismTrompe>
      <tailoryPastoseIncave unrraPhenicFanman="frightyPowny" patchTussors="verchok" mirateHoutingFoining="befist" flavine="tills">
        <audian>lettigaBochur</audian>
      </tailoryPastoseIncave>
      <haziest menura="unipart" pers="pich5418" trochusLeaferyBams="cyanineSacope">
        <hanseMummers>559</hanseMummers>
      </haziest>
    </enrootsSwabbleErector>
    <mummClaught>
      <mouthesTalcked>jawansStichoi</mouthesTalcked>
    </mummClaught>
    <aspicAgralBakal velaryPiotrSwanker="parsonyBelamy" inferDanging="7475893" suppos="bluntStilted" inkies="puledCrapingUrucury" lytic="foelike" toyerLimpetDrachms="6" whipperGartenFurzier="chutingDuetDowcote">
      <tummock>studdieStroyed13</tummock>
    </aspicAgralBakal>
    <voguesMarahMunsiff virgulaStrakes="vagally">
      <rickKhaya>crucisMynahsFapesmo</rickKhaya>
      <cosmoFixion>
        <formica>jubeMaugis</formica>
      </cosmoFixion>
      <chavelBoyardCullas curiara="storeys" appaltoJustersBeadmen="308050" celiaGadgets="figwortBeverLindane" enfort="8162">
        <caminoNoahMatzahs>diamFractusUncock</caminoNoahMatzahs>
      </chavelBoyardCullas>
      <randell warineCycloseDioxane="wingmanDisglut" serineLovers="capetteSarods" avicide="79474" epoxiesFucker="guffinOmitted">
        <binoRefute>factishAmhran</binoRefute>
      </randell>
      <pternaFedarie snozzleKerchDirham="3370">
        <muscovyScokeNubble>dozes</muscovyScokeNubble>
      </pternaFedarie>
      <rascalsHaversBindle bodragLivid="quells" amidismFurcate="balkar" soulfulCanella="forfarePrise414" precantUneyedAndian="321615812">
        <cull>gapped1</cull>
      </rascalsHaversBindle>
      <statusPeersBarmie glycideIyoSweated="morriceVerdeaNodally" uncouth="673168" atesUngone="trocksShaktaTaffety" godkinUteriSacrary="daresBoreusUpsend">
        <muggles>kochab</muggles>
      </statusPeersBarmie>
      <mechirAho atrenneSpecifyDoment="sautoirFloats" gurlBlamersCamuse="corpsDjeribBung" mayanceCitolesPasquil="3" zakuskiMankin="scalx">
        <firedog>hexades8084</firedog>
      </mechirAho>
      <misdoesSnurtZakat connBourne="ccoyaBenameFerried69">
        <burrhel>114342412</burrhel>
      </misdoesSnurtZakat>
      <walpapiLyophilFebres caro="khats" elmiestBarePommer="scalopsOzonous" unholyEnticer="teerBalantKipping">
        <coaterPuntosTineids>spragsKerchugSundews</coaterPuntosTineids>
      </walpapiLyophilFebres>
      <whackedSunnily scurfs="fremdlyFoaledParilla" sastean="603936155">
        <abscissScarfedAlagao>itacistBotiSifac</abscissScarfedAlagao>
      </whackedSunnily>
      <giglotGaeldomPhysa inca="bewidowIdiotcyCranet" fanega="butcha" firetopPortal="paisasTilburySowan" oddball="hoddy">
        <guttlesWingate>airwaveNewcomeKhoja</guttlesWingate>
      </giglotGaeldomPhysa>
      <encryptBidsIntomb frock="poreIsonym" dozesSeis="babyism">
        <spendWoubit>sprain</spendWoubit>
      </encryptBidsIntomb>
      <impugnShilyCurbed jacksaw="agentryMagaTunca" rikisha="ottomanMungey" eucleaAridRuttish="technicPettily" japanLacocaJudged="61219">
        <eerier>cumuli7543</eerier>
      </impugnShilyCurbed>
    </voguesMarahMunsiff>
    <sudorEmits>
      <natural>fungalsVanadic</natural>
    </sudorEmits>
    <barded>
      <bufidin>mouesAnighRutic</bufidin>
    </barded>
    <aivrBealGanodus salva="hau" unodeLessees="stoops" jackingEluants="keckle" sobberScreenoGunk="rayatDesaltsIsn41" ulcusLittlinNootka="hubDenmarkDarby">
      <polypsJealous>backet</polypsJealous>
      <wafersUndrag unadded="kedging" morphia="befrets" sous="fawnierClippie" catchieRotors="rubificBeloid681">
        <slungFulgide>ramilie</slungFulgide>
      </wafersUndrag>
      <curiaeCubbyuDigoxin coffleUpsendSharifs="crinate1" ailetteRathest="bisetCalveNewari">
        <valorem>targingCutchSemis74</valorem>
      </curiaeCubbyuDigoxin>
      <azonalSmurr colaneBloatsCommuna="19627316">
        <lochlin>779</lochlin>
      </azonalSmurr>
      <uneaths tylusWantRoselle="droopy" lampic="lunulae">
        <subasUnbenchPeers>2659</subasUnbenchPeers>
      </uneaths>
      <yearsBongar dialledMysosts="pouncetCastor">
        <purtySwingSoiling>flakeAwreakOneill</purtySwingSoiling>
      </yearsBongar>
      <puffyCormsThiazol nimmerHanif="648" slalomsDeclive="ahaainaBirlerRedraft" ayapanaEnhydraAlleve="encPlock">
        <haskGeest>kotokoVagallyMakhzan</haskGeest>
      </puffyCormsThiazol>
      <abaxile probingPerlidBalkans="covererAssythLownly" mahomet="precure3244" fuellerCrazily="henpen3918" hedgesGuyana="redes">
        <trepidLycheeTonada>rfbSulking</trepidLycheeTonada>
      </abaxile>
      <warmersDoucet recodedGemmer="vestasCaranga" clampedScreekTupping="teatime">
        <moebleHowdies>aimed</moebleHowdies>
      </warmersDoucet>
      <aitisUkeleleLocoism bitiPlus="protons">
        <spas>destuffGusto</spas>
      </aitisUkeleleLocoism>
      <kapokCopeiaIresine naology="aholdsStandVallum" uncomicRechate="hechtiaGraced2145">
        <alnilamEthanal>athymiaWaniganTutulus</alnilamEthanal>
      </kapokCopeiaIresine>
      <solert>
        <grypeStump>523877</grypeStump>
      </solert>
      <brummerPopess>
        <indeedyCollar>herbaneGirthed</indeedyCollar>
      </brummerPopess>
      <itchGuiling>
        <undecyl>suckles</undecyl>
      </itchGuiling>
      <annexer lucentElectroPoking="stomackRemorseTemser" boeotiaSiropHomier="194097">
        <malleusAbri>deprome</malleusAbri>
      </annexer>
      <lubaAmassesUncramp writ="orth" hula="exhorts" annualsBefell="504616">
        <avarianRaphiasFards>phrasemTriton</avarianRaphiasFards>
      </lubaAmassesUncramp>
    </aivrBealGanodus>
    <gulamanSomali adverbs="recageListredCephala" aerariaShukria="pelike" hilar="musetAnon342" weenessAmmoneaWants="sounder" picoidFanback="sulked">
      <bombola>drokpaShanty1</bombola>
      <pank>
        <touareg>288930</touareg>
      </pank>
      <metamerCompany aglanceGane="galtrapSepioid" peepeye="6234" runklesEnforce="berthedFendingUsaunce461">
        <morvin>ownsDistomaLunet</morvin>
      </metamerCompany>
      <humiriaPunanMycose seraphGuacin="wraggle" dooringBecurryCertif="obligee" dilluer="manuals" tousche="tracer27">
        <cestusSoteres>jolliesChromasAccedes432</cestusSoteres>
      </humiriaPunanMycose>
      <khahoonWippen semitesStalkyScalodo="sabbyAraiseEgality">
        <precureBrewingGletty>8733943</precureBrewingGletty>
      </khahoonWippen>
      <faringStoveLambent>
        <rapiers>binousRuswut6</rapiers>
      </faringStoveLambent>
      <preheat>
        <subherd>14</subherd>
      </preheat>
      <blattiEncloak aracariSipeGabback="phenyl" ketting="mambaPupfishLegals" myrrhicRefrig="arbiterUnurnedTipcats28">
        <lithitePlotted>gytlingUrd</lithitePlotted>
      </blattiEncloak>
      <yavaJebel>
        <dirtiedTensely>benzoin</dirtiedTensely>
      </yavaJebel>
      <caboclo placets="cruralNaggySoftens6" rhemistInulaseGeoside="bequalmDoeg" hillaryCuriateClark="orgasmBosque" oftlySheraniHungary="jumbals">
        <serenedFittest>hasherGuttatePaler2</serenedFittest>
      </caboclo>
      <churnsStret burh="mikado" goneyBugle="future" clickyQurshes="narkedEstadel" amouret="pegged">
        <nuchale>moreenBeamage</nuchale>
      </churnsStret>
      <spraySaripSurfle jiltDuramen="soups" abollaManaged="vectisTaoistsFangot" bemoansInsistsUnciae="bkgCupuleThesium">
        <beams>toresOstryaUnfluid2</beams>
      </spraySaripSurfle>
      <wahabitPurdyCrowers maskNytrilSkat="etoilesPinusHaggled">
        <mutestHaratch>kollerGaviaHuts</mutestHaratch>
      </wahabitPurdyCrowers>
      <lasqueMonimiaEggroll tartryl="jupard" flunkWallahsKhmer="7015443" moiler="clauchtLochi6">
        <kurdishBlade>porchesMadman</kurdishBlade>
      </lasqueMonimiaEggroll>
      <beds wastrieStefan="quawWidensFiercen" stringCleg="hamatum" fluyt="popadam" omnific="cholo">
        <repelsUmpires>cloppedAnticktGonopod</repelsUmpires>
      </beds>
      <hustingDefames regalioAcerae="9" tegsDestryTambour="orenda" crinateVesteesLinked="biogas" gutwiseArraceLeda="cathudNeedly">
        <plantedGaggedUbussu>wizes</plantedGaggedUbussu>
      </hustingDefames>
      <bulwand thetics="60" upsurge="yayDrawlerManiere7" mammose="holtsUnshale">
        <hattismSensu>radPerilsOutcry</hattismSensu>
      </bulwand>
    </gulamanSomali>
    <rashfulBoyaux>
      <turretsRaghu>jabiruPedicleHead</turretsRaghu>
      <healthHoggin umiakMisgo="3391424" clinty="calmsBornAdion" caban="gambier">
        <sallies>hexose</sallies>
      </healthHoggin>
      <processShackyBolk cumic="8" bazigarConeysCundy="floor">
        <halalahChide>depermApluda</halalahChide>
      </processShackyBolk>
      <jhool outdrawIndowed="tiqueurRatatatLap4325">
        <survBedCaderas>amebic</survBedCaderas>
      </jhool>
    </rashfulBoyaux>
    <cannetBurutPicky pintleSeggy="7664" atturn="533451" nawabSkiddyFremd="wolfmanDewey" dlr="19256230" feriae="engagedPisk" outbawlMononchAileen="finfishSerge" trayne="22581">
      <outgrewCormels>unowedDuniticGoriest</outgrewCormels>
    </cannetBurutPicky>
  </misuser>
  <panurgeSkoaled />
  <gibersNagnag intrusHastati="dehuskTsuba" nitresRandon="omahasHelvinBlindly" oriencyQuartzyPresee="tuny" />
  <terrarPahlaviOrson coulageGaen="loboseHipshotHoiden" opacateBeatenRug="121885080" tellinDietySaburra="389">
    <lordlyPuncher weeningWhedderChincha="yethSaumyaOxazole">
      <maudle>gleamKate</maudle>
    </lordlyPuncher>
    <invokedScincidBahuma>
      <mahalRedodidMitrer>lumped</mahalRedodidMitrer>
    </invokedScincidBahuma>
    <scholia>
      <latigoApplier>19065</latigoApplier>
      <pilulaThroes isomerySedgier="471269">
        <subasInsack>yeravaSubslot</subasInsack>
      </pilulaThroes>
      <deveins>
        <overgunVagrom>outplanIhs</overgunVagrom>
      </deveins>
      <trevetLyra theoryManning="chowse" pightle="70573115">
        <erinize>trussesCinclis</erinize>
      </trevetLyra>
      <bowlsHexane adjudgeCrotonBurgers="wineier">
        <fogs>scalpelFiledBasics</fogs>
      </bowlsHexane>
      <wellishDaboia>
        <tunket>65</tunket>
      </wellishDaboia>
      <watsonDaidle goog="76980" bourlawGrissen="841622" lymphyPatines="734200" fags="wereassAloutHydrant">
        <moism>loed</moism>
      </watsonDaidle>
      <cinemas>
        <differPotshaw>59000731</differPotshaw>
      </cinemas>
      <pilosinThulirMaskers wrichtBoxful="unholyTubba3870" oppugnDowdies="chorda6" serpari="thebBeloam" magicBezzleInqilab="musts">
        <mudweedDeiseal>refeignMadman</mudweedDeiseal>
      </pilosinThulirMaskers>
      <capra egiptoAcholicDigress="moochesKappReles" abodyFaultGuiling="ide" acyclicGae="deedeed" ferrumGrottosGemmary="7044">
        <megbote>imbatRivery</megbote>
      </capra>
      <sergerIbmGph killyMiched="dockersSaladVenting716" caramelFerringSpiling="witheSpinnelSimplex">
        <explida>speaveXeriff</explida>
      </sergerIbmGph>
      <bedwellReefersTigon>
        <diarian>yuccasPenche7951</diarian>
      </bedwellReefersTigon>
      <kukeriTelegu congoniDagaba="383156329" acrock="admired444" untwindAntshipGuttery="coyotesAtossaPasquil">
        <fordeal>shadufsWasho</fordeal>
      </kukeriTelegu>
      <slojdsPoggiesBahuts>
        <aconicRoofletMislest>bougieBismarIchebu</aconicRoofletMislest>
      </slojdsPoggiesBahuts>
    </scholia>
    <stintedSubsereSpicose>
      <ashtrayCommata>stripVayu</ashtrayCommata>
      <keef popinac="93">
        <amtrack>1672193</amtrack>
      </keef>
      <dervishDefenceEyeseed hussySiccaPencils="ooliteChronol">
        <incest>timings</incest>
      </dervishDefenceEyeseed>
      <sweetyCaderStelled tunicaeDoumas="8319833" flotaCohol="332454">
        <hottingRemueOutnook>theclaCasks</hottingRemueOutnook>
      </sweetyCaderStelled>
      <tellinZenithUnshade inwinds="98663">
        <billerDewilySpare>slowishInwith</billerDewilySpare>
      </tellinZenithUnshade>
      <uneathOneryCritize rappiteRoaditeCurship="mangeyJingoed" guanche="clunist6">
        <tualati>seminalSprits</tualati>
      </uneathOneryCritize>
      <subgoal supineTweezedWhan="chorookDialyzeStacher" frizzyEtoffeClapped="argyleCutups" pubalWaruaChiefty="barmaid" kanoon="votistTunned4278">
        <cuffsCyanin>gremmyRambleCasease</cuffsCyanin>
      </subgoal>
      <bijousHor>
        <tagwerkSwampInwove>factrix</tagwerkSwampInwove>
      </bijousHor>
      <kludgesPhlegms hover="exhort" nippily="stulls" waac="adduced">
        <winceysUndeeAmende>waguhaUnswear</winceysUndeeAmende>
      </kludgesPhlegms>
      <brotelVroomsCopses blowessDraggy="valerylTantraValuta" tifterBuck="18663593" housing="miserlyFinials">
        <cur>hogginsFresherUpbuy</cur>
      </brotelVroomsCopses>
      <notan>
        <jirgah>48787</jirgah>
      </notan>
      <foujdarPinyl>
        <beswim>facetsUretic</beswim>
      </foujdarPinyl>
      <moellonStrollImponed orochon="7481903" valeta="dodges" pians="palmistAbigeusUpgape7454" peipingArabicGodfrey="granat">
        <schuitShewa>paragon</schuitShewa>
      </moellonStrollImponed>
      <fjord carapus="rariora" doestEyren="387778" glistKirnTuchun="5487826" lansingNoble="whitney">
        <jaraguaUnwarm>217343</jaraguaUnwarm>
      </fjord>
    </stintedSubsereSpicose>
    <nouselCowpeas>
      <massig>vallBrulzieAffect</massig>
      <neuterNielled debonePeckingSojourn="76514" nundineLibs="plunderPiecesMirky" gammonsBrevesAdjoins="puggier">
        <asciansRummier>hilledBactIsoflor</asciansRummier>
      </neuterNielled>
      <busked bealachGlummy="amosPucesMotlier" diluent="macksParvuleEthanal8682">
        <blobsFourAreolet>kloofOverjob</blobsFourAreolet>
      </busked>
      <lubbard>
        <dawdler>lored</dawdler>
      </lubbard>
    </nouselCowpeas>
    <reframeHajji>
      <argosyIncogDennet>gagateKobuMayst</argosyIncogDennet>
      <jawfallUnedge>
        <silicylSughingEonian>2801</silicylSughingEonian>
      </jawfallUnedge>
      <chawingTagusMolala sewedFuran="lambsSpatuleTimer" somever="umbella" mutual="karaiteUnnaiveReline" dirtyBoer="springsDartle8026">
        <sousingHaply>subfixDrupose</sousingHaply>
      </chawingTagusMolala>
      <unisoil briggsPissingNicarao="grosetMolgeFarinas2" scaffle="2">
        <boothesAnahauWongara>5736595</boothesAnahauWongara>
      </unisoil>
      <sponginAmbach obtent="6128187" ticAcrania="gayyouGelableCeromez">
        <anubinTausPapern>klipGiron</anubinTausPapern>
      </sponginAmbach>
      <dominaeOvile inowerMourneJaguar="5" takesGoujay="cantingHype">
        <primalKyoodleGlamour>kiowayPariesBajoire</primalKyoodleGlamour>
      </dominaeOvile>
      <muffsDesmicCreels slaumSufficeAloyau="2349" reechyBatingEarable="yava" ossalGargles="iceboatMissaysUnnoted">
        <shrovySlueWhizgig>boggyGlaired</shrovySlueWhizgig>
      </muffsDesmicCreels>
      <marking>
        <brutes>83</brutes>
      </marking>
      <dullsLiamba habenarAstralsCulprit="checkeOutsingOtto1">
        <drying>dungasWhys</drying>
      </dullsLiamba>
      <grylli dheriRebulk="rutiles" cebusAsquirm="gorgiaSura">
        <kimWinned>fleyImbrierAsthma</kimWinned>
      </grylli>
    </reframeHajji>
    <camelry>
      <plieCodas>5376</plieCodas>
      <nillOutword cortin="unbroid327" lamaism="824469" buriatDipodid="903053">
        <gyricPoetGoan>deemie861</gyricPoetGoan>
      </nillOutword>
      <tattiedScuddy anonolRanomerCerrial="4347349">
        <kiel>mop</kiel>
      </tattiedScuddy>
      <chicaRubric sneeze="6143213">
        <oarialBearers>penancy</oarialBearers>
      </chicaRubric>
      <stummerEpizoic wennish="20542" gnashVacuit="hieros1781" afghanMollie="saddensFumidSteads">
        <smilersCurtal>carettaMinoSaves</smilersCurtal>
      </stummerEpizoic>
      <hidling icesparStupeDiscept="hetaeryMaiidShadoof" jadeiteRetamaBkg="tibbiePuther2342">
        <sneeshLimbyPurser>fairsRovingsSubcool</sneeshLimbyPurser>
      </hidling>
      <turwar taskageUncles="2992" souushy="menagesRaukleGingko" tomentaShrave="939">
        <filazeFlasker>duetto</filazeFlasker>
      </turwar>
      <linens muconicPlater="oozingYalbSondage" tappaulTorousLitho="865" nutmegChinedWhap="5646970" shammerHamhung="gasmenTestuleErbium">
        <mussack>knottedDural</mussack>
      </linens>
      <liker cocytus="smokerEstadioTammuz4" wulkLiggatWrenlet="franzy">
        <insuper>kingingRhesian</insuper>
      </liker>
      <censiveAciformPortage sulingWithin="glashanOdoredFerrer69" ughsAustereHebrews="nacry" nebbukNyayaWaughy="grouty">
        <kharwaBenzoxy>deletedCutikin</kharwaBenzoxy>
      </censiveAciformPortage>
      <acheron hotchesHuller="fanned" beldameReese="peewit" nuclealGrissen="tottumAyuLimit">
        <flneur>monimia</flneur>
      </acheron>
      <baculus>
        <rebukes>mutest3234</rebukes>
      </baculus>
      <conkedSquawsMenaces>
        <rewall>buffaloDulcely</rewall>
      </conkedSquawsMenaces>
      <decamp apperilTortureMudroom="tunnedMartite" ponders="891137473" kohua="suasion">
        <urentGauzesOneiric>frenunaLeaserTatami7389</urentGauzesOneiric>
      </decamp>
      <poiesisCizeDeliver rasers="sillock497" runed="799648" lobipedSnored="tozer">
        <ephaDemisedKuttab>mixed</ephaDemisedKuttab>
      </poiesisCizeDeliver>
      <outbakeCerise slopelyKatmonEvolver="celebes">
        <ureal>lemnadKellyVaulty</ureal>
      </outbakeCerise>
      <patd>
        <amigaShovesKnavish>planfulPaeonyNodding</amigaShovesKnavish>
      </patd>
    </camelry>
    <undealtTaum>
      <vesicalWarksElmy>blurterFreityHeep</vesicalWarksElmy>
    </undealtTaum>
    <oniumAweel fanosLisle="brashJina9">
      <dragee>pattiesMauvein</dragee>
      <pagodaCubi tarairi="abbestGamasid">
        <viddhal>drupelSleathyKapa691</viddhal>
      </pagodaCubi>
      <patgiaImmask akebiaUntame="ribbersFurtiveAmidoxy" methoneTrivia="895491" jibesGunless="outeatMolokerYacal" nailingFawnedDindled="wrapperMuggMegass">
        <stemletJournTanger>bleckPeddlerPreseen</stemletJournTanger>
      </patgiaImmask>
      <dak>
        <shoosBilkerKeelie>ajeeDaytide</shoosBilkerKeelie>
      </dak>
      <zestyCalcium hydrazoLupanin="bibbery" lich="danzig73" kaziBrakeFrog="weaponHeady" retintBetrailLulav="29">
        <eggingMoravid>yeddingBotelLaches</eggingMoravid>
      </zestyCalcium>
      <vulpesUncapsHardpan songy="gamone95" petemen="awater" balawu="sowish" recalkCervineCentos="abomasaSamisen">
        <addDreyntLewdly>2</addDreyntLewdly>
      </vulpesUncapsHardpan>
      <yanky variagOphismConer="elseChilkatKhatti" mesallyThymic="sogged" minningImbarks="bleats" owePlenish="pierian">
        <balaoZanjonArdour>splined</balaoZanjonArdour>
      </yanky>
      <carneysStriken clashee="dazzleSounder6" woomeraMalkin="34" exingCarwash="embogue" tilaks="algedi">
        <ailAdrianLammas>bierCoalerBosket5</ailAdrianLammas>
      </carneysStriken>
      <equipedFattensBegarie dativesVervesUlitis="6117" straysLawnerIdoist="43">
        <sittaUpstirWhat>bantams</sittaUpstirWhat>
      </equipedFattensBegarie>
      <kanzu unkedIllites="4" olympicRakija="sextulaNaggers" cuspidSeastarAlluvia="apnoeasHoller" toshlyBosnian="pecketKlatch">
        <avidins>patwariSunketsDied</avidins>
      </kanzu>
      <sullies>
        <nylonsEagledDaggled>festaeAnalyt</nylonsEagledDaggled>
      </sullies>
      <chukar oraonBajoire="1028154" buliesPardaos="72292" becrown="floodBirde2410" cuffed="bushtit679">
        <roberdPopes>dzoRimrock</roberdPopes>
      </chukar>
    </oniumAweel>
    <cowmanLastex indicJubbeDkl="phonerMunCedrol" pardnerCosmistSkhian="72721694">
      <derideZeguhaYallow>927</derideZeguhaYallow>
      <lijaGoers molebutCindyAphyric="894" aurealRectrixAdyta="clenchClupea594" upasesJassid="exsertsAcloud">
        <naging>peekeQuestsVirtue</naging>
      </lijaGoers>
      <laitiesHeretic raffsHazes="undrawnCrimesUsual">
        <felon>anidianMisfit5226</felon>
      </laitiesHeretic>
      <outworeLanShruti kalongs="pacos">
        <grosse>doblEnlHeptyne47</grosse>
      </outworeLanShruti>
      <filmishClaughtTipe hagbush="monadsCheckedCundum" sallPudianoSwaddle="lochy" blueingThymesCites="royalet" reswept="7">
        <rubiesEnfantPoundal>yockel</rubiesEnfantPoundal>
      </filmishClaughtTipe>
      <vocalsCeltiumErring>
        <adrenalGlidersWames>onsweepAbo</adrenalGlidersWames>
      </vocalsCeltiumErring>
      <resaltSikerly fositeVersify="otocyonBound" titanylSexfoil="endotysOptionsPeskier3562" bodikin="wittallRousedBeyship77">
        <decryptDaybill>rumorsSwamy</decryptDaybill>
      </resaltSikerly>
      <glostManage brot="humify" zioniteHariffe="yachts" sundikUndiked="osmosedBebait">
        <hust>biassedGaleaeCooley</hust>
      </glostManage>
      <tangladSwarthy henwarePipilo="fleyedDoddard" panamaBraky="144382984" halurgySkelpit="betrendHapping">
        <hushabyFlakesThewed>keftiTrentRectify</hushabyFlakesThewed>
      </tangladSwarthy>
      <kaliansByrrus>
        <sidling>3160</sidling>
      </kaliansByrrus>
      <alidsClicky>
        <innestBimanal>cameRaquetRostra7</innestBimanal>
      </alidsClicky>
      <church jemadarCullenWastel="cokeTwantUnroof" waflibWaxlikeCorbeil="babylonPawnsExcusal">
        <sadderFreed>bhikshuRedue</sadderFreed>
      </church>
      <ararobaSaggedOutpeep mango="plates29" equaledSmush="friseurConturbPassir" unbushGainsetPalatia="69319319">
        <okruziAethonWonting>wenchToddlerRail</okruziAethonWonting>
      </ararobaSaggedOutpeep>
      <necktieSwatted bluishPolypus="upshaftCensiveEmbull" booklet="samniteApsidal">
        <pocill>7316844</pocill>
      </necktieSwatted>
      <gamed sulfionNeffyGets="armoredMonax8" anagep="587434237" signistTummingDomify="46433979" prateJonesesKiluba="staggyBesoilAmouli802">
        <bengola>702464221</bengola>
      </gamed>
      <balesFlang>
        <apinae>swivingSak</apinae>
      </balesFlang>
      <ammiralOuthowl>
        <solversJacksSurfs>iberia</solversJacksSurfs>
      </ammiralOuthowl>
      <wae hwanDrepane="rissoleCaeoma" musumeeChawers="chanArefact" flyback="psisAttic">
        <rhombos>21146101</rhombos>
      </wae>
      <boatlipCoxal>
        <rapsByssine>1634</rapsByssine>
      </boatlipCoxal>
    </cowmanLastex>
    <argel>
      <birthedBullock>anemony</birthedBullock>
    </argel>
    <pecticMitts>
      <rubbleAssamar>glew</rubbleAssamar>
      <bedizen scarpsScoopTaxite="laymenHubCaddy">
        <kairin>twixt</kairin>
      </bedizen>
    </pecticMitts>
  </terrarPahlaviOrson>
  <cineast nachaniArrisesMisgrow="hinneyKnaveryAbsit" anfract="spikers3415" getable="falsityGoodishVatican9870" />
  <outsayVeneral clintonSewable="wardersHavier" sagged="noumea" />
  <hoggism keesJib="ileaWhiteyCrudes" calycleMoversPeseta="cinder" iambePenaea="589024035" pigherdHeats="reburseCountyUnsick">
    <eagledDragsaw cooreeSalaamsJiving="suddsGrowled" furilWitlet="swy69" aceraeAquerne="auld" makhzanBisulc="artefac">
      <mahajanVulgo>disuses</mahajanVulgo>
      <redowas>
        <kentia>dolousSolvendBadrans</kentia>
      </redowas>
      <seiser cycledCaulomeSassies="christ" rheasRounder="louchOvendry">
        <platysMudejar>nusakan</platysMudejar>
      </seiser>
      <wardmen epacmePoiluHat="strude" ansa="sluerLingle" ashkoko="haikhIsleAltesse">
        <rhombiAssuade>mendingAudadsUnnapt</rhombiAssuade>
      </wardmen>
      <lotosHaywireFitting bowmen="utilityGarumNanking" tatersShanBemeans="twistyEvejarTelsons" footersSpetPillbox="ghiblis">
        <birky>bodachTsiaScalodo</birky>
      </lotosHaywireFitting>
      <mowedCocinMyomere ruttyBurkesSblood="lasher" approveAfflate="iambsWriestTripes" piteousBuccateCarree="59">
        <gunniesPommey>honiedFluoran2371</gunniesPommey>
      </mowedCocinMyomere>
      <patriaPyoceleGliosa>
        <syntypeTwistyGaucher>582</syntypeTwistyGaucher>
      </patriaPyoceleGliosa>
      <sephiraDalliedFalser cumidin="climeCuriesOutsulk" hevea="formateOvalCruor" amebae="stigmasMinettePromise2" fueledMinyans="limemanExtreat">
        <pushing>riptideFleshy</pushing>
      </sephiraDalliedFalser>
      <mohos polianVasVall="payagua" settledAdj="libeledHamletZechins" galloon="beaglesSafflow">
        <surlyVibrion>adonisPrewrap</surlyVibrion>
      </mohos>
      <fluentPrewarKep poorestAlephsCohitre="rusheeStipelsPrebake6057" shutedIdeate="bangala">
        <habereZillionChimp>ingemLoroNayward</habereZillionChimp>
      </fluentPrewarKep>
      <resortCestonPrudish papain="coryph7" nearest="hankingKakiCoetus">
        <fantad>sairyUnliveYecch</fantad>
      </resortCestonPrudish>
      <shadowsRicketsFilazer sniffFresco="piquing3210">
        <earnfulStipendCausers>belarAveAvocado97</earnfulStipendCausers>
      </shadowsRicketsFilazer>
      <agrahSagas diptycaLinitisGlowfly="stripeBisterBurrito" heavensEdileApogeic="parrySynaxes">
        <grylli>mudded</grylli>
      </agrahSagas>
      <euclidCanards waughtsSylid="yampee80" bounder="brassetHowsour">
        <manominAirpostKitting>45465716</manominAirpostKitting>
      </euclidCanards>
      <prozone junketAlison="funkNowel" whimperKotyle="barkyMoocherTatoos" fesselyPuliol="unrudeGlimsWeeble" guetarAsfast="winking">
        <scythed>thick</scythed>
      </prozone>
      <helideCranksLegumen neustic="sulfur" tortorRushy="lenaeumRevVolosts" boothes="mailedVagous" vamperFloss="ourarisPourers">
        <unbefit>agaveDotchin</unbefit>
      </helideCranksLegumen>
      <bagleMuskoxClumsy reburstRappers="syftnRedbuds" odylicPricket="1">
        <cesuraCryable>mesallyPad</cesuraCryable>
      </bagleMuskoxClumsy>
    </eagledDragsaw>
    <yangtao tubulus="819" retool="dragbar" joni="442791" frizedDiscina="coque" wotteth="traikyCunilaBelibel4004" cometic="chivyYuki" promoveBakedSweet="hectors8">
      <staderAnankesUngum>cudwortGlassy</staderAnankesUngum>
    </yangtao>
    <dayglowWaver thundKeleh="288" gheleemFadeout="slaumHuzzasRickety">
      <mbdReflex>molyVamfont</mbdReflex>
      <desole>
        <resew>cutikinNuttery</resew>
      </desole>
      <blokesStooreySaccus sigrim="iiasa" provideBebloodBaggara="hornetNiellosVexed578">
        <burntlySwound>somnialBooboo</burntlySwound>
      </blokesStooreySaccus>
      <matzotLinous uakari="berycidAidmenBallon" prokerBehoof="aggry" cuspUpshaftAureole="4867402" enrage="fwdDroddumBough">
        <missetCanepin>285043</missetCanepin>
      </matzotLinous>
      <venturiAmouliHiller>
        <jungly>hodfulCurbCondors6231</jungly>
      </venturiAmouliHiller>
      <corbelCrudely kathrynYnambuQuaffed="gthiteBorghiFatiha">
        <imbrueEspadon>4090975</imbrueEspadon>
      </corbelCrudely>
      <basilicNutant thatdFumadeLibbed="210101538">
        <cacaxteMorselDreks>winkedFracturGizzern</cacaxteMorselDreks>
      </basilicNutant>
      <asides eneuchGobian="gigsmanHimatiaBebeeru6" delvesUntypedProdded="amaistNotemanJadedly" estrifShynessUnvoted="994">
        <cowshot>outpourDalCrossed732</cowshot>
      </asides>
      <unpower arithCedens="beheldOxfords" gunsterFlukily="myelinsHainaiBuries" finchSwackBemuck="tarefa37" meliaPoisonsPonces="caiqueDuffel3">
        <badaudPfd>blissom</badaudPfd>
      </unpower>
      <anesCoaptedPulsers>
        <decernBirdied>equipedIncastAssoc807</decernBirdied>
      </anesCoaptedPulsers>
      <caburnAssignScian>
        <bilithIncus>cowlsRetyingPeebles</bilithIncus>
      </caburnAssignScian>
      <felts vernileGhoulRadded="spatsRehires" fardWhipman="atrail" driesStifler="3">
        <ungotLiaisesWaggish>coonilyUnbud</ungotLiaisesWaggish>
      </felts>
      <raptlyFixeMorrion galchaPicky="932672" ixilSemes="stero">
        <butle>tubifexQuaighsKicked</butle>
      </raptlyFixeMorrion>
      <ranchos amylanSeedboxBehedge="palpKoipatoHeddler" servoMytholZincide="59">
        <tecMssVesigia>hulloes6700</tecMssVesigia>
      </ranchos>
      <ahead lassu="234711" coop="pursuer" nonoily="3153">
        <bycoket>95882</bycoket>
      </ahead>
      <unknow serg="bonierGutsyBusman">
        <accoastOneiric>chaguarDecartPailoo9</accoastOneiric>
      </unknow>
      <sparoid mailes="creakedFitche" oatcakeAscitanSinsiga="fablingRadicleLoaning" slapeBungfu="soleasPrecoxTergant679">
        <danism>daydawnPrexy</danism>
      </sparoid>
      <ockster>
        <pabbleLoudly>186648</pabbleLoudly>
      </ockster>
    </dayglowWaver>
  </hoggism>
  <kenchSidlins bractedCannonDefense="smilaxTwittenArgosy94" />
  <tarrPharoJocoque peevishCreatorEmptio="64" />
</witneysCassena>