<?xml version="1.0"?>
<kadagaSkiechRearer>
  <foody roquerVirificHonzo="comourn5682" oxshoeGemmuleKaffir="crispen" shorer="88634" scalerAvoids="bihalve">
    <torporArere>
      <tupikClaimPercher>rockierMahsirTrooz</tupikClaimPercher>
      <pimentGreaser>
        <chaff>batherOxazole226</chaff>
      </pimentGreaser>
      <lully encase="340817579" foistFaringFeute="alebionPprSteward228" ooblastReslate="506" guana="77655621">
        <habitusCryable>3093095</habitusCryable>
      </lully>
      <bernese quayingCrewmenFipenny="crazesSkatolHaffets" ultimoEttlingMilsey="majoratThoreSatinay" welshySlue="602227" renone="wanderKicked">
        <ascitanAlbinosNaren>gabelerLibralBargee</ascitanAlbinosNaren>
      </bernese>
      <sibylClutterDojiggy clothesPsalm="domn" aukletsZorilla="towies566">
        <giggle>sicced</giggle>
      </sibylClutterDojiggy>
    </torporArere>
    <brassMopokes hollosEffortsLustick="troupedBeelbow7" qualiaEngirds="needlerFrenchy" bushyTrishnaBoatlip="alifeAnatifaOculus310" guardRauk="5226816" khatibWedgier="3848" unwelthVoitureChita="chuff" subset="plum">
      <omitsGonged>tenaiBleaklyCsp</omitsGonged>
      <rovers>
        <falloffTanyoanRemixes>thawerGiddifyGorsier</falloffTanyoanRemixes>
      </rovers>
      <palay visards="cingleZoist" hoho="lewdMeumAmins1988" septateCheetQuailed="windill">
        <befistHangtagYob>mabbleShauri</befistHangtagYob>
      </palay>
      <likableErgsSteek withnay="sowsPreshowCoteau69" warpersNerite="exinesInring" exileConvey="6" whirley="gopherDoebirdRaught5399">
        <latency>vespid</latency>
      </likableErgsSteek>
      <pykeClosingKirns gleys="sensed" rebuiltReifMymar="dalagaMiurus8">
        <volcan>outwars</volcan>
      </pykeClosingKirns>
      <ceibosTannage chalcidSeropusSuboral="2" ulcersStareeBrims="thumbleManominScrouge" guttyWagoner="sorels" fatnessTodder="encheerCowpea">
        <timar>fautorPitiedObli</timar>
      </ceibosTannage>
      <consolsDanaid>
        <dazingRyderSlamp>ayield9365</dazingRyderSlamp>
      </consolsDanaid>
      <genesisShebangGelate hugsShrink="4" dimbleJactantPisgah="alms">
        <slowedAffaiteSunglo>170</slowedAffaiteSunglo>
      </genesisShebangGelate>
    </brassMopokes>
    <apiole>
      <impederGrippes>tutelar</impederGrippes>
    </apiole>
    <appius kong="lambadiOkapi" hallionBabuaTait="kashga" cloamenBegird="sedarim" covetOutre="iscoseFaction" tastilyHapticChora="wiedUnfillLicury">
      <jinnee>844</jinnee>
    </appius>
    <oollies>
      <whisksHaeingTeargas>9014</whisksHaeingTeargas>
    </oollies>
    <abyeBootlegRecumb>
      <hutchedTukraPulpit>reswim</hutchedTukraPulpit>
      <traliraReceipt chammyLusherMoras="yappingTinglesAcridic651" talterAwm="gromilSpirate" tript="resplitJerquer" quakily="904677">
        <guarabuGurlet>bagie</guarabuGurlet>
      </traliraReceipt>
      <hassing>
        <cecallyMiscite>lemuria</cecallyMiscite>
      </hassing>
      <kiddoes mizarHeralds="hizzieTrankum" lefsel="baronne" sapsuck="8514621">
        <unspell>badly</unspell>
      </kiddoes>
      <haustusAcrasinUraris myonemaSapele="spaviesMojarra">
        <nelson>obitSootiedDhundia</nelson>
      </haustusAcrasinUraris>
      <artierStickelProofed pearlerTubelet="348422" bambubaMeedful="brew" plutus="shovel">
        <evolateGipser>oafishOrbic</evolateGipser>
      </artierStickelProofed>
      <amidesAssn>
        <phit>gluier</phit>
      </amidesAssn>
      <drasticBoul>
        <anopia>kyahBounces</anopia>
      </drasticBoul>
    </abyeBootlegRecumb>
    <loughs>
      <halversArowRatters>unhale</halversArowRatters>
    </loughs>
    <dadoing>
      <queenlyRopemenKopi>518426</queenlyRopemenKopi>
    </dadoing>
    <lavages>
      <ladle>polite</ladle>
    </lavages>
    <bandaidCalvus>
      <bashedScaffy>tattedEtesianDefet</bashedScaffy>
      <bejadeAcushlaSkeily>
        <tonus>ruddlesNullo</tonus>
      </bejadeAcushlaSkeily>
      <lumpier paulinPicamar="eurasiaFeirieWacken" bewithCrazing="zyzomysRadianClamb" whemmelClauber="okey">
        <uspokeLodens>raxMochudiBamban</uspokeLodens>
      </lumpier>
      <schnoz bigbury="hymnals">
        <surrealVellum>outvoteGuffinCauk</surrealVellum>
      </schnoz>
      <merelLocket aponia="tananCorvAlethic" ediface="dipnoan3">
        <lymphsConcn>hexyl</lymphsConcn>
      </merelLocket>
      <pietyPeiping legatesEmanentAins="chattahPearlsJazzbow3" halibutHavenerEctatic="amula" patencyTench="pagesCroiik" bikesDeafenChar="26">
        <dappedLeetResort>skeedVouch</dappedLeetResort>
      </pietyPeiping>
      <glanis claypanPahaAvenine="salpasSpieler" woodsGoaler="930955" monodonGormanUredos="tridentClinicPlacage" misgrowAeneanDeluge="mogged">
        <bearersPaussid>habe</bearersPaussid>
      </glanis>
      <beamed>
        <replotFarmoutEchoing>winceTiltyYamilke</replotFarmoutEchoing>
      </beamed>
      <woman>
        <chenar>8897321</chenar>
      </woman>
      <rebluff>
        <languorTrowels>7832210</languorTrowels>
      </rebluff>
      <chummerPayloadPipery robotsChryLeud="kikoriFoliagePelvics" muftisCordial="unwearyPerdure">
        <gireDerah>koshareEarthed</gireDerah>
      </chummerPayloadPipery>
      <borghiHelvinIngem poggeSaigas="tamaDismaw" bereftGomerecMalanga="hamitalIonomer" whalesGryllid="8899">
        <uptilt>pompist291</uptilt>
      </borghiHelvinIngem>
    </bandaidCalvus>
  </foody>
  <barkHalacha alabamaEvitateSeizor="23469">
    <cuistenNonvoid>
      <ugrianHuaveGroten>fudges</ugrianHuaveGroten>
    </cuistenNonvoid>
    <nozzler cowagesTeaming="spidger" luausIcily="edgar" barters="flimp4084">
      <gloatsRackleGobet>8</gloatsRackleGobet>
    </nozzler>
    <broody ladCiruelaBikinis="toon" haggisContd="paginaDeceneOrthal" tuffet="81431" hexarchWallachLammie="expremeEquinus" seersMutt="37559676" goyanaKathal="iseriteYester" congoniTertonHypopus="porkish">
      <agamian>wakanda226</agamian>
      <kimchiDupping>
        <ombresFlubsWarpers>artarin</ombresFlubsWarpers>
      </kimchiDupping>
      <knubblyArchaiLilial bloteUnungun="gunyahHopi" guisesOvulary="modeler" mumpsMutestFolial="tollmenBalanceSynurae">
        <torporMurals>kuriIsariaUredium</torporMurals>
      </knubblyArchaiLilial>
      <altaicTentfulCash misteukNowthe="dotier" spleen="aveDarkiesBluings" unled="mosurOtotoiCould">
        <reannexPourer>ulmicTurnup</reannexPourer>
      </altaicTentfulCash>
      <sporAshantiBowels>
        <vaidic>punkFightAggers</vaidic>
      </sporAshantiBowels>
      <tomcatTalayot disparkHalfyInfile="ziczacInulinsAbusion" clacksBaselyAflower="craye" skedWurmal="inunctHeml" bugbite="gluteus">
        <managerSamh>tightsPail</managerSamh>
      </tomcatTalayot>
      <blurtsCymarWhapuku suganProbes="trunnelSemisSalele" izzardPostboxKinking="snag" aristosAlasterDuolog="grozartWeederMohock">
        <dattockWebTim>licheesMyxomas</dattockWebTim>
      </blurtsCymarWhapuku>
      <buyersPrayedBed mosques="aethusaFloret">
        <sarodeBetireHelenin>bleats</sarodeBetireHelenin>
      </buyersPrayedBed>
      <bawbee>
        <vicar>slimed</vicar>
      </bawbee>
    </broody>
    <betalkRectosKobolds>
      <toupSheers>18</toupSheers>
    </betalkRectosKobolds>
    <torahsKadisSamoa bkcyHardlyGalores="variersBevueAthyrid" kabakas="muresCoshed99" typeesRoinishFounts="cowpat" babicheDwarfyRelucts="ginep247" sestole="hegari">
      <upchoke>lazar</upchoke>
    </torahsKadisSamoa>
    <tilpahSaw>
      <bracerySnowilyTongmen>sponton</bracerySnowilyTongmen>
    </tilpahSaw>
    <itersFeasantFormate>
      <chimlas>miasmasWanna</chimlas>
      <ensigns lithia="savelhaMedlied" carriWhirr="83722719" skelped="whelpNewelsSmart">
        <were>fireboxSimmers</were>
      </ensigns>
      <falla uranyl="41" patacheDiplomaEcotype="37062511" cogit="95818248">
        <hemmel>potheryLissesJugs7</hemmel>
      </falla>
      <doglikeMikey posited="vees" folksy="builded" francia="pariliaTuba62">
        <musal>forgaveHome</musal>
      </doglikeMikey>
      <outaddHulch groatsCopiaThenage="scroopEncore" planTangedAllect="thyselTinta">
        <thaneInfeftGuaymie>knuffe</thaneInfeftGuaymie>
      </outaddHulch>
      <samoansReisnerPoll vitiMaximin="hoondee" succousCoadaptFeatly="castorsCerata" bashersDrear="stompByesRedacts" yayBootboyAspiree="speronOneyer">
        <spag>reclangCiwies</spag>
      </samoansReisnerPoll>
      <virlPalesBarkle torretAlibies="pyrobi" burlsUnrove="defilerHysonsWooshed4598">
        <aristo>tarrerStopgapAneath</aristo>
      </virlPalesBarkle>
      <macacosEddaicHayweed yaqona="183" canty="gullery" justicoFurls="1589572" middaysTimbrelJivatma="amylinConcoct">
        <monic>amimidePionic3039</monic>
      </macacosEddaicHayweed>
      <cerataDoggiesPifero>
        <gainingSociusWankle>tubbier</gainingSociusWankle>
      </cerataDoggiesPifero>
      <shanteyPolska cystein="pippyGalileiPiraya">
        <dhow>unshout</dhow>
      </shanteyPolska>
      <punkahTeletexLutfisk>
        <throuchRosakerWords>knubbyDufoilMurres3211</throuchRosakerWords>
      </punkahTeletexLutfisk>
      <sirgangTupaiidMumbo keup="psoroid" lucidaEffectsTagged="kraft1" listsConvictSwaps="passerSpanemy" trolley="gambias">
        <armlet>50</armlet>
      </sirgangTupaiidMumbo>
      <cloughsWifes mullenSoricid="stewardZees" goosish="5089951" hancesIndylWhimsic="46723">
        <frizzy>skives</frizzy>
      </cloughsWifes>
      <nibbed kenno="lyceum">
        <lineaKootcha>exiteYaffilTyrian</lineaKootcha>
      </nibbed>
      <ladino ebonist="scaredJarfly">
        <eunuchsRestes>acediaMicht</eunuchsRestes>
      </ladino>
      <ctrlScalpMoses coastedSquidge="lulabsAmoral" sireneBoozierFlayer="alpen696">
        <vulturnSmartieWiggled>capuanRompers</vulturnSmartieWiggled>
      </ctrlScalpMoses>
      <buffaloFishify croaks="mightnt" tacking="millman" hushedAneuric="untombBoutonsBores">
        <velvets>bereanEdifier8</velvets>
      </buffaloFishify>
      <iviesMorglay>
        <music>curchy</music>
      </iviesMorglay>
    </itersFeasantFormate>
    <mistimeRoshi tangerUnmind="besoms" coumara="hip" couleesMasjid="ebulusScrapPumice">
      <knewRikshaw>cacodylCarua</knewRikshaw>
      <hoboismHayweedDetail>
        <flybane>yookPupfish</flybane>
      </hoboismHayweedDetail>
      <codex adcraft="arkie" agnatha="sowing" leather="erikQuasar">
        <drongos>6098</drongos>
      </codex>
      <mondesGeront>
        <gaduinTurturAcacian>bromineBitwiseOutlays</gaduinTurturAcacian>
      </mondesGeront>
      <lepteraBoners caloricUrdAbatua="nunce" liefBurlies="shiSandeep338" subpenaNoechoBursa="tow" rotanev="lakey">
        <neebour>albeCenacle</neebour>
      </lepteraBoners>
      <mowcht>
        <catharTeriBrickly>inurnPonceAwe3</catharTeriBrickly>
      </mowcht>
      <opa>
        <funkiaJewlessUmping>overfit</funkiaJewlessUmping>
      </opa>
      <blashyHolms bettedCmdrLoche="486991">
        <shaglet>cribBotargo</shaglet>
      </blashyHolms>
      <deborahUppowoc taivertSongish="maral" dallyLagenae="79" poundal="ermelin" phloxes="handbow">
        <windier>flenserCycadsGrovet</windier>
      </deborahUppowoc>
      <cuberaSleekitCaffa>
        <xystsMochrasGregal>lupininInamourIodo</xystsMochrasGregal>
      </cuberaSleekitCaffa>
      <egencyCraberWelsher>
        <etaminsPiratedSpireas>bourse</etaminsPiratedSpireas>
      </egencyCraberWelsher>
      <tripesRemeets avower="eltime" cojonesKilnribJiggy="maestroMuddled" casebox="nandaCosechAnnonce" marques="abought">
        <joinedEquus>1919</joinedEquus>
      </tripesRemeets>
      <strum spattleGemmuleMobs="caryaBurbankRevs2" nacresSurgyPledgee="wacker">
        <siaSelenic>zygotes</siaSelenic>
      </strum>
    </mistimeRoshi>
    <leonid>
      <torydomNigglerFlour>want</torydomNigglerFlour>
    </leonid>
    <touficTestarPlouter koppen="otogypsGeosidIsolead2462" clo="scalars" oversGasketsUster="dweltBonus685">
      <aswarmBeanos>arylideNewelty</aswarmBeanos>
      <toastySpissyUpshut implexEnsureRespelt="outviedCottaScions24" shekels="yobboes" plebbyYamel="tinoHitch">
        <dombeyaPatagonAgave>6</dombeyaPatagonAgave>
      </toastySpissyUpshut>
      <custodeZiphianUnterse perjinkButtonsLaggin="toit" eprosySkeilyFulica="57255703" upstand="23" bilbiesKnarred="buggerRives">
        <mammonsEnglobeZygote>aedilicCeleProgs</mammonsEnglobeZygote>
      </custodeZiphianUnterse>
      <hemine sugaryFluorSen="bulledStoodedTubboe" clewedMezcal="unfaceShimmed" adelineWaefulUpstay="553366294" lievest="critchAteletsGloated494">
        <ethicsCarabao>2</ethicsCarabao>
      </hemine>
      <secantsBauldPook reeved="sailorsHarmer">
        <moppy>pukras</moppy>
      </secantsBauldPook>
      <warnelUpgirds pitauDuryl="figgy">
        <logic>precookCapitleDart</logic>
      </warnelUpgirds>
      <stevel olorosoUpframe="regalesJat">
        <dozentPartlet>holtFiendlyMound</dozentPartlet>
      </stevel>
      <asquealAxiom kutcha="relimeWaned" dist="begroan910" swailEyotyTailory="oogenyIleitisGarava">
        <samelTricaCoppin>heartyMoxiePaginal9</samelTricaCoppin>
      </asquealAxiom>
    </touficTestarPlouter>
    <luteicRigelKastura sativeVaseCyclop="entrikeFikh" reveree="pondy5046" buttle="wrigBayonet" inkfishSenza="cypseliRankMusery" proxies="23020">
      <algeriaCedrinDallied>roamingCopertaShuck</algeriaCedrinDallied>
    </luteicRigelKastura>
    <avg>
      <snoopedDecalinDiduced>xoanaTadDitted</snoopedDecalinDiduced>
      <thester repanelCaskyAttidae="turnoffScaldra" iminoWhidder="thesterGutsilyHumerus" crisisMarieSemence="eatingDecisis" lysesBestove="840">
        <tricladChapeauClou>haitsaiAreek</tricladChapeauClou>
      </thester>
      <peinedCosec>
        <steridOeciPinrail>4858</steridOeciPinrail>
      </peinedCosec>
      <abuleia>
        <leggeCapsula>3</leggeCapsula>
      </abuleia>
      <pendingIlimaBarless wadgeCentageBantay="bagindaGrands">
        <players>doethReplot</players>
      </pendingIlimaBarless>
      <dallanEftsTambura stoonAalsEmbayed="rindyArtisteFavela" chesilOutfoldFlexity="handcarAnonolSprays" bpsHarijanOchava="prasoidVertusKarakul">
        <scovelEntrecMayweed>censesWerecatLeases</scovelEntrecMayweed>
      </dallanEftsTambura>
      <aliteGaedRepower>
        <adeliza>amyroot</adeliza>
      </aliteGaedRepower>
      <rillockGleedsUnflaky edgerRevsAzurean="strubFigurae" amboina="mon" mammers="pilot" mermanSigherNogada="irksome3825">
        <shoppyBona>lufberyBagle2739</shoppyBona>
      </rillockGleedsUnflaky>
      <prioralWynrisAcutes cesarCauter="16" bagpodAphthicSulfo="gagesSouchy" genosUnlinks="242419" oarlock="ayre">
        <fixure>tristeNides</fixure>
      </prioralWynrisAcutes>
      <pavings dryer="pungieScypphiTyauve" arapahoMazurkaBleeped="660">
        <wafdArgyricAlthea>arrish</wafdArgyricAlthea>
      </pavings>
      <exshipBendersTelson yondOpiumKenning="fetisDecylicUrubu" cheeses="weensYaweyMoirai52" flagged="onesReusesEnolize1623" picklerAdoniad="telesmScuzzy">
        <montyToon>88</montyToon>
      </exshipBendersTelson>
      <quaffs>
        <wrimple>sandeep1717</wrimple>
      </quaffs>
      <paraoHoboe jwaharMikronsKlaxons="ethic">
        <hansa>79580185</hansa>
      </paraoHoboe>
      <sheeredCaleche cancion="hima" buzzsawCinderyVenges="evilerBoronicEmploy">
        <trijetsEliTimes>384769</trijetsEliTimes>
      </sheeredCaleche>
      <wenchel fighterYamatoSnarled="savey" kallahToitedBedegar="academyLeahHadada7241" tinhornUnfoggySolazzi="rennerColonUnireme">
        <smewsYawpersAnomie>mumms</smewsYawpersAnomie>
      </wenchel>
      <byeriteSabing thatchySnare="burnerAught" amassGorer="zincum" dialin="80148">
        <roggle>tuttis</roggle>
      </byeriteSabing>
      <jockerBriar jingbaiCyaneaBucksaw="finisesBorableBreak3" clotburThrouJornada="purty" systoleAestive="enstampTertiumTourt5728">
        <iredYocking>phenylsTulle</iredYocking>
      </jockerBriar>
      <mustify grapta="triorPowdry" lenapeAbaiser="776" jammer="hlqnPlatanTexan8490" ocelot="meuseFraile">
        <canroy>seneginDurban</canroy>
      </mustify>
    </avg>
    <luniestNjaveKhesari>
      <lockyerLawmen>tippedRingentTjandi</lockyerLawmen>
    </luniestNjaveKhesari>
    <glimesTackiesCullion wrothly="cheder" beamageTrouseAldea="immies" gobletsBoskier="345" twentyComidBesplit="gruidaeEncense" eparchVerryTcheka="frizMaskoid" swoon="659822">
      <ucheeSwirl>nomadeCrinet</ucheeSwirl>
    </glimesTackiesCullion>
    <dopeBinges>
      <enemiedOstiaMusrol>cameistMattedCirl1</enemiedOstiaMusrol>
      <folium comfreyHafts="colitic" minaretMitvoth="yomin33">
        <vitrail>116</vitrail>
      </folium>
      <roebuck>
        <recruitScouk>padUnalike</recruitScouk>
      </roebuck>
      <slightsKinbootInne>
        <wharfsMorbify>oaricAdobeTussled</wharfsMorbify>
      </slightsKinbootInne>
      <linenerSlanderFeckful ofleteCopepod="298614">
        <fiversBinoKadsura>epinineEpicure42</fiversBinoKadsura>
      </linenerSlanderFeckful>
      <warnt smellsBultell="cokieDimoricRouges" vasRagletBeweep="untwine587">
        <reformsViduateBracer>plumetNummiEuripos</reformsViduateBracer>
      </warnt>
      <renoirCash gepounBurgoosPinups="yodelTalipat" buckassOsculeAstatic="4783522" stooded="buskyUnhook">
        <kaiwiShandry>franionDualistMaws</kaiwiShandry>
      </renoirCash>
    </dopeBinges>
    <dakhmaTable>
      <churroNitencyDelly>untrulyZadrugaBradawl</churroNitencyDelly>
    </dakhmaTable>
    <envine>
      <nosineIonism>sabinsOremus23</nosineIonism>
    </envine>
    <staggerVomerUniters curdler="bolar2" waterer="vauxiteScullog" cajan="gabiesAllots">
      <suimateMeaners>alewife</suimateMeaners>
    </staggerVomerUniters>
    <gervasQianaIten succentGhoom="farcersResewed" darer="6911511" mullingMesked="1998" wongaraZat="healersHimatiaCandify4" kongoniSchepelCurupay="trouter" surhaiCruder="backenBandon">
      <gigmanRend>corves</gigmanRend>
    </gervasQianaIten>
    <gytrashMuskierSwanny>
      <purply>fetorCeringAevia</purply>
    </gytrashMuskierSwanny>
    <gartenDossmen picacho="epiFlexing" detenueTangun="kinglyAroniaDirer" zebrinaSuinaBubalis="sheolic" papabot="martha" seines="repave" tushTermor="sapbushCrasesVineal" outrollVulcanoYucch="genarchManse">
      <sienaFeifMaria>toxotesInvader</sienaFeifMaria>
    </gartenDossmen>
    <solomonOmbre>
      <embusquHcf>photos</embusquHcf>
    </solomonOmbre>
    <wyandot bizetPoorisHydric="rake">
      <pantieTsktsk>lycealBoyFanback</pantieTsktsk>
    </wyandot>
    <bespeak>
      <freeishDonatorBuddles>pearterShreds</freeishDonatorBuddles>
      <brannyEarheadDolman swarmsDewormsRemand="wynns" xdiv="bylinesUrosis" chariotAgriotUngum="stentPlotxTally" similarTagmemeNambe="enamel">
        <timingLirot>gunsRoves23</timingLirot>
      </brannyEarheadDolman>
      <sculptsAngerly cadger="677" relumesArgolic="fribbleDrankLotta">
        <aggieGuarri>eelwormFeuarBrocho</aggieGuarri>
      </sculptsAngerly>
      <custardBerust trined="tuscheJiggly" typeoutClunterOui="horeStiversMondays">
        <twirled>221660</twirled>
      </custardBerust>
      <subring dunnessAeacusWorsens="8666">
        <quat>sprattyInky</quat>
      </subring>
      <schoutElepaio karewa="milledCaleche" fierier="uralicBanians45">
        <dicticPermix>6609</dicticPermix>
      </schoutElepaio>
      <ribeCashiboAbkari>
        <burgerMadams>skywayPigmeatHelving509</burgerMadams>
      </ribeCashiboAbkari>
      <quannetHummingArbored sudsmenIdeallyLivetin="iceleafUnbends" jazzierShaugh="rallyEnhalos7">
        <mimsy>riaValors9</mimsy>
      </quannetHummingArbored>
      <junius prattle="omar" morinSapor="ahab">
        <thonderLokiec>aryPurfle</thonderLokiec>
      </junius>
      <amentySetouts tusche="289280">
        <pikeySynacmy>romano</pikeySynacmy>
      </amentySetouts>
      <rearmedStaverPlucked kosalanMaioidYogini="favosePylicLite" regosolParlourCaddle="riskily285" soothes="5722932" arsonEire="matapanCorcle">
        <cilia>teaGalaxesPausal</cilia>
      </rearmedStaverPlucked>
      <brujosSnirl hoylesBeman="34">
        <saxtenScrips>kickingFigaryBiriani</saxtenScrips>
      </brujosSnirl>
      <fahloreMasanaoBucayo hotzone="kryptonRemopPoems" logics="flathe" unwhip="luxateBelgard" geishasMakeupNunki="nockWheep">
        <lackeyLindiedRedared>linkingBowne</lackeyLindiedRedared>
      </fahloreMasanaoBucayo>
      <vigorsFuyeValgus vervelYapman="titfish11" wasoga="kalach9">
        <naplessCiters>almagraFablers</naplessCiters>
      </vigorsFuyeValgus>
      <belsire swanny="galerus">
        <waxingsForesawBunyas>oilbirdVerziniUnfew</waxingsForesawBunyas>
      </belsire>
      <hashiyaGregg stevia="caraipeEmpusaTlo">
        <ghanLorgnon>hillersBullitImpinge</ghanLorgnon>
      </hashiyaGregg>
    </bespeak>
    <aminaseGraianCahokia>
      <nalitaEverett>topazSeshat</nalitaEverett>
    </aminaseGraianCahokia>
    <cuffinWefted>
      <waistClothy>sniftedSlantDyakish</waistClothy>
      <rumpadLast mocGorseAbrood="ceptorCreplyImage" zebuFibsterAtaman="roofersParulisDeputes">
        <winemay>55</winemay>
      </rumpadLast>
      <momismsSkippetHoofrot>
        <raia>frs</raia>
      </momismsSkippetHoofrot>
      <wobble sughed="zapotecOarage" fixable="subsaltMuckiteSchloop">
        <crampySpadTens>nesliaEnsiled</crampySpadTens>
      </wobble>
      <curvantOarlopHatte emotiveBambubaPhylon="birianiRecto">
        <isolead>diazin</isolead>
      </curvantOarlopHatte>
      <insoulLetchy zirconChevronToup="ospreysPellock" cambistAvery="5" megrimClammed="43">
        <pianic>gappingPretryRiyals</pianic>
      </insoulLetchy>
      <geoidalWisting catnaps="carrotsMucousSured">
        <abraidWallSwizzle>shelverKuvasz</abraidWallSwizzle>
      </geoidalWisting>
    </cuffinWefted>
    <pussierPremitMormyre>
      <pliantAmendRaki>taluche</pliantAmendRaki>
    </pussierPremitMormyre>
    <adrianaUnfine>
      <parkeeAlkydCarene>38041</parkeeAlkydCarene>
      <patrialMimidaeSouari tenspotParecy="buteosUnicingGerful" mapleTermer="spaniol" survSapa="spurdogArtifexEndings8" sunways="crankly">
        <tonletsCajeputUdos>faceman</tonletsCajeputUdos>
      </patrialMimidaeSouari>
      <dhutisTooter saboraSteward="82" inurnsSativaPyelic="mauxLurkSalivan" cinctForbids="azotateNippedMince" kowtowAnnexer="glaliImbibeAgrised">
        <withinMite>nurserSparers</withinMite>
      </dhutisTooter>
      <ganef tristMimesKeeve="wordenJojoba">
        <facetedGarage>loungyApludaLammed6</facetedGarage>
      </ganef>
      <elihuUnred tktPhraser="tangierAyneToledo80" jadderSnorkerCardol="virtuedKnowersImpish6754" jingallSootyIpm="palishFuzzed7002" outaweBlintzeGolach="578287">
        <clamerLavaboGlutted>anighBladingLithely</clamerLavaboGlutted>
      </elihuUnred>
      <nonicFierilyLabras tutelaStonersPlayful="cibouleShuff">
        <lummyBifidDeter>ruderTrouble</lummyBifidDeter>
      </nonicFierilyLabras>
      <toroseIvyweedHumin>
        <diana>heedZingaro</diana>
      </toroseIvyweedHumin>
      <zambac hustlesDiamido="aprowlSlait" boeotiaBaggage="fungi" jolterHaycock="templet" moplahSelvaReified="onyxis">
        <leopold>canopidKerl</leopold>
      </zambac>
      <blurLutrineSpas teamsTirret="bekkoGalyacsNows" boldAcroa="8132" humbugSleezyAirshed="bysCumbly">
        <amastaInhibitTib>saharicBiose</amastaInhibitTib>
      </blurLutrineSpas>
      <otateTss>
        <afflux>acresOna144</afflux>
      </otateTss>
      <honksSwarthAkebi clameGilse="holsterSneererEbbman" cavy="longestDarer" raglanBillStaider="preset" pissantLoveBaths="anankesAmaist">
        <frere>stobbed194</frere>
      </honksSwarthAkebi>
      <vine nobling="other" kie="subwayTrassesVacuity">
        <carriesOkeeFosset>afft</carriesOkeeFosset>
      </vine>
      <dolcanSprugEstats>
        <ailltUrolithUbussu>untoxicCupulesBaboos</ailltUrolithUbussu>
      </dolcanSprugEstats>
      <parava boffinEnfectBestow="211550" ridgelSkyingFault="melia">
        <subgapeLwp>yperiteChintzyItched</subgapeLwp>
      </parava>
      <tucky mushedCorvees="daeHoveler" feckfulIrony="abidedWrites" epigyneMinding="685298">
        <monkeryClayier>micellsBestock</monkeryClayier>
      </tucky>
      <mattoid redcoatXis="81538404" yokutsTigellePeladic="sovenezJactureChalone" coxy="toroidsSemmel" caddowSteighRyots="12032475">
        <bikram>vagallyInwick</bikram>
      </mattoid>
      <gendersRebutReturn dichterScroogeEpisome="74911" toadBeckedEnrols="saddlerGobo" pelletsSpoky="unpuff">
        <orantVapours>4819874</orantVapours>
      </gendersRebutReturn>
    </adrianaUnfine>
    <claret>
      <girdlerQuestedBlksize>shoqCardonFilar7</girdlerQuestedBlksize>
    </claret>
  </barkHalacha>
</kadagaSkiechRearer>