<?xml version="1.0"?>
<croceusModernsBeati>
  <jokyUpdelve nashim="lekanaiPosersYawping" toolsyWheyFineish="minotLampsSclat" maghiFanners="riffi5" goasKatmon="peesGilguyOrdu">
    <eyeshot grolierBebeast="10583598" caabaTurkess="lancerTakenAlumish40" ulcerNuggetyLizards="529" cabbedPertestAvern="dolleyMightsPangens">
      <catcher>remarkKiotomyGraupel</catcher>
      <scenesRainLawlike exudedHath="thivelNebulyVulg" tent="alopElopingBight">
        <miracle>racon</miracle>
      </scenesRainLawlike>
      <hemodia pummels="airwiseUnhero" actureTinters="meropesNihils2">
        <mirroryMcphailActuate>egboAssumerMerlons</mirroryMcphailActuate>
      </hemodia>
      <buqshasBirddom unsolvePeladicOxanic="9" shamer="alooseDecayer" wansomeDipppy="fuelsCheviedMorlop" firring="crubeen">
        <forgrowCherryWahines>decantsWallagoPipped</forgrowCherryWahines>
      </buqshasBirddom>
      <falser mottosCrucesAdrent="875755671" dornBize="jellilyCutlers27">
        <upshoreJaburan>borhAbacasKerchoo</upshoreJaburan>
      </falser>
      <abduceDeviseHarmel blingerSmaltos="535" muddlesAsweve="osteoidLoggias" frazedPanicleEral="ixodicBackhoe" oxbrakeAdorner="bugTaxesCorta8">
        <eastsDirhemNonomad>oceloidOppugnsHod</eastsDirhemNonomad>
      </abduceDeviseHarmel>
      <triarch dimane="53823681" remock="putts">
        <douping>copeckYajeinDeaves</douping>
      </triarch>
      <testyUrgeful cozesFartingLagetto="hsuan5797">
        <vitricsAsop>14648762</vitricsAsop>
      </testyUrgeful>
      <unspellDecker peags="94166" cobiasIsonym="78" purgesMopseyImit="topping" unposedChasmaUnslung="severalSponton">
        <belong>83656</belong>
      </unspellDecker>
      <tutoyerCoranInwrapt screwsTubasCaudex="99968975" toeing="crawtae" tylotusSundaes="gasconsDilemi">
        <pilafsBoarderSounds>mendolePyropes</pilafsBoarderSounds>
      </tutoyerCoranInwrapt>
      <chromylDayal>
        <goo>guides</goo>
      </chromylDayal>
      <djebelsMarinalEpigon probersGrilleSixteen="955419">
        <fugledActiniaAlps>swathedPardonRhagite</fugledActiniaAlps>
      </djebelsMarinalEpigon>
      <startorBrushup rayanMaragedStret="princesEsquire">
        <kerning>1</kerning>
      </startorBrushup>
      <nonfluxIsoline bagwynSitulaeAcutely="heave4" havior="kizil" hogoGavageShrink="aspirerLatax" socle="martiteSubness">
        <abdiel>aeciumQuietly</abdiel>
      </nonfluxIsoline>
    </eyeshot>
    <psettaUnsonsyBitsy trained="miniousRastyRowdies30" jagat="3869004" laquaisTunic="17808082" lameterLookupFemes="repliesStatice" smatterFossor="theezanIschium">
      <vajraSundar>shrivedEmittedIdrisid</vajraSundar>
    </psettaUnsonsyBitsy>
    <edifiesEpitaphGowk>
      <morphon>1</morphon>
    </edifiesEpitaphGowk>
    <amicusRarifyGabbler calixRimless="22458" amoraicCabob="mineryCatmint6" bebotchRathole="appallPhidiac">
      <atelier>tye16</atelier>
    </amicusRarifyGabbler>
    <taaCouldna>
      <talionSlidersSupvr>592215</talionSlidersSupvr>
    </taaCouldna>
    <entierPizzazzRaioid casket="sisel" salinas="catodonScalopsGurge" mamushiMalope="310485" sayyidBajau="goidelLairdieHoboed">
      <kodagu>sarplerGlassie</kodagu>
      <slad vitreum="92814">
        <raggilyInliers>bemiredDidus</raggilyInliers>
      </slad>
      <sturtyCaroch gazesPubsPoonah="rarifyJumpilyTema" sheik="sec" maistJurata="yanBopyrus">
        <pfcResales>diseur</pfcResales>
      </sturtyCaroch>
      <renoneFungalsEpacts clammerYaruPurdahs="1" raiidaeBurseed="kozukaCoreidBringer">
        <bestainUntinSoldans>hunchedGaus</bestainUntinSoldans>
      </renoneFungalsEpacts>
    </entierPizzazzRaioid>
    <vivasHermaCamenes>
      <mowableJemmilyTinguy>55233573</mowableJemmilyTinguy>
    </vivasHermaCamenes>
    <clamber>
      <gabionLangiteUnpanel>bewwept</gabionLangiteUnpanel>
      <overcoyDowning bungee="guslaWoilieGloea" bortschBow="ungrainScutter7" dirledWickedSynods="5596711">
        <genetteSyphonsDreegh>lasted</genetteSyphonsDreegh>
      </overcoyDowning>
      <twankDowager componeBrevaNipples="47528" ludlowBulbuls="storken">
        <sicca>9498</sicca>
      </twankDowager>
    </clamber>
    <homerStover>
      <sneadUgricHaptera>7</sneadUgricHaptera>
      <peplumAmerced darghinBallade="656520141" rougingEyespotDiptote="fargood471" roguing="mislayKitharaFaecal" ghazism="canetonBrickly">
        <kefirsAnoilLongbow>sobersPipedVenders</kefirsAnoilLongbow>
      </peplumAmerced>
      <adelingUnderfo killer="belueLicour" wrible="noreBoronsChaui" banded="jabul3433" sheafTrumpetDesand="spiledKeeled">
        <savingOlympic>mismeetTigua</savingOlympic>
      </adelingUnderfo>
      <chudeGazingGladful obelisePentitJennet="adreninNoint">
        <baulkedRuesome>muspikeBepity</baulkedRuesome>
      </chudeGazingGladful>
      <hangman dooleeYuh="723457031" outmansUpbuoy="alcaidDrillerColmar">
        <dieselsNesses>12</dieselsNesses>
      </hangman>
      <gaderAdatom brazersLynette="70" puleynEvadingCentref="yealingMispageWeiring">
        <messiahConga>lauroyl</messiahConga>
      </gaderAdatom>
      <overhitBandora daut="jackiesLocableBemire">
        <unde>furzedFatimaStoai</unde>
      </overhitBandora>
      <dinky>
        <peggyIncagesWoodrow>mesicJuicingStymies</peggyIncagesWoodrow>
      </dinky>
      <juttingNgapiArdency adyttaPlaysForth="glecomaRecoinsTebeldi9746">
        <suboxid>lotusesYodlerMenyie188</suboxid>
      </juttingNgapiArdency>
      <tomiaEluates bedebt="16873" aloofChirino="doceticUvaGraplin" cabaret="ceptorRetrudeQuasar">
        <caceiAmidismWaymark>niepaPebanUntorn</caceiAmidismWaymark>
      </tomiaEluates>
      <tsade naggin="chirrBarlowBysen" bemaimOphiteRoods="shiveryTrysted" content="9723" amnesiaDare="indyKaffirs">
        <egoAbvolts>dwight</egoAbvolts>
      </tsade>
      <dharnaBenoSantirs>
        <reeded>hoagySkewy</reeded>
      </dharnaBenoSantirs>
      <begripeSorosilSambhur oocyteBoonies="picariiWawlsPavlov" jubbahsGond="7">
        <linesStroudPiebald>164669142</linesStroudPiebald>
      </begripeSorosilSambhur>
      <gimmerBonders rackers="palmingMutases">
        <oriel>duvetyn5522</oriel>
      </gimmerBonders>
    </homerStover>
    <jibbersLansat>
      <colouryCorbeWhippa>habusSixfoldDomoid</colouryCorbeWhippa>
    </jibbersLansat>
    <leukPurged amnesic="smithamSarongsVoicers" matreedBridoon="sechiumEscalan" commyRevokesNickery="chorti802" faust="rissolePoti" beleed="assisGemmel">
      <arimaspEsculinJnd>wup</arimaspEsculinJnd>
    </leukPurged>
    <drossyCannula>
      <stellasBumbeeRipsaws>velaricMakersDaces</stellasBumbeeRipsaws>
    </drossyCannula>
    <disarmKoldajiLehayim vivekDiddySnocker="uprestCabinsSiemens" huntArgh="redcapVeneti26" yatiganJewingRoosa="21014725">
      <wainage>dansy</wainage>
    </disarmKoldajiLehayim>
    <usedGanef cardsHapaxesGymnura="1646375" donatioBarringRetold="coppice" pinweedMoplaPecked="gummic" cokieSimuler="shiplet" linaloaOofiest="appeaseVrille" octavdEmitYoicks="syconiaAmylinOddness">
      <nowtPignoraTowser>quavery</nowtPignoraTowser>
    </usedGanef>
    <oboistNaturedMisfare desuvreSoutage="733083">
      <knottyEructAnelace>809</knottyEructAnelace>
      <finny congo="1">
        <decenerBelatSixsome>twofer</decenerBelatSixsome>
      </finny>
      <bemadam durbarsStaler="infers" harem="moha" rariora="accusorFirmsAdversa" calfsThacks="frore">
        <shellacYogurtsNaither>strungClaire</shellacYogurtsNaither>
      </bemadam>
      <quassia>
        <badmanPereiaTerata>porkpieOolithsThairm</badmanPereiaTerata>
      </quassia>
      <bagel buddage="parties" sadist="filmilyWheenge" aphelia="anatoxFlashet" choices="retruse">
        <itllGloomyMudders>hashingVigninJude</itllGloomyMudders>
      </bagel>
      <vistaedFidgingCaecal>
        <bribriHoard>hellyGoggled45</bribriHoard>
      </vistaedFidgingCaecal>
      <counite hockeyWottestNatu="bosniacGuilds" blesmolNovelleTellus="riffledTrainedLooter">
        <sajou>inshellWindzUrsine</sajou>
      </counite>
      <gabiMealierCockney outflewBecivetBanzais="restungSweepup" bluefinDrawlTahali="katsupGenepStrung" wimickUmbrateXxii="64499932">
        <bessesBudgeIsotria>mnioidOutcant782</bessesBudgeIsotria>
      </gabiMealierCockney>
      <miasmasBathingBostal towsonSakel="loxodon" glumalCoupled="baywood" solomonShivoos="morbleuTonal" phenixBloody="neonKettrin">
        <sewers>langcaDresserUnpen</sewers>
      </miasmasBathingBostal>
    </oboistNaturedMisfare>
    <reseiseErses>
      <reactSprag>boogieSirupy</reactSprag>
    </reseiseErses>
    <excidesSkipman aperyPleonUndocks="grueledYecchsManjeri">
      <hobblerGossep>136196277</hobblerGossep>
      <grypeBabydomCognati euge="woulfeInosite" slogansHaleniaSapinda="tummockKibble" azande="adminRoudasJowari" humorMiteTeated="goldingNashgabNestles">
        <piquMisky>descure</piquMisky>
      </grypeBabydomCognati>
      <fishierWendell>
        <woodbinFrogletHamzah>submanRadient</woodbinFrogletHamzah>
      </fishierWendell>
      <duantGruffyPhiltra>
        <olentBleckClodlet>poutierSweertKefti</olentBleckClodlet>
      </duantGruffyPhiltra>
      <armada upases="hushtGentyUnkist" kashmir="3137" spl="mostingDosiniaAdvises967" linker="alchimySartishCowbird">
        <luterLadanum>proleMetagesTalker</luterLadanum>
      </armada>
    </excidesSkipman>
    <forebar>
      <wannishCrayer>costingKumysBirdy</wannishCrayer>
    </forebar>
    <kimonosKonakUngum>
      <bracingWans>7</bracingWans>
      <carajoWeirdy fauces="pellate325">
        <huso>benzilSaronic</huso>
      </carajoWeirdy>
      <vimpaAcequia>
        <wab>shaffleEtrogsBlacken323</wab>
      </vimpaAcequia>
      <farrageStainNonevil>
        <shendHolderHalving>22</shendHolderHalving>
      </farrageStainNonevil>
      <housageCapple begaud="527807" schout="16" difform="abjuredHisSuer">
        <cedrene>kameSowfootDarksum</cedrene>
      </housageCapple>
      <squdgy orachesPhajus="8984">
        <subpar>depictsNeuston</subpar>
      </squdgy>
      <untire hurdsHond="64146" hoofishLaniusHornie="cockierDowelNog" rimePlimsolJuicier="boldoMarkeryAbidden">
        <romancyProxBibb>inadept7138</romancyProxBibb>
      </untire>
      <haplessBruciaArni>
        <forming>beddingCloyedKenelm</forming>
      </haplessBruciaArni>
      <thingNuzzles>
        <tuttisMinced>bundle550</tuttisMinced>
      </thingNuzzles>
      <rapistsWisteFiercen unwhig="viagePolskaOrage" darnexPurline="acnodes">
        <snagsGalla>peeryOofiest312</snagsGalla>
      </rapistsWisteFiercen>
      <suavityCassianFumer unmindExiled="tubuliInomaDosses54">
        <carretaSpear>mochasBoldos</carretaSpear>
      </suavityCassianFumer>
      <warwolf>
        <enwovenKuchens>bannsSceptry</enwovenKuchens>
      </warwolf>
    </kimonosKonakUngum>
    <cocottePrebid>
      <odell>oinomel</odell>
    </cocottePrebid>
    <zygalBet>
      <costlew>slakeGeodete</costlew>
    </zygalBet>
  </jokyUpdelve>
  <eyasesFomites handily="505730200" />
  <bumfYadimVows hexers="938" inflameIdlers="arcite" hennaed="tirwitShahi">
    <scawd>
      <echoistWirings>chainAbidi</echoistWirings>
      <matteryCrappoWries yeeInchantSpading="pointesPlaiter8592" punkasCeriphs="aimlessLallySimp" melinaeMoonlet="nonfactUrinateHoverly14">
        <permixIdylsSipes>carpusBathylFuchi688</permixIdylsSipes>
      </matteryCrappoWries>
      <vialsCryptosPalest japerPillingOrpines="379129220">
        <langoTerning>insetsQuendaTopi</langoTerning>
      </vialsCryptosPalest>
      <ludian humbler="travAmpassy">
        <pinfish>frecketWalkieJonas</pinfish>
      </ludian>
      <semital fineCock="oleicBoded1376" unpave="jutic">
        <smilax>virtusGelates</smilax>
      </semital>
      <eveckStanedRomeite cordonZakkeuBohea="867921" nigori="munsee5">
        <hippleTunyLalling>benson984</hippleTunyLalling>
      </eveckStanedRomeite>
      <gambiaeAcieral birch="reddle9">
        <unlawlySpaught>locoingScended</unlawlySpaught>
      </gambiaeAcieral>
      <pegged>
        <bezique>wedlock</bezique>
      </pegged>
      <pearchOses strey="knollerDpt" stadiePieceTetrose="ketonesSmudged" hobblesMorphonVeenas="styrone">
        <imponeSemelYaxche>6</imponeSemelYaxche>
      </pearchOses>
      <jeeLoss liquidsTouchup="octode3559" kamelSkepClapnet="beknowGobble" ptyxisAbrazoPrastha="clownedOedipusFavela" bugletAmnicFocoids="histerGypsiedRumba">
        <cesteQuayed>carmel</cesteQuayed>
      </jeeLoss>
      <wese cribLaithlyReclear="spsBudmash" decolor="saquaroText" maracaTaglia="8079" ethidBechern="memoireSwabblePanamic923">
        <caamingSkuasOurn>gunnel</caamingSkuasOurn>
      </wese>
      <redeedCruseJowing covetSleek="edwardsMydine" sponson="gerkinInsideZaffer">
        <renovelPunningLaddery>chewingCiaAngels1</renovelPunningLaddery>
      </redeedCruseJowing>
      <fichu coreeTzetzeMalling="deairedGamefulApinage">
        <reslateYogi>sidOilcansHailse</reslateYogi>
      </fichu>
      <winiest mowthBidders="richAnswers407">
        <nacrousWambled>passataBergereSuffice3</nacrousWambled>
      </winiest>
      <oxyazoUnchurnMaut remeltClock="verandaEarbobLynxes">
        <basking>fogus</basking>
      </oxyazoUnchurnMaut>
      <graphsZoccoSilexes stewbumRedfishWaters="charreSeptsArse" marlenaScungeEnough="unrimed">
        <ayinJacanas>quiriteDrake</ayinJacanas>
      </graphsZoccoSilexes>
      <refugesAgathinLaggin sigloiNombril="afb" gauzes="rivesCuviesIzar" earsh="astreamExcreteCuddies" magismUnsmart="skimp">
        <saury>candysOakland</saury>
      </refugesAgathinLaggin>
      <ribald pavid="nahane" iseritePinnateElrage="cyamoid">
        <cessedYeldrin>smitingWindows</cessedYeldrin>
      </ribald>
      <draymen franklyMeakingTimpana="46999" scotizePifferoInhauls="ureidesMuriate">
        <gulpinStovedKidnap>hine</gulpinStovedKidnap>
      </draymen>
      <choileRewax raptCarabus="conkingGrylliBlaw439" hulksCrotyl="wonningLeucin" terra="gauger">
        <loudSellaryExtorts>spoilerHadithUnsews40</loudSellaryExtorts>
      </choileRewax>
    </scawd>
    <harv>
      <pinacesUptuck>degloryNucleal</pinacesUptuck>
    </harv>
    <illapse scraps="battaPuggish" cachou="tithingRusksDivine3" carseRaping="couterNude" coltersGasohol="60" infitSquaderAbd="basnatFinnackReback">
      <silty>gatsWiseguyGamely</silty>
    </illapse>
    <chinoneManikinBannock sudateMoetInbond="writhyDepe" calesin="416" steeple="midgesRebopPeined" crazily="huskies">
      <coining>1053</coining>
    </chinoneManikinBannock>
    <chylesShawanoPolitic>
      <sped>renduTantawy</sped>
      <medakasBurger>
        <kelvins>521981753</kelvins>
      </medakasBurger>
      <summityKavika junketBurweedSilents="185636" rewhirl="7895680" untapedHumors="5" lignoneGaroted="pupa">
        <crcheEndjunkPlutter>quaichEbbmanBrandy</crcheEndjunkPlutter>
      </summityKavika>
      <modus kummelTaro="livWashman" podder="cicone48" picket="intextPolyp" banyaiRegencyTraced="petziteDeady">
        <jowlierWunteeYacked>feiBatiksEmforth</jowlierWunteeYacked>
      </modus>
      <howdiesUpget platieAsepsisBlinger="71870465" izchakFlair="centra" dumpingLucumia="coops" chechemSadh="53">
        <coyureRewanKaraka>wotlink64</coyureRewanKaraka>
      </howdiesUpget>
      <billianBarhopsMidpit smears="endited" atma="baiza" tooler="alignsPioxeCowroid">
        <coynyeFoggier>that9308</coynyeFoggier>
      </billianBarhopsMidpit>
      <loosing nepalCedrus="802" rundiFlams="isotoneWhiffed" moxoAgent="thievesNoisingPrakrit">
        <linecutBiddingMaco>94</linecutBiddingMaco>
      </loosing>
      <eutaxyPopinac bombingComtistShamim="dailySerifsAtaunto" coomb="poinded" clawing="azidoHedgersScatula">
        <awaiterGowningChevon>homerSeguing</awaiterGowningChevon>
      </eutaxyPopinac>
      <rostel idoistChicestPolers="confab" malouahPurerSett="5150784">
        <logjamChirl>838284</logjamChirl>
      </rostel>
      <crozzlyBushes williedCalgon="firmans">
        <agneau>fusibleDefuses9055</agneau>
      </crozzlyBushes>
    </chylesShawanoPolitic>
    <timbalsErodent>
      <turbo>brakyMugaVenetic</turbo>
    </timbalsErodent>
    <gulletsTapnet sloosh="keymenRype" copters="subarch">
      <qaidDon>indearHiguero</qaidDon>
      <southed kyleTatsmanFoin="testeesQuadded5" toutingSudorArcades="plagula">
        <stokers>lowable</stokers>
      </southed>
      <trowelDeblai leftism="traders">
        <boylasAtheous>wappDodders2</boylasAtheous>
      </trowelDeblai>
      <bideryPorta>
        <shurfPaneInglobe>moduliAdoresPorrima</shurfPaneInglobe>
      </bideryPorta>
      <custard>
        <abietinPigsBelauds>beckPleis</abietinPigsBelauds>
      </custard>
      <agluconRemillPogrom luxusFlatheManes="642459" testons="kingpin">
        <peotomyPomphus>sheiklyDoupion937</peotomyPomphus>
      </agluconRemillPogrom>
      <hamfareDigsRebush orexin="697" achioteCommend="molosseRamanDoddies" erotics="bundeli" racemedLivian="planuryWipe218">
        <jazzmen>380</jazzmen>
      </hamfareDigsRebush>
    </gulletsTapnet>
    <parvenuLocatio tale="581513420" extineClangsAmong="witingCorrade8403" zeist="mesemPekes" detainsCaved="biozoneCats97" magmataCheeses="bull513" sandbin="sleathy" vendChalah="6223">
      <noisily>2</noisily>
      <adjutorGadite>
        <dopers>helpers</dopers>
      </adjutorGadite>
      <shamoy>
        <turturBestud>loxodonManboteTreble</turturBestud>
      </shamoy>
      <amberyPalatesTawpi romano="affaTanrecsMila">
        <equiniaDonisSherbet>hanuman204</equiniaDonisSherbet>
      </amberyPalatesTawpi>
      <sabianToughie caobaRuiners="648" phasemy="pusgutBeliers" stra="upturn" temptBiontSuaver="midleg">
        <cathole>3142902</cathole>
      </sabianToughie>
      <kenmpyMedocPomolo tissue="podsolsOverfedSoaping" wondie="polianPamirNiche">
        <anaemicPeatmenRoups>sortEnamineUndock</anaemicPeatmenRoups>
      </kenmpyMedocPomolo>
      <tuglessTampoyHulchy scazon="29" vitrail="5380" puddockArterDinghee="dobosCivvies" talcumTskedVexes="aeriestInferSunward9">
        <melam>comediaFackScalf</melam>
      </tuglessTampoyHulchy>
      <chimlas ivoriesDeforse="gibletsDiastem">
        <wankelErotica>sobsVagancy18</wankelErotica>
      </chimlas>
      <pulquesAhiCerion smeekedBoutre="pipping" destuffRobs="clethraFagara93">
        <paopaoNiacin>chillyTaprootAbdal</paopaoNiacin>
      </pulquesAhiCerion>
      <flisky golly="708945" misdaubYaoTroolie="raccoonApxCentena">
        <hgwyLasque>taking</hgwyLasque>
      </flisky>
      <uxorialObeish bedsBeclart="yelpsGowned" comusLionne="sakerUnpopeSenega" kitamatMoorishFoliole="prela" hesperCiscoRetled="syn">
        <besaintBridieAvulses>omnium5737</besaintBridieAvulses>
      </uxorialObeish>
      <teleranCabiriRiksha goer="greiges" radii="ruffianSclatchAnahau283" zapotaSich="74053">
        <jowingMayoral>chanca</jowingMayoral>
      </teleranCabiriRiksha>
      <choesDevest purplerGuaraBookish="devisalElatineConelet739" voyagerProsapyFinery="limned58">
        <roaringRubicon>cofinalPycnic77</roaringRubicon>
      </choesDevest>
      <oustOpacus lutists="upboils">
        <dumbly>vepsCabbagyPreheat</dumbly>
      </oustOpacus>
      <ogdoas habenarJakunAcumble="illicitKarma1">
        <sextary>1912</sextary>
      </ogdoas>
      <luaus knollerOutkissLogans="whipcatScabiaCorkite" bergere="martingLorries">
        <kirking>mutedBearcatPantile</kirking>
      </luaus>
      <afresh walled="poitrel">
        <garishCutup>hazanimTrampGenera</garishCutup>
      </afresh>
      <sym enamiParis="tapuyanUnampleDiner" kotowed="peonLaqueusPigherd" tendryAsps="aldoseCamanAreolar">
        <pups>sradha</pups>
      </sym>
      <catcherEnwraptOngoing anselRadar="meadQuires" bimahDrubble="passantDrugge859" doloseFleerEphori="delim">
        <buretteDemons>coning</buretteDemons>
      </catcherEnwraptOngoing>
    </parvenuLocatio>
    <alkoxylCoignsRud passels="parleSparver" geneki="hackletCamas" gaybine="undosedHardockUndosed" quipus="pealikeChowing">
      <snasteShibar>7610114</snasteShibar>
      <squaresOakesia kilanSaltily="october" ingNeil="ligateBrrrMissuit">
        <parilia>joyhop</parilia>
      </squaresOakesia>
      <golfdomOthmanZootype newerDrainer="upby394" enkiduNafAnatta="3013">
        <plaque>incasesMoieter</plaque>
      </golfdomOthmanZootype>
      <paringNaam adductsFatlyGusting="hostage">
        <begashSolvend>malaGenitorBumpers</begashSolvend>
      </paringNaam>
    </alkoxylCoignsRud>
  </bumfYadimVows>
  <hotrodsSidder uphills="87550" alepoleUnswing="144872892" cardiodRoadingYuccas="smithsFunnel" gangersTucanoAirt="beday" />
  <pedroRefeed rapsSoapers="11366024" luteMansAshcan="cowshutSundek">
    <routineJulidMinas stipeEnation="liveredSewedBesteal" staning="58861800" poplet="tss" deedierAdorner="290">
      <smoochyPrahus>gamInactKokoon</smoochyPrahus>
    </routineJulidMinas>
    <adoLagnaUnvext seiren="couplesTeapoy" bugongHamalParodos="duskPotdarMazzard">
      <orterdeTsks>rivoHulloesFungite</orterdeTsks>
      <evoeSerows winoFerretsPeeke="81194" encampsSirexLamina="1" prostasStatalIph="eremite29" futterHolily="udish">
        <burdens>deadmenFidac</burdens>
      </evoeSerows>
      <stolons grooperWalls="animDumpledIchnite" unglobeTuath="ebcdPorion" shaheeToustieUnbale="poisersInitialCalves" gapperiFrieda="foysenGeonomaSwatow">
        <daphniMumming>ergalMeropia</daphniMumming>
      </stolons>
    </adoLagnaUnvext>
    <ermineLinon airySloids="chafe" vial="24343" focsleToxemiaPikers="6282712" bugeyesAcadiaHom="bisks" scarfOxamicOilcake="transeXiiUnrun" hear="pharm">
      <beseige>78942</beseige>
    </ermineLinon>
    <clumper>
      <ugaronoSpoofed>prev</ugaronoSpoofed>
    </clumper>
    <scottyOvalityFowlery>
      <platers>jatoBwanas</platers>
    </scottyOvalityFowlery>
    <pedicel>
      <ortolan>kittleHyoidsEolian</ortolan>
    </pedicel>
    <latchedSoften>
      <jibberChacmas>wackUmpty</jibberChacmas>
    </latchedSoften>
    <shabashMendiSkirter vagancyEconomyBetaine="infima" raylessMizrah="52" urosomeUmpsOdeons="mummia" cangiaCrzette="assails" fociBalata="talasTortieRavines" facileCornein="41167">
      <scheneUnjolly>27689501</scheneUnjolly>
      <outsay huswifePtyalinRattish="tinsmenTombakPtyxis66">
        <capanneTamisesInduce>puraqueTricornEncased</capanneTamisesInduce>
      </outsay>
      <poopsAgnamed friarRummagy="rejailKeysetsNewport" goonieAgielBandi="987294" ronions="974" dirk="vipera7662">
        <quotid>jaobReamsFreedom4</quotid>
      </poopsAgnamed>
      <maars>
        <teer>bibbyBuckie</teer>
      </maars>
      <teapoys embowsEmitCoonily="urielBeltwayCouthy" appdPahariaBarrer="jibsBumfs" chiviesKillow="scaletStufferLuckily" becladStuffedKomati="beloid">
        <sothicDowve>hingGuango</sothicDowve>
      </teapoys>
      <ardor boson="fob">
        <ichorsSkidoos>lutraHuggle</ichorsSkidoos>
      </ardor>
      <nebulasHelide sorceryHolden="elytrinBaptizeNosean" vauntStrapsWeirdo="nummaryDipnoidMeiosis" yawpApparCotte="genekiOolak" zayatAnchoic="unlunarTpke">
        <bogs>16973162</bogs>
      </nebulasHelide>
      <rudders offpayIodidsPerse="pashingWools" clarityHolydaySilicam="guldSundays">
        <emergesAtaman>7</emergesAtaman>
      </rudders>
      <algesiaClavate gossip="54241412">
        <repastsSavelha>ejected</repastsSavelha>
      </algesiaClavate>
      <nestsJowlyAmoving jagataiBewailsZingers="moison">
        <elfship>amarna77</elfship>
      </nestsJowlyAmoving>
      <clottedResortsThring>
        <manners>ambierMuller</manners>
      </clottedResortsThring>
      <agaoBeguile jumbledJemmyWombier="aporosaDonovanDetents30" sod="shortSilverTercio2440" cellist="crabberAahing" spooner="folily9986">
        <sillierStabber>claroCasinaPhloeum</sillierStabber>
      </agaoBeguile>
      <barnmenArder elemiHunkies="lichi" nidanaFumerel="pomelos" bissext="margays" roarersAbaised="emanium">
        <babusSolider>otters</babusSolider>
      </barnmenArder>
      <bioxideOyelet>
        <saxten>tilRibberVanadyl</saxten>
      </bioxideOyelet>
      <marcelRelatedQuale ucaToch="eker" forintsMadwort="secureBoyang">
        <galeae>fluxive</galeae>
      </marcelRelatedQuale>
      <seisedBillet>
        <medusasRipal>cheefulHisnDichter9491</medusasRipal>
      </seisedBillet>
      <sericin swasherUral="20663">
        <forsado>lerp13</forsado>
      </sericin>
      <unsloghSlicker magi="phearse3" remapCarobaOwllike="smalto" saddikTutu="wostKicks39">
        <auctaryUmset>akhaAbleeze</auctaryUmset>
      </unsloghSlicker>
    </shabashMendiSkirter>
    <stanRecede>
      <negaraBurlerEdacity>ahimsasDropsy</negaraBurlerEdacity>
    </stanRecede>
  </pedroRefeed>
  <visiterMyitis raper="9" poise="limitAssiseLucence614" workshyAnimesEmigate="rebaterSaa" colossoAtomergSnirl="scyldBenben">
    <furculaUnsack>
      <minie>sassakPrionusHumulus</minie>
      <vagina gageite="delatorPastelDiked" upcoast="cuckingWallas" akanVlach="354982" fartlek="gaper">
        <burgallTheah>taisch</burgallTheah>
      </vagina>
      <adonistOologic loordEagrassTela="115871">
        <uvulaeDrona>phisProstFraken</uvulaeDrona>
      </adonistOologic>
      <loofs recropNeguses="pannus904" wird="turf" thereatFairedXurel="dwelled">
        <becurl>missaidVacates</becurl>
      </loofs>
      <bourkhaKoryakScalops settlor="exaltedSoakers" gibbert="ponsBlister" croochMomism="935256514">
        <laudsJannock>dreepy</laudsJannock>
      </bourkhaKoryakScalops>
      <camaceyDefuzed grampusMahajan="dutifulMudeeBelady" numacLebens="760569" apathyBaunWinched="tuebor" kearnUnquiet="767837695">
        <physisKayvanTaihoa>115769689</physisKayvanTaihoa>
      </camaceyDefuzed>
      <uncase>
        <fun>impedesAlanticYahveh</fun>
      </uncase>
      <fot>
        <pifflesLeucinDuplexs>660</pifflesLeucinDuplexs>
      </fot>
      <alliedStoversSumach smiddyRainy="addaxAlipin" hogs="4909225" croups="46382832">
        <youlMilldamPreace>moliniaShohetUshered</youlMilldamPreace>
      </alliedStoversSumach>
      <pulling dumbing="unipartMacs" wartlet="unclickAnnals">
        <chimleyTigerReams>rerowLoredRejects6</chimleyTigerReams>
      </pulling>
      <cholaGelatedLooters recart="aquiliaTunuHaslet" deavesBemeSoucar="veiSeamersChugged">
        <forbornEtas>5</forbornEtas>
      </cholaGelatedLooters>
      <bigamNaegateChevaux gonneRevayAllseed="61" cuficScaridPelages="8973">
        <kaluntiResurgeSluggy>oopackSpoorer</kaluntiResurgeSluggy>
      </bigamNaegateChevaux>
      <gnomicUnshadeWinevat>
        <ludditeNaturae>waggery</ludditeNaturae>
      </gnomicUnshadeWinevat>
      <oxhouseBlaseMotlier capingExsertSaughs="cedric" tiptilt="9" notateAcronyc="6307" thenGervaisAthbash="478">
        <vanist>948374</vanist>
      </oxhouseBlaseMotlier>
      <scudsBalu apoious="tzardomDrown1" teleiaDazzled="hurdled3" dryestRabidFolio="barlowsBown">
        <respice>trigaUnifaceKnopper</respice>
      </scudsBalu>
      <croniedSinglet>
        <stotterUnstrapCumble>candorLataxBrunts</stotterUnstrapCumble>
      </croniedSinglet>
      <spaldIron gaunterRahdari="mitanniRegreet6">
        <utility>champed</utility>
      </spaldIron>
      <glinkHetairyHeroid obscureCotedPairial="shunterSpitkid" grids="jaspDefSilds" ditty="fendsHokumsGosport43" bonanzaCarga="aune">
        <outrigScaeanAdfix>ovuliteMauled</outrigScaeanAdfix>
      </glinkHetairyHeroid>
      <arsonoUnliked dacoitApoideaAmidst="rakees5" causalsBecloud="mitesExode" cranage="auntiesTetchCasabas">
        <haymowsDuxesTourize>citreanNavaids</haymowsDuxesTourize>
      </arsonoUnliked>
    </furculaUnsack>
    <gyleBlollyDhurna>
      <godpapaMadrilYawny>broadAristae</godpapaMadrilYawny>
      <caseicAfreshSignist ciconeCachot="bombsRifart">
        <pterisWitnessTriply>fineerRerakeMeles9</pterisWitnessTriply>
      </caseicAfreshSignist>
      <droppedFivebarCalker>
        <seerpawSotieBugseed>8130</seerpawSotieBugseed>
      </droppedFivebarCalker>
      <rialsAvenage achromaDrung="doxyClinger" heveaMouldy="jundyEmpresa" gaslessLaurelsTalcum="bryales273" atrenne="legallyCalli90">
        <fulup>pease</fulup>
      </rialsAvenage>
      <uraeiMowe dufter="ruralDanner">
        <julianeMingyDatism>bellonSutuYoghs</julianeMingyDatism>
      </uraeiMowe>
      <conamed rattyRiyals="bassist" tapers="toothsFadaiseAbiosis5325" babs="13">
        <pyropesOctan>halloaCoups</pyropesOctan>
      </conamed>
      <sinonVistal sealedBingeMolompi="184181872" jantuPowered="subruleAnattosDrecks" unlimedBunyipGeckoid="tovetCzarina" cinchRamoon="growanSatyridGorman2818">
        <swinkFlawn>manualsRhyta669</swinkFlawn>
      </sinonVistal>
      <glochisSandhis>
        <antTourize>herbistOutbyPrawned</antTourize>
      </glochisSandhis>
    </gyleBlollyDhurna>
    <unbeTunnelSluicy>
      <gaywing>yelledLathamOgive</gaywing>
    </unbeTunnelSluicy>
    <histsMorosisProxysm>
      <wavablyAntisexBlimps>mismeanAptotic</wavablyAntisexBlimps>
    </histsMorosisProxysm>
    <kouzaValAcetla>
      <fondedEndleafUnbesot>ediblesFungus</fondedEndleafUnbesot>
      <extimaVouched despondSawflom="vied" avocadoInstals="60" entomolKempas="busyishJustina">
        <aberr>blued</aberr>
      </extimaVouched>
      <docious>
        <becrowd>yodelerWrapped617</becrowd>
      </docious>
      <wakenedPostfixMelodic biblismHyalinForedo="56883871" margieStepway="anuralWagoner475" zinckyQuothHeartly="ralfExcusalParer" rah="25833">
        <iridicIdlest>andriaPotsieOutlean</iridicIdlest>
      </wakenedPostfixMelodic>
      <acaridaMucusGaleche cravingYuechi="mesquitChrotta">
        <raphusSparers>sanders</raphusSparers>
      </acaridaMucusGaleche>
      <rada nasa="jobsiteSavants" tragalSamadhi="fenksMiswernIslandy">
        <hastingConky>sookyCleamer</hastingConky>
      </rada>
    </kouzaValAcetla>
    <sarapeTampalaOleines>
      <feminieImperf>libatedVetted</feminieImperf>
      <sambuke frisianGollMidgets="planontBribeesChilkat" spiro="talwegAoteaCentrad" halloes="fogon" capelinBungled="secantsHarpies">
        <saucerGrumph>heliand</saucerGrumph>
      </sambuke>
    </sarapeTampalaOleines>
    <ephoiAonianEpicene>
      <melch>laudesMabutiLanius</melch>
    </ephoiAonianEpicene>
    <trionyxMylodeiPrissy>
      <sterGadaba>222560374</sterGadaba>
    </trionyxMylodeiPrissy>
    <xurelSiumLampern>
      <gagrootEassel>zealful</gagrootEassel>
      <sashayBraidsRepas scanterGroovesBiotic="guestenMissisPlaguey250" amygdalBazooka="wispsAmyrolRiyals">
        <catsupEnstampHoist>apojoveBemercy</catsupEnstampHoist>
      </sashayBraidsRepas>
      <inkweedSlash uppardStews="lettigaOocystsLite" tumular="richesEunicid80">
        <whetile>forgiftFrilal</whetile>
      </inkweedSlash>
      <swattedAppulse sepianRangpurDent="unedgedCarryedExplat">
        <upburstRclame>eccaOvercow</upburstRclame>
      </swattedAppulse>
      <fletchZigzagsLeering stoshAumLances="monoecy" frillyLarcin="233" tocsinsWhensBoris="uncoftCudaVigonia" whensLingalaOspore="britt">
        <rudeLupinThroddy>aden</rudeLupinThroddy>
      </fletchZigzagsLeering>
      <tedded tokeYerbReaks="skiingsDasypod" spanemyIntradaDepulse="dkm" holleke="jctAstite6568">
        <snewFalcesBlazy>thymeneTenenda</snewFalcesBlazy>
      </tedded>
    </xurelSiumLampern>
    <scoonMoonal>
      <pristisPunjabi>aswirlBronchi</pristisPunjabi>
      <surrah>
        <decoderFanfootDrupel>museryTeapoysJodel</decoderFanfootDrupel>
      </surrah>
      <unrestsJibesHombre atauntPunched="ajajaMarrier">
        <sepiostEldersJules>arricciCypress</sepiostEldersJules>
      </unrestsJibesHombre>
    </scoonMoonal>
    <kiranti preppedSiecles="inertDugwayDephase" copedDaffish="duperyErgatesMontre4" nunc="fillingAsquintRecoat" snaff="gagglerShoals">
      <montemNoxallyVeepees>loofaQuinizeBrevier</montemNoxallyVeepees>
    </kiranti>
    <selahsPrickly>
      <agogics>856</agogics>
    </selahsPrickly>
    <crankSenses osseter="mopeier991">
      <julien>462</julien>
    </crankSenses>
    <sajQuiresLourie lifey="5" bovoid="1777905" desirerUnlustyWheezle="foams" thyineBedroom="astonedFerrets" tharfSteric="relatedTectrix" fescueMoid="disourSildSolo">
      <puckish>stackBouserPinjra</puckish>
    </sajQuiresLourie>
    <punsterRehone>
      <mush>tribePotman</mush>
    </punsterRehone>
    <lapelStoresPence>
      <huzzNudeCoziest>belatReban</huzzNudeCoziest>
      <sitars juicily="saldidFusions" ouranos="almas">
        <doucet>timer</doucet>
      </sitars>
      <lobelinLigated shillukRepairYawls="glagaDautResp" ensuedArrestsCalef="778134005">
        <lugmarkRepack>forcatAglaosTurnkey</lugmarkRepack>
      </lobelinLigated>
      <fiumaraFragileBoraxes>
        <ousteeEyewear>mab</ousteeEyewear>
      </fiumaraFragileBoraxes>
      <dolmens yergaSunbeam="spurgesPrecMashy" armfulsWistitiIdeaful="gurnetHomiestZinky" alliageBiasses="koosinCaucus" bet="davisCarate">
        <roostLadner>aconin</roostLadner>
      </dolmens>
    </lapelStoresPence>
    <saccateUptearAccrual alveole="13918893" shoopBirleNachas="kagu" bengali="stangedStrom">
      <darkles>skipmanClutter</darkles>
    </saccateUptearAccrual>
    <apercuTulu>
      <expiredEuboicCache>clouted</expiredEuboicCache>
      <proprGourSpelled updraftAzuline="stroppyCulpasStaithe48" sonlikeApnoeicMassif="ciaoAcariBaghdad">
        <wadingQuerelaSnortle>farsiAdditur</wadingQuerelaSnortle>
      </proprGourSpelled>
      <tonette>
        <cheetalCocuiza>32863</cheetalCocuiza>
      </tonette>
      <kirk oncinBreatheFlimp="411778" bakaNareQuinoyl="degustsTarsierMatches" smirky="mammeeSnuggle827" chiack="creepFliestKinura">
        <tuanCackedLegs>comoidPotance</tuanCackedLegs>
      </kirk>
      <bearmPipless>
        <liguresWastierGlyph>exquireStreetBand5</liguresWastierGlyph>
      </bearmPipless>
      <cuddleCierzos domic="magadisSaperdaImpi779" grylleUnswore="949356016" bestirPhora="punditAcetizePorus" downtonColeraSouls="bimaneProductKubong">
        <patioTowable>4479910</patioTowable>
      </cuddleCierzos>
    </apercuTulu>
  </visiterMyitis>
  <bete deacon="nazism" />
  <alburnParings>
    <geonimLaz>
      <serapisRicassoSlavey>45</serapisRicassoSlavey>
    </geonimLaz>
    <fusterCalzoneDarbies>
      <uncake>fops4</uncake>
    </fusterCalzoneDarbies>
    <lammyPonosTailory>
      <viremiaBurrockGainage>foldCabiria</viremiaBurrockGainage>
      <sulphin tiptilt="40896868" wandleFuffitKallege="aireFiningsTouted" gurgles="lunatePreknit">
        <krypsisMangaby>enateRubus</krypsisMangaby>
      </sulphin>
      <maiden gingiva="madoquaLepidEggless">
        <beclart>tretDeesesTousche</beclart>
      </maiden>
      <upstickConv solands="cokie786" jilts="tilingSectDappled" lasiusMistfulThoria="bahmaniMorra">
        <theciaBatel>acate</theciaBatel>
      </upstickConv>
      <clenchZequin>
        <emf>66846987</emf>
      </clenchZequin>
      <gleamPurflyGujar hymnGimletsCampo="templesYapocksOpaque">
        <callooSurfier>cizeBatavi293</callooSurfier>
      </gleamPurflyGujar>
      <senso>
        <guidRazzle>affaire</guidRazzle>
      </senso>
      <cotwal whirsBuckle="amabile" muntingQuethe="3282" caresYowleyValerin="timeliaBotelerHave">
        <curledMongoesFlams>stannelTeleutoRetouch</curledMongoesFlams>
      </cotwal>
      <recPorkpen incantUneasesNunhood="11334158">
        <caplinsEnhappySeders>62</caplinsEnhappySeders>
      </recPorkpen>
      <keenedTelfersBange rissel="choreic">
        <seatangThapes>wissesSmudderSynagog</seatangThapes>
      </keenedTelfersBange>
      <bhotiyaMiconiaEnstool lowerRefugeBeshlik="749858">
        <outroarBestirsMather>locater</outroarBestirsMather>
      </bhotiyaMiconiaEnstool>
      <scatomaHermele beachySoupier="shoneenAgada" tunersOutwove="montaneDorsersCloacae" sultans="diaplex" kinhin="piddlerBinzuruWoald">
        <ceriseThack>drainerAlienorFurmint27</ceriseThack>
      </scatomaHermele>
      <ilea eyepitResold="tribadyProsersSatan" freebieAgerMulture="attestProtomeHoking" helide="661185707" aerie="soughedKludgeReflew">
        <tiderip>54420725</tiderip>
      </ilea>
    </lammyPonosTailory>
    <hazans cordialConingBowshot="94" snarls="dipsHawbuckUpbrim" phylaePeavieBouvier="beamier">
      <ammonoComers>patariaHowfsHavings</ammonoComers>
      <toccataDwightFilmize platanoTugging="diauliLentor">
        <unburnCortexTraipse>844</unburnCortexTraipse>
      </toccataDwightFilmize>
      <outraveShiatsuGracy roelikeExalts="preactMousierSkivies" susanna="33226133" toxoneHotmelt="amadouWouldntCosse" vicaryAweto="sidlesBarhal">
        <riledBootherCephen>humite</riledBootherCephen>
      </outraveShiatsuGracy>
      <oralizeAddlingRoed cinclusKlisterAlister="83752" tertiusDreader="closetIniomeBelts" whizgig="sidion" steeryChiralFanwe="ninoxRedareWhr6">
        <saverRumney>seels62</saverRumney>
      </oralizeAddlingRoed>
      <egglikeScanicUnhoary teleutoBottleAmaze="warriPreface" jilt="thongyViseed" rhdUpcoast="fliesValvar30" pleuraGivin="entiaWeaningAlberta">
        <hempSowcarSolay>heronerArtletBytime</hempSowcarSolay>
      </egglikeScanicUnhoary>
      <bonallyFetesCaffiso>
        <barretBarcoo>351567</barretBarcoo>
      </bonallyFetesCaffiso>
      <moiled bringsBestinkTaisho="vandals">
        <keftiuFoolingCommos>zemstvaNaif39</keftiuFoolingCommos>
      </moiled>
    </hazans>
    <sohZafree>
      <oodlins>speakieSandanEtymon</oodlins>
    </sohZafree>
    <nichtsGory>
      <bocca>dioxide</bocca>
      <tiglicOwedMurly>
        <denyingWheedleUng>9431731</denyingWheedleUng>
      </tiglicOwedMurly>
      <delianGallerPesa clarineScufterElzevir="nonyl" babisHangars="borning" canulas="709807">
        <ingoted>381</ingoted>
      </delianGallerPesa>
    </nichtsGory>
    <dolman>
      <washmanCyprineOdalman>calver</washmanCyprineOdalman>
      <rollingBosomyWolf sambursYestern="triaminLardoon" gravy="980" federalBlaseBurrish="80" zoundsEwte="sherootPalasNayarit2697">
        <sheafedEcoles>erk97</sheafedEcoles>
      </rollingBosomyWolf>
      <lowaLamano malvin="tungate" vellumsUnbelt="12" tetanusMissiveDias="pinkyGratten" punk="228912">
        <chiefsReiningAbesse>nurlBeacher</chiefsReiningAbesse>
      </lowaLamano>
      <squabbyArckingProvend arenoseZaffreSpondil="lecternSnackedNudies" stripeScegger="3690138">
        <mooderRisper>callusRanter</mooderRisper>
      </squabbyArckingProvend>
      <keratOaves opeluStaned="sleying" muridPretzel="iodoUval" plissFustian="crumperRog">
        <piqueWabbles>nitwits34</piqueWabbles>
      </keratOaves>
      <hoolockAblatedGermal batataLocust="1474602" stacey="cranetArain" broomerTskingRipcord="premune" kopecRavelly="369868810">
        <antlerMismazeFlote>reivingBetso</antlerMismazeFlote>
      </hoolockAblatedGermal>
      <ungownRepieceKenyans>
        <flapsZiffs>22689</flapsZiffs>
      </ungownRepieceKenyans>
      <fosie klop="ambaris" cuculleBaroi="rahdarRemintsRecpt" crestalAmanistWhinier="8811619" afrontIgniter="540379041">
        <upstood>kartosAmici</upstood>
      </fosie>
      <gliadinDudmanRaceway seersZambra="nad">
        <agismBlickey>rubiate</agismBlickey>
      </gliadinDudmanRaceway>
      <sethianDorask essoinModist="melanoiAlleged" lamish="auroraeGlosIffier" guatoPrakash="28716933" rosetArched="83">
        <gyricAcoup>becchi</gyricAcoup>
      </sethianDorask>
      <defectRetrimsBobbed>
        <looedDashee>yipped</looedDashee>
      </defectRetrimsBobbed>
      <gleekedLoured nunlikeMosulBejade="lacers5621" barseMondsee="middesGonotylEncadre">
        <pyransSateHadbot>emiliaJudgers</pyransSateHadbot>
      </gleekedLoured>
      <balboas toricSkagsClavus="zeguhaMargot" comartFatcakePerdus="hegumen" obfuskPisang="trepakUreidAtveen" enurny="nebbuckHaviour">
        <paiksIsopag>ingotedOrgeatsGrads</paiksIsopag>
      </balboas>
    </dolman>
    <heederDrivageCoalers>
      <gimelNexus>upstayPruhToddick3</gimelNexus>
    </heederDrivageCoalers>
    <levied>
      <yackGowkitSchemas>415</yackGowkitSchemas>
      <snurpHandMatapi oleariaAscellaUncoat="coto" iridizeSejero="letupRewin">
        <kukuiSecableCornrow>tropeinCorbieAlpiste</kukuiSecableCornrow>
      </snurpHandMatapi>
      <samir marchenSemiegg="exodusLentiskWaybird">
        <kaonsMagian>murals3</kaonsMagian>
      </samir>
      <salminHeartIdee precut="636730255">
        <indeneOsmousCites>peanutsZonuletTowhees9</indeneOsmousCites>
      </salminHeartIdee>
      <unslip>
        <plangiTictocs>glagah</plangiTictocs>
      </unslip>
    </levied>
    <emoloaBeamyJockey>
      <revent>cookiesVairee</revent>
    </emoloaBeamyJockey>
    <noncash>
      <rieShim>775137323</rieShim>
      <basteSension grrStimiedGageite="karlingInweaveMaclura" messrsBlaring="puisnes" slodderViews="trinketChawl">
        <enlacedPenhead>abductsSpadoPishaug</enlacedPenhead>
      </basteSension>
      <blaubokKettle>
        <shillukDoodab>lucreLeftistTraffic</shillukDoodab>
      </blaubokKettle>
    </noncash>
    <taproomYukianCimaise guyInstateExaudi="7" roudasDuctor="tomcatsMutants" omphacyUpsuckSardars="fizgig">
      <pyloricDivvyNevadan>liniestDraftedAntling</pyloricDivvyNevadan>
      <dev>
        <vialledAnaheimSkipway>cagouleAlvah</vialledAnaheimSkipway>
      </dev>
      <wartGoaty conyngeRenesAvosets="mangerZoonist" styxianSenecan="vellumySonjaApplaud">
        <guanineLowball>wissedScrankGinzo667</guanineLowball>
      </wartGoaty>
      <hairpinViolent leucineSwervedGoggled="clearedYas" jumbosJobbersAlkali="macaronWakemen" darcyWidish="gorling">
        <inferItoland>3925</inferItoland>
      </hairpinViolent>
      <asialiaAlaloiPewdom colonShierTiter="setonsDenuderUnsteck" lumpsJerkiesMontero="nutCowlickTittie" outsitBoyhoodAffects="5380261">
        <poschayWaviataRhexia>ignitesDupsFerash</poschayWaviataRhexia>
      </asialiaAlaloiPewdom>
      <oologic platine="pinkyNovaliaLovers">
        <bekissCantorHonda>benzene4069</bekissCantorHonda>
      </oologic>
      <essedaClamer>
        <seamierPohna>rebukedNuncTepanec</seamierPohna>
      </essedaClamer>
      <belayerReflexNips oliveanTylose="ajangleCasateGleave" nopalea="seponeOscnodeBreeze" unshadyIceleafGaley="wrigleyImagistRageous" brumbyOpeThallic="candiedVocesCentimo">
        <lysinReysonTeaer>adjudgeBagfuls</lysinReysonTeaer>
      </belayerReflexNips>
      <feuedChickee>
        <purgery>unbluedRefuter</purgery>
      </feuedChickee>
      <vallumMaytheYelps anglerResurgeUnpens="welsiumShills">
        <birkFusion>sunny</birkFusion>
      </vallumMaytheYelps>
      <saltmanThebaicIsinai quacky="vortexMutuate" morgBanks="497284" moneses="728888256" furrure="230">
        <mullahsCrepyWaws>wedders6980</mullahsCrepyWaws>
      </saltmanThebaicIsinai>
      <mousseErasionZapota guadua="gravFakir" lanesOhmJanapum="stanzeUnselthKermis8338">
        <vocatYesterNuadu>bouto473</vocatYesterNuadu>
      </mousseErasionZapota>
      <choosesToryize wanapum="2948" cupelSoddier="76012668" upflowApelike="gaelicNewsmenEnruin" kolhozy="53439139">
        <presleyTernletTimpani>galenic</presleyTernletTimpani>
      </choosesToryize>
    </taproomYukianCimaise>
    <rumpusMudsill cacan="874" umpiresMurklyLars="brineToutsSharan" goulanChainerFerk="roripaHaemadKhanda">
      <bakuPhearseLunacy>aesJehus</bakuPhearseLunacy>
    </rumpusMudsill>
    <gyppedFuffEduces swills="adagesFluingChord" enoilPhysicsGiveth="tribracGuazzo" boatelsMidiGnatho="anodic" nightly="lordletInjelly" yomudRustle="patibleMoocah" sassanUntoxicAlnein="kippin">
      <ermelinKhmerJarina>trull</ermelinKhmerJarina>
      <spilesCocoaWust galvo="beeleAssautApices" hist="cabinsBerghAnears" premate="retable">
        <krnaAlifsSalves>doloursSozine</krnaAlifsSalves>
      </spilesCocoaWust>
      <staffedAlkylsMiffy wattisRussety="sethiteDeleter" flutinaDorsad="beeherdMashamMoither" boxtree="7948" ultionJawboneFlakier="afer">
        <enwind>boul</enwind>
      </staffedAlkylsMiffy>
      <yesTrachle devoterPrexiesHejiras="chewetEosine" olivet="95428" esp="bytalkGoliNese">
        <bethuelIlianLeelane>1308140</bethuelIlianLeelane>
      </yesTrachle>
      <pallier sacredFebres="5" dubbWrawlerCached="5675397">
        <hostler>mergedOjibwayPluton118</hostler>
      </pallier>
      <noctua quilled="gutiumToadJonquil" gliadinRookletFirst="jinxingMuntin">
        <stylersSoco>mize</stylersSoco>
      </noctua>
      <batoid carrick="sperketLarvasViss" zubr="ribletsRteAstert4" panfulsLumps="horntip" untineRheebok="surviewBangingAfifi">
        <busket>langiteStaticePatella</busket>
      </batoid>
      <murder dogvane="stumKoumyss" hypnicProgsDosinia="idolsUpbrow" atveenIsopoda="chayote">
        <knob>coverupNeroic91</knob>
      </murder>
      <chauve resters="fittersBoyhood6849">
        <dodkin>194355294</dodkin>
      </chauve>
      <gobs>
        <kalpisPitau>bombesRibozaTailers</kalpisPitau>
      </gobs>
      <staddle damaraBalboasShipt="1" anopsyHepperMelic="swatchHocPtolemy" infuserFiler="kadishDrecksIyo6" bushwasAuctors="blouses">
        <kopjeMotiveStench>hulkage2</kopjeMotiveStench>
      </staddle>
      <apishly safen="peelingVestryBewared" grippit="wigless">
        <clutherAssorts>ultimeChaffs</clutherAssorts>
      </apishly>
      <deasPikersHoolock dierHelloedNapless="3535527">
        <fermilaAvidousRedoute>cowry</fermilaAvidousRedoute>
      </deasPikersHoolock>
      <filliesShip>
        <kustiPeer>ailie25</kustiPeer>
      </filliesShip>
      <lowbrowCarrots previewHaplite="kaitakaMealingBundist" cacumenSludged="mamaloi">
        <roomful>grinned</roomful>
      </lowbrowCarrots>
      <exoticaBasaleVittle>
        <eluders>184799118</eluders>
      </exoticaBasaleVittle>
      <triosesSuctionGutsily>
        <bimasRafferyKiblas>3053</bimasRafferyKiblas>
      </triosesSuctionGutsily>
      <ascherShape hunsSaktismRemakes="darrellDvorak">
        <jessesLuddite>anthemRebluffEscribe</jessesLuddite>
      </ascherShape>
      <doeglicTassah>
        <scelpPoufs>peggerDowner</scelpPoufs>
      </doeglicTassah>
    </gyppedFuffEduces>
    <argyllGds>
      <justus>kodaguSpuriae</justus>
      <flybeltTawkin bursarySeenu="177689" surfacyMurally="bchTrioxid" wiss="bounden" stericAbbozzoAret="crommeHuronOceloid5">
        <nipmucFrisket>5</nipmucFrisket>
      </flybeltTawkin>
      <oilcase sumpmanMoulder="73026588">
        <culpeo>aeonicMzeeKhet</culpeo>
      </oilcase>
      <epidiaBoatage picae="okroogNetlike" miltonVias="hoverly271" daggar="5043" xylariaByrlingElisor="tedescaLochy">
        <decad>3382</decad>
      </epidiaBoatage>
      <anacid fardage="grifts" locatesSoakage="wollop" retreeSpongeCertes="2020790" laputan="subsort9297">
        <spl>robertoGreedAcream9</spl>
      </anacid>
    </argyllGds>
    <sables>
      <kinepoxPetwood>stouthReopenJumma</kinepoxPetwood>
    </sables>
    <discos>
      <haycockSlivingAvowed>thilkFonoDeux</haycockSlivingAvowed>
    </discos>
    <liaiseChapsMidvein>
      <annivJumbuck>layeryBolty</annivJumbuck>
      <krait>
        <misima>ziffs</misima>
      </krait>
      <prio shaveSmall="47628657" decuryRangerThrifty="abscam" begun="skeletBedumbTinkle">
        <verrelFink>81</verrelFink>
      </prio>
      <darnsPerries byrriOrated="clivalCoedit" patios="outloveSlivers91" rall="477501" sanctumTommer="pyrexiaPineneApicula">
        <nookyClokies>kininEmbayedDibbled</nookyClokies>
      </darnsPerries>
      <facund showmenDiscalBondar="tongs3177" oscnodeTaxies="stero" results="belace4" swumFaunae="kibbutzGatemenToadish">
        <warmanCogs>paisleyAconic</warmanCogs>
      </facund>
      <caresInside corpnVervetRimmed="5100987" fldxt="scantNegara">
        <coppaShammer>availer892</coppaShammer>
      </caresInside>
      <baycuruBelay moneran="swimyTeasers" leniticPretire="lymphCassare5089">
        <lourdyMueddin>fiqh</lourdyMueddin>
      </baycuruBelay>
      <wrayfulCertyNiepa squishEnteriaBurgle="ryme" stegGleby="flap" outdrawFisty="masonRelatum" limbingRaxTwinier="anomiaTarget">
        <rigorsAmueixaLowborn>bludgerGapperSoyot</rigorsAmueixaLowborn>
      </wrayfulCertyNiepa>
      <desorbCorbansLinguet jowlopAugQiyas="myeloid73" oursSterolsKitschy="971483" hiperAlada="nutteryGleds29">
        <loosesFeddansBellota>swoopBivaneStuck</loosesFeddansBellota>
      </desorbCorbansLinguet>
      <pacaQuailed>
        <stairyBlunderShicer>tangeloValuer839</stairyBlunderShicer>
      </pacaQuailed>
      <nammaDankly cabalKopeck="8232990" rebirth="pangamyFremt" reladleAcetoneKumara="unornlyPocksBubbly">
        <diacleBrass>clerics</diacleBrass>
      </nammaDankly>
      <oside blattaOrbical="dwelt" ticunaCaffein="indearImbrute83" pacewayBrainer="inkenWussChiule">
        <nimmingValerin>staidAfrosAll</nimmingValerin>
      </oside>
      <slavinScalarEvermo currock="upbrimMenace" speleanRatlinePaction="polluxShutoutGeodic">
        <libardAught>925355505</libardAught>
      </slavinScalarEvermo>
      <nuncle>
        <hertz>arecasEmptio</hertz>
      </nuncle>
      <pashka knavishInsurge="duomosInsectaFletton" deave="veinule" towai="bambaraLowmanLorica">
        <archeSuaver>museums</archeSuaver>
      </pashka>
      <assaysYad hopiFloteBlethe="shapen" ptelea="poachyZacaton3305">
        <memphisDudgen>nacrite</memphisDudgen>
      </assaysYad>
      <sandhiExudesBelcher clangerOxonicGraph="anklet" sackersBoding="bayletMaremma" uphale="sheeny">
        <lentor>601114776</lentor>
      </sandhiExudesBelcher>
      <menuraeRugosa>
        <surfCapper>stymiedAsteria</surfCapper>
      </menuraeRugosa>
    </liaiseChapsMidvein>
    <textual carsickGarnett="plebeNeurual7" burpsMiningBradoon="shove" muleta="pedlars" caskyBiofogCalami="pooliCiconia" glumose="prendreLinacsSync" aubaine="cinesGleanedPennant">
      <coraise>auristsSunlessLib</coraise>
    </textual>
    <hydrousEcesic>
      <walkersFoxingsAnorth>5</walkersFoxingsAnorth>
      <querreTaxiteScreeno crevice="overtipSinceBlawn" dyadTerras="tootAcyls" urgentTristan="lewniteSupines" ninesAppastCedron="choralsJettied">
        <tarairiSangley>5346149</tarairiSangley>
      </querreTaxiteScreeno>
      <waffieSier unisexLadles="titmenMusjid" poiser="dynastyShawsAim" tailerPrierCavidae="rectos">
        <grayout>unwetJacinthSmiths</grayout>
      </waffieSier>
      <chantyPanakGooding>
        <tumbrilCatlike>7</tumbrilCatlike>
      </chantyPanakGooding>
      <batMygBeleap chinnedPhemiePyche="trilith589">
        <asaphusCuscuta>quinia</asaphusCuscuta>
      </batMygBeleap>
      <jethroCaptateSoleyne yapp="spalderPatt" scrims="taipeiAsarums" cerebri="alismalClipt" antisunTrickyUnnaked="pun41">
        <favousSimblotClicket>muddierPanaman</favousSimblotClicket>
      </jethroCaptateSoleyne>
      <mastfulUnsevenHyoid xenonsLotic="571">
        <creasy>9</creasy>
      </mastfulUnsevenHyoid>
      <usanceOkayBrowner chidesSigh="8" glirineAntra="whilockYardingEsteros3" durrasVvll="kolhoz" guarabuEaten="gradine">
        <engramsQuila>grekingClimesLessest2515</engramsQuila>
      </usanceOkayBrowner>
      <bahumaCaque cooch="bailingBiotech" avertinFreebyAnsate="lacerRanees9">
        <freendBecheck>styraxArxModo</freendBecheck>
      </bahumaCaque>
      <hecaticWhaslePride virgeTopepoCollaud="38136862" suranalHis="perfumeTench">
        <lusterOptionLiveyer>chekmakRemailGite</lusterOptionLiveyer>
      </hecaticWhaslePride>
      <fuzzyHalvahs>
        <beslabXeniumMargery>waygangJerks</beslabXeniumMargery>
      </fuzzyHalvahs>
      <holardCotefulPorture porculaPrevide="redrewArgante" stoon="sheughRivalryNicer">
        <hookupuJitneyEmyd>vermin</hookupuJitneyEmyd>
      </holardCotefulPorture>
      <paraiba dirtilyWrenQuinua="curiumsShawn" hiodontWissel="cheapieGladysCeriphs">
        <bransMorpheaBanate>997321876</bransMorpheaBanate>
      </paraiba>
    </hydrousEcesic>
  </alburnParings>
  <folates reblowGarrupaKialee="132099735" deadDarted="amelet240" bersimCunt="yerbalInport">
    <lacunesRachet>
      <acaridsCreel>gazet</acaridsCreel>
      <twigs bathosSpiller="paprica" seizingRecombs="148">
        <pesosSootherCanzos>dewdrop702</pesosSootherCanzos>
      </twigs>
      <begutDinnersCrusted paucalRaunchy="maiusCubitedGonial206" asceticCacalia="weent" camaieuScrutoShaster="peplosTanistsQuarry">
        <ratter>conusShaving</ratter>
      </begutDinnersCrusted>
      <unquoteRussePalgat mortis="yetiLitvak" ouzoStuccosSparus="odallerSavant">
        <rooserHagmaneUnless>84592839</rooserHagmaneUnless>
      </unquoteRussePalgat>
      <injelly hyphens="kobang" hoeshin="drokpa" cuiejos="rangerMemoire">
        <caked>3</caked>
      </injelly>
      <tidelyDenoted stilbEuriposWivern="45452228" deviousDessertLouping="tropoylBrisque" mapoCoronaeRodsmen="1" gladys="unsetsHakuBarbel">
        <caaming>languid6318</caaming>
      </tidelyDenoted>
      <oxgateIronism subnectPurpler="nizyRedearFormal" logierMeiji="muftis" glacier="6">
        <upflash>756676547</upflash>
      </oxgateIronism>
    </lacunesRachet>
    <hurlAmetriaSquali>
      <loculeRubelle>psychoIngirtDecodes</loculeRubelle>
    </hurlAmetriaSquali>
    <orderKnyazPeising lusianYowedPanung="achiganOhioTartine71" viaticCuevaDurani="skivieDotesBiarchy8986" molterIodidesCrinose="overbowForbled" warms="yoccoIglus" tercineAgric="sahibAccusedBillows">
      <cinctEpa>minusesKhuMessrs4229</cinctEpa>
    </orderKnyazPeising>
    <juicilyWakondaFeued flambeTaigle="bridesChards" galleys="flamfew" fopsVlachWheetle="lookerLeora" medusal="prisonExist" hatchel="eagless">
      <pliers>markusParrals42</pliers>
    </juicilyWakondaFeued>
    <sidlesLoaners>
      <wormish>hypoidBlarina</wormish>
      <sakieh mullas="tetania" bulchin="mtscmd89" gein="10742799" doodahRasesAutisms="3529955">
        <gibsonsDinical>certhia</gibsonsDinical>
      </sakieh>
      <gougedElonRet>
        <kabayasYadim>zoology9</kabayasYadim>
      </gougedElonRet>
      <basellaKobongBogles tolstoyCivilerBlatted="seron" avowryCarpalsPosed="dunkledRenewerCating">
        <telarRaffiasOno>797850</telarRaffiasOno>
      </basellaKobongBogles>
      <coolingProcbalCotwist>
        <virga>veiled</virga>
      </coolingProcbalCotwist>
      <whiskyTitokiKeech greith="chacoli" unwipedSievyPightle="betitlePuppySepose" lupoidOutcry="relayer">
        <doper>septsTedescoCoast</doper>
      </whiskyTitokiKeech>
      <pareveTragicBoeing>
        <mousily>868497</mousily>
      </pareveTragicBoeing>
      <lastexJambosMagneta stylizeNervose="barsFocal" inrollAnodesTungs="basilPalped" waymate="bataraUnleafSneathe" dieselsCedrelaTrumps="mannireSwamFogman">
        <benzolsFickleZapara>cuteyQuotee</benzolsFickleZapara>
      </lastexJambosMagneta>
      <tickie liniestKays="77">
        <boutonGnide>maconnePerrieChoux</boutonGnide>
      </tickie>
      <scriver cyamoidBummestHilts="katipoRaggies">
        <divestEscrodTucuna>stygian73</divestEscrodTucuna>
      </scriver>
      <peyotes>
        <boordlyTypal>courtySapit</boordlyTypal>
      </peyotes>
      <dessBahaiTishiya>
        <realesRacksTammock>scarfs</realesRacksTammock>
      </dessBahaiTishiya>
      <nielsIdyller>
        <tirlAvailer>chumpedPelagicNeem</tirlAvailer>
      </nielsIdyller>
      <swaler plangorUnmeantOutworn="cookersSuliote">
        <standFatefulStegh>audionTypey7258</standFatefulStegh>
      </swaler>
      <recartEnroughMumms sofarsSimool="823" homogenWinker="30" holeCarped="atabeg">
        <exaltee>egadsPurifyHectors</exaltee>
      </recartEnroughMumms>
      <ryukyuSaip>
        <tigrineApplierPieta>ersatzAiawong</tigrineApplierPieta>
      </ryukyuSaip>
      <padouksDauriSatury dourer="hogpenKinos" rocked="suicismNair" escortsOmnianaUpperch="jixieFuroinRubify">
        <lamSiliqueAnnelid>setwallUpflameStagers</lamSiliqueAnnelid>
      </padouksDauriSatury>
      <coir polje="tillingEverardLitten" semidryStained="baygall">
        <patuMakah>granetLavableDoozers</patuMakah>
      </coir>
      <besprayAeneid agynicVenosal="soluteLadnerJagra" fleshlySerums="flaredSteponyHdwe" quatuor="inrolCaucusRaggies">
        <oraculaNudgers>oatmealEnarchScrunt380</oraculaNudgers>
      </besprayAeneid>
      <quite feodumOximate="94685311" chumulu="screedsNavaho" luteum="bruitedHawknutCaked">
        <atonic>macupa</atonic>
      </quite>
    </sidlesLoaners>
    <scaurLimo simperLairdsBasqued="90506" rether="6943">
      <diversSeanceUlans>bekah699</diversSeanceUlans>
      <proetusKneepan aneticEucre="38486383" swathy="curlewsBuddahReposit" terneryAtrenneUnrack="applyEbony" dispel="delies">
        <iachimoHornetsBrakier>96787</iachimoHornetsBrakier>
      </proetusKneepan>
      <sativaeDraws icicleAngelaAration="76363566" rehid="42">
        <monkishDuro>dancingMufflesSandal170</monkishDuro>
      </sativaeDraws>
      <ratedLayeredFidding sultamBlacked="gavial" invile="141995419" myxine="trigonsElodeaSliped" youIbidem="scazonRanWaxbird3871">
        <burScreamy>anomerIsomerEupepsy</burScreamy>
      </ratedLayeredFidding>
      <discingSpokes engrossFeodum="knacked" queriedPompBowless="gimelAshler134" volowVitalMallet="squatlyFerdwitAnts" khahoon="benton46">
        <cappae>hooplaMaidishAngelo</cappae>
      </discingSpokes>
      <behapJessean hangul="95924593" groffManacusDispope="tutorly90" boothes="slurpPewful34">
        <soliped>haybirdSondes</soliped>
      </behapJessean>
      <girkinGadsman>
        <tankieAmphibCaptive>677046</tankieAmphibCaptive>
      </girkinGadsman>
      <bredi apoikiaHondasFlicked="ringyTapuyan" gaeldomGolesParvule="needed" lulledVigils="browsInagile16" chaletsArses="402114679">
        <quattieDenesReject>aucaDurrie</quattieDenesReject>
      </bredi>
      <drassidSerian vicar="chacoliLuser99">
        <spaviesEmpresaAmban>hilaFeedy</spaviesEmpresaAmban>
      </drassidSerian>
      <hairy itoubou="553790270">
        <ballersAlickSanty>acanthTombicTogless</ballersAlickSanty>
      </hairy>
      <kolea douradeSanes="5" hoisterBash="7100" wauken="298916" cocaine="squadsClauses">
        <kylix>dumps</kylix>
      </kolea>
      <rouches minoize="2065">
        <snitheValiantEstuate>wormsCitizen</snitheValiantEstuate>
      </rouches>
      <lurdanBegazeShanty>
        <pedrosSlump>kenches</pedrosSlump>
      </lurdanBegazeShanty>
      <geladas>
        <injectsJesuits>peroneiMethine9164</injectsJesuits>
      </geladas>
      <maltaRamalHairen angas="canopidCosyErinize" supper="packman" runedPigginsMultum="geogenyOnehow5">
        <yarrows>rummierAhind</yarrows>
      </maltaRamalHairen>
      <chirresAmictusChiefly cruelerChakari="dixie" hostileKenmark="fealty" woneganColorsLustred="nonpaidGlowers" layeryUptill="scorperAnsuColi">
        <forgoesChordal>ateeterRottan</forgoesChordal>
      </chirresAmictusChiefly>
      <timaliaElfic trankaRiffRevved="lekythi">
        <scranchJerib>tabicCoombe9</scranchJerib>
      </timaliaElfic>
      <haffetUnbody>
        <unfilm>8</unfilm>
      </haffetUnbody>
      <scalary>
        <fiascosSamvatTripot>digor</fiascosSamvatTripot>
      </scalary>
    </scaurLimo>
    <diswit>
      <uniRubdown>herbaneTearedGilly</uniRubdown>
      <lazybed emydesNay="specifyTamilSidney" cubbingSubman="yakala" duos="ointMeadowsBedizen">
        <phobiacZincoid>rentageReimageQuashee</phobiacZincoid>
      </lazybed>
      <spiraPunnetSettos finnCashews="ziaraAdmiralAtabal" behearsTookenCobber="arterHurrierSnoozes" ptericPipeage="patuDronishAspen33" shaiva="kyloeLotionsAidmen">
        <duimGuinfo>goatlyUlulu5645</duimGuinfo>
      </spiraPunnetSettos>
      <dimmestScabbleBaul parapet="1877" sorrelsPattaraPectora="bursulaNethBardier" ampelisBiozoneFindy="7" cargoDramaBoars="apicadKusam">
        <parboilMesnageSememe>scusin</parboilMesnageSememe>
      </dimmestScabbleBaul>
      <coart claws="4227028" porry="cullayCoapted" lunatic="lazied6">
        <spinels>4418488</spinels>
      </coart>
      <enpiaLekaneOpposer podgilyRoostedFoibles="utasCleeksReplays" itzebu="semnae" mimzyAsinine="girts" diets="agneanWhomsoKabard">
        <calabaFinsWirer>tacts</calabaFinsWirer>
      </enpiaLekaneOpposer>
      <skivJumbler jaderyUnflockPolyps="tanegaIodized" eviratoEntify="4893" wajangMathJewy="aliyah">
        <unct>lactaryDurning</unct>
      </skivJumbler>
    </diswit>
    <extra>
      <tampa>regraphGinzo</tampa>
    </extra>
    <lutra bakeout="dibblesVariole5" ynambu="tacksHorsingHarre" anticusYakima="6" biliatePaiockeBucko="diva" gaper="dryableFraised" terfezElishahCorse="mckay" hagglerAeons="sabresMoze">
      <armata>warfareVoucheeGuiser</armata>
    </lutra>
    <fiercenDonatio chancesGriths="533" krang="coffeeAteuchiCopart" gnarsAcrid="devantLectualNeaf">
      <talaria>mediaryDawnAdmiral</talaria>
      <bobaLobulus entad="highted">
        <gardenyFlake>siggerFoveolaPiracy</gardenyFlake>
      </bobaLobulus>
      <aoteaGrallic>
        <burans>drantUngirth7252</burans>
      </aoteaGrallic>
      <phizes asemiaKrillKinepox="mudirQuarte" nautPalfrey="knockerPrioriPrestos" heres="blushCystoid">
        <oyapockAngkaSpoiler>cauter</oyapockAngkaSpoiler>
      </phizes>
      <greaten famelicIonones="dues" israeliFerrelPaining="toffeeLosesFlited" aviadorPalealScreams="plyLevulin">
        <panzersStack>pitcherStraticAeneid</panzersStack>
      </greaten>
    </fiercenDonatio>
    <odoratePlugged mantWosRibes="apium" schepelBute="rheen" wayman="saransKanjis" rawnessRuinersWardite="helbehBeleaveEnrib" liters="478503">
      <trubSakieh>arrieRugal</trubSakieh>
      <lane grilly="taxiOphioidNannie">
        <tetany>fdub</tetany>
      </lane>
      <botsClayer faroukOseSprayed="crewer" danioScotinoDrawoff="deponedTupelo">
        <quoitedAcoinBegazed>cmdFulsome</quoitedAcoinBegazed>
      </botsClayer>
      <neathDistich neet="cablets1952" brittScartedIdling="corbiesFerreanBreeds">
        <federalElemis>chicosEryngo</federalElemis>
      </neathDistich>
      <incussPaver yarding="26227272">
        <tsamba>segathyGrr</tsamba>
      </incussPaver>
      <ghostly forloinAwklyCaudate="9" pardee="roughlyIouFarmed" pedsBraccio="comiqueTerrage" ochersLeaversUpband="mugweedPeropodJangar">
        <grieve>73565085</grieve>
      </ghostly>
      <almsful flemish="1991" overdry="overbet" crudestGanch="listersMilko" atheris="splined">
        <flenchDikkopTapia>hickyCopaiye</flenchDikkopTapia>
      </almsful>
      <excitesEgotizeAttomy miskalCarets="dragSuturesOpianyl">
        <tilersEstrumsUptrace>gunfireHigglerUvulars353</tilersEstrumsUptrace>
      </excitesEgotizeAttomy>
      <quinetEntoire pendant="maltedSkefLittlin">
        <fee>pouringArgin2</fee>
      </quinetEntoire>
    </odoratePlugged>
    <mibsWhilingFiuman oolakanMissout="melagra" yockingEnserfsPickax="toresTaurus">
      <deptClarionPuppet>8101</deptClarionPuppet>
      <gluesTrigae upsyBovver="97" freshedInulin="dejecta" vanmenGidJacami="playVenero" idesiaJulia="verts1">
        <prowled>framesFrosk</prowled>
      </gluesTrigae>
      <yogeesDefrostAileron>
        <jests>haplomeScaulTrollop859</jests>
      </yogeesDefrostAileron>
      <smeth>
        <joughChortle>aimingGryphAsswage</joughChortle>
      </smeth>
      <abaisseGabbledMelba deltaPalayan="nisnasSaimiri2974">
        <pithingDumkyMordv>280</pithingDumkyMordv>
      </abaisseGabbledMelba>
      <gunlockStupaCurvey wokowiJumpsSevres="9943">
        <millets>marianaGravedCoombe</millets>
      </gunlockStupaCurvey>
      <marbled village="cantrip">
        <darken>flipingRidgy</darken>
      </marbled>
      <puggi curdlePinners="mandanKele" aliptic="180" concealMeum="7326">
        <fillesReflew>clameIxtleLaid</fillesReflew>
      </puggi>
      <angular>
        <mans>wrakerJecoral</mans>
      </angular>
      <mixupsFarrandBonaci>
        <revoirErdFinfoot>setier</revoirErdFinfoot>
      </mixupsFarrandBonaci>
      <gubboJerkierPobs dulnessVentinAmbery="sauce">
        <peerage>dativesUtricul</peerage>
      </gubboJerkierPobs>
      <peachHoling>
        <deckerObv>theft5</deckerObv>
      </peachHoling>
      <itacist>
        <yokelsCabled>gusset</yokelsCabled>
      </itacist>
      <reffingLouise labridTat="4156" frothiVinery="tonsure" harvey="silver9">
        <judithShippoNine>ratlinsObv</judithShippoNine>
      </reffingLouise>
      <grilseTuques penticeLoydVirgate="sitaSworeGhizite">
        <fagotedQueal>malduckDearn</fagotedQueal>
      </grilseTuques>
      <redips peciteMinableFantasy="warternRandiesCadged" irokManify="parchSwarths" cheeps="apatan9">
        <redfish>zandeSurtout945</redfish>
      </redips>
      <wadmoll ranulaSonoranCoigns="spettleGarvockSuers">
        <piscianSus>whirledMeikleKains</piscianSus>
      </wadmoll>
      <matanza>
        <urticalWinkedProbeer>fluskLagune</urticalWinkedProbeer>
      </matanza>
      <flyflapVelella>
        <nucleinFlatlyNakhoda>musquawHoofers</nucleinFlatlyNakhoda>
      </flyflapVelella>
    </mibsWhilingFiuman>
    <lingoumHavEsopus fard="tsurisPgnttrp" cues="goddamnPopguns">
      <glostsKanae>foolify6694</glostsKanae>
    </lingoumHavEsopus>
    <nonnatTaxorUnethic bathe="taxers" volto="gnosisFirbolgCovin" ebonyOmrah="mulita6712">
      <shegetzItalics>180937490</shegetzItalics>
    </nonnatTaxorUnethic>
  </folates>
  <onlyAbjuresPrattle undyed="aerier57" argled="simularRakeWoe" swang="646490">
    <stepheAldernStowce>
      <eidola>mura2558</eidola>
      <molochs>
        <tite>rendedUredia</tite>
      </molochs>
      <favoseScopes cheaposResizerGranat="irvingGelosie" hogyardPrebill="kainahAppal" beclownAngry="listels" huefulFlumingRani="edileEnteria">
        <footboyRedbone>lettersYodeledOratrix</footboyRedbone>
      </favoseScopes>
      <decares>
        <asturLapsful>xystum</asturLapsful>
      </decares>
      <choesDenned>
        <woodedBuzukis>shrift</woodedBuzukis>
      </choesDenned>
      <tweelChillisRazzed>
        <skidder>1736622</skidder>
      </tweelChillisRazzed>
      <poutingDocks gaudfulBecchi="wilroneUncivicScreve" foxery="coyestRutter" stenchAntevaPosting="97" reblast="dresserDolldom54">
        <michaboBakubaYabbie>secparAhull</michaboBakubaYabbie>
      </poutingDocks>
      <jadingRebootSynods>
        <strayer>367078</strayer>
      </jadingRebootSynods>
      <tagletCacara>
        <oporto>assoinLemuridMonny</oporto>
      </tagletCacara>
      <woldes recordEnbrave="384" leonard="redrawsPungiesHoldman" ampule="hoaxedWeedyRedoes" xerosis="votesChaceJudaism8">
        <tassely>jokersQuemado</tassely>
      </woldes>
      <smous mezair="sabeing58" dvandva="nudismsCephenDictum" bonbonsDeedful="533947">
        <begorryBillion>steriForlese</begorryBillion>
      </smous>
      <idolish khilatShoeboyReiter="godshipFlexes" vucomHinauEmeus="9" deletesCreeseFowlers="nongasHoras9411">
        <swindleDidntScar>oboistTolasPrim</swindleDidntScar>
      </idolish>
      <offwardLuteway flailParsed="1670" freyjaBogieEyrant="carkingEpacmeCoyer95" warmth="jackash441">
        <fairiesAnemic>trochiUkraine</fairiesAnemic>
      </offwardLuteway>
      <voetsakAbs tawedParsons="purviewTeaware" rues="zinebs" peopletBeaning="solate" oddity="382820">
        <ulto>gasmanBirls</ulto>
      </voetsakAbs>
      <billsAffrap stannylConjury="wyver" cowpeasFelony="entwine266" brasser="cosmine">
        <newfish>ropes</newfish>
      </billsAffrap>
      <qurshesAroras>
        <lavantFurrows>970334</lavantFurrows>
      </qurshesAroras>
      <rotaSises>
        <wilroneTourbeOutpull>bepressRampierBusty</wilroneTourbeOutpull>
      </rotaSises>
    </stepheAldernStowce>
    <milchig ayontHoraryLinda="gowkDyspnea" judaismNirls="orbatePondusOutwash" endued="pria285" wrigley="mamminSoilyUncoat" murlyStemmy="wastier" sleevesCurat="storialDurgah">
      <ratafeePetuneBowl>badinerFezzy</ratafeePetuneBowl>
      <beetlerOutlawsBechalk teacups="5" ochBrasse="sizzler" venaeQuakeryAlleles="gayly" godsonBaring="acnemia36">
        <torr>34</torr>
      </beetlerOutlawsBechalk>
      <ninonsConchsDaisies sonants="rhesusMasarid" asak="songkokRashing" shielSeam="laird" zymases="bases">
        <fuerteVairsGrayly>85343531</fuerteVairsGrayly>
      </ninonsConchsDaisies>
      <vangCamauro betsoInvite="humifyAmmites57" alefsTercio="drantSuto" iphis="hubSmiting">
        <rapesMismaze>walloonJazz</rapesMismaze>
      </vangCamauro>
      <saucier tallateFreirAcritan="lalangGekkoTektosi">
        <terbic>zabian</terbic>
      </saucier>
      <brens paviaDinmont="unhoistRootingChemizo" byrrusMisform="muttDumbed">
        <pockierCorker>953931908</pockierCorker>
      </brens>
      <pricklyLustierDisazo canidia="22255935" overedWigan="125">
        <triliumValued>airingChewerRapport</triliumValued>
      </pricklyLustierDisazo>
      <sitrepPitchedSofter fam="kantryKambaGerefa">
        <foxlike>elrage</foxlike>
      </sitrepPitchedSofter>
      <adynamy jewism="genappePulses" levityLoggingBelter="7">
        <unhoist>5</unhoist>
      </adynamy>
      <anabong reignsDibbles="cajetaNegroPoditti" spugCouncil="slacken" alkoxy="cambScrimpsLactean721">
        <undightTetanyWhing>implodeLiegierCumsha</undightTetanyWhing>
      </anabong>
    </milchig>
    <infolds scryerIsohelsDaemons="32129429">
      <yalbAknow>6796</yalbAknow>
      <jeedJowarDarii aeginaPintail="13040" shimoseSubveneJougs="quadsMuseums" deboise="hubbiesEscarsVinyls" storeCampodyStrop="644507601">
        <grabenFezzedInkfish>419468143</grabenFezzedInkfish>
      </jeedJowarDarii>
      <nonbusy beads="beltirAsciticPoesis">
        <filiPantasDuppy>kegHurlyRobs7</filiPantasDuppy>
      </nonbusy>
      <televoxOatenTrawls reared="chunks" maulingLaps="tomoloBasedTidife" upgoHybodusBlinker="206429">
        <hiccupClingyAselar>lagoon233</hiccupClingyAselar>
      </televoxOatenTrawls>
      <jumadaVidualGallons sheanHoise="144" costata="defiberJoycean" collies="boist9949">
        <sadisVerminy>llautu</sadisVerminy>
      </jumadaVidualGallons>
      <pinoBridged fanwiseLaminalGombos="82849685" gipserPalewNawt="401165" monasCouniteDeva="rechainCabrePechs">
        <sucker>stetLamin5113</sucker>
      </pinoBridged>
      <stenter bridely="softenUnheler">
        <ratiteEuripusSomnus>slander</ratiteEuripusSomnus>
      </stenter>
      <screechSilosCalked>
        <trotsHasty>4761</trotsHasty>
      </screechSilosCalked>
      <bourranBruskStobs feelerRose="myxomaAdenase" cujamHipbone="presleyKenyans">
        <upsurgeIbilaoTrag>ovularRedyeAflatus</upsurgeIbilaoTrag>
      </bourranBruskStobs>
      <nosy ocoteHaedTooler="chiefry87">
        <launces>tropinsMesh</launces>
      </nosy>
      <servo anomicSara="teal" askesisNomeus="rebusesFlexed" alsike="ploceDaddock" fylfotsOutwalk="evokingBeylikTeapoy">
        <jumpsCocci>swineryVirtualUinal</jumpsCocci>
      </servo>
    </infolds>
    <dicesEgbertEire>
      <quealFinityGalenic>waunsDauner7</quealFinityGalenic>
      <erf gunyangJaggaryIntnl="4551534" boozierGoy="44310918" solaceBareges="unbonny" foursRhdGrotto="kalongsRecookSammel">
        <pacingSwede>upsmite</pacingSwede>
      </erf>
      <turkoisSort coach="eighths" didos="maydukeBandidoBerob7584" bachAscianChump="cainish">
        <airwaveBlowsy>62414913</airwaveBlowsy>
      </turkoisSort>
    </dicesEgbertEire>
    <situlaAmakosaRoyou ushSparedSowbane="clewedOttaveUruses" keyageSilksLathing="unyokes" hookingMumeLookup="wytesEnters">
      <adatyBewares>wastel7246</adatyBewares>
    </situlaAmakosaRoyou>
    <retrade apardonRewarnJupe="prehaps1" cowanKennell="clinidDkmSaprin3589" elainePorous="59936" cushilyKootcha="mispen">
      <spriedRecipes>vexJacalsTerbias249</spriedRecipes>
    </retrade>
    <lavedLibeled townful="2024902" suras="oozily">
      <kittyOrdeals>walkout1362</kittyOrdeals>
    </lavedLibeled>
    <guydom>
      <stainsAmra>hyaloidMerlsHutia</stainsAmra>
    </guydom>
    <rosated aonian="muffJampaniTrawls132" malurusBagmen="4162845" lattice="enrootSlalomHyphema" hectyliEruc="dryrotOofiest69" lumsColiasLiniest="3474" copalLinseedThymele="yournBoles">
      <ackeePommardSensive>haziest</ackeePommardSensive>
    </rosated>
    <phellum>
      <succub>exited9</succub>
      <gossip>
        <feuarKantelaOpted>douxAnanym</feuarKantelaOpted>
      </gossip>
      <gigsmanBonito shikarPouringFess="knarlTimbale" galushaAulic="widths11" awesPenfoldCass="cullies" bhandarPshavBubber="tubtail">
        <exodoiUsneas>intuse94</exodoiUsneas>
      </gigsmanBonito>
      <xyloma accentsEmp="outtoldMeroTerner74" sponsonAllose="lodgerMontem">
        <dislimn>mislenPicking</dislimn>
      </xyloma>
      <lettingKlunk agathisForlane="tuchitThripidMannite">
        <sayyidStatus>2030371</sayyidStatus>
      </lettingKlunk>
      <conjoin chemizoPulpitOugh="ashkeyZappedSubline" guisard="stratig" marrubeAnimeInanga="wiyotDikeletTedium">
        <kanteleMaidie>tanegaGoolScants</kanteleMaidie>
      </conjoin>
      <briskRammersGuardo tunableAnglesQuestor="cloamerTyne" wrawlMooder="321153257" planterSankaHellim="combyWarning">
        <agonsBillage>tuxesCalquesCocoon14</agonsBillage>
      </briskRammersGuardo>
      <notcherBeroll trended="tykesWeevilyNogg">
        <spittedCurietCoquito>hadjesWanness</spittedCurietCoquito>
      </notcherBeroll>
      <sasins>
        <chymistAdnoun>flows</chymistAdnoun>
      </sasins>
      <creeObscuraFray>
        <purelyTiff>sawmanBefitsPauper</purelyTiff>
      </creeObscuraFray>
      <leptome>
        <baalist>jewelryRatifyMaru</baalist>
      </leptome>
      <chittedSiltierGnomons scaupJazeran="terpenStadionHumet" beardsGuywireHistrio="wymoteBootherProtect975" espave="daffLockerEnseel">
        <phobist>camelryPellaea</phobist>
      </chittedSiltierGnomons>
      <shouseChurlPuddled cravensDiamineExedent="uppedSkeery" minoanTwifoilRebob="2815" fittit="vizierRolltop3584">
        <dearieCozenBeme>tedesca</dearieCozenBeme>
      </shouseChurlPuddled>
      <oakesia>
        <balowFlanked>foalingNarrowyBerley</balowFlanked>
      </oakesia>
      <versaBits mungrelBiblismAero="zizzles" betaineDiscord="exuvium86" nonusesSashery="vinum83">
        <tympani>tonetic</tympani>
      </versaBits>
      <hadntReataUngka tusslerCanthiObtund="idylismFeedmanTussive" yurok="warperAltusLivish6" pirana="heiauAbeyant" atopic="adnexalPeeving">
        <umbelap>ratfishOrmers</umbelap>
      </hadntReataUngka>
      <vexfulBiggenAhmadi girondeCouters="unroted8" docetic="drouksLuigi" didieMudra="desemer">
        <mules>rezonesStictis2</mules>
      </vexfulBiggenAhmadi>
      <renewerMutator frere="filmsetLowbredOtis">
        <vinylTrees>tabusResack792</vinylTrees>
      </renewerMutator>
      <insets munichAwfuSugih="243617">
        <teapots>693</teapots>
      </insets>
      <concurRadek optimal="outbear" deducerWhiter="rowtyTelynBoniest">
        <omitterFilmSurfers>debtAladdin</omitterFilmSurfers>
      </concurRadek>
    </phellum>
    <guilesObscure>
      <isoleadWhapsSokotri>hereby</isoleadWhapsSokotri>
    </guilesObscure>
    <virosisPuristsRatchet receptsNousesSpryer="rilawaApliteHonor" shoofa="raggeryDuppiesLusting">
      <utterly>seerpawChampsPlatane</utterly>
      <pumasRosttraParled gerberaAwaLathers="girland8">
        <binman>949575593</binman>
      </pumasRosttraParled>
      <relaxesBiplace>
        <luisenoSmotterRucksey>169928</luisenoSmotterRucksey>
      </relaxesBiplace>
      <flotsanSeaghanHoopoe>
        <thinnedProtyle>replate3</thinnedProtyle>
      </flotsanSeaghanHoopoe>
      <accentUmpteen strait="jewlikeSitteeIxia" dun="gadders" impawn="aubadesAutisms" cotanOdiousSketch="aliyaHacklesCocuiza">
        <unipodsUronicAttrap>2135</unipodsUronicAttrap>
      </accentUmpteen>
      <nipperBamahBarfing purline="ahriman" stopgapSoneriPikas="dipnoanBeinUnpin2505">
        <maulviLeakierPsyched>durzi</maulviLeakierPsyched>
      </nipperBamahBarfing>
      <agreatDaresGambit>
        <vedikaWhatsisMegaerg>pompionAcle1479</vedikaWhatsisMegaerg>
      </agreatDaresGambit>
      <guffawTeenfulPygmy ocellusStouterTongman="enduredWinevatDorsa96" pesahStaler="markus">
        <ranchoExcheatFluid>ceintRusted</ranchoExcheatFluid>
      </guffawTeenfulPygmy>
      <dghaisaKinder atake="tarboy46" xmasTabardsGraded="41205" emanate="healers" crotch="bemoult">
        <wakers>5688</wakers>
      </dghaisaKinder>
      <saludTartaneEternal costedForslow="theaAztecaResigh224">
        <manjeriBating>iodinesArmet</manjeriBating>
      </saludTartaneEternal>
      <pipra>
        <pulpedStorialCorses>trochidComing</pulpedStorialCorses>
      </pipra>
    </virosisPuristsRatchet>
    <pikeOutgaze vitaeObarnePreciso="aint" runnierXyrisBaizas="chlorid">
      <binding>97521</binding>
    </pikeOutgaze>
    <denNosselUnlobed cyborgsFeezed="annatto53" emptio="cooba33" whirledUmbriel="quiringAbrood" skittyTipulaPyridic="soorahKeisterYamens170" waybill="zoeasMignons" bahistiTrionalLinen="bilboesAddsUntop">
      <jamshid>vacuaIkan80</jamshid>
    </denNosselUnlobed>
    <cephidStawTownman>
      <eaglingCimierMilsey>90535</eaglingCimierMilsey>
    </cephidStawTownman>
    <prismed>
      <casabe>redfin9</casabe>
    </prismed>
    <impar ceroteKaes="sycite" fcomp="ladyCocksRod" bullaceFirbolgOpsonin="snur" ontarioBelibel="kittledHoraceKhasa721" asitiaEnvironStrived="cureInangaSousing9" unhelmBuncoedImitate="melagraEncinaPerron">
      <vernRewakenKakke>beet</vernRewakenKakke>
    </impar>
    <balatteUnmixMothery nonagonBoomer="wanly" piercedBurrish="446187" fibbery="reastBatwa">
      <leggingReback>marmosa</leggingReback>
    </balatteUnmixMothery>
    <jemidarChuddarUpdart reoil="lysisXylopiaHuppah" horasRammingForleit="cockerThesterAosmic">
      <untrigGreboGuilds>dawnsCeriumsWeazeny1931</untrigGreboGuilds>
      <gustedSextoleGhilzai toolerGrusianLingtow="bedfastUnrolls8">
        <styryl>simply</styryl>
      </gustedSextoleGhilzai>
      <affing inwallsPropusWaging="slivePulpsUpwell" dackerNukeRtw="339504" latriaClallam="calvesBoodle">
        <tenant>laeliaPicotedCobbs</tenant>
      </affing>
      <lupeolMahori>
        <scornSewars>3933</scornSewars>
      </lupeolMahori>
      <hastiveDarkeys inscapeFiletUdalman="55008" dawdy="soleyneNidesKestrel" buntFettleSpall="memoirPlanersTwirps" hodgeBicycle="astonyUnteamTymbals">
        <babineInlaceRealise>aloha8</babineInlaceRealise>
      </hastiveDarkeys>
      <sugih upgrowLutraFlaunty="bawdyWychesOutwits">
        <longans>450</longans>
      </sugih>
      <gadgetyConyger>
        <vastusParged>involveThumps</vastusParged>
      </gadgetyConyger>
      <racialMorisco geullahQuietiSapotas="dodrans158" glacify="lisping" shelterDaivaIlleist="lad">
        <enrightFetisLawrie>mightlyGig</enrightFetisLawrie>
      </racialMorisco>
      <chiasmiSacket hadjiBardash="rewin" effacedReve="impanel" papagayPesewas="runmanKeddah" chuseThickly="leptaAdesteAstely">
        <almonryUndimlyFrypan>tallestNilgausFlaunty5337</almonryUndimlyFrypan>
      </chiasmiSacket>
      <holloosSuckeny glutaelNumbingUptrace="acciseCumshawVaire">
        <resowedUnclear>forborePorzana</resowedUnclear>
      </holloosSuckeny>
      <panaryRelook humulonMayans="jovianRedbuckEnocyte" amoradoRheen="eozoicLouisa">
        <albionZakahUnpen>eucrite</albionZakahUnpen>
      </panaryRelook>
      <braunaDaityaHumin cornealNama="compter" ammerSibylsFod="sposhy" alluvio="slynessFrustum" chadsSetose="dunkirkAmper">
        <sinamayBambosBali>leanly9</sinamayBambosBali>
      </braunaDaityaHumin>
      <westsSweltyGangues broughAmalgam="flybelt" foxiteYaffed="updrinkGadgetsThorn94" tift="cohueTickney">
        <shippedLyssicSpeise>theeker2717</shippedLyssicSpeise>
      </westsSweltyGangues>
      <yarest okoniteCawky="kirstyDecnet9006">
        <forker>pilferDarwin606</forker>
      </yarest>
      <cheetul gestura="9563" conics="hearths" delintUgrian="mislie">
        <lepa>614</lepa>
      </cheetul>
      <jonahAmativeUpbotch ababuaSlunkenTrek="stabbedNiobicKillers3" lioncelUtopiasRubiate="padraigBeboss">
        <lewniteHarmfulAbura>beslab</lewniteHarmfulAbura>
      </jonahAmativeUpbotch>
      <cowboyChoupGaun bolshyAlgarotMiggle="invitesEngs35" imprevuTanagra="hasheryUnwheelRason9378" strainPimento="medliedSwipy">
        <teloiAirers>rheebok</teloiAirers>
      </cowboyChoupGaun>
      <alityStridBataan cambStage="afrontManuao">
        <visitUnsnow>ainuOuthitIzzard</visitUnsnow>
      </alityStridBataan>
    </jemidarChuddarUpdart>
    <kiddiesPagurusMycol lingaGowked="425144" mobbismCawingMoyle="2" ammineAcrobat="musky" boyo="barkeyNota5" siloedFilletElvers="cavidaeBankersAffably2" deerletLenchBisme="yowie">
      <diacopeMocker>81291</diacopeMocker>
      <sandiaLauwine talkieEscharaAlants="377208" inletsLaccolQuo="arretezAnelesMarvin">
        <gnarredPung>171</gnarredPung>
      </sandiaLauwine>
      <critic>
        <simileVersuteMamies>braemanDradgeShoat744</simileVersuteMamies>
      </critic>
      <epochalThyself>
        <tastesColchisBothies>cedratBuxeousBoeotic</tastesColchisBothies>
      </epochalThyself>
      <todayll sneestMeatily="polloiPaulMassa241" fibrous="93698">
        <voeOvis>cuss</voeOvis>
      </todayll>
      <cembali polypsFawnDrogher="37394829">
        <alethea>grandeSpokanPatio</alethea>
      </cembali>
      <brended corach="yojanaKunkur">
        <pottosGlycansFanwe>aielArguesBacach4780</pottosGlycansFanwe>
      </brended>
      <streiteShrog kenafsWodgyEkename="uplongSticksArariba4299" badonLocatorGhaffir="exhumesMarket178" guazzoAlulae="sillonKnitchCuriums56" flidderJangada="835746513">
        <trilobe>peruleGeek</trilobe>
      </streiteShrog>
      <mewlingGourdeHaircap duole="373012" clagGundaAltered="miswire">
        <nichil>smeuth</nichil>
      </mewlingGourdeHaircap>
      <carrsZlotys turksResole="castorDevoutTrindle" alamodeSlubbyBitonal="danaglaRequestFauns" doolee="usnin" lepid="213315972">
        <ecruRinggit>telfordWaitingCanter6594</ecruRinggit>
      </carrsZlotys>
    </kiddiesPagurusMycol>
  </onlyAbjuresPrattle>
  <dronersGoadedSades runic="triviumAbongo">
    <timetrpTavert ephorDurablyCobles="stanedAdnex">
      <quokkasMormyre>unlacedHisself50</quokkasMormyre>
      <troikas lonhynCoke="faddishWisterColane1">
        <cuppa>dukeSaditeGyarung</cuppa>
      </troikas>
      <furling>
        <diehardSharked>4727</diehardSharked>
      </furling>
      <sprodTunkUnaging werther="kueh27" jarls="fayingRebait">
        <regent>riyal</regent>
      </sprodTunkUnaging>
      <theetMered>
        <ascella>revaryCoedits74</ascella>
      </theetMered>
      <nonplusJemadarMuslins swiwetYautias="abregeGypsyDennet" decateDaybed="bennPapismNoctis" unsuedGynic="evelyn">
        <abwatts>cetid8550</abwatts>
      </nonplusJemadarMuslins>
    </timetrpTavert>
    <overrid facetteMedicos="joramsHeadsFateful" stoned="unburnt" skidderLeis="cot" zonurusCoigne="chafery" fumersFlecked="ketchupFulls">
      <defenceArglesPlanula>scivvyChteauSotted</defenceArglesPlanula>
      <ammines matriceAriki="meharisTugboat" pampero="93657" hundredBaignet="ephahHurrahGaols341">
        <statingPropusArs>64</statingPropusArs>
      </ammines>
      <merlinBonersWastier>
        <maycockCookoutPalmed>gleeksKirmessCrowers96</maycockCookoutPalmed>
      </merlinBonersWastier>
      <accusedSirpoonHerbert carbora="bubbies" pitmanWattles="cyanusOvendry26" bifolia="linalylBepenFlicky">
        <ristMulctedGonapod>4676</ristMulctedGonapod>
      </accusedSirpoonHerbert>
      <fiancesRepunch wilsonErogenyMesange="wournilHartenPrytany" tertialSunk="datasetTachsErenach" daddingMaclesPonhaws="bebumpMouseesNear32" spurted="cycasinTubular">
        <maudlinBladerMixes>threats</maudlinBladerMixes>
      </fiancesRepunch>
      <butty mimishGnoff="sag612" nilgaiEdestin="apaiseLarder4308" rebeatJuamave="meatierMysticsDrovy">
        <wally>duetsShowery</wally>
      </butty>
      <investGrazesDearly loppers="barhop" facitBonallyMayor="tensasOctoyl8" trystAlcae="delapseVedette211" aggurBregma="mopiest8">
        <keester>2695904</keester>
      </investGrazesDearly>
      <sandsPunnageVielle>
        <ravage>treemanReata26</ravage>
      </sandsPunnageVielle>
      <littler alularBesmutsDroyl="2909">
        <limaceLemming>kana45</limaceLemming>
      </littler>
      <nodules emplaneSixths="ravins">
        <gildedWirersWhitsun>wealdNounPuli</gildedWirersWhitsun>
      </nodules>
      <coffersMarks friableLungy="bedRevestHeritor" glares="3642961" gleeful="mixy" unwindySmuistyLegibly="oralismConatus">
        <jacaminAsciansBestirs>betrays2240</jacaminAsciansBestirs>
      </coffersMarks>
      <pippins excelHustingBoost="41">
        <fll>26670</fll>
      </pippins>
      <bittierGabledObi ateles="upends" vainPegbox="42386" tzontleUpperSplicer="3784" naifsTwillyTemplum="trf">
        <jettyAnoraks>27314</jettyAnoraks>
      </bittierGabledObi>
      <anthillParaoBlares iodidNebulaTaco="elbowUnidealPinson" overmenGib="daityaDuality" bassoThible="37341">
        <wimbleKristenLot>zoocystXylitol</wimbleKristenLot>
      </anthillParaoBlares>
      <nonslipZeoidei roamingLustedCertif="cloacaeEtuveBops" tzotzil="jinxJawbone" leakingAndrewMatte="devoirsGallowAylet" panakOuzel="rudousLoculiAhaunch">
        <virosesCyborg>tornVerpa</virosesCyborg>
      </nonslipZeoidei>
      <slavdomCarara linderaUnchildToponym="plupAlongstSpewy" tabidShairnBecram="coaxyKambalGenetic" genesee="lycopodBunco395" righterFallow="flookSustainPhobies">
        <uppiles>hornlet</uppiles>
      </slavdomCarara>
      <flenser haviourWarch="261017" mianCalceusSlovak="coyurePionery" inadept="peeping" sciousTergaJowel="almahGullsFagots">
        <begod>puceCadwellKefs</begod>
      </flenser>
    </overrid>
    <fontesHeraldsTunish>
      <popeyeShamMammee>sambo</popeyeShamMammee>
    </fontesHeraldsTunish>
    <walling>
      <potfuls>rebore</potfuls>
    </walling>
    <yawlsCondue>
      <brabble>solazziFaciata51</brabble>
    </yawlsCondue>
    <jacobicTingerSculps>
      <behaveWaderPhaeism>dropmanPsoroidCfh</behaveWaderPhaeism>
    </jacobicTingerSculps>
    <elepaioMimiTramful>
      <rovingsCreasesEstats>staffMoabite</rovingsCreasesEstats>
    </elepaioMimiTramful>
    <lastyNowhitLimail>
      <samoans>yuruna</samoans>
      <dyadSaumon>
        <condom>kophsManuel</condom>
      </dyadSaumon>
      <exasperVolvuliCroon civoryHumbledBago="jessingRecrossPennae" axillae="crudely" boletiUser="screenoLeprine" arcsin="wrier">
        <insertEngage>3827000</insertEngage>
      </exasperVolvuliCroon>
      <nadaDagassa>
        <luctualCording>306658513</luctualCording>
      </nadaDagassa>
      <cafoyPontine tazzasImprint="goaling" wongaLemnianFarfara="tookenProsierKiddie550" upstoodPosadasCohog="464652">
        <canadaKirksDesman>solidoSeepingTalao</canadaKirksDesman>
      </cafoyPontine>
      <gtc tardityGemmery="paynimsShot">
        <yajenin>passelPooliGobos</yajenin>
      </gtc>
      <textletSegoAwhirl mungy="morpion" hattismLearoyd="versalBaobabs" gussetMakutuDinkey="oueniteSisals">
        <kenyteJimjamsBespeed>inventCarmanRevuist</kenyteJimjamsBespeed>
      </textletSegoAwhirl>
      <enamEdicule>
        <prosoImpair>lamel</prosoImpair>
      </enamEdicule>
    </lastyNowhitLimail>
    <winlessDruidSvelt>
      <hocusesLateraCharmel>calid</hocusesLateraCharmel>
    </winlessDruidSvelt>
    <dimarisPurges gyrated="formlyGrendel1227" retooth="burlapEnteria" sstorBaffyPrimine="societeBistrosKnautia">
      <delta>wooing</delta>
    </dimarisPurges>
    <inflood>
      <dogging>aaliisApoideaHarbi</dogging>
      <acetine>
        <oxyaena>lactasePlay39</oxyaena>
      </acetine>
      <canalisZemeDwelled algomicPeatyGenal="atelesSkisEarnful" gaedDelbert="169721" greaserLien="choller" nimsFewsomeCyma="micklerSavateBoxed5">
        <resiled>hellingCooing66</resiled>
      </canalisZemeDwelled>
      <sosquil scunner="entererCompartUnmet">
        <walterPushed>87</walterPushed>
      </sosquil>
      <miranaCheerAsaphic testeRulyParc="8936" adonia="oreas">
        <ingrainCrepisTamboo>circsScrapesTibbit</ingrainCrepisTamboo>
      </miranaCheerAsaphic>
      <bursae prayaDiscindTeredos="sageNizamGamier6" manyTylariYolky="viduateDahoon" freon="sonant">
        <wassail>765170</wassail>
      </bursae>
      <exalteeMarci iguvine="auanticVaquero" jadderCantle="vanadic4" weewowPetrineToxin="waggery" overfagGenear="colludeHolmsRaffle48">
        <agrePretryTurr>lohanUpframeCfi</agrePretryTurr>
      </exalteeMarci>
      <quipsDauncy>
        <dree>tittyOutwork</dree>
      </quipsDauncy>
      <laroid deburrWadmol="9" bhaktas="embedsKishyBefrets" ulvanPearchBoose="givensMedea">
        <adetMassed>fuckRethank</adetMassed>
      </laroid>
      <trianonPurgers runeGeneatErotize="8">
        <unleanReiningFlanger>deepensFrecklyTankie</unleanReiningFlanger>
      </trianonPurgers>
      <grufferSkywayCraie croak="nemean" sozzleSnicklePithole="geumsRebuilt" cfiButenesClues="nangka4846">
        <biggyCuretteKursaal>666455</biggyCuretteKursaal>
      </grufferSkywayCraie>
      <soudansDingiesRonyons quietTanaka="remetalEphapseAccel" bittBurmanWhelmed="chainWestlinFoochow41">
        <popinacBlindedRagbag>wernardEclairDruxy</popinacBlindedRagbag>
      </soudansDingiesRonyons>
      <baga decimalIsopods="lengthySaiticFascial">
        <cravens>ponica</cravens>
      </baga>
      <spasBosomer heroessDurocArcform="sanghsSmaltFicary" sakeen="exultPondageEringo" turk="sambursTuke" cornelsTbs="spirant">
        <flayer>chink35</flayer>
      </spasBosomer>
    </inflood>
    <whippy>
      <subclanFlewitLevulin>8</subclanFlewitLevulin>
    </whippy>
  </dronersGoadedSades>
  <natuaryManitosWeel />
  <habitanBolideFiggle darnedSeemsPrewash="vanadylRecoct" spanemyKokam="hecticTauter" />
</croceusModernsBeati>