<?xml version="1.0"?>
<finial>
  <ridged flagon="pulping" bedellsTenourBlet="3263" />
  <mounterGomaReplier />
  <burkes tonsilGryllus="yate">
    <esseBastianBeal proseEctirisUronic="execsGoshawkBergama" upbind="dismailHothead">
      <cituaPomate>4152632</cituaPomate>
      <balloteRetinolParsi yakonaEmus="thievesFawned994" snedCretinsRereign="bougieDufoil" emulsicPrepaid="cotisedPayroll" nepheleTchastYelks="872008511">
        <pyuriasDaggy>9</pyuriasDaggy>
      </balloteRetinolParsi>
      <foggily licitFeijoa="moray" quilledJock="spaid" stouty="staypakStullInject">
        <muddier>jasione</muddier>
      </foggily>
      <moyenerChilean>
        <cutes>hydnoraSeqedTrienes135</cutes>
      </moyenerChilean>
      <unsentSanctumManey merosChirksHeo="lapdog" birn="clasperQantar" smirch="skunksNuddy7336" hidel="60">
        <soyledSanies>lenBurgessClarain</soyledSanies>
      </unsentSanctumManey>
      <letchesCigarsSieved waggieSaddensFeltman="breedy7587" lawless="ayelpAsinego" dault="lizaAbbr9866" dibsSelvageBond="bride">
        <grebePantyOrgasm>renilla</grebePantyOrgasm>
      </letchesCigarsSieved>
      <almah kitabisRatoFerrule="geestDouper" berdash="2" sanious="replicaPuntal83">
        <faipuleBarhopIllust>phocean</faipuleBarhopIllust>
      </almah>
      <veronalOstyakAtresic chukkerRomeineAuca="halerzViand" vendsWhelker="sysselMyrtlesNiels5200">
        <kulakBaa>calyonRichly1397</kulakBaa>
      </veronalOstyakAtresic>
    </esseBastianBeal>
    <waivingGnarls agapeicPursesTibert="88" patriotIsidoidDjinny="eggingDoris6" cleruchPutoffsDevs="7647" wagnerSparthMyocoel="89291673" dayalEthanim="emprintOstent" typhoidSpeedyBeslap="pyrrhaDecks">
      <kivasQiviuts>dorbelLustrum</kivasQiviuts>
      <herryGraplinBleeped spakePulas="sty" stempelBolk="rilledBeldameGallate" oversetDownily="daimyosPorkolt" tipoffFunduckLatents="souaris">
        <wabberNeednt>updriedExam</wabberNeednt>
      </herryGraplinBleeped>
      <axiformMeckBasinet>
        <goldang>5413</goldang>
      </axiformMeckBasinet>
      <dowersTalipes parrals="5">
        <resendArgentPomak>layers</resendArgentPomak>
      </dowersTalipes>
      <catchySwashyPolymer polarisSpue="827620" bogyismFudging="rigsby" milfoilPyrite="596">
        <smittle>weyKvases</smittle>
      </catchySwashyPolymer>
      <tumbek incaEmbosks="bioliteMoio" geogenyTonifyTenrecs="taxiingDybbuksScabies" shudder="awnedHeilingReggie" bussockFrary="47579">
        <pargosBreezedCuish>collab5231</pargosBreezedCuish>
      </tumbek>
      <piny>
        <chotts>721120156</chotts>
      </piny>
      <gainersHelibusAbaters>
        <zealandLoathes>bhokraDurrsWaffles11</zealandLoathes>
      </gainersHelibusAbaters>
    </waivingGnarls>
    <missays piths="infernoArbutes" ribbers="attaboyStranyManness" oneselfParao="potages">
      <plumageEcodemeMintman>1367543</plumageEcodemeMintman>
      <miauled resmell="arock">
        <glitchWhereerDexter>crucify</glitchWhereerDexter>
      </miauled>
      <realKoftaDiorite balsams="cadosOleumsAndvari" esnecyGuydom="ecteronIgnite4" horatioAgadicOnan="maioliSakkoiRunkled">
        <unplanPanax>macer</unplanPanax>
      </realKoftaDiorite>
      <rasour cruises="hunkies" medusaRuddilySiskin="taulia" gambangUntrillKlipbok="amaga" laiser="unslotWheepedReesk1366">
        <corojoCullenNoahic>roed7550</corojoCullenNoahic>
      </rasour>
      <fourre dillyMouthedRetch="weedTangledCandor">
        <greneUplit>91634911</greneUplit>
      </fourre>
      <bigaWinful piaffeSurfeit="coppet">
        <imbowerBumareePaiking>9109299</imbowerBumareePaiking>
      </bigaWinful>
      <maybush switherIqs="5612212" cudsHeros="poundalComment">
        <bumbazeAvulsedClay>adeadPaneled</bumbazeAvulsedClay>
      </maybush>
      <mania dosagesMostic="puttoTipup" gowdy="6" zatiPinking="speaksPili" faddist="inciterTumult">
        <befoolsRedroopSquetee>fumuliIncherFriable</befoolsRedroopSquetee>
      </mania>
      <concordFakeers crullerOvicideOvercry="1" zealsVagnera="weeCastorsLeeser2">
        <ghafirSmitten>cruTubaeCapoche</ghafirSmitten>
      </concordFakeers>
      <fable wiltedYoruba="8529537" dubberRelevy="fangotGiverSlave">
        <aerotowPiculs>beretUptakes5</aerotowPiculs>
      </fable>
      <evecticHandled>
        <surfy>avernWastedTurio</surfy>
      </evecticHandled>
    </missays>
  </burkes>
  <bedaubsQuitoStoof emusifyWidegabBacksey="7985145" carolusChorismGorals="tchick304" bedimKarts="heitiki" />
  <blipsSinkAttests oboists="kinesesGwantus2" radicesDrabby="enosisStoas" balksBonismTavert="muckersExegeteEnology" arere="wheres">
    <saxonyTheyve wirilyBlaasop="tanguinCurateMuggily">
      <codistResup>nupeJerrie</codistResup>
      <gensengWhileen>
        <wishEschelePahi>sheenie</wishEschelePahi>
      </gensengWhileen>
      <degamesAmplex foehnDromeCowweed="eloinSeifDocks" celtsWetbackMisaver="tharenAdoxaFadging" lichenyChunter="cutesRingedArces" sizzard="tarveGoban">
        <yamZarnec>jazygesLaddish</yamZarnec>
      </degamesAmplex>
      <whiskin farmingUpcall="kneeing" griffesGemless="527047" chukkas="retiesKishka">
        <blingerBeent>streckAllerConfed88</blingerBeent>
      </whiskin>
      <misdoesWaff guilery="ryke3591">
        <subfeuDashpot>algal</subfeuDashpot>
      </misdoesWaff>
      <utahiteArteriaMarkmen refacedDamasks="alforgeFindjan" peytonTextusGrabbed="barroomCarny" romaneSeiner="moultTyphoon" extentChymiaCrup="1185">
        <tonight>meckRapeCausson</tonight>
      </utahiteArteriaMarkmen>
      <leepit bermsPaulaSneller="atteChimbeNashira" cyclaneSupt="shatanExede">
        <bertherPattara>regreetAgravic</bertherPattara>
      </leepit>
      <foamerZeedAnaphia krone="egretta" kellysRhombic="masteryBalanid" studiosAlbumin="enamourTenaim">
        <ceasmic>81</ceasmic>
      </foamerZeedAnaphia>
      <aulosChinela>
        <achenHummel>triuneMilkerTash2109</achenHummel>
      </aulosChinela>
      <lebhaftPlumplyMarron mondoTrips="fivebarSondesFrustum4" tangled="radientEvokedAramids4" acridylPrename="kyurin" recallEstafa="durnedKebWaxed6787">
        <hat>umistBabu5</hat>
      </lebhaftPlumplyMarron>
      <coffins>
        <reeperUsar>myriadPoppies</reeperUsar>
      </coffins>
      <sumitroViminalYon offletSealsRoid="spankyFestino2" luckierBlightyGuyed="partenDjibbah" thegns="zitherHoti" brails="35">
        <waygateVexilsNubbins>uprootCoyo4</waygateVexilsNubbins>
      </sumitroViminalYon>
      <ethyneBlazes angina="baluchi">
        <mouesJouster>flickBustedSoh</mouesJouster>
      </ethyneBlazes>
      <patteWhorl avengeCoffingAsmile="infamed" tottingAdenineRepay="hindgutSodding54" tatianBulliedKadayan="glumeUnbroid9556">
        <cuchanRestudy>8</cuchanRestudy>
      </patteWhorl>
      <bedeZeidaeBatiked immunJazzman="romeoInkwood">
        <kayward>sulka</kayward>
      </bedeZeidaeBatiked>
      <akron yergaVijayGavage="bedropWurrupThereon">
        <ambaree>lawned</ambaree>
      </akron>
      <fryersArenite coak="pithes">
        <nolPugmill>abacaxiSaulterNuttily2155</nolPugmill>
      </fryersArenite>
      <pechans>
        <unwindsAdipomaSipes>plops</unwindsAdipomaSipes>
      </pechans>
    </saxonyTheyve>
  </blipsSinkAttests>
  <doozerQuae shrutiYolkierSkitty="uveitisCongedPateria" zizelSweep="8652781" decriedBurkhaAnax="2582292" asseth="estampVineae" />
  <aimakWealthyRegauge juteNewgateRhina="11183210" whud="977">
    <assithLapsesSaecula zebrasCarlistFub="lapsesBrinedGoujon4" rottaEndentVanda="steaksIiasa7712" arraignWicky="shmaltzSowt" subheroPummelBelady="caderMidges968">
      <upsolveWifeletTean>degorge525</upsolveWifeletTean>
      <aeratorAwarn cibola="forwardHeedilySteid428" hawer="53257" bejucoGreylag="colical">
        <godivaClowder>bedustPuppied</godivaClowder>
      </aeratorAwarn>
      <gadinic steadsProfitsRevere="droptTranvia9011" togless="yonside">
        <tifter>gutsier</tifter>
      </gadinic>
      <zillionToms ariesCystedFound="wrongerCibolPaveed" parrock="achene" meconStogyMislays="basenet">
        <reliveCardolCrawl>synopRheaeUndines</reliveCardolCrawl>
      </zillionToms>
      <oiksBulledMaratha picriteToddies="opaqueRemital" xylidinKambal="impasto8479" verrelDragnetRoseous="tsumaMoocha9113" panagia="canonryMiki213">
        <aldolSetups>simonCursaro</aldolSetups>
      </oiksBulledMaratha>
      <loginsBizzExacted vexes="livesAlterum5">
        <teclaLullabyBirled>roundySteveClavel</teclaLullabyBirled>
      </loginsBizzExacted>
      <passirJacunda tamulOsculePenlike="hinging" knobsAtamans="ghawaziYarthen" brum="brantGnessicZoonic" throbsAssignsTavy="unmailNiffer">
        <slantedBusPitier>4</slantedBusPitier>
      </passirJacunda>
      <eared>
        <bourg>4668620</bourg>
      </eared>
      <decollEncist>
        <outringTangun>inquest</outringTangun>
      </decollEncist>
      <ionise>
        <creakerConnsAsthma>horoutaSleight</creakerConnsAsthma>
      </ionise>
    </assithLapsesSaecula>
    <troggerGwelyTroker ambarStares="wavier" kernelApayaoIntrunk="peavineHomard">
      <wag>5986414</wag>
      <bedressMethideDiseurs uropodsNapalms="hasheryHuffsBetire" anchors="wrath" rapier="95366922" becrustBrocht="glossesAvaunt">
        <fitmentExert>pomary</fitmentExert>
      </bedressMethideDiseurs>
      <metis>
        <wurstsTriable>prepays</wurstsTriable>
      </metis>
      <misread reladeWeam="thymele" pedlersBais="ploima611" enheritUpped="aggieSurge">
        <tankertBisayanRowted>pentice</tankertBisayanRowted>
      </misread>
      <rubricsRoselle iceniLesghCockshy="navarinBrute" bemazedExion="fermageDreamsy" girningMaggotyMutate="pleaterNeutEpiky" vedaismFlawnManager="senderTellach">
        <porkoltCurucuiLamnid>guzeBeinked</porkoltCurucuiLamnid>
      </rubricsRoselle>
      <bulgyHelcoGaming nudnickDeeveySiwens="phryninSudic" timpano="pursingVigiaFiggier" foreBarons="7736521" anlaces="755739783">
        <allium>forehewSheal</allium>
      </bulgyHelcoGaming>
      <fatidicWithingSlat yowedVenetiMahzor="canellaBeelbowDarter" wattAliothRimula="stunnerFeistYander" songoSarafTalitha="cubeAimable" hornadaPrisingRibozo="lagoonHircineMonkey">
        <chultunSoloedLaths>66668</chultunSoloedLaths>
      </fatidicWithingSlat>
      <adientDormy>
        <strands>tewartFeazes</strands>
      </adientDormy>
      <maurice nossel="repentListy">
        <rematchDeadeyeDrapet>lev</rematchDeadeyeDrapet>
      </maurice>
      <askableOchred algateAcubens="amoberLoadedGnomic" gnashedDiglotCrestal="ourangCumulus" smalto="modistMuskPrexy" flicThiaminFudges="25">
        <decreeBlup>eelfareFangRevue</decreeBlup>
      </askableOchred>
      <dely citrinRedfinsTogaed="81685698" stoodedRingtawRelevel="arbsSupari" cranch="993" poultryRawest="pittedMacro">
        <dayingPudical>988</dayingPudical>
      </dely>
      <coud jurareUtrum="quashVassosPreying" albergo="sectUparchCoroado">
        <sadistsThixle>fconvFondusAsdic1</sadistsThixle>
      </coud>
      <mulliteJubbahAribin>
        <tainos>cypsela</tainos>
      </mulliteJubbahAribin>
      <stiffer blisterRoslandReuse="churelLighten56" deflux="garooUganda">
        <lalland>anahaoWeeder</lalland>
      </stiffer>
      <koboldRegracy glim="prouderBaja">
        <oidwlfePalSadh>795</oidwlfePalSadh>
      </koboldRegracy>
      <fibromaFemcee jaildom="umpty3992">
        <lathing>pinjraAymaran</lathing>
      </fibromaFemcee>
      <disrest>
        <fondaco>diplopyHandout</fondaco>
      </disrest>
    </troggerGwelyTroker>
    <sowarBecapBelike>
      <bitonalHaunce>bondmanYeldrin743</bitonalHaunce>
    </sowarBecapBelike>
  </aimakWealthyRegauge>
</finial>