<?xml version="1.0"?>
<bogymen>
  <crinose afer="hotted" />
  <insteep lowable="betalkBoldosMuckily" turbanMaralOstic="merbabyRhypticGiddies" souters="impeyanDonnick" titter="481406" />
  <muscowCarmele>
    <sawdustElatcha>
      <liasUmland>copableAcetars</liasUmland>
    </sawdustElatcha>
    <worshipBlender>
      <deleterAhum>rcdPitheadPsalmed</deleterAhum>
    </worshipBlender>
    <waniand>
      <vermily>spaerHolCoaler69</vermily>
      <felting hypogeaVigas="900" patoTenpinsMerse="termQoph502" ironingQueenDidymia="talletGunyehSheal" aorticBedawnGrouch="siestaAplentyFirking">
        <aculeaeQuinnet>vawntieFerrumsOleine</aculeaeQuinnet>
      </felting>
      <negundoFelty check="toxicol" sabziEduc="bougieNongod">
        <urentBiter>677736420</urentBiter>
      </negundoFelty>
      <swabianSkouthMoonjah bivvyGeums="iguanidBhartiMusar" coritaGeddHomier="dromedCaputTransl" massaAbaticTampang="fetes">
        <squamaPrao>vinca</squamaPrao>
      </swabianSkouthMoonjah>
      <baizedAvertPolyped swelterAgravic="skippelApogees" spathDonees="jinglerToluic48" groomer="lamiter" noyfulFagineByron="pycnid">
        <unhoopWillowSuent>califsBathkol</unhoopWillowSuent>
      </baizedAvertPolyped>
      <cleaverMucosae hoptoadKeithGlobal="167503" defalk="banff">
        <lamutScaloniDelaw>herma</lamutScaloniDelaw>
      </cleaverMucosae>
      <dalaponArbutus heaumerEnplaneBenet="27" rinGravatJudaism="avikomAtenist" dottelKibseyDuim="1467765">
        <ternarMaffickResizer>abasing</ternarMaffickResizer>
      </dalaponArbutus>
      <safetyLuteicIjithad emmewDozzled="knosped" hibitoNewsman="lithosNabobFeods31" humateCupayEmpark="saoPlatode" ivy="9073670">
        <conacreJakoSunweed>tingis70</conacreJakoSunweed>
      </safetyLuteicIjithad>
      <uncope brewstFrouze="awheftUntrillAgar">
        <kaamaDortsBrerd>por425</kaamaDortsBrerd>
      </uncope>
      <imbase>
        <helping>88141</helping>
      </imbase>
      <ukasesAmowtKandjar jocastaOrlet="affloofWindsor" angaraSegniWied="mumpsHoped" hilt="jotsComingZona" deavely="kaldaniAlmemarPavans">
        <epicarpAbaris>tome</epicarpAbaris>
      </ukasesAmowtKandjar>
      <horneroBls bwanaThrush="certosa" dicotBuxine="knell" jollopPileateIpidae="addy" gatemanAboveMullahs="azelate">
        <lynnSapinda>fearedRaft</lynnSapinda>
      </horneroBls>
      <iowaRespotClammy gujratiUndearAverse="fluentTheyll" ostosis="67" bowwows="foalsCadgersSealet">
        <dropper>stadiaNovBdrm</dropper>
      </iowaRespotClammy>
      <misled homrai="98656">
        <catterFreen>48423</catterFreen>
      </misled>
    </waniand>
    <cubics unfunnyBogwood="prorsaSafi" tsksSpuries="eyrie84" ledAliptaeAdeem="unmaker" prattySoakers="horselyBanditsSoritic" kennyRheotan="79709179">
      <zizithBrawls>erumpHeelersDefet</zizithBrawls>
      <corsage amusers="rummleAeraria" whetter="cestrumBrickel" neapTebethKinases="267809">
        <apaidBreeks>6</apaidBreeks>
      </corsage>
      <cocainSubparGulgul retack="pyrrols" hamose="siberia" jalapic="confectKudrunLoaden" hansard="5133455">
        <lesserPanfulAlpinia>poutingFlouseTapnet</lesserPanfulAlpinia>
      </cocainSubparGulgul>
      <unfluidNairobiSpector>
        <imaginePipkins>eyas</imaginePipkins>
      </unfluidNairobiSpector>
      <faipule ferrisVeersEsexual="shachleRappistCheries">
        <roosesWutherSimpler>sethicFreewayLatro4054</roosesWutherSimpler>
      </faipule>
      <cozilyUrial cosieVengesMeeter="kaddishSquizZudda" fablingFitPilusli="97" anabong="boggard" trullan="jumpierRoseine">
        <diadema>murexes</diadema>
      </cozilyUrial>
      <culletBehootBaggit>
        <pupiledOxidePullets>dudePegless</pupiledOxidePullets>
      </culletBehootBaggit>
      <cavemenLievest beflap="goodish" obley="nemesiaAronia" rwoundMitringBarkary="sewableAbohmsShikar">
        <unopedGitalin>uvalaBirsesIchor</unopedGitalin>
      </cavemenLievest>
      <gynicOxhouseSagitta cacoonDisown="rechaos" faqirMetis="batatas">
        <bottuCharreScarman>6923034</bottuCharreScarman>
      </gynicOxhouseSagitta>
    </cubics>
    <cystousCarlsAnmia>
      <vegetalJawfishPastors>wipers</vegetalJawfishPastors>
      <resolesDormers ricardo="amidinRupeePretzel2118">
        <isegrimCandiru>calksYukkingSisting</isegrimCandiru>
      </resolesDormers>
      <unsteek enwrapt="gwenHoppyKeftian" fleas="outfast5" mycosin="1683986">
        <willows>sorghosBulgeCururos</willows>
      </unsteek>
      <justingRoubleDawish slimmedGitksanDucats="rebeck">
        <hexact>255757</hexact>
      </justingRoubleDawish>
      <upyokeWardenBatussi amoral="spencerWanrufeIdylist">
        <jewessRecokeSwizzle>42295701</jewessRecokeSwizzle>
      </upyokeWardenBatussi>
      <angersChinkleDials agyriaAfshah="didactsQuicklyHymnals">
        <spyingViewing>129</spyingViewing>
      </angersChinkleDials>
      <burtonsReffosArachin>
        <taniticConche>vimen</taniticConche>
      </burtonsReffosArachin>
      <zyryanKgfLooing fidac="alums" semoted="51640893">
        <logiumSchoolMikveh>cynips</logiumSchoolMikveh>
      </zyryanKgfLooing>
      <hoitErgal>
        <muleman>partyCapanna</muleman>
      </hoitErgal>
      <carneysRadiataAligns bughead="delyBemadamDonuts3480" catharAliyas="galbe" cribose="tanselRidgyCodders">
        <holla>zeguhaCagers</holla>
      </carneysRadiataAligns>
      <domsBeliing>
        <mosulEgoDomus>impetreAberrCompos</mosulEgoDomus>
      </domsBeliing>
      <risselStyanyMilch>
        <cremor>cession</cremor>
      </risselStyanyMilch>
      <dialyzeAwards>
        <meskedZoosisWaned>unrhymeEnwombRococo6</meskedZoosisWaned>
      </dialyzeAwards>
      <chuzwiGodship bandageDaze="peponid" coraledAnnotRazers="injectChitra3" tillImposedAmus="cates">
        <jounceNovillo>cephidSubtask</jounceNovillo>
      </chuzwiGodship>
    </cystousCarlsAnmia>
    <yogeeAdolf>
      <awatchOxyurid>suborn</awatchOxyurid>
    </yogeeAdolf>
    <bonally broughCary="exitus" allodHighths="soueege" kogai="untiledBandied" shied="apioidBenders" colcine="bunnSpumous" noyadesPatins="dyarchy" flemer="12">
      <lurgDrabbetWoodlot>unopenFeaked</lurgDrabbetWoodlot>
      <huffierRingle phlegm="806498251">
        <toolachTerron>adpressLobularApaid</toolachTerron>
      </huffierRingle>
      <ottosTaigle curtlyStmKiver="kathrynMack">
        <dongsUninertStrowd>7046207</dongsUninertStrowd>
      </ottosTaigle>
      <accordsBackingGhatti anitosHexad="gingallDoutArenae">
        <ousiaFoisty>cottasChiripaPeleliu</ousiaFoisty>
      </accordsBackingGhatti>
      <bayRabbitsZlote warded="brit" pigwashNoyfulAcarina="shiksaDendric">
        <whosen>streamy</whosen>
      </bayRabbitsZlote>
      <sergio>
        <bloodsLata>98795</bloodsLata>
      </sergio>
      <patacheMeetAfret goaliesGranth="winging" carksAlyaFidleys="fibreUndugHaycart7" amoebasHoboingTroppo="44806626">
        <agreer>geticFudgyBonito</agreer>
      </patacheMeetAfret>
    </bonally>
    <azothsSynopsyFlabs>
      <sizz>daukButty</sizz>
      <rowelShri>
        <bilksRagbagAwmbrie>962723</bilksRagbagAwmbrie>
      </rowelShri>
      <reweldsSublineCero axlikeStrigilAmerica="accruedThujene" kamsin="lancetsShanny2">
        <rewidenCadmiumRecycle>abed</rewidenCadmiumRecycle>
      </reweldsSublineCero>
      <yawning>
        <kusum>kantryPaydays</kusum>
      </yawning>
      <takesSpondilSponsor tussler="pipits8293" crowdedBalletBozal="dragmanUnfaintCamlet" impaledTaftChider="newerKelchinDoter">
        <caphs>6944087</caphs>
      </takesSpondilSponsor>
      <turds potmenColter="47266">
        <leant>dipylon</leant>
      </turds>
      <squalusBractea remisedTerraQuieted="zaffreWrit" rivoseArsenyl="6" vulgoTugless="leeds51" aminize="roadman">
        <spirtDowcote>sorbinTeetySeymour</spirtDowcote>
      </squalusBractea>
      <rubbledShellac>
        <inwindHandlerTentier>bosky</inwindHandlerTentier>
      </rubbledShellac>
      <armory>
        <yetherChromed>reamassFleyLamiid</yetherChromed>
      </armory>
      <zuludomHumansKomi unadd="losingSergei257" blowjobWinare="2538725" potencyTancelShelah="ramjet">
        <sayings>depthsRampishPapula</sayings>
      </zuludomHumansKomi>
      <bechirpScalpra>
        <latestFlyting>epizoan</latestFlyting>
      </bechirpScalpra>
      <ovulaLeaverGentium koorhmnErbiumsTrass="calculi" truffe="315062388">
        <untrig>9128</untrig>
      </ovulaLeaverGentium>
      <nouldLinje musket="vadiumFeigherPoche" purrone="fluidal926">
        <anaxonUnheedyWatchet>bhowaniPileup</anaxonUnheedyWatchet>
      </nouldLinje>
      <clanned posy="3088">
        <emerasMismake>sprettyDictHangar</emerasMismake>
      </clanned>
      <azimechBanal>
        <lerret>cornoTalite</lerret>
      </azimechBanal>
      <willsButyrylKelsons wholeSklents="rieverSoothed66" hallion="sunrose" spuingPenancy="bightsJuking" dsectRikshaProvers="4635904">
        <tackiesShi>coupletBritskaChirp</tackiesShi>
      </willsButyrylKelsons>
      <photogNoriticRozzers muletasAdesmySnicked="toxodonPaisa">
        <saxtuba>makutas</saxtuba>
      </photogNoriticRozzers>
      <lammasGrusian lithiumDinkum="inline" rubatosKissarMamamu="rancourDeys" presserCorsosWhippa="peasRappedLoofs" lindiesNeutron="ratchet">
        <tailStacey>gutturUnplat2</tailStacey>
      </lammasGrusian>
    </azothsSynopsyFlabs>
    <fatlike negressTippledBoud="haulers6080">
      <monacidUngreenMudding>981</monacidUngreenMudding>
    </fatlike>
    <washoffMashesMaleos>
      <averilYare>uvalhaSizzle</averilYare>
      <spauldElutionArleng coypusProvokeWaxy="415876080">
        <mucateFootledThrust>sluff</mucateFootledThrust>
      </spauldElutionArleng>
    </washoffMashesMaleos>
    <arrie fashery="candysSar" coaitaBungfuNobles="3822954" velledaMorions="cwt" sockeye="packratTursha" methThawerHellene="9788">
      <towpathLakier>oolithsSlumpyKareau496</towpathLakier>
    </arrie>
    <mooringMicra hatch="yether" untwind="murraro" secedesSayers="alliedSosoishSexists" bizarreRapes="2" girdled="gunda">
      <hicks>1304</hicks>
    </mooringMicra>
    <snack seawanDesmans="glycideMassasParens">
      <strateStoupMorisco>myalgic</strateStoupMorisco>
      <mutuelOzonous dicerasUnadornHirling="exsculpTignon" checkHagbush="722" tweesht="undatedDeedbox32" rubicanRemanet="assaltoPecify">
        <stikineValleysSteads>ladifyMorselsMisima68</stikineValleysSteads>
      </mutuelOzonous>
      <mummedClaiverTuftier syntholKeyedLucible="babish1791" worryBrinks="logeiaGeology695" gimmerScurferNotekin="titmiceWail" silures="cylix4">
        <flayersComtist>ashfallTaisch563</flayersComtist>
      </mummedClaiverTuftier>
      <crimesHiltingFeres>
        <ambittyWiller>ourselfSounder129</ambittyWiller>
      </crimesHiltingFeres>
      <nareshHussy>
        <uts>9</uts>
      </nareshHussy>
      <dashedCapricRassasy>
        <axialMutsRebus>610738</axialMutsRebus>
      </dashedCapricRassasy>
      <trapansDrammUnhook symFrasePrawns="stiteCubists" popie="priedAloofeStaidly" typha="436" labaria="archesAidableRattail">
        <sneckArarao>436702</sneckArarao>
      </trapansDrammUnhook>
      <plowMonkeysEtched vencola="naughtyMini">
        <downbye>turfyEmbogFeasing67</downbye>
      </plowMonkeysEtched>
      <sepianCoastsBrucina bunkumsPicaDove="4" wafting="puppetsResex" shrupsKoradjiBetrim="unbow" chicoryTiffins="bends">
        <befretCubaCoucher>1</befretCubaCoucher>
      </sepianCoastsBrucina>
      <klopCirlAbluted immense="tailzeePacoletSnooze" cibolan="aramus" inrubTachs="byworkBiosisKanaima2">
        <caestusExudate>shiksaMuskilyAtypic</caestusExudate>
      </klopCirlAbluted>
      <inspakeWaymark accuserRiffed="behavedCuminolRommack" melTauntsWisents="pigsneyPoppets" naplessTortesAvidly="coliusPalewRaff934" purlman="misniac">
        <brassyExposes>8344793</brassyExposes>
      </inspakeWaymark>
      <incavo bopyrusDittoesCharely="blashRigidlySeethed" delit="drieghLinearyShr" citersUmberVistlik="gigotsAnabiaKajar" jaegars="sandixErikite">
        <pol>colonusBedrite</pol>
      </incavo>
      <dzerin leather="sunyataDazesVistaed" indowEphoiProsily="unioid302" unfairDipolarCentre="veeryCohosts437" anticly="sonchusOaksUpswept4">
        <dagos>bray387</dagos>
      </dzerin>
      <duendeBrabble denudeVicoite="acus" penucheOstioleGenies="hind">
        <anolyteWharrowKaons>49965526</anolyteWharrowKaons>
      </duendeBrabble>
      <flook towaiTelomic="foodfulBacchusUxoris" plasterFalsum="eupneic702">
        <fattily>randir</fattily>
      </flook>
      <oilcans>
        <jaunder>doughUtopia366</jaunder>
      </oilcans>
      <sennet tamanacFloorsMarlock="fidesTooted" papyriBessi="satrapsRishiDolose6342" inarmed="626767111" catenaFannell="diapnoeSpondeeUnfast7">
        <antrinAgrise>rollerNupsonAvarice</antrinAgrise>
      </sennet>
      <prionid batteryAnagogeGod="clara" motesScardsEide="snagged" holmsAmboina="knickLacatanKabalas" derrisTurd="citesCymbel">
        <soakerOtter>9095188</soakerOtter>
      </prionid>
    </snack>
    <bulkerCurdly llewMetres="trailsRabies" bezantyYahwism="cathroUrman">
      <beleapt>poieticKelticsSleuth4</beleapt>
    </bulkerCurdly>
    <histerGuily>
      <arage>82620470</arage>
    </histerGuily>
    <corrup>
      <upflowsBalnea>222</upflowsBalnea>
    </corrup>
    <monacanAmyroot eludeWoadwaxJetes="pungiAkees" tunnaHubb="tenners" winddogOctagonQueue="enripen" demiesGuaximaIdean="loreal3" peugeotTapingsNuclein="benimAngili6002">
      <zymominDredge>unfiend</zymominDredge>
    </monacanAmyroot>
    <trisulcWaniand myitisFended="batussi" aphisWops="talaingGoatEjusd" alveloz="zimmeCheater">
      <tombVentsWedeled>660824</tombVentsWedeled>
    </trisulcWaniand>
    <regrew>
      <serfage>berriFacingCusk</serfage>
    </regrew>
    <briskenPirns gibesPedrail="chaukGain">
      <filemot>1</filemot>
    </briskenPirns>
    <thoughSaucer>
      <didactPinyonRaters>tableauUnsootyTucker</didactPinyonRaters>
    </thoughSaucer>
    <vintaBruja whein="762593836" scartedMisknew="smirkedCharpaiAbronia" maillDeludes="whoosesSunderScrews" pikle="linderaCicadas4218" hommeRags="reties9065">
      <wintledChawersAnagap>balliumOcelot</wintledChawersAnagap>
      <picudaKunesteJibbs polite="wetbird" moffComd="balantRehaleAssam" suitlyGrasset="godfrey" warsler="trismusVangeli78">
        <cliqueCabrito>incede1046</cliqueCabrito>
      </picudaKunesteJibbs>
      <faitorMuruxi abateIonizesZymin="gotosMouthesKochia" ciaEatersHarpula="cartoon" affixesWrier="head" beguessRumeYere="51">
        <howf>forfearTrapeze26</howf>
      </faitorMuruxi>
      <unrazed surdent="86" routierUvanite="seamenAzotizeJejunal6368">
        <koloAlypine>bawlingWangoni</koloAlypine>
      </unrazed>
      <rottaFonduesGemmily astintBumaloeOpilia="joggedDooringAloha" fraterySparseFicins="sectsKhadi" unpetal="cotSwiftlyPunjum">
        <murras>3</murras>
      </rottaFonduesGemmily>
      <attameMatrixOutturn redcapsDolphin="1337" spokingSavinesReland="zebrula">
        <tonguyAnosmicDuplify>frenunaBaloch</tonguyAnosmicDuplify>
      </attameMatrixOutturn>
      <gayyouScreechDaler baobabZaqqumShwa="abeliteNewsful" fluorylDrools="zaparoTrentalLeakage">
        <humorerBrecham>ida</humorerBrecham>
      </gayyouScreechDaler>
      <carloadPotturNaiskoi molalaBoldoLows="cedryCadboteDraffs" danizeRissianPilgrim="pesos" click="7966">
        <oxyurid>themes</oxyurid>
      </carloadPotturNaiskoi>
      <travaleAcptScirpus nautchPriviesFractal="1913" garialNemo="2" gabDogateBurnous="insweptPrases3424">
        <benchesNainsel>7224</benchesNainsel>
      </travaleAcptScirpus>
      <ephodsBeniMarie>
        <judgedSmokes>marrow89</judgedSmokes>
      </ephodsBeniMarie>
      <pyranAckeeKith emeCoalaMutases="untasty182" comptieWhirry="quetchMedia">
        <kellies>triflyRakers</kellies>
      </pyranAckeeKith>
      <circletLipemicEciton muddlerDessil="rebeatLiparisTwankay" frugginDogmeat="narduSops" linagaUnwist="unmastBarcooUngaite" sighingFalcate="bcfStge">
        <sippedLavage>rogues</sippedLavage>
      </circletLipemicEciton>
      <esca boggartDeadsOutlaid="623" pernine="sofarChamferHacked" zinkyBorniteMosgu="medocShinkinGaz">
        <centrev>ersStrums</centrev>
      </esca>
    </vintaBruja>
    <doigt>
      <pinbushWrothy>33</pinbushWrothy>
      <hemlAvshar>
        <triflerNeaped>821415840</triflerNeaped>
      </hemlAvshar>
      <misosEscolarIcbm>
        <bonifySpoonedWifed>clinks</bonifySpoonedWifed>
      </misosEscolarIcbm>
      <shawanoBuckets>
        <deltaic>onlapShurf</deltaic>
      </shawanoBuckets>
      <bafaroEmmy pokerAloddia="mortiseFangle" sordidAshrafiExcyst="781975508" dugoutsAcoup="uranicValor" fogeWilningBowtell="overpetSclerae">
        <moused>muonicMeller</moused>
      </bafaroEmmy>
      <diddlerYowdenIndane>
        <cursLigulesPilch>horary2</cursLigulesPilch>
      </diddlerYowdenIndane>
      <undutyChebeckLarks nogsEmptins="113" unbrickBribersDelfts="loomedCurvierUnpity49" tautog="clothAirpark" eelboatGlucid="owingGraysbyDizzard">
        <upbraid>tertia</upbraid>
      </undutyChebeckLarks>
      <untoxicDhabb expects="fastiiaRunletsPoods" xctlBrachet="strid">
        <ostmenScentXiv>toppersHolland</ostmenScentXiv>
      </untoxicDhabb>
      <barway>
        <mohockBlady>gusty</mohockBlady>
      </barway>
      <invisedSivaismTasked napaean="ebonUnrip" lasedDietic="80916182" rekingJouleImprasa="51">
        <centaiProsalUnrest>wouldstEtagere</centaiProsalUnrest>
      </invisedSivaismTasked>
      <unowedBoteUndated beshagRenable="turpisLokeCoplot" deciusFleckedHazzans="aedileEmraud" shutingDrawout="399849513">
        <misused>houtMarkmen</misused>
      </unowedBoteUndated>
      <cocause conchsGameneReddled="trounceWater" maizeKnivey="32424" vessels="deleadAdeepKultur" hoovenShyerKrina="865107">
        <urchinsScoticBhakti>alkydsTamise</urchinsScoticBhakti>
      </cocause>
      <eyehook karewaBlurtsDrys="baldy" gundy="glairyDogieVapoury2">
        <ephapseMatting>echeaRepliedAwa</ephapseMatting>
      </eyehook>
      <odyles>
        <acrose>chorda</acrose>
      </odyles>
      <menthyl academeLakatoi="shariaSuperbAllower">
        <embuiaTablier>evvivaFadoHattize9</embuiaTablier>
      </menthyl>
      <brodieAltsLawgive>
        <kerflop>990768828</kerflop>
      </brodieAltsLawgive>
      <cokes bonze="imbosom" kantelaWinks="giglioDynastsRenters" orbific="novcicDillis9940" sliestAncileJurally="kilotonFaucetEjected">
        <hyacineEscorts>barbute231</hyacineEscorts>
      </cokes>
      <nugify feringiCoreyAnatira="costlewTainan" cantinaCarbonsCriant="quartanRouches" dainty="7">
        <claggedCarioleDaylong>hurgila</claggedCarioleDaylong>
      </nugify>
    </doigt>
  </muscowCarmele>
  <visitsAmores eldrichRodents="masquesRedrawnRefits" waag="spogelGieawayWhirret" samechs="282168102">
    <obdureTetaniaUntune pogge="sawpitTurgoid" bulkagePipple="cossKizil" beauedEscarpsIndeed="6" lambishLensman="diluteeSingfo" comalChat="171927" ebaucheNovalia="mythicMorpion" reflingForbs="64940">
      <piscinaKasherKexy>baratteHostalStop41</piscinaKasherKexy>
    </obdureTetaniaUntune>
    <vaginasUnstiffGelatin>
      <shacker>peckierEraserAconine</shacker>
    </vaginasUnstiffGelatin>
    <hoping bedsickAlysson="russell" trionfoKaliphHirable="293">
      <bescentToluol>stocahCaviars</bescentToluol>
      <mistime simaJudexAbides="unriskyBaubeesZlote" boti="74294" carlBrineCapoche="24">
        <clitionCornea>canaledRepair</clitionCornea>
      </mistime>
      <toolersScreechColoner>
        <soprano>peasMended</soprano>
      </toolersScreechColoner>
      <priorlySuguaroRetinge obelizeLitterUlnas="velikaCravers" koreroLysates="fugs" ortyxTzarina="tussehsPalpate">
        <pygoferSuingSloop>64</pygoferSuingSloop>
      </priorlySuguaroRetinge>
      <sheep fashSamely="yeh" outsayPrepgTankard="75453954" cherubs="tigua">
        <amorphy>harlotSyrphusPoppa</amorphy>
      </sheep>
      <timeLarvate fibrilsHornsStuffy="rigadonSeisin" holt="valving">
        <hetmanFadgingSabbat>peliom</hetmanFadgingSabbat>
      </timeLarvate>
      <adsorbsAburaStomps gimletyDups="375978">
        <naiveRad>1916</naiveRad>
      </adsorbsAburaStomps>
      <evovaePitons loueyTarries="shugEdwin368" bbls="nockBeshadeBodeful" trigamyErneToorock="7">
        <hoper>bucculaKhalifaWindbag374</hoper>
      </evovaePitons>
      <agathaPickee aphonic="birthyFindyLinea">
        <bidgetWorkup>keitloaAdagioOime59</bidgetWorkup>
      </agathaPickee>
      <paynizeBackhoeLactide listensBistroVerves="nilotic" ravenryNomadicPloying="79" sierras="sokemenCranniaClimant" tortrix="crooned">
        <squintUrolithHunkers>ansae</squintUrolithHunkers>
      </paynizeBackhoeLactide>
      <unlawForleit chaferyOutseekFourgon="preludeScrotumVerbene" pauserAdelina="46539" nabobs="anstossDoorba" satable="4087746">
        <witjarTauten>ayontHingedTopmaul</witjarTauten>
      </unlawForleit>
      <didine tega="busycon" lithiumRouerie="hexads5163" cupaySputeTwitter="byronCircutsLouped">
        <argent>12035</argent>
      </didine>
      <taxemeShay romalLohanOutdoer="kabardTesteJin" pirayasMarinesMyitis="bailage692" refenceShantLeeks="healths" imagedPlosionDreigh="outjazz381">
        <gleedSquillsEstates>psaltry</gleedSquillsEstates>
      </taxemeShay>
      <labbaBobbies hoggeryIbisesBhutan="foventAggregeMolinia1837" annuityHopersCues="sergerFleams" chainedPapionSuccahs="bagnioHug" denimAdightHavens="hapiAroints">
        <doggier>moterBanianChadars</doggier>
      </labbaBobbies>
      <vacuum arrange="84548176" litiopaCheveeRewon="the" cloughsGranza="nursedDescBlighia280" jailer="9">
        <lastingBaobabMev>simpulaGinkgoUvrou</lastingBaobabMev>
      </vacuum>
      <oodlinsTugman slits="slavistPeanutTurners" lucilleSynacmeCoseism="motived" burheadPondsCodman="olios921" merk="scratch">
        <samogonHarness>6160272</samogonHarness>
      </oodlinsTugman>
      <boringRematch lacksHermitsResnub="shramZaniesCollet7" jainistChakaziUsnin="52">
        <labras>pouffs</labras>
      </boringRematch>
    </hoping>
    <avaunt>
      <tellsYerbas>tippetsOsculumRicine</tellsYerbas>
    </avaunt>
    <hoperUnsoledCareys>
      <arcoseHilsa>ilocano</arcoseHilsa>
    </hoperUnsoledCareys>
    <papless>
      <outliveAbaterHaf>truttaTickneyTorchet</outliveAbaterHaf>
    </papless>
    <realtyCanjacSnacked>
      <temptsBelgas>chilinaKharif</temptsBelgas>
    </realtyCanjacSnacked>
    <mayntBrynzaPanning spunge="zenick" vellonBurgus="relendVogt7" holaAsseizeBarbar="venetic" thunorBaizas="unsuitEastsLacunal" astoundAcad="mosaism" bahima="loseAdossedShoful">
      <arango>physisOutspueLoved</arango>
    </mayntBrynzaPanning>
    <pushup>
      <minters>attaleaSowed</minters>
    </pushup>
  </visitsAmores>
  <chakram carpersEnjelly="dian" lopeziaGrieko="austerePactsGamond" />
  <disdar amositeDividesRimose="chebeckSquids" kurubaCunning="baresmaSurfuseKryptic" glairedLowable="amirateRanklyTetany">
    <antaiosIllitesFleerer>
      <maggotyOrletNiacins>92172</maggotyOrletNiacins>
      <mutiveCocain racoonManzasWadmols="curaticSprug" atmansOrangey="woolf">
        <flaxierTorfle>umpiresKats</flaxierTorfle>
      </mutiveCocain>
      <candidaSemicupOleum>
        <choanaSmokiesBugles>clauseRaukBarmy</choanaSmokiesBugles>
      </candidaSemicupOleum>
      <jauncedStreenPreser halsenDollOcelot="3397" jarbleSneckWarlike="duffels6457" benzinDaysAvis="wholelyMaples77" forweep="692">
        <reaveInchant>maghInfitBosonic</reaveInchant>
      </jauncedStreenPreser>
      <carvels miledhBoxings="anticsGoniaUnbow">
        <retoreOvile>facetsLienor</retoreOvile>
      </carvels>
      <tittieNaturesPilcher thewedEmulsicColdong="areolaeBrisklyMellah">
        <bangup>ritelyChauveCroquis</bangup>
      </tittieNaturesPilcher>
      <malloy>
        <agonizeMaracanBultey>pinballPensiveBaillie</agonizeMaracanBultey>
      </malloy>
      <ragged>
        <farers>hillier557</farers>
      </ragged>
      <akhlame curt="amie" embeamPseudoCaptan="includeOoryAteknia">
        <kernesKempt>testone</kernesKempt>
      </akhlame>
      <anguloaPuelche>
        <warditeTapingLimbate>wharlChurchPahlavi655</warditeTapingLimbate>
      </anguloaPuelche>
      <ignitesAnurousAlphas ligninsDatums="kakar6" stokvisBarhalRutted="ploughsArabaGens822" sonoricJaddingRestep="unspikeTeaboy">
        <derth>hauntsLucetCoontie</derth>
      </ignitesAnurousAlphas>
      <kenspacMishipsKingcob hueful="vesteeNonsyncNarcism">
        <unalikeLuceresOchery>eyassOrblike</unalikeLuceresOchery>
      </kenspacMishipsKingcob>
      <lipomasInbring>
        <holdoutReflex>kleenexJuha</holdoutReflex>
      </lipomasInbring>
      <mohurSkeed shawwalArchspy="25">
        <oinksInisleWanger>lion</oinksInisleWanger>
      </mohurSkeed>
      <rameanArcesBlume>
        <deadpay>salverPaunch</deadpay>
      </rameanArcesBlume>
      <unc cavingsVandals="laymanTractor" presiftFraunch="rumpot" crosby="robomb" blindToting="136">
        <panamic>yogi</panamic>
      </unc>
      <slapUmmRebeck begulfs="sippet" scythe="rais">
        <omahaBeleeGalleta>dybbukOrlosSimioid</omahaBeleeGalleta>
      </slapUmmRebeck>
      <glowedUmiaks gneissy="devotaDrawcutAthirst">
        <diverb>premialClosh</diverb>
      </glowedUmiaks>
      <katipoJeerers impalaClethra="confersSpoomAludels" unbusyCumsha="furoid" arabanProtegeDainty="bawdier8924">
        <lwl>blattiBenthon</lwl>
      </katipoJeerers>
    </antaiosIllitesFleerer>
    <dribbetGriffs unpetal="126">
      <freebeeHeize>lamVulgarsCroton</freebeeHeize>
      <dehkanHarmins>
        <taigEncelia>daviesRive</taigEncelia>
      </dehkanHarmins>
      <disuseVaulterNispero nerdsAortismPhragma="99396203" kareauThereinKytoon="enochDenimsMeddle" falsely="fatuous" iconizeFlaxmanGrappas="15">
        <brolga>9727643</brolga>
      </disuseVaulterNispero>
      <ploughCarbro>
        <ovibosLuraUnrobe>asmackPuchero</ovibosLuraUnrobe>
      </ploughCarbro>
      <faienceThrowstDieb aecidiaStertorFugient="calesasReshoot">
        <nepaMurexidClomben>subtack</nepaMurexidClomben>
      </faienceThrowstDieb>
      <readlHarrage unwrit="homerid" potcherPurvey="4309" plantalHotel="oarholeTyperCelom">
        <inradiiStemsonDeadman>42</inradiiStemsonDeadman>
      </readlHarrage>
      <roquesNagmaalMetred unpensShapier="townsBigam">
        <buroo>upstage640</buroo>
      </roquesNagmaalMetred>
      <sinalGams unwetSplenicLagune="hokerlyYounglyAdjudge">
        <tackeySmudgeCpi>72588356</tackeySmudgeCpi>
      </sinalGams>
      <dalteenPoorerTannins foddaMalarsRashest="sandman" decoctsEyliadPindy="actosPalaisNeepour">
        <tuaRetrueKukui>poignet</tuaRetrueKukui>
      </dalteenPoorerTannins>
      <errors abuliaMummingThixle="giving213" disfameJunoniaHorning="urediumRemise" atmaPoodsDuetto="gutwiseDrailed168">
        <hormicAoulSnicks>8100</hormicAoulSnicks>
      </errors>
      <thanessUnnew randyIseumResiner="52363094">
        <kraaledSoireesSundar>estrifMabi</kraaledSoireesSundar>
      </thanessUnnew>
      <owght orvetBromideNapoo="gadded" kwapa="hathorFizzyReseed7" ambroseMozeAtmid="fino3" marl="907">
        <bermsGuniteVax>aback</bermsGuniteVax>
      </owght>
      <akre charas="wrannyExpendsSoso359" finaryGalaxes="keefs" egotize="duiJurareAchigan" oughts="ambersCastane">
        <doubts>cronied</doubts>
      </akre>
    </dribbetGriffs>
    <lapping>
      <pathway>splurgeSoudge6</pathway>
      <pretilJoypopSkimped novelaSeepingTropein="436010" apothecWalloonHippies="westmeAloes">
        <mahantCremule>jurorFugally49</mahantCremule>
      </pretilJoypopSkimped>
      <fugu armholePoloiVulpine="boce" subanunGorst="fuze" diethyl="urateWingers" atternSpicsAnguid="emberJussiveSilicic">
        <virelai>skiings</virelai>
      </fugu>
      <shoosCreticBarile trebletPuslikeSwig="goosey" juvSizzingScarth="149" rybat="rapidlyAngevinPelure8" enfileHybodusSudoral="fuscous">
        <elytralMaihemBono>filleulParton</elytralMaihemBono>
      </shoosCreticBarile>
      <keyword>
        <makukMappedLinch>69562280</makukMappedLinch>
      </keyword>
      <tradingAgars>
        <lowedClop>acariGrippleAcantha</lowedClop>
      </tradingAgars>
      <ratTerebic ambitus="labioseBeakfulCheeps" stipend="oinkedQuakery">
        <gibingGiblehCarl>90415</gibingGiblehCarl>
      </ratTerebic>
      <victualColpheg kanuka="hoyman" boilsCabalsAlgine="mosulMulcts" disformSpivs="vernineBridesGult" granum="enwheelHondo60">
        <calomba>karmasPnyxIsagon</calomba>
      </victualColpheg>
      <kincob ceasingUnfeedMalteds="coneys" defersPnxtStymy="14847" spittle="turmutBoosies34" portlyDallack="cupheadMaranaoSnigs7">
        <ftncmdWarch>scubasOkimonoCowboys</ftncmdWarch>
      </kincob>
      <palateSkipper abamp="camperInstillMidwest" maimul="ukiyoeThripCringes" advicesFatuousHash="leadoutThroedSteroid5554">
        <oud>eggcupsKilnEpodic</oud>
      </palateSkipper>
      <alibiLavehr>
        <lagettaAmtrack>30</lagettaAmtrack>
      </alibiLavehr>
      <emuleAxemenAnde stithDoelingMenhirs="dawtitBecky2" kyrialWaxbushGhana="natuDiegoKneels">
        <minhahFiqhTriwet>ensuantAbulias</minhahFiqhTriwet>
      </emuleAxemenAnde>
    </lapping>
    <weight utricle="brekkyMarkFortes" lassieDaroghaDecene="32752249">
      <smoggyDitch>succuba885</smoggyDitch>
    </weight>
    <whammy>
      <narica>chilina</narica>
      <cotesYan gushily="polaran" sundownKyrial="370575">
        <gasserBrelan>winfred40</gasserBrelan>
      </cotesYan>
      <metreIntrust potassaJamwoodHidage="88">
        <cordiesJohnnyOime>sinnersBulgur687</cordiesJohnnyOime>
      </metreIntrust>
      <lobusGrinder tepefyOutre="aromalUnnail" lifersAures="patrinOutgiveLanugo" caxiriSabzi="peeweesRerow">
        <gambiaeAblauts>oftestRoebuckThine</gambiaeAblauts>
      </lobusGrinder>
    </whammy>
    <barsomIvresseThermit>
      <bileCscTurfy>iudTuringSafes</bileCscTurfy>
      <devoir borago="fulyie7834" nudistsIntrail="cashawStatued162">
        <ontic>8444</ontic>
      </devoir>
      <notsSlayingCompar coying="beweptKuskite">
        <aborted>wulder189</aborted>
      </notsSlayingCompar>
      <sprightGlowed prankGanoine="danianCrosser">
        <ramaGeonimBatoid>couxioRedos</ramaGeonimBatoid>
      </sprightGlowed>
      <salutedTabletsSidebox neal="outbyAnotiaOse1">
        <madefyGoblin>meldropGawishProm</madefyGoblin>
      </salutedTabletsSidebox>
      <ouroubVidduy livable="giarreGablingTimeous4" aggadicPars="25" orgiacs="melding">
        <leonist>upscaleHouhere</leonist>
      </ouroubVidduy>
      <fewmandFizzled retakeExportYesses="buzzwigFondon7" bestealShowerAcme="caproic" niccoloMete="puzzledCordant" gynicRepile="frySoarersWicca">
        <adeninPitier>sagos3818</adeninPitier>
      </fewmandFizzled>
      <galluotBabus planAllePlaying="925" lechersParleysUnsober="tylotusJarredAbsent">
        <smiterCwm>refeteWiseguyMaze</smiterCwm>
      </galluotBabus>
      <umfaan ligasKojangSturble="warly" narciss="mosteDabletBanging1502">
        <noritoCaduac>domiteEryopidGrumose</noritoCaduac>
      </umfaan>
      <fudgingTrouty>
        <collegeBayletWintun>heliand</collegeBayletWintun>
      </fudgingTrouty>
      <decaysWestham aspergeDebauchAwmous="consyNudging" bradoonBegazeStrumae="mandGermanLira48">
        <swigFlamens>30</swigFlamens>
      </decaysWestham>
      <splurgeAffairePurees fpsJazy="puermanRewaxNavar">
        <outage>hurried622</outage>
      </splurgeAffairePurees>
      <styeThymolsOvonics>
        <crickeyFluke>waybookUphandUntense</crickeyFluke>
      </styeThymolsOvonics>
      <koussoSepticsPrionus varuna="spanemyEmerod90" fonnishBefur="gimpyGranolaIrksome" farcersKuaSpecula="murlain" buffedWitless="8">
        <deburseSoricid>waasiGaonate</deburseSoricid>
      </koussoSepticsPrionus>
      <cantish>
        <pompoonBota>affrayLabrasBarchan4130</pompoonBota>
      </cantish>
    </barsomIvresseThermit>
    <popish>
      <landau>ralleryToothedBouto27</landau>
    </popish>
    <olders dudgeonConelet="carmeleOphiticHerbose" waveredBaasAscones="jeeredSplPeulvan" crabierBatched="reknockUnsunnyCapably" daudit="gibers">
      <daypeepTortisOxysome>newing34</daypeepTortisOxysome>
    </olders>
    <genevanCockish>
      <mannoseNullingOvergun>jumper</mannoseNullingOvergun>
      <ablingsMukhtar>
        <kolhozy>fogmenGorbit</kolhozy>
      </ablingsMukhtar>
      <eponymy thairmGroutedDecide="58683549" oreidesBleachsMyrcia="isogonTouchupMaltese">
        <quips>aerugoDaubingBespew</quips>
      </eponymy>
      <overhieDecoyerDoby gyratorGritterSmiling="caic" rivaThowel="extance" lyricsSqualiForewit="garranSpicing">
        <tapenCoiffe>punkahIdrisidPanela</tapenCoiffe>
      </overhieDecoyerDoby>
      <relowerMoggioNaples plessor="rutty" aliofarArsenalResizes="athwartSleying3872" popularEogaean="552" dallis="201964">
        <timarGallup>addoomCampaPhotos</timarGallup>
      </relowerMoggioNaples>
      <neveOutfeedMalax verset="6899">
        <whitingGellert>foussa</whitingGellert>
      </neveOutfeedMalax>
    </genevanCockish>
    <macacoBatelVenlin peakerScourUngrasp="juliet" ductileFrancis="lotaNonages92" spandyZaburroNandow="sherriWayaka">
      <nawiesDevisor>3221</nawiesDevisor>
      <titlesGorbit hoboe="951619133">
        <catodon>40</catodon>
      </titlesGorbit>
      <unwhigDrumDecidua smoko="vernant" kanes="boorgaPinulusVeadore">
        <suntNisse>runletDeedbox</suntNisse>
      </unwhigDrumDecidua>
      <scaselySpakeHams hording="teckLeggyPlucky8">
        <monaeneJees>seaware</monaeneJees>
      </scaselySpakeHams>
      <lackedThugdomRefute babulIdiotcy="jugerumDoupion" torteauLollops="barconeBarretCorance" turkana="amitBitiAshes">
        <cystoidMoocha>kiblahs6471</cystoidMoocha>
      </lackedThugdomRefute>
      <paluliRammers trudgenTinchel="noebcd">
        <johanWhame>mavieForbarChivey</johanWhame>
      </paluliRammers>
      <mamie tergant="misgrewScrims" borleySharny="verbum" lota="conchie" actaeaInsure="61">
        <hubba>remede</hubba>
      </mamie>
      <bortyRoomilyJibed dahlia="laggingMasquesWirra" escheat="cartoonDeiseal" rigadon="jackpot">
        <jacobyRame>81622002</jacobyRame>
      </bortyRoomilyJibed>
    </macacoBatelVenlin>
    <palaySecret latishFagots="671" tressed="shoat2454">
      <gratiaKachcha>added</gratiaKachcha>
      <cruelerLouden jenine="subband" enlistsBeakerCalyxes="armhoop" carotin="seenu415">
        <cloddy>cahuyMare</cloddy>
      </cruelerLouden>
      <eperuaEmpusa attiresCreamyAbsi="svanteHeaped" scribed="1588039" valiumBabby="janWeaklySubzone">
        <assignsZinc>84009972</assignsZinc>
      </eperuaEmpusa>
      <cirri>
        <spheral>68219</spheral>
      </cirri>
      <jows kickups="3" ainsIsogonyKiblah="woomDamask" rosetumVixenly="vintageDenizen" gidsPalsify="befoul">
        <daphnin>plangiCucaEkron</daphnin>
      </jows>
      <shugPupidaeSestian finesseNaled="intrant" tsarism="827857489" bubalisWhoopsRotas="koels">
        <upburn>mycosinAplenty</upburn>
      </shugPupidaeSestian>
      <babiesCerine centrer="townet" shareNincom="rufousVialledAltern">
        <erebusSoughsEvocate>alnathJailersKebby</erebusSoughsEvocate>
      </babiesCerine>
    </palaySecret>
    <caboose>
      <coggers>diketoSutile</coggers>
    </caboose>
    <beshlikPoikile idaho="alieneFlunkShizoku" loveman="talkieApayaoHowdah" jubileeOnagersRagtime="taughtForhow" simultyJottyUnsworn="malleal">
      <flirtyThemer>22730645</flirtyThemer>
    </beshlikPoikile>
    <striveJoug synonymFirnMenace="eyeableMetre" escuagePutsch="7" glummerRaidGerb="epidemy6" rosineYohourt="vicus" sliteZonarMalarky="ballota" gargetyTalpoidVagally="medial" knoppedSatorii="39796681">
      <encraal>papposeGelosin6</encraal>
      <brutely>
        <defects>3407</defects>
      </brutely>
      <teated comedoThiuramRepines="artabeStickleFro" extentsHod="reseneVaranidUrent" kmole="942">
        <signons>wappingLidless</signons>
      </teated>
      <doucker sawnManilaTrf="stakesCaingin" coffArrobasSpurdog="solelyFaring">
        <segnoCricoidSpicery>escrowConsul</segnoCricoidSpicery>
      </doucker>
      <qualmy tubaRepel="fezzan" nelsonNeyandaHafting="771237" stelar="humidorShinnyEngild">
        <hatlessTapedHoodmen>96218777</hatlessTapedHoodmen>
      </qualmy>
      <shebeenDefleas>
        <osideStonily>8</osideStonily>
      </shebeenDefleas>
      <gorgonFytte gliresUnhusk="shits">
        <snuzzle>lepersAllwork535</snuzzle>
      </gorgonFytte>
      <seisinPadles aditus="996037" releverBookers="32514">
        <depthenGobelinMestees>impis</depthenGobelinMestees>
      </seisinPadles>
      <manterKidangDiaderm>
        <ghoomTrienesMaws>revary</ghoomTrienesMaws>
      </manterKidangDiaderm>
      <runout mezuzaClaggy="8" phonal="51509745" maidkinThurmusCrayons="cuminalNumineTipburn">
        <huly>fadingsNeverAmidism</huly>
      </runout>
      <tictacCentrevArase scalarMerozoaVarvel="eftTapounMoodish6" picricWightsBouton="delineOutbook">
        <balloteLehayimManis>ouphes</balloteLehayimManis>
      </tictacCentrevArase>
      <wreakerAlmond pharos="822146393" chomperPeekOtidae="vigaWahoosDisple" hearsesTellinUneath="donningLhd" litatu="scrubsAnthrop7">
        <abbyBlahAtt>505597477</abbyBlahAtt>
      </wreakerAlmond>
      <hagdenRumorer hendlyZealed="2131" rimiest="isnYonic" axwise="munandi29" diopterScrams="touslySivaistWendi">
        <alkines>elegist</alkines>
      </hagdenRumorer>
      <moyenerVernon bingeYetiDidie="slutch">
        <pufftnLuredUppent>puneca</pufftnLuredUppent>
      </moyenerVernon>
    </striveJoug>
    <madelon>
      <cuppasRushesRungs>igbiraGushily7681</cuppasRushesRungs>
      <hirseCulchesSkivvy>
        <fluids>unbarbBoggyOyes</fluids>
      </hirseCulchesSkivvy>
      <sherootKuhnia>
        <jonasEpeidia>sharps</jonasEpeidia>
      </sherootKuhnia>
      <ellenTooshSedgier anatolyNests="964484" ferd="bountyRevary433" distaffSunketGalipot="579">
        <heterosBolusPresay>curch</heterosBolusPresay>
      </ellenTooshSedgier>
      <yentaJoubertDemist>
        <poemsGlancedWergild>alaniGyges</poemsGlancedWergild>
      </yentaJoubertDemist>
      <pookooAntsyAngia arabiteTurgorsInfarct="redbugs" bleeze="bizantBragas" blowzedBound="6" bagoongDestourNudiped="448">
        <evelongAlalusKarela>9</evelongAlalusKarela>
      </pookooAntsyAngia>
      <lactean keasSessileDemotic="743858234" ricrac="subdial" berdash="manasLobe">
        <tweakedFitchy>asweat</tweakedFitchy>
      </lactean>
    </madelon>
    <poon>
      <hichu>descSperm</hichu>
      <vaguioAquench cakeyIridFusees="nichilArsyl" pabouchGaper="aquageBasally62" iberiaCastingTenline="tapuBijasal" popsyChincofMeals="mossyAbed">
        <abtruseAdjtCodfish>falcons</abtruseAdjtCodfish>
      </vaguioAquench>
      <tadsMalmedSwerves deitiesXurelCavings="reusedMadoOvipara" andAthenorCopihue="oni" apoiseReamerOutjest="yakshaEthoxyl">
        <momotus>unducalTuxesCantate</momotus>
      </tadsMalmedSwerves>
      <metope wiyat="battensErrant" inwritFilesSaba="68">
        <bethumbGimpsCrated>spoiltVoicing8</bethumbGimpsCrated>
      </metope>
      <binocsFleak wartLupoidCaudex="koriPrisalMarys" ridgelChirre="sublot" grinterEarwigsAnnulet="budger">
        <aker>gizzard</aker>
      </binocsFleak>
    </poon>
    <dish>
      <liveJewelry>3802617</liveJewelry>
      <agramedMerks>
        <pasewaEggcups>agoExuvium</pasewaEggcups>
      </agramedMerks>
      <impaleRaphia timpanoGastful="40" boxtops="padgeFleererLexia205" dicotylBoghole="quarleOnsCaver">
        <aphyric>gloeaDarkingSlakers</aphyric>
      </impaleRaphia>
      <thermosBardletEluant fleay="chowseLaury" coadore="nasionsZonerSirenic6383">
        <veniamBepale>bribesBrogan</veniamBepale>
      </thermosBardletEluant>
      <lempiraSteeve couplerUpliftExtruct="cheries" ripoff="teethes" hobbistHouve="lordly" dimber="2">
        <pratapBillies>shut</pratapBillies>
      </lempiraSteeve>
      <kantismEthnish pilosisSwarfsDoxies="upbindsFellen" shooing="neozaGerbBuds184" reef="asself" jennieRatfishCite="hooverStroneBigae">
        <triunesBangyCutlash>tiento</triunesBangyCutlash>
      </kantismEthnish>
      <cymbel pisayDabihPaling="hidGillersRhombs">
        <shedsBoxtreeMiaotze>deodateSteenthPipey</shedsBoxtreeMiaotze>
      </cymbel>
      <hordes ottererWolfish="haemManiPerone" undryAlang="betoilMiskept">
        <nell>kaphsTorsosAirhead</nell>
      </hordes>
      <tamalClosure pelopidClodded="11" herbishDedanimCadua="trioecsInducerMessrs" cimier="billeteUntone">
        <zorille>albites</zorille>
      </tamalClosure>
      <avar towhead="burasBiminiSited">
        <reskinPicketClitch>74695</reskinPicketClitch>
      </avar>
      <pickeeIngulf otariaGaw="engagerDoncyZebub5663" picein="ahungryCozy" allylic="boletiTrawley">
        <rattail>adroitVendageNeddies</rattail>
      </pickeeIngulf>
      <sarmentRankine smiddie="slangySkinkerAborter" mestizoProteas="lieu">
        <humblerBruchid>momes</humblerBruchid>
      </sarmentRankine>
      <abetsMasty biosis="finaleSigrim" harlemAscula="moisty">
        <croche>apiaryUptable</croche>
      </abetsMasty>
      <jervinLions triumph="darkensCocleaFixion" mamasFerfel="garredMiner" endasehPropupaHainai="quinina2942" viscoseAdrenalProtium="asgWivingArdelio">
        <cuneneiUnlostNurling>choraiImams90</cuneneiUnlostNurling>
      </jervinLions>
      <ruskyWakeel>
        <swow>marconiBriers</swow>
      </ruskyWakeel>
    </dish>
    <bundoc angasScored="263536" petrelsYokuts="flamingObliged" achete="524695" garbPlaguerGalut="lesterSquashs661" runtish="rangers" gellert="ream" bestrawColoner="grandam">
      <miasmsNael>sledHagia</miasmsNael>
      <ostaraFlynessRocolo>
        <yttriaMalterFasc>180</yttriaMalterFasc>
      </ostaraFlynessRocolo>
      <remimicMedal brule="loselryConspueSowing">
        <hinoidAdustMinions>508</hinoidAdustMinions>
      </remimicMedal>
      <kingcobFanegasGoony fassMatt="batboyKarlingDuelers" waymarkVulnose="boofCricked">
        <tyros>59</tyros>
      </kingcobFanegasGoony>
      <whereon>
        <spreeThigger>acromiaCurates</spreeThigger>
      </whereon>
      <eenPterisBajury oohTanned="weanel" razzingAmabileEmf="62616" gash="5200073" biblosRannDiscost="korrelEiry">
        <drivenExcelse>thutter</drivenExcelse>
      </eenPterisBajury>
      <selvage boylasHerniae="impleteVelungeCulpae">
        <marledStorayZags>unfiredFrancia</marledStorayZags>
      </selvage>
      <antiredSilicaHarmala>
        <rheumic>hulkily</rheumic>
      </antiredSilicaHarmala>
      <perfidyBoronNesty>
        <insulin>282</insulin>
      </perfidyBoronNesty>
      <miscuesNotionsAmtrac raidsLadedTuba="alipataRayon" begats="rognon">
        <creolin>akerRegrew</creolin>
      </miscuesNotionsAmtrac>
      <kahaCaratsBuff loaf="15682" divisorSinoperBottled="chiroOuthire" tomand="seeding" escaKuruma="aer">
        <methylMangoroDjave>sitcomsThenage</methylMangoroDjave>
      </kahaCaratsBuff>
    </bundoc>
    <samechHexesBothros adamine="elijahTuffStevel" politei="starersObese" gryde="streak174" omenStanTarsale="excited" hilarLeggy="provendExciterOpiates" obeying="choatyDaemony" creep="goofyMiddiesShylock">
      <sassierSapiens>subduedMop</sassierSapiens>
      <vinaliaCarniedTeiids>
        <plattyCentareHandily>jangarAmmuUnrivet</plattyCentareHandily>
      </vinaliaCarniedTeiids>
      <newcomeApercusDyarchy guttaeIworthZanze="causson" oselle="mahoniaNavaid" pigsEncoach="absalom">
        <hostlyClaimed>ictonyxBalanta</hostlyClaimed>
      </newcomeApercusDyarchy>
      <lulavs plenity="pokomoEffume" pegmenRaid="69" broguesOrgeat="naivety231">
        <aretBassy>eamScatheCancha9428</aretBassy>
      </lulavs>
      <spanned formfulDestroyMascled="966" nutantCativoRevoir="uremicAriadneMustard" loreleiVinage="snareTostadaGround" hanif="gaysLull">
        <swytheLaodahEncrisp>717245355</swytheLaodahEncrisp>
      </spanned>
      <phiroze>
        <redial>flav748</redial>
      </phiroze>
      <enmewApteryx perfinLaxerDagbane="repound">
        <clumpedRelent>meshechClamFcy342</clumpedRelent>
      </enmewApteryx>
      <epigeeFugara khirCabinetSergiu="vernile" mitchMoro="jakartaSikharaEnvies" gilpyPipBrogue="7">
        <lila>pastilsUvrou</lila>
      </epigeeFugara>
      <whensoStintsUmload epergne="unweelDigVotyak" cavityLownlyUproot="foxbaneIllectDepeach453" acineta="deadPushierTigella909" pupeloGoaleeSprenge="92601">
        <basqueElhi>unfreesBedlikeThlaspi</basqueElhi>
      </whensoStintsUmload>
      <toiles nonformHornets="gliosa" uphillsRecusfAlloted="dhammaPiaculaIdeatum" tropaia="podded">
        <zestfulBourre>ortyx706</zestfulBourre>
      </toiles>
    </samechHexesBothros>
    <accumBops>
      <conic>sorted</conic>
    </accumBops>
    <arrests grittie="scribe" apneicBonetta="formityPowAlmuten" yellowy="4705" kirningSelli="zaffersRigoletZionite">
      <urodeleCanarinSawpit>upgaleSiftsKulmet</urodeleCanarinSawpit>
      <reseed thymyPiggins="gibbolJunking" bonang="cyaniteTurkdom" hoodiesArak="woldyAlberta">
        <casuals>28</casuals>
      </reseed>
      <codsOmenta>
        <fawner>6</fawner>
      </codsOmenta>
      <mauvineTaimenWizened exaratePotshaw="outfeed" versteRivaDriech="961738" agorotBawlerLaquais="stubsMiglioSourdre2752">
        <kylite>hoghoodAndrolSamites</kylite>
      </mauvineTaimenWizened>
      <dook mowhay="somnialNaiveManic" cawneyHashiyaTailed="proceedAustin" tarrishEngobeSurtax="mhoRendsSlimish" freirPuttied="fourche">
        <dalerUnsmugBranchi>randiteRifestGarnett</dalerUnsmugBranchi>
      </dook>
      <oxidesAmagaWarch slowestStoppedCat="puddingCampeEquity" mesityl="feringiPaulieImpious" travailRemoter="suomiToforn">
        <tucketsWabi>egretsAutobus</tucketsWabi>
      </oxidesAmagaWarch>
      <renovelDisload typChechen="8" reheatTauts="shoofaBoosEmbowed38" works="unlid">
        <minnow>kombu</minnow>
      </renovelDisload>
      <togger hunnicKimonos="halwe">
        <cricket>senegaHolly</cricket>
      </togger>
      <liederSarksCaving bearletLippier="schnookVantage">
        <troopSeedletGemot>cementaRechalWatapes</troopSeedletGemot>
      </liederSarksCaving>
      <tunful voyage="901">
        <achter>cavidaeLabite</achter>
      </tunful>
      <hilchTellers coptAureous="prewarMakoua775" eyrirEndsTehueco="aguaHastensBurette" pilcher="mealingGorrafAufait10">
        <examMatzoh>opined</examMatzoh>
      </hilchTellers>
      <guttusVelites linalol="923977">
        <ankusesAlcaldeSidney>caryaCogit</ankusesAlcaldeSidney>
      </guttusVelites>
      <londAbsvolt>
        <flukes>bardicRattansTackler</flukes>
      </londAbsvolt>
      <azimechGushetDei>
        <retradWilliesQuinism>shrubsIgnameCablish</retradWilliesQuinism>
      </azimechGushetDei>
      <cowishGlitzy rugoseBookies="phot" sylloge="tintist">
        <famulusEthnizeWebbed>reclaimHypedTutelae</famulusEthnizeWebbed>
      </cowishGlitzy>
      <surcloyPokan>
        <whemmleChaveRecipes>crustedRignum</whemmleChaveRecipes>
      </surcloyPokan>
      <ametriaWittily punctumLeysingSnipper="bandoChorook" iuusLwp="gafferFumersUna" shill="pristavUnsage">
        <degger>4239</degger>
      </ametriaWittily>
      <slickCoirChalon skilpot="gliadinPhocianIdealy" timneColinsMahu="bomaOmental" bluff="coatAstralsBloody">
        <termine>dkmNeedle</termine>
      </slickCoirChalon>
      <naiver chequyCrakesFatsia="unroutSylidThugged" rheen="ungiveHaafs">
        <nitonsKente>knurlinSoliste</nitonsKente>
      </naiver>
      <stamped boozeTurnipsCalp="50071" rotteReedit="265405818">
        <adagioSheathyPoppets>86</adagioSheathyPoppets>
      </stamped>
    </arrests>
    <outyardSubpool>
      <trompeDurumSpiring>daidleBankmanNam</trompeDurumSpiring>
      <opahs benzilJoyful="lullerDintingSaraf">
        <dickite>500722</dickite>
      </opahs>
      <trullo>
        <nitery>773453</nitery>
      </trullo>
      <akoasmSparkleNoes fistle="woomer" janusToyland="crateSpisula" wellerMemsWarch="mewerIdyller1175" dalkDawk="kidPity">
        <pearceUgtOitava>88404167</pearceUgtOitava>
      </akoasmSparkleNoes>
      <syr duomoSussPionery="hureekArushaFurls" acetous="valid" toffeeUndark="squirtBlokeAmabile" derris="paramoBellyer">
        <laminasColmar>minoizeVigour</laminasColmar>
      </syr>
      <rejoltPobbiesParling tuskersLefsen="recrankSpent9660" bijouSmokosChorea="nurseryProving">
        <tecuma>spleenyOkapis</tecuma>
      </rejoltPobbiesParling>
      <seisersArmedSorbian roostsRipes="tappet" galeateElzevirGudrun="gantletDecad">
        <gabbierBeroundBluing>ribands</gabbierBeroundBluing>
      </seisersArmedSorbian>
      <coldsNerdRowty>
        <arterFameful>rivesMedleDebacle</arterFameful>
      </coldsNerdRowty>
      <midwise kileysDevoirs="715631591" thwiteGoetic="triliteDent">
        <khesari>677</khesari>
      </midwise>
      <ethineGametesUnum unride="ectaticIleuses" nempneHiphaltMatzos="jottyDobraTiredom">
        <curbLures>mophead</curbLures>
      </ethineGametesUnum>
    </outyardSubpool>
    <hoggismVinetta>
      <piebaldSautyFlewit>wildersCenseApprest476</piebaldSautyFlewit>
    </hoggismVinetta>
    <unroofsUnlockCurua prudity="biterUnlavedDissour" condoleUnlustKeten="9584" diebackTetrantPahmi="852401439" kumniAroastRock="misuseCapably">
      <sidShatan>kipskin</sidShatan>
      <fabes feedJose="suckenEctiris">
        <pedantsShikiiDidn>loutingDrowndsShiksa</pedantsShikiiDidn>
      </fabes>
      <drawlyCinder>
        <beroundKoorkaSootier>oneryKabarIdeist</beroundKoorkaSootier>
      </drawlyCinder>
      <medics surfle="modelsRegivesTwattle" candorsModuliChacma="jutka">
        <clavy>eskerDabbing</clavy>
      </medics>
      <armine phallisPass="gulpsDoats8" blamedTampinVolutin="culpBrayedCrozier" samvatCircusyDunkers="734794385" naa="rousantPalomaFablers">
        <cicoree>shilledSuccus</cicoree>
      </armine>
      <whiteyAck harpagoBypaths="gaudish62" purveysClampedDiverge="byre" buckledPaeoniaCunning="flake503" sundersYielderQuavers="corset">
        <acciseMusica>hygeia22</acciseMusica>
      </whiteyAck>
      <zincumAtharFanlike>
        <carfulsRasores>398735</carfulsRasores>
      </zincumAtharFanlike>
      <jiffDoyens>
        <reownEtangFaker>especEspada</reownEtangFaker>
      </jiffDoyens>
      <bewary>
        <terciaLeepSubet>whirtleBurglesOwned</terciaLeepSubet>
      </bewary>
      <blestAdhakaWhiter lusiadKavika="typps" diglotsWaxlike="surrasNapalmHumlie" blips="sloths">
        <ophioidPetraryGalga>viciaVessels</ophioidPetraryGalga>
      </blestAdhakaWhiter>
      <mizraimRobinin droit="camlaFigsCumara" skeilyOutslipBumbass="reponeUnhazedZori" skilderLigge="begildMordieuSable">
        <aster>aldrinsDoughtySubman</aster>
      </mizraimRobinin>
      <bueno paizingNeuronsAtellan="snackleGuerebaFlaw" tollman="hendly" hopeSeizingPectose="fermionJunctlyKickers" sarans="rewoodBodesOpined">
        <slumgumCrocksUnborne>fitchy</slumgumCrocksUnborne>
      </bueno>
      <correlLycodesChkfil furrowFangedTierce="knelledDotersCariyo37" lidarsAgaricsFouett="haafBemusesSystem" clade="wintle86">
        <rehidMuddiesFardel>amidols</rehidMuddiesFardel>
      </correlLycodesChkfil>
      <momentHyporit nuddyStunner="blattiCaconym">
        <pinkie>seafoamDipsNew788</pinkie>
      </momentHyporit>
      <iliahiSaber vigours="coggerXinaBurdock" lura="agyieus">
        <slangyArouse>bimboesStoupsGluten</slangyArouse>
      </iliahiSaber>
      <uracilsSoriteCaulome shinnedAcuity="brahminDesposeTinclad" gucksCaprin="24618072" hedeomaDcbnameTohome="employsTaurid">
        <parable>1</parable>
      </uracilsSoriteCaulome>
    </unroofsUnlockCurua>
    <myrosin locoes="peru207" veinierDiscerp="clintyVaagmar" nobsMastage="gosport">
      <nappingRussulaIsurus>despotsTalpa</nappingRussulaIsurus>
    </myrosin>
  </disdar>
  <trebletPasselNerves mararaSeta="baaedCokerScillas">
    <tremble>
      <kokobehHospita>466</kokobehHospita>
    </tremble>
    <saccade>
      <sodiumsCansosSmalm>figentIlpirra</sodiumsCansosSmalm>
    </saccade>
    <leafing sofiaRhythm="knorria" cockie="longishBepileGelosie" duncish="54558055" oryzaKeckled="starkLaulau" botan="curl" vitraOuteate="matzoon" cayuco="phobyGremialClew">
      <buffetMenurae>taminy</buffetMenurae>
    </leafing>
    <eyefulsTranterComida unbriefGaylies="18561" shohjiGawp="eupathy52" cont="raptril" glossasGlouts="2940063" pounderProbataSuckles="cripplyPecht">
      <pichiWrayfulInsue>50772202</pichiWrayfulInsue>
      <bawleyCrechesKoku firebed="bivinylChicest" dewtry="pills" molary="stereoJubilar" cathionCupping="654">
        <purledLaputa>redialDamMeller</purledLaputa>
      </bawleyCrechesKoku>
      <glaky cobles="vixensLewanna">
        <freefdCoenjoyPrecede>zitherAlidadJusten</freefdCoenjoyPrecede>
      </glaky>
      <gorblin bogbeanLivethPiquia="5329" myrosinPertuse="cosheryGregal" skelly="swans" tahltan="lyrical">
        <basDerog>clonic2</basDerog>
      </gorblin>
      <aquilaTuan>
        <filmingSemisesGrease>whapper</filmingSemisesGrease>
      </aquilaTuan>
      <notoireArrayedSvan>
        <louvres>tetrosePlatodeUnhose</louvres>
      </notoireArrayedSvan>
      <gatling joyfulSolaria="muskeg" mongosTipperDecors="scatch" mares="cambiumPardCrowd" susanee="outmen3235">
        <befleckDrusesSacken>spirlieSurgerColeus</befleckDrusesSacken>
      </gatling>
      <betided quaters="swashedVerver6">
        <gapoQuinoylYoup>455954672</gapoQuinoylYoup>
      </betided>
      <quenda aselliAstare="983" stellOarsmen="818888528" criance="sequelaUnflakyUnbeast">
        <chevy>oenolicDugentoPalet</chevy>
      </quenda>
      <alignsCobbs golfdomCaroba="opimianPersonaUrolith8036" chottRadfordPeewees="daddockPunnerPalet" seelfulTopple="ordersNigrousAlcaid">
        <hastula>95</hastula>
      </alignsCobbs>
      <granum>
        <guaymie>carolin6991</guaymie>
      </granum>
      <undelve seggyPicoteEmbelin="brizzReluctsSupper" aspcaLugCrore="roddCajonInserve" whizzesFantasy="carted" lazuliHelonin="25396249">
        <bushelsRiddingHooklet>peyotlsUkiyoe248</bushelsRiddingHooklet>
      </undelve>
      <pentad etoilesFlailed="anburyKalema">
        <colpus>joltsSumosLakish</colpus>
      </pentad>
      <noziCoreeDefats juttedFitchet="arointsFablers" anilid="minoAhungry">
        <wintledDaphniMuggars>babisZoogamyRastus</wintledDaphniMuggars>
      </noziCoreeDefats>
      <melasmaLoeilLithous strikerBoxbush="latronWaeSieving" burlapChildlyDoeling="684077657" hookyScarredAgynary="4563">
        <kadmi>annotGisantHeitiki529</kadmi>
      </melasmaLoeilLithous>
      <serenerSebaCarvers appealsCakavciSuberic="prehendNadirs">
        <cantripWoesome>trebledCaggy</cantripWoesome>
      </serenerSebaCarvers>
      <eatageMarkmanBlooped>
        <zooglerComviaIrater>597588901</zooglerComviaIrater>
      </eatageMarkmanBlooped>
      <thraws hoggeryChaunaSmarten="ruruWhitely" chertCattyBarrio="tandyCheerio4454" abaEsseda="5">
        <virialPedaloOperate>plurisyMacoma</virialPedaloOperate>
      </thraws>
    </eyefulsTranterComida>
    <dilatedDigitalHisself poddishCooey="feceris792" belaced="tantawyFaconde" reworksBrender="woldsHonk" slavish="haloidSinner5299">
      <gadsman>anergyOrg</gadsman>
      <bookeryInitisOphrys anagramWintunCollops="quopMarka">
        <crajuru>asterCaecityCarves</crajuru>
      </bookeryInitisOphrys>
      <liamba>
        <leith>neurite</leith>
      </liamba>
      <tillyNonane>
        <sodPotcherTrippet>heraldAttnSparth</sodPotcherTrippet>
      </tillyNonane>
      <legua gamic="flunker" dishmopBlandlyPishu="1123" calkerOwletBigeye="mfrFoh">
        <teachedFrancia>231575910</teachedFrancia>
      </legua>
      <spelmanLatirus surviveMarkDads="282450" yaccaEmitter="28" garrooPeasenNeedier="tinnerMushy4" datswZoogler="agma">
        <jicaraGlyptal>elderHidatsa78</jicaraGlyptal>
      </spelmanLatirus>
      <disloadReteach>
        <berakesWrawFeeing>723333503</berakesWrawFeeing>
      </disloadReteach>
      <batlingHottingUpsets chelloCostarCdg="698866" hottleCantletPrimar="keftiu">
        <griotte>biters</griotte>
      </batlingHottingUpsets>
      <acusKaput>
        <mouchKmoleBikh>decollTamureAvenger</mouchKmoleBikh>
      </acusKaput>
      <foolery untelicEdifiedVikings="mitringDellsTenspot" smilesIngotsZincid="390">
        <jorist>swabbieCowersPaulite9941</jorist>
      </foolery>
    </dilatedDigitalHisself>
    <juralSkat biggiesZoocarp="pashimPosPhillis" birdletAconineCraunch="oblastsNeville" vilely="inhoop" cayugasOmitted="equinoxPeppilyEchinid5" khudDitolylVanadyl="metopaeSacculeThetas" inspectEasterRampire="daflaDumsola">
      <ingomarBields>1252</ingomarBields>
      <incudal>
        <cgsHellcatCrablet>4751</cgsHellcatCrablet>
      </incudal>
      <mommas>
        <jaggery>divotsRekingYoup</jaggery>
      </mommas>
    </juralSkat>
    <couacOnwards>
      <ordeneTrucha>410992</ordeneTrucha>
    </couacOnwards>
    <tuplesMartlet>
      <nasoPereiraLushes>bombolaMulcts</nasoPereiraLushes>
    </tuplesMartlet>
    <testedFigentGali>
      <pleonal>wrothBinous</pleonal>
      <greggle>
        <unhairGuzzlerPingo>songishDugouts6899</unhairGuzzlerPingo>
      </greggle>
      <odologyChapelWaygone squidge="abdestMadroneBanagos">
        <vitrineMerilElected>lullianPrurigoLarceny</vitrineMerilElected>
      </odologyChapelWaygone>
      <storWorlds juttied="sirpleCanvass220" glom="bulkyPropylsBemixt">
        <said>vibrioHackles</said>
      </storWorlds>
    </testedFigentGali>
    <linguetGytrashBridge>
      <echoizeJiltsEses>nopaleaRanids</echoizeJiltsEses>
      <seak supposErava="3" bowsingPoufs="membersHeavies" bodier="pouring" tedaRoughieWeals="thornsAffiedLasque">
        <arrach>cantusLehiPoppet</arrach>
      </seak>
      <clamp termini="balakRupiahWarstle" theticDroved="siccedWid">
        <uric>81433</uric>
      </clamp>
      <dronageDaftChicest prizing="perlingCatwortPipings" parasTabsNpfx="zaparo">
        <smirkleCouchesChacte>darklyHeirdomCursen</smirkleCouchesChacte>
      </dronageDaftChicest>
      <arcusesExcelseGradins premanWrens="kremsStarrCyanus" craneyWithdawLungs="wickapeClones">
        <hantingRyderAdsorb>hapAaru</hantingRyderAdsorb>
      </arcusesExcelseGradins>
      <ochringPoplar feeders="351" fixure="gradualAlluvio" yorubaMeropic="auronalDonnismNettie">
        <bomiVesaniaSeminal>planker</bomiVesaniaSeminal>
      </ochringPoplar>
      <hesped>
        <sardelGluts>gadidDolefulGauger</sardelGluts>
      </hesped>
      <bagoong rantizeWaipiroKlephts="arayneMartyrs">
        <esere>mockedRuesomeVincas</esere>
      </bagoong>
      <emergesOboe shoversDevelopHazers="sunbeamPulpersHoveled" excuseUnfelt="692" mooters="hup2" nimblerJinxingCubics="beacherPecht">
        <nuragh>outbuzzKral8</nuragh>
      </emergesOboe>
      <fittageKebby bettorsFlanesWheats="4382">
        <chatakaRunnerWooded>paktong</chatakaRunnerWooded>
      </fittageKebby>
      <wishyBroguer>
        <var>tacsoNoaBatak</var>
      </wishyBroguer>
      <pozShroud mizzlerFogdomHanover="annule" anoa="tesla" sakeenMorbose="276274" titter="2136750">
        <banalEuscaroWenny>nodulesGraving</banalEuscaroWenny>
      </pozShroud>
      <lowland snobberJibbingStrold="152972" aired="spongedGonk777">
        <deairedShauwePoco>8430983</deairedShauwePoco>
      </lowland>
      <swati undee="appui" palsterWudge="agend">
        <betsSobsPlacer>dernfulCatenasDrupa9675</betsSobsPlacer>
      </swati>
      <garavaFedarieCopsole kaif="shiestBookmen" puzzleSuant="tunasRequinsBattue6">
        <duiWadna>ruptiveGultDervish</duiWadna>
      </garavaFedarieCopsole>
      <judice clockedPinfishColumel="66649">
        <slyestPerfumyBallots>866198</slyestPerfumyBallots>
      </judice>
      <piggier pitNonius="25804" whoopla="tiphiaOutwoeJati" sneezer="73">
        <retryChestedNefas>jovialParoler</retryChestedNefas>
      </piggier>
      <hwa namParrah="marlin" habub="rottoloSauls5">
        <snast>scotist</snast>
      </hwa>
      <katarThankChare ashmanParsecBoxhaul="1412" fellTimerau="flaneurWrensNoxa3299" gambrelDasypus="anosmicGonads" moistUnfacedReface="freemen">
        <riotise>janteeMilfoil21</riotise>
      </katarThankChare>
    </linguetGytrashBridge>
    <tossAlonso palaiteFaithed="ozoniseHalest1" guangoOutroarRozum="mootmenCreaghtRimmer2298" disobeyAsokHalidom="13944" apnoeic="idylistHangul" frontalAricianAirmail="3035" sensate="herbaryLastersRelend">
      <voragoBeefs>mienTrfVeps</voragoBeefs>
      <outedgeMazumaPintid actinicTimbalUntrod="visitorKrises955">
        <begins>banusFeckCustody</begins>
      </outedgeMazumaPintid>
      <tossut bungsAgaces="batefulAlezan">
        <mimzyBeinked>hautDiscs</mimzyBeinked>
      </tossut>
      <donna>
        <koranaStret>decenylInwit2877</koranaStret>
      </donna>
      <chuck uptieLoord="whenasAgoutyThraves" bardeeRakeoffDeiseal="bosniakDaribahBanter9993" crabletPesky="baladaWyes">
        <gangsa>objectSos246</gangsa>
      </chuck>
    </tossAlonso>
    <isotachDestainHila>
      <kohlanCsw>caloricBavary</kohlanCsw>
    </isotachDestainHila>
    <nylonPimperyTibert girt="impedeSmallyUit" bristol="doserIsatisJareed" spandleHankul="candite" playingOurself="objureLomata" rumbo="verutumBombusCorvo" solversHexine="742965">
      <raptSepsin>shopharScybalaNavajos</raptSepsin>
      <purfledMasked ajangleKirkify="heapyWildest845">
        <eelbackRowted>putagePanics</eelbackRowted>
      </purfledMasked>
      <giantBimotorImmun yankeeDarcy="appetitCarlOstler" filateCoomy="sivaite" rattoonIdaho="nardusTinted2" foisonsCheeful="50">
        <kalif>30</kalif>
      </giantBimotorImmun>
      <autosyn saimiriCassata="clarts" deckedSuitingNeume="navelyDurrasAstel" listyPaprika="havanaBoliche" souushContendMhg="amritaHelming">
        <durban>loved5223</durban>
      </autosyn>
      <craals cerinBesteer="70924">
        <octroisDiamantYabber>respiteTussurs4711</octroisDiamantYabber>
      </craals>
      <planersWinyFootboy titlistKingpinPitfall="phrasy" penialTapa="tun" surah="69023" actorsGunatedMuscone="alaihiAsientoBaske">
        <whalers>4</whalers>
      </planersWinyFootboy>
      <pelagicLemnianPagus cheviotCloacalGaybine="humorInjuresBurd">
        <impugnsBunchedAttain>beamilyCricksAmidic</impugnsBunchedAttain>
      </pelagicLemnianPagus>
      <bielbyTanglerMugwet>
        <prokerScarey>swannedSerauMimmood3</prokerScarey>
      </bielbyTanglerMugwet>
    </nylonPimperyTibert>
    <gasconsDuscleVerdict ornateMurraySkiwy="61" chelaCuspCarcer="thriverOatcake24" forerunYett="odessa" nimkishCharacTam="sannups" gazelle="1632949" bertColius="100" enoilBurman="creachySayyidsMatie">
      <pyrus>bowsed</pyrus>
      <aurochs yowling="sanesOiks" augustaWastmeDaisee="489789496">
        <ogress>snuffleDubbehMinum</ogress>
      </aurochs>
      <poppleHastensScythe ventana="717" purpieSaucerDipode="dolmas" mockersDilker="wabster">
        <anodizeGoitres>bondarPiton</anodizeGoitres>
      </poppleHastensScythe>
      <bigasMithanSural cykeTurvesPenlop="jahveAuberge">
        <unwholeEponymUveas>ciliiumMouzah82</unwholeEponymUveas>
      </bigasMithanSural>
      <partakeMukadeCoder eluants="avowry" callum="aneled" deodateCapletsScalder="bridaleBonedryEtta" nathemoDynamoHelpful="amounts8">
        <mycosesGinner>poppas57</mycosesGinner>
      </partakeMukadeCoder>
      <uparnaOllapod>
        <tartufeMuscoid>heils</tartufeMuscoid>
      </uparnaOllapod>
      <flyswatBovids lithiSteeplyNoam="harmelTrevor" neossin="termesFisetinRok">
        <sapekCandace>maunch47</sapekCandace>
      </flyswatBovids>
      <xviiiBillers opiaticDashee="morcoteLeipzigEver" coryphStuntyShawms="ouncesHoarierBecater185">
        <hookWetlandLinsey>marrysFumado</hookWetlandLinsey>
      </xviiiBillers>
      <bonnily unmaskWept="bailors">
        <inscapeMiddayVittle>710</inscapeMiddayVittle>
      </bonnily>
      <callant outpurl="529560">
        <ierneAtaviNotable>barroomRuchesPrecise</ierneAtaviNotable>
      </callant>
      <hanumanAsters adeadBedip="batzInvividBogles3" dyvours="kuesUnpaperArtwork" lemanryOftly="zincoid">
        <ruborFulk>molttenIsolineMurmi</ruborFulk>
      </hanumanAsters>
      <deprome porkersBrasse="subdueCabbled" putidlyBosh="fourbSnifflyMisally8347" diaperCrizzleLashorn="lowmanBondsFerox" unumAtonersHinter="stringyCoryzasGownlet">
        <yulanFlemer>iroha</yulanFlemer>
      </deprome>
      <noblest proventChrists="get" netwiseKlong="muzoonaMisuses" dcorFant="harmanPuckeryHoward">
        <mopersPungies>lintelClition</mopersPungies>
      </noblest>
      <gusleeKendalChaori mayhemsNeiperTrit="niello" odalSatiateLusted="scrivenGigots" beechCrocks="albin">
        <telembiGooses>tapis</telembiGooses>
      </gusleeKendalChaori>
      <highest irisateBarrier="unidly" peekeAmorpha="inamiaMilieus" synapte="492" lycosaEtrierGurdle="milaLgth">
        <fishes>ruckusNahani</fishes>
      </highest>
      <tuchisLimitPinders atabal="tuik" twankyAskings="deniesMatzaMuds">
        <seelEndaseh>gramp</seelEndaseh>
      </tuchisLimitPinders>
      <scopicChuetaPanure>
        <joylet>tummockMinieTaperer</joylet>
      </scopicChuetaPanure>
      <rhaeticPtelea jangles="kajLuggageSaltpan" spumierRestyleShakos="5493237" curerPractic="resorb210">
        <cistic>tippleKefti</cistic>
      </rhaeticPtelea>
      <finmarkCovered sycoma="mutsPermian" unride="ennew" yojanaGarths="trichy">
        <breastsSecreteJerican>bravadoAhey</breastsSecreteJerican>
      </finmarkCovered>
    </gasconsDuscleVerdict>
    <puggryOped>
      <kaasEucreNobby>3351</kaasEucreNobby>
    </puggryOped>
    <herbaEzodUnsome>
      <divisaXxiv>abusageOxshoeTellies</divisaXxiv>
    </herbaEzodUnsome>
    <likableShriven>
      <lars>willowCarabus</lars>
    </likableShriven>
    <palachSpira swans="shaivaSurgier" pocketyDefleaPuckers="rimaAdolfGaoler">
      <tum>bigmittNailrod49</tum>
    </palachSpira>
    <ivresseGata>
      <sho>4</sho>
    </ivresseGata>
  </trebletPasselNerves>
  <platierGulping slinkAtbashSeri="abetterEfflux" />
  <idylls dorobo="pricky79" />
  <biacuru>
    <matsuPoplarsMarted>
      <peuhlBeancod>1603599</peuhlBeancod>
      <craned paddedLooiesBisalt="jaquimaBogatyrBoca" unhopedRte="salsodaFadesAcuate" eutaxieInjuria="obolaryRuptionZing" unwaved="ouijaCassareEdictal">
        <amicesGavall>banditCottier</amicesGavall>
      </craned>
      <ligas wortsMonist="inspAllisWrager">
        <vowellyCaunterBewigs>accompt</vowellyCaunterBewigs>
      </ligas>
      <caback>
        <rame>trunch</rame>
      </caback>
      <bunkoPhobos mahbub="lurkersDamn" radfordBussyNylast="lapsedRaias">
        <cohunesRassleBablah>tonnage1</cohunesRassleBablah>
      </bunkoPhobos>
      <reignColiPhenyl foliageBermsTeens="grotsPeyotls63" strudelMaga="sericeaLahore" airwiseDefyingEnslave="pawnie">
        <riffingScarrowEmrode>nosingSpatiumHaman</riffingScarrowEmrode>
      </reignColiPhenyl>
      <acanaYank cafeVisasPatao="taishoParquetDimitry" doumaSuisseTrouse="goonsEchtSestet" ixiama="tittiesSowl552" huaca="nasalsJuventSarraf">
        <legatoNeems>8</legatoNeems>
      </acanaYank>
      <pornoSplenia cimbal="53" velicPerleSpeans="stamnoiCoffretBurred" thillsUlidianPhenate="kiboshLoppy" rood="touartRaidersMended">
        <octroy>foaming</octroy>
      </pornoSplenia>
      <gallop lascars="scattsAdhortCauk" curiums="clownedZemmi" delfsWoomeraAffere="aarghMillmanJobson">
        <murrhaSmelt>bardic</murrhaSmelt>
      </gallop>
      <tecomaNobodyd retinRejerkCoon="nitencyViaticSizars" omanOverfewHormion="yeoDigmeat" slimed="486" toriiInequal="foggaraNasalis">
        <greenthCaviyaMisbode>ephorRazzed</greenthCaviyaMisbode>
      </tecomaNobodyd>
    </matsuPoplarsMarted>
    <analyze whities="dubiousBrod" anilideHotfootArcht="proneur23" forsetBindleUtrecht="outtearAumNumbly735" carneol="coteleCertie" tapiroForpineAmytal="9467677" elevateLulaSlabby="sandkey42" berobedCresol="seriemaBelchGlebous">
      <steers>mockishColatBowle</steers>
    </analyze>
    <pedler>
      <gazellaHeckle>gooldeRatelSaithe</gazellaHeckle>
    </pedler>
    <abelesBagdadAsslike bom="sankBasareePinners" swisser="doocotDzoCorozo920" andean="floozieTurnerTuberin" dammersFrs="37131" room="7224200" monolog="squail" nandinaPotsiesSkinkle="1083">
      <cobbersChetrumDunne>70</cobbersChetrumDunne>
      <urocystCogweel cornadaRhein="kanyawSejoinRolando">
        <graemeNed>avysSnakeyYodlers5491</graemeNed>
      </urocystCogweel>
      <bogueBuccin riddler="phialeSherris" ping="reemitDefaces" hemera="8236">
        <oary>975686</oary>
      </bogueBuccin>
      <griefs teminSaglessOrfrays="melismaEssedaInviter" bassy="reposedAchreePeltry">
        <hanktSuaver>chewing</hanktSuaver>
      </griefs>
      <sagy>
        <wissing>aguiseFinickyElance</wissing>
      </sagy>
      <simmersUpstir reaArestMotets="lamaiteFogas" wacke="whinerUnmask" sarifHerderUpcreep="evelyn" dogman="kagu">
        <tainoArusha>2946</tainoArusha>
      </simmersUpstir>
    </abelesBagdadAsslike>
    <ptarmicPearly hanker="1" alalusSkyfteCeilidh="pluckerBrigadeWrabbe" bochurEuda="bawdiesTripot" ecce="38329" chewsTrusty="257" carportJctnKastura="shorn">
      <eyeful>devolve</eyeful>
    </ptarmicPearly>
  </biacuru>
  <rivelPrize />
  <aramidsStimCentref kraversFitter="14" flucanOliverVolyer="drop">
    <uva beswink="galanas" thrice="polyzoa" patentsUpswell="ditheryMcf" fundedRemainsBoils="1" whetsPirana="dizaine" chick="ablatedKerattoSleigh" payongFoetorsLarnax="faciesBefall">
      <loaf>swanny</loaf>
      <barding jewy="sinsyne">
        <bricked>matadorGundeckOur688</bricked>
      </barding>
      <steeves hightsElmwood="6133" pushes="cowedly">
        <khulaHillmenUranian>myologyReives6</khulaHillmenUranian>
      </steeves>
      <dabih yaffing="1687061" myelonJawn="squshySalpids9">
        <phoebesRaananOpah>caci</phoebesRaananOpah>
      </dabih>
      <san buteos="arse">
        <ramedThemedJotting>38</ramedThemedJotting>
      </san>
      <byplay keratSooner="213" outputsTarsomeChincof="agamiHyphensWoodmen">
        <azimineComby>armingMarred</azimineComby>
      </byplay>
      <cissus baithBrulot="navelsCuculiForbite" shavese="colomb" setigerTrowthsTaxor="engined132" bhd="famines5842">
        <melodic>jiffLipopod</melodic>
      </cissus>
      <sighten>
        <lensedJundiedCamlet>hornily</lensedJundiedCamlet>
      </sighten>
      <cyathus behungSickMimeoed="sacksCaunosParaph8561" pinfireVialful="251787">
        <komatikIerne>paggle</komatikIerne>
      </cyathus>
      <sulfionToxemicMeteor leakAahingBegalls="zonesBhandar" sumiCatgutsSnorker="esthetePenochiOralize" iodizerHeppenAbulias="xviiDep">
        <porion>grenadeEquerry</porion>
      </sulfionToxemicMeteor>
      <langleElatery>
        <pronaoiBulbil>grebeAbusageBlades</pronaoiBulbil>
      </langleElatery>
      <halfy>
        <waywort>skypipeLargoRacloir</waywort>
      </halfy>
      <balersRakee>
        <blowpit>hae</blowpit>
      </balersRakee>
      <kaloBayz chapedTingPulk="shargarEmpasm" abuccoCreat="pocheGeomys">
        <hasletComitjeTwofold>hoinTroak9</hasletComitjeTwofold>
      </kaloBayz>
      <casava testateShaviesBalsamo="retail">
        <deglazeKulaiteRavined>tetanusTariPrimped</deglazeKulaiteRavined>
      </casava>
      <suretySecondeBizonia chadorCursusCrux="86818">
        <noucheCrunkle>677226</noucheCrunkle>
      </suretySecondeBizonia>
      <paselaTrivatSubtile vrille="wend">
        <pittardIntr>oomiac</pittardIntr>
      </paselaTrivatSubtile>
      <glynnPashm ladderyFavelaFritter="61423" luigini="sapit9" biteSamarasBoreens="thraver" triliumJowingGlaring="61610568">
        <hockleShirraDaler>echard</hockleShirraDaler>
      </glynnPashm>
      <nuzzleSpenseBlazers>
        <refloodGutlikeEvened>fermiumCaddiePrivets</refloodGutlikeEvened>
      </nuzzleSpenseBlazers>
    </uva>
    <typic aeneid="dowsFacial" outsellRengaGifola="erethicAlaninNovelry" netopsScapheToma="furoic">
      <drabberBecross>tutlyAnlet30</drabberBecross>
      <daswenMirth shudder="taniteWoodiesTwanker882" enif="emm">
        <argulus>1542</argulus>
      </daswenMirth>
      <farsi loganKopec="6">
        <batteau>clamorsTheat</batteau>
      </farsi>
      <pleatsWhole crozzlyKilobarBeaky="33018621" smartenDafla="corrupt" forst="500302737" overcupBasallySerging="collarsChivvyWithout">
        <emirCementFustle>baking</emirCementFustle>
      </pleatsWhole>
      <rubdown>
        <trickieSkulks>extra</trickieSkulks>
      </rubdown>
      <unbegetWader comicesPeteredSpewing="subtrayTend6" metates="editionDelverStatal">
        <arctiidLeporisElfland>colfoxPeakish</arctiidLeporisElfland>
      </unbegetWader>
      <spinaeVailsBallot epeiric="redbirdVorpalUnsexed" hareld="narcissBadgeErbium" meubles="jockosEluxateKlutz" tipsterAnaxial="47">
        <prankleIronice>944</prankleIronice>
      </spinaeVailsBallot>
    </typic>
    <teleg>
      <unfacedRaptlyRepacks>31</unfacedRaptlyRepacks>
    </teleg>
    <hotcakeSkiers cummerPeelersPyrite="shortlyMirths" contekMandilEmeers="benefitDwaibleMackins" pongoTowline="hahnium" nonylicCouxiaChoya="unbury" rarietyFleeten="slaves61">
      <whalersCimlineWeen>advoyer</whalersCimlineWeen>
      <psora>
        <aitchSidebarAile>4979</aitchSidebarAile>
      </psora>
      <unjointSkrike tuateraReelers="wardenWaddly" quitu="uramidoMets" escroll="corbelsButtal689" certhia="vomiterHydrateBliest1">
        <ringiteNimsTrekker>fannonFussockGraisse</ringiteNimsTrekker>
      </unjointSkrike>
      <offererKiddier chalahsCatnipSanga="1632072" sare="boebera">
        <spondee>gois</spondee>
      </offererKiddier>
      <zaireVasefulAreae cannelsShoutDorje="322114" yare="loopersDumpingUnpaged3985" mistfulUnsafeSnuggle="41" malmAeonialSwoosh="triperySpookGomlah">
        <slotsAeolistRoutous>lintieScler618</slotsAeolistRoutous>
      </zaireVasefulAreae>
      <cafetal>
        <pimaricSatableRussism>unmitre</pimaricSatableRussism>
      </cafetal>
      <sapa gauge="752">
        <jagataiMythos>caroDelay</jagataiMythos>
      </sapa>
      <alburnOrbityAnisol selfdomGalileiTasbih="27140892" agaritaReshareRoster="42">
        <fichusLeges>wickup</fichusLeges>
      </alburnOrbityAnisol>
      <smirklePimpingPrefine bilbyAmotion="mousee" thewsDodged="reimageMaysin">
        <hygeist>3</hygeist>
      </smirklePimpingPrefine>
      <dronedDruggetBobol>
        <sighersMynahsRune>toatoa7845</sighersMynahsRune>
      </dronedDruggetBobol>
      <brainerAggurGummage sajousJemmied="novicesBristlyGivey">
        <smokishMudders>tould</smokishMudders>
      </brainerAggurGummage>
      <altaic isologsSalvoesRahdar="cappagh" weinerJaraguaStrived="70325713">
        <clapnet>escudoRentersMegilp</clapnet>
      </altaic>
      <bimotorSacralsObarni anopia="324115">
        <syphons>diapery610</syphons>
      </bimotorSacralsObarni>
      <vaned propus="redUra" ameerEvites="longesDamask" syntonyMukluks="mohawksBiphaseWem">
        <bundlerCaboucaLur>telexes17</bundlerCaboucaLur>
      </vaned>
      <bulbus>
        <conoidLearnJuicing>stullsCheersGloams</conoidLearnJuicing>
      </bulbus>
      <escapeeUnspicy friseurAngsterJure="6719048" gangsa="jauntsMelosPullet28" reffingBasaleSperms="7641589">
        <blimey>pigfishBoreleUrent</blimey>
      </escapeeUnspicy>
      <sharifsEmbryoTerpene diamantGrecaleRituals="40731801">
        <godward>chertNeakesDeiced</godward>
      </sharifsEmbryoTerpene>
      <feasted gobbetsGiglet="fesseMomism" hsiFistula="moochAccumb" zingaro="alogyTilley2894">
        <recheer>isatate117</recheer>
      </feasted>
      <precureHoagiesLias uncrest="bossesJailersOctodon" moodleRepaidLobular="unrosed" pearterFiveDulias="cangia39" oasiticReclaimCorf="mime">
        <pastesRhaphesLichi>611</pastesRhaphesLichi>
      </precureHoagiesLias>
    </hotcakeSkiers>
    <sughing>
      <trabucoVitrageBarbre>coom</trabucoVitrageBarbre>
      <deggedBassoon pikakesGarpike="964461" parlor="15" hoofingTunder="mightedGlaiket" wright="macer">
        <masoraBuckled>axman</masoraBuckled>
      </deggedBassoon>
      <vampireForminDanic arecuna="stopperNaphtolSomnify" wisemanKiladjaSickbed="aeriestLightenBitake">
        <salival>upriserNichingPerfuse</salival>
      </vampireForminDanic>
      <faitor mesialPuddlesChuffed="73" yellochJobbers="caving">
        <lenaeusBesand>55</lenaeusBesand>
      </faitor>
      <barbutWilliesTrough>
        <yajeninArsyl>sneakedJocoquiEsse</yajeninArsyl>
      </barbutWilliesTrough>
      <organerWarse miguelTartishLibard="coodleEpilobeGodwits" vesical="caplingChorismVestals">
        <equated>megaerg5</equated>
      </organerWarse>
      <fuelingBudger>
        <tombacs>refilm465</tombacs>
      </fuelingBudger>
      <micellUnparch insureeDuty="bedawn">
        <sibbens>ficariaGambled</sibbens>
      </micellUnparch>
      <krafts shluGed="estuousBanteng3">
        <lois>quoniam</lois>
      </krafts>
      <kalamPurimCoppras heaveLinderaAcknown="rivets" bessAntoeci="zonurid" lassoerRattage="viscous" tint="countsAntares">
        <saurianTorve>7066291</saurianTorve>
      </kalamPurimCoppras>
    </sughing>
    <vaguityStash>
      <dogmataLoathWocas>7</dogmataLoathWocas>
    </vaguityStash>
    <beent>
      <xylinaAburtonHarming>piplessTaximanFairing</xylinaAburtonHarming>
    </beent>
    <yabooHypopus griphCretics="tapirDolcian" exhort="alchimy">
      <bedbug>dayman607</bedbug>
      <coalas blah="gamebagEndive">
        <casasia>95</casasia>
      </coalas>
      <suidGruineZyrian>
        <subroot>312725096</subroot>
      </suidGruineZyrian>
      <divviedRubying mexitlAniExtreme="aquateTitar1" oatlike="8820" bespokeNymphae="mahuAdhererVomica">
        <taurFalcade>poduraSlish</taurFalcade>
      </divviedRubying>
      <pterins parpendRoquetsDarned="fogbowCalzadaAknee2" digmeatFabliau="keppingCaccia" rynds="irsMorsWhet" dillierShrubbyReifs="apomictAbeleMalming">
        <saumonPagneTemplon>76045</saumonPagneTemplon>
      </pterins>
    </yabooHypopus>
    <anaemiaUncladDansk>
      <foxskinSloughyPulv>lasingQuintaUnchair68</foxskinSloughyPulv>
    </anaemiaUncladDansk>
    <bathAncoral>
      <strepenWhammleTabaxir>56</strepenWhammleTabaxir>
      <taguanSlay retaker="lovagesCommentForgoes4" aludelsQuadral="907800076" trugEphedra="pacolet95" swatheGeodist="machineLionel29">
        <celeUncomeBrownly>towpathModal112</celeUncomeBrownly>
      </taguanSlay>
      <geldedMitingRammier kelia="kraterUpfieldHausa" stutter="pudsey" aldm="geckedColumboUncropt5" druery="sidPilpaiVelar">
        <aurigoPunletModeler>2781070</aurigoPunletModeler>
      </geldedMitingRammier>
      <yeo cloursSoakedJigging="806636454">
        <flouse>2367254</flouse>
      </yeo>
      <paneledHalvahs vetanda="9079" ormers="pleasesPryingWaik" cipangoDubs="59">
        <noyousHarpers>837</noyousHarpers>
      </paneledHalvahs>
      <exarateBonbons mordvinSistra="muredBispore">
        <farettaOblatioRegulus>bowlin</farettaOblatioRegulus>
      </exarateBonbons>
      <nogginTitteryGetting barytesPertlyDelilah="abattis" aloxiteBalas="5175051">
        <arrishChaptGayly>berceauStaphsWitling</arrishChaptGayly>
      </nogginTitteryGetting>
    </bathAncoral>
    <ovulumArbFilled>
      <machinTybaltSeams>cantleStouresScat</machinTybaltSeams>
    </ovulumArbFilled>
    <remount leperedGreatenStomp="cerat" bitume="2506527">
      <hust>133</hust>
      <antapexWaxen genoa="yaupingSpinnelBrutify" covetMatzoon="60331" packratPitfall="69713">
        <viduageYamensAguey>overfat1</viduageYamensAguey>
      </antapexWaxen>
      <poteyeEchoeyJaga panfulsMistery="ope">
        <unciAntwise>raguleSlurbanTofile</unciAntwise>
      </poteyeEchoeyJaga>
      <bardsMynaRasgado holdComoseDamalic="washo">
        <ecphoryHubbubs>bighaTwinly5</ecphoryHubbubs>
      </bardsMynaRasgado>
      <viminal>
        <wharfedCangia>41653</wharfedCangia>
      </viminal>
      <breezy>
        <silesiaBaittleVenire>pelvisWahoosCrapple</silesiaBaittleVenire>
      </breezy>
      <quacky>
        <hawkyPulpal>shaulaOsaka</hawkyPulpal>
      </quacky>
      <retrodIsuret fdnames="dewdrop">
        <gaulishStreaky>outish</gaulishStreaky>
      </retrodIsuret>
      <huacaRoastsExpanse splashy="pledges" lionelIntrineAvenger="417">
        <ethnishPfcPerique>3680874</ethnishPfcPerique>
      </huacaRoastsExpanse>
      <hopingBuffo redebitAceship="ides4636">
        <dustup>gelling</dustup>
      </hopingBuffo>
      <chasseDabsChakobu juncoGliresDelhi="hati" craaledCaphDeader="51460">
        <duckyObiterFurzier>673831835</duckyObiterFurzier>
      </chasseDabsChakobu>
      <forbid dizzied="rebelsEtwiteUncome41" allegeHumify="69" dimpledSentiEutaxy="bogbeanLufberyOoscopy645" catkin="nylast">
        <slimishTinemenDoumas>abwattIodides</slimishTinemenDoumas>
      </forbid>
    </remount>
    <tints>
      <overcut>6935158</overcut>
      <spalesUnlaces amebaeAnnoyedUnberth="fermail">
        <aquadagRocs>aknee</aquadagRocs>
      </spalesUnlaces>
      <ermineMammodiCaprine ickleBardane="750156980" debatedHartlyNummary="mausoleHebeteRipa" hearten="saugh" chairs="fungus">
        <gonadicTappa>trustsVervine</gonadicTappa>
      </ermineMammodiCaprine>
      <ramneekBedpanJabs choringRetireeOwnable="476886068" bultow="yajeninTiqueur9126" rotte="sdump">
        <jirbleEngobeTartufe>lequearTypesof</jirbleEngobeTartufe>
      </ramneekBedpanJabs>
      <iniomi smalterMaya="42691032" skulpReprime="skypipeQuorums" humpies="lamasWrinkly" fatwaVantageQuashey="farineDissour9">
        <larchesAdventDinging>573</larchesAdventDinging>
      </iniomi>
      <gunjahCanaut armoireGuttulaDoiled="redeyesSweeperRefan" heaver="petti95" annuleRancherTourers="heavilyDrabbedAbeyant">
        <gashNarduCadent>snuzzleFishet733</gashNarduCadent>
      </gunjahCanaut>
      <whumpedBelly catarrhPipiriBarbut="168415937" rebraidBeshow="browns">
        <agas>nearishIradesFart</agas>
      </whumpedBelly>
      <duarchDelineMolinia>
        <ginneyImplantAtrede>arbs</ginneyImplantAtrede>
      </duarchDelineMolinia>
      <retrot zoster="flyboy">
        <dimmockComida>8089896</dimmockComida>
      </retrot>
      <finspotDisnestRibbon thiolic="tetanusChalkyJudging2" basics="moorishPurau" alumelBotchedTailpin="soorahDoek600" grinnedSitao="pleatAsquirmMonocle">
        <hipmoldWuzzled>pledgerGirthedTricorn</hipmoldWuzzled>
      </finspotDisnestRibbon>
      <depones>
        <gnusQuaters>braataMalfed</gnusQuaters>
      </depones>
    </tints>
    <dictyPilleryLwop quake="chider" pegwood="anginasDjersa" escalopPolerDowfart="9652" reis="secparsLoyalty" xicakRooing="79641791" dillsOverfixCrews="roemer">
      <evertedShargar>jaconetOuzelBinghi</evertedShargar>
    </dictyPilleryLwop>
    <pluming>
      <cruddedApterSpado>59810</cruddedApterSpado>
    </pluming>
    <hastateEclair pairingMatalanBurro="krater" totora="crambesSubdateTongman" apteran="copiersRewallMurras" scufferWhalesWeeded="trines" gadoidPloestiCues="tomosis" groanSurcrue="dabitisTide">
      <luckilyBadge>bony</luckilyBadge>
      <freeman livablyPedrero="buffinTarpans" refall="54">
        <street>rasantArefy</street>
      </freeman>
      <busuuti odylicAreche="yetlinExtima" portalTintist="saddest" topeesUnnameKrems="lanely">
        <dhawGuywireDespot>boozesPiepanJeepney8924</dhawGuywireDespot>
      </busuuti>
    </hastateEclair>
    <bablahBorley>
      <partim>venetiMuttsEco</partim>
      <hived thrinax="asnortPokeful59" punletFinales="kineOctuorArgema" gluesSabed="bambuba" brisqueDrawnet="aquaferHymnodyLox1">
        <travel>puli</travel>
      </hived>
      <jewismBugala>
        <ascidiaSoogeedLekanai>mirkilyAugurFrons</ascidiaSoogeedLekanai>
      </jewismBugala>
      <ensateOuteatTromp>
        <rohanRhymery>37</rohanRhymery>
      </ensateOuteatTromp>
      <embuskBibiriDulotic durbarCoran="vilerScalaeChinner3556">
        <aidedModo>foveateQuim</aidedModo>
      </embuskBibiriDulotic>
      <likely bkgAbasiasSneesh="ovambo307" pinche="115847" formeneDiomateDevoice="invertGlashanDirecly" bishEmbullAgric="72001043">
        <rinsesSyeYapok>mindersKnittedEluder</rinsesSyeYapok>
      </likely>
      <provect felony="duny24" hackledShogglyRets="9275" zyminWindz="2302">
        <mura>cattishTaunter</mura>
      </provect>
      <adducer>
        <mums>pussyLunaryAbsohm</mums>
      </adducer>
      <attleDelicts salvageNumbingRockoon="asian" egoismEpileny="gleaned856" prosist="renetPsychonCopaiva" helpingRomulusWhitney="fledges">
        <theekerOenolin>tannyl</theekerOenolin>
      </attleDelicts>
      <sylphy templonMorsels="490" gardantTuscheDullest="87">
        <yipPloddedVanir>4486115</yipPloddedVanir>
      </sylphy>
      <clunkedJackrod thrasoRetted="woollenWalapai">
        <cobbyTealerySnarls>knacks</cobbyTealerySnarls>
      </clunkedJackrod>
      <rasureCashel bureausZanyismDentils="surly" kerbedGozellGypsums="amylome">
        <hardpanKnickerNiellos>wreathe</hardpanKnickerNiellos>
      </rasureCashel>
      <tares sturdyJawline="busticNozzlerLatency">
        <kivasLianaFabella>sapele6550</kivasLianaFabella>
      </tares>
    </bablahBorley>
    <ghostyLicaniaOratory kindalBillersRaker="eatery3" unlime="syncomsLessonsRingers" amniosNonfoodGloeal="pickNexumJuncos" cantara="32953">
      <staun>serrana</staun>
    </ghostyLicaniaOratory>
    <polies furyl="jackeyUnvalidMorass" entoticSwashed="ciseFamoseUnaflow" solanos="baddie" hautboyYoePrier="trill955">
      <phenolsDolsDeports>dicyema</phenolsDolsDeports>
      <foredoHout atebaJuicily="6384" kilnGangues="adlay">
        <naegaitWoodsia>chimaneSiering</naegaitWoodsia>
      </foredoHout>
      <pummelsDoggierHedge upcurlEpihyalHattize="parrelWeenty" agistHeelsDesume="deicesTrite95">
        <areaeAbbacyTarpons>7724</areaeAbbacyTarpons>
      </pummelsDoggierHedge>
      <glack grignetSixtesSmear="62" dirtiedRld="wax" queingKarchCholane="barge" cogwareLere="599">
        <filersTacklesWoke>mimsy</filersTacklesWoke>
      </glack>
      <myotomeMyogenCheeker rookusCheeper="billety" lovepot="shrink" icefallBaliRapaces="funkersAnnatKenelm" savesSoosoo="sudderUroxin">
        <polladzEuouae>acnodalBanked</polladzEuouae>
      </myotomeMyogenCheeker>
      <crackly meatierUnderli="46" bescornScholia="19013866">
        <baphiaSaadWhirls>97</baphiaSaadWhirls>
      </crackly>
      <malarsRolf wickers="hyphens">
        <logeumBlear>monier</logeumBlear>
      </malarsRolf>
      <unstoic surrah="oculinaKurveySalmin">
        <trowingDilateCatechu>2</trowingDilateCatechu>
      </unstoic>
      <bardingLiefReheats panter="blisses">
        <louCephid>majestaSteamy</louCephid>
      </bardingLiefReheats>
      <scathedLoppierFixive carmanPuppies="ingangCopepod" lutein="makingDeathsWhatchy" pampers="14975" tanling="phrenol">
        <pugsCharactCosily>skhianBarkan</pugsCharactCosily>
      </scathedLoppierFixive>
      <eff biff="goddams" invarsTacoMatzoh="demurGaine18" yukkingGaff="wagati">
        <veuve>redeck</veuve>
      </eff>
      <aestusScap keelage="36034717" engloomPeepsCassy="14824734">
        <licualaWomerah>aissor33</licualaWomerah>
      </aestusScap>
      <flashesReoccur scepterPeining="jert" bywoner="chokesFussed" arumTarish="silencyAdducedOutdoes" hyssopsAfifiDismes="vowels">
        <darger>724495389</darger>
      </flashesReoccur>
      <rewedsHaggleApelet debtedHesther="guttuleLadler49" palmer="tellusAphagiaAltica" utible="ingrain" linaUruisg="54882905">
        <kludgeGlassedRenne>veluredCommeSleyed</kludgeGlassedRenne>
      </rewedsHaggleApelet>
      <methylWootz laraliaSongmanBarwood="adminSkinkle">
        <putoisCheeperNested>mashie</putoisCheeperNested>
      </methylWootz>
      <marishNacredRegloss affluxTeniasBarrera="kolackyGreige" iridineCambaye="paganryUrares" kobTiredBerme="bemadIvan" beckedPreloan="antiqueSimara">
        <dittamyCswEanling>cariedRankled</dittamyCswEanling>
      </marishNacredRegloss>
      <markaByplaysDaikon nybbleBahoParoler="ohsCommos" glensSoever="2333436">
        <calcateLyndon>3932146</calcateLyndon>
      </markaByplaysDaikon>
      <deducer sprylyEanling="facias" prokerKinesisCannach="baredCustron6572" nother="phytol" email="keyingYoustirBehind">
        <roid>avarishFloraTestily</roid>
      </deducer>
    </polies>
    <eposThatsWortle bambanOfter="earths">
      <flaserCupelsKamiks>pontiusHunnian250</flaserCupelsKamiks>
    </eposThatsWortle>
    <becurlHelen>
      <yankBespoke>townetDoveKbar</yankBespoke>
      <upcreepAmentyBile sereneLuxuria="linneonLeperNoiler" nemine="legumeCoccidHeptine">
        <heuauSouthedLavers>gustingUnrentAviary</heuauSouthedLavers>
      </upcreepAmentyBile>
      <groovySafes cicer="cobbleMiconiaFlip" peartFinnyCrickey="apology" mazdoor="91743">
        <drayage>centricAkin9525</drayage>
      </groovySafes>
      <waysideDewy nailsetNabla="blowzy">
        <poisson>pinbushAmebaUloid</poisson>
      </waysideDewy>
      <aedileKamasin>
        <rede>cardol3</rede>
      </aedileKamasin>
      <acouasmDivata>
        <maneh>mottledMuchMawn41</maneh>
      </acouasmDivata>
      <slowingBarrensTavoy brumLucking="boreensVitals1986" drudge="sketeTrapish">
        <pinonsMutates>2</pinonsMutates>
      </slowingBarrensTavoy>
      <crimpleCheeneySker lardedSciniph="feelessAcinary" savoryThyris="snapout" cayugaPetrean="friezyOcksterClothes">
        <murva>7806</murva>
      </crimpleCheeneySker>
      <quadCarns ofttime="ungrip" trappedElaborTaxable="363">
        <fibularUpbind>poditicGoldie</fibularUpbind>
      </quadCarns>
      <probeer>
        <usher>troilusBrickelLardy</usher>
      </probeer>
      <dalai latches="furyl" polyniaVeridicPlowter="verismo" spurrer="casts" whatman="yeomanZeidae">
        <miships>590</miships>
      </dalai>
      <lodgedAbseilRelodge arrhaYallaer="eleidinAtebrinFuryl" remarkRazedIntil="vedette" thawed="deflectWiltonThar" mooreWobbly="invious46">
        <doggone>413</doggone>
      </lodgedAbseilRelodge>
      <roukySquader>
        <cellaeHartite>slaked</cellaeHartite>
      </roukySquader>
      <buildedDurably gobsBlatantGaize="gomartPrunted262" sechiumAlbergeDefrost="569726288" lemurSpad="301687" carkRadiums="boiloffUnmergeCuttage73">
        <tawhai>64</tawhai>
      </buildedDurably>
      <reflowKaury cetene="exults">
        <fellGomavel>outgang</fellGomavel>
      </reflowKaury>
      <laggard furoate="buckety" dewerCuneiGleemen="earheadBelloKrubuts" tomcatQuinoa="hodadFakirsLeakage" inlet="cooey">
        <madamHubcap>pronpl</madamHubcap>
      </laggard>
      <calotin markoDartoid="8" yetlingDiesesBinding="embaysCodlingRunic">
        <badagaNiggeryStuddle>dispope</badagaNiggeryStuddle>
      </calotin>
      <gyppedWuzzy>
        <fockleSpheges>632904</fockleSpheges>
      </gyppedWuzzy>
      <unsmart>
        <pushup>cringeExcusal</pushup>
      </unsmart>
      <geckGroomer blkSexhoodEtatism="98139108" columbo="dipodicTreasrFardels" sahiwalBequoteNixy="verdugoGersum70" virosesViolets="gainsetAltaredTurm">
        <daube>micklesGrousyMahant</daube>
      </geckGroomer>
    </becurlHelen>
    <mildish wouldn="angelicSagathyMorphia" maskoiLadyfy="dedimus" tarries="pitirriVougeotTenner80" lawfulPollBailli="pyral" babrootWarfKafka="etymicCondemnDogtail872" toreMtg="49623">
      <agneanEarhole>breweryRadons</agneanEarhole>
      <cetoniaUpsetsStocked willowAscellaGlobose="salva52" mutiveBlitesSpitzer="7">
        <aghasKylix>potamicSpoofsPolity</aghasKylix>
      </cetoniaUpsetsStocked>
      <joeOleinsVira arachin="adenous" duckiesCaque="violaSimiansEnseat" sakeret="unhungOspermSmidge" cerateExudingHumans="legitAboardCalpac">
        <metelDekleSiennas>35619112</metelDekleSiennas>
      </joeOleinsVira>
      <tensonSoftGyving jiveCutting="28" aquae="490" ament="puffedSkegs96" terri="coombsComid">
        <nelken>brickyInwheelSkuse</nelken>
      </tensonSoftGyving>
      <mormaor caporal="52777380" vobis="whoeverLeasingHooley" moujiksAquerne="5323">
        <uncurls>755586</uncurls>
      </mormaor>
      <haploid>
        <supposShyestAirlike>infares</supposShyestAirlike>
      </haploid>
    </mildish>
    <piqueDockerSergipe>
      <gwenChuckleVenatic>obeselyPerronDhurna</gwenChuckleVenatic>
    </piqueDockerSergipe>
    <stanek engem="spangDoolieCassate" hellFornaxCadere="5409" tunicleIdoist="stobbedWingateApplied279" inlyMelpellEuphory="decateLactify" phyma="amplexAddioCedule" mimidae="thetas">
      <vectisTrawl>demirepExtypal</vectisTrawl>
      <wooledVolcae>
        <bhutanScenes>trisula7916</bhutanScenes>
      </wooledVolcae>
      <sloppedDrimysHayey elaters="tendrel" hazanimCoulieSkirt="dunRheumic">
        <koumisArabian>gugal</koumisArabian>
      </sloppedDrimysHayey>
      <ickerCooterCommits sturinSeethed="bumkinMottler" ardrigh="vitrailCuberBoheas" parleOpcodeBordage="clonicSlingsPhials" raneFidgets="porkyTriedlyImmound82">
        <diking>loftedMollusc</diking>
      </ickerCooterCommits>
      <samApodousPresift waling="949958813" vidimusBourree="nidRehayteFoodful" panganeCockingShohji="femeMbpsBeshear" gumtreeBlooieTottum="taupoJabotsNeatify">
        <outbuyBatsmenUnraked>oxalis</outbuyBatsmenUnraked>
      </samApodousPresift>
      <gauzeLibate>
        <pkgOutdoer>balat</pkgOutdoer>
      </gauzeLibate>
      <croolReerectGyppery taborin="beheads" ratatat="35" froskMoison="1">
        <sebate>opacousAlley</sebate>
      </croolReerectGyppery>
      <vedikaCneorum upttoreDouceur="divulseMonades" eratVoivod="524" sawLibate="4893">
        <jillionElix>973418</jillionElix>
      </vedikaCneorum>
    </stanek>
    <buntyPleaterPipkins>
      <pyjamaDetache>jackrod</pyjamaDetache>
      <gowpen dotiest="scrying">
        <definedDimoricGambler>koil</definedDimoricGambler>
      </gowpen>
      <olive recoalsEnglynsCatnip="min" demistSagital="soyateGleamsBreathe" stupaRowt="noria">
        <fjord>chorine</fjord>
      </olive>
      <ample lamaist="piceneZippierTrf24" relessa="escheatGry">
        <paraspyPolygarCurbing>midtownMammeys</paraspyPolygarCurbing>
      </ample>
      <rangeEurite morRikshasButylic="idolumPostman" chassHowder="nearly9853" fediaFreshEcad="befoulsDrums">
        <bagass>bespend</bagass>
      </rangeEurite>
      <cuteysResoak guttler="engardeBelouke3" selahCutes="octan" aigletGawcieBeltane="727043994" grate="phaetHawaii">
        <hurtlesDebtee>ragfishLapel</hurtlesDebtee>
      </cuteysResoak>
      <clipMentor bedeafThrees="silty" maenads="967" squeal="rocsDellBeden4195">
        <tartufe>bienQuesWaist</tartufe>
      </clipMentor>
      <jabbingRightsUpwrap anthoid="blitVulgarsSnies" hymnsTrinFlatdom="prahmHusband">
        <medidia>mansesInwall</medidia>
      </jabbingRightsUpwrap>
      <foxie dilatesCheson="plu628" cupidsYati="unprim358" uptore="roomageBattensDollops">
        <loyd>buriGlead</loyd>
      </foxie>
      <riptide gwyniadImaging="voile">
        <obmitHiramBredi>maizerRidders2</obmitHiramBredi>
      </riptide>
      <seattle hermsNotedly="bororoCentro" cedars="matster" henwileAnthood="virificSimarre" ogamicLodeDoping="eledoneAngelusBirthy">
        <poignetAdipousWhee>701</poignetAdipousWhee>
      </seattle>
      <lappage garnersAwhet="starklyBesot" gypsiedSofarHadj="179885760">
        <chromaPocan>revoker</chromaPocan>
      </lappage>
      <daddiesTorporsPetrol antiwarBontok="4" ricketSeqfchk="panto">
        <euvrouTernlet>overfed</euvrouTernlet>
      </daddiesTorporsPetrol>
    </buntyPleaterPipkins>
    <stammer>
      <geladaFratVoglite>7676</geladaFratVoglite>
    </stammer>
    <forweanKyleHydrous whidahsOilseedPalulus="6627191" volto="abasersSambaAlgetic" kandToroid="frailer" infern="redcapsKieye" shapooWiggishRegalty="vowels" abatage="bipontZoogenePontes98">
      <unbark>geminisPimplesComaker</unbark>
      <bunyipKimmo preyKbpsJoiner="kinfolkQtyWagtail">
        <topside>enfort</topside>
      </bunyipKimmo>
      <sniperAlumenSagging uit="carpale">
        <grip>32504957</grip>
      </sniperAlumenSagging>
      <dragglyShivers factish="unrunDrooledFlamfew" enwombsBludger="stoepPedlerEaring5" waggerPieman="downerBokom">
        <erfParked>crockerPanisc</erfParked>
      </dragglyShivers>
      <dejectWries ramplorSeshat="emceed6180" mallWringle="calefSamadh">
        <plumeBossismKins>highboy</plumeBossismKins>
      </dejectWries>
      <undoersBuntyLinings anenst="aglaia5">
        <lampretArenousDca>sandbur</lampretArenousDca>
      </undoersBuntyLinings>
      <calinda>
        <calotteNonionPotions>reblockLurdanePeucyl</calotteNonionPotions>
      </calinda>
      <trade>
        <profreFanwork>andDrilvis</profreFanwork>
      </trade>
      <waferedGritten brooky="dimaris" nigherHumifyPangaea="dost648">
        <murmiVoeNgapi>shavenDensusNecktie9825</murmiVoeNgapi>
      </waferedGritten>
      <baltDecoicCabio synopsyToleDioxide="4042" tigger="817440">
        <lare>141685405</lare>
      </baltDecoicCabio>
      <misruleApodan>
        <doblasHan>stroll</doblasHan>
      </misruleApodan>
      <sidth>
        <nomancyTottersDerout>32967</nomancyTottersDerout>
      </sidth>
    </forweanKyleHydrous>
    <huffsCardsReeded rullerWordish="guisianAgrinPurses" alceIterantInspan="debt" pouserLomta="swoln">
      <vicki>90951025</vicki>
    </huffsCardsReeded>
  </aramidsStimCentref>
</bogymen>