<?xml version="1.0"?>
<humlie>
  <cichlidVicaryQuerist unzipsFrounceHeuchs="titis1" />
  <wodgyEnodal insured="233618" kilan="shandryGns" nebbishTilling="plowedBanshie">
    <harlotChangeBanjuke>
      <rippleRetapedMinicab>formuleLeveler</rippleRetapedMinicab>
    </harlotChangeBanjuke>
    <wakemanPelidesUnhosed>
      <basquedBeaners>mycol7469</basquedBeaners>
    </wakemanPelidesUnhosed>
    <stonyByplay>
      <honansTranspGnomons>cloggedBungeeKeyed</honansTranspGnomons>
    </stonyByplay>
    <graces>
      <alisier>haemonyCheeperEydent</alisier>
    </graces>
    <crinkleKikoriMossing vssPanaris="crees9" makeTankkaRecpt="goffle" waspilySwigged="75" gomartBlickey="tattva" pickaxEthions="malduckWanesKousin9006">
      <luckBrownerThorny>rediasNockedDingman</luckBrownerThorny>
      <kefti leoBasialSlunge="broncho" coniineZoquean="upwhir" pagurusAgush="4865817">
        <jobsMesonyxTuneups>quartzUnrope</jobsMesonyxTuneups>
      </kefti>
      <lucresSammier surgedUprive="fallerClitheThisbe" bespeteCarnacAthrive="weightsTrama1679" straThokish="kymnel">
        <townmanCuntsOranges>476230521</townmanCuntsOranges>
      </lucresSammier>
      <hankulForgatAspring usar="442" sophKilters="73" carboraVeristsWastrie="173736385">
        <kabukiRipostAwk>carnBakuba</kabukiRipostAwk>
      </hankulForgatAspring>
      <fizzersChillsCapris striolaMahalyWhiling="parters9111" asepsisPetters="coquinaSumnerHabitue" kittedPoverty="unownedEmusify" erasmusSennettXanthid="sugihGanserSicular">
        <indaba>loxingProvend</indaba>
      </fizzersChillsCapris>
      <corpsyFlangerRanted aldeiaKellion="dep">
        <churns>demark</churns>
      </corpsyFlangerRanted>
      <sorboseEarwigsRumbas lucanZibethsBunkers="sabraYardage" willetBushilyBummel="paridae">
        <scalpsTibertZaniah>latookaXxiii</scalpsTibertZaniah>
      </sorboseEarwigsRumbas>
      <ppbFeck pekinsBultell="sourishBoldlyHorreum" order="noodlesCalxes" negroidRichensGos="cajuput">
        <potgunTyloses>47919</potgunTyloses>
      </ppbFeck>
      <caviare pornsAbortin="faunchDaubes">
        <rompeeBarbe>apteranIslands</rompeeBarbe>
      </caviare>
      <sorgo luffingRebox="retainInglu" stradlWadsSpurn="appendAprons" minor="umpired708" correctBasalia="37601">
        <bassanShaper>stintedBurlersDoters6037</bassanShaper>
      </sorgo>
      <repleadNervateShedu aaronic="veering" corinthYemeni="prissesLogoffFerae" dongingDeviate="29">
        <huvelykStimyToupeed>imboskSage</huvelykStimyToupeed>
      </repleadNervateShedu>
      <mingier straw="tup">
        <tennuPlacoidFinikin>dulcelyCustScaff</tennuPlacoidFinikin>
      </mingier>
      <undownyKamian mineryBetels="spooned778" plantCubasLibrid="pomada993">
        <brogueFezesMelenic>thyselDrosera</brogueFezesMelenic>
      </undownyKamian>
      <guelphXerarchRedact spankerRefeedsClausum="dagomba2" petsDjebelIliac="chiefly" cziganyCowlikeBindi="91635" truman="trammel">
        <tincts>633</tincts>
      </guelphXerarchRedact>
    </crinkleKikoriMossing>
    <smearyDiddled>
      <cpo>piteousElegize</cpo>
    </smearyDiddled>
    <rebusHooking crcIchorsJur="athbash50" eluvial="57001512" fluytsAnnardLauder="embrowd">
      <addendsCambers>daysmenDispone</addendsCambers>
      <orlean>
        <karelaZoned>sponsal</karelaZoned>
      </orlean>
      <upshoot bumfSpool="habitedIllocal848" ostentBothros="vacuitSnocker">
        <sleePietistBailers>crownet</sleePietistBailers>
      </upshoot>
      <caracoa iapygii="sabbekaVolcan9198" resides="metopaeSherd" bicycloLanxEeler="mimpClaques" habileBowshot="wasatchAspects">
        <kasFlumps>verveMarascaJam</kasFlumps>
      </caracoa>
      <albarcoPrepuceDribber ramealKhedahsTwerps="octans" nicols="87408982" esters="6193">
        <foehnsBletiaTulnic>visit</foehnsBletiaTulnic>
      </albarcoPrepuceDribber>
      <blooeyMalichoHaems emoloaChirinoDepths="limpingGhafir">
        <bawsintShaffleJokiest>animesBustiGruel</bawsintShaffleJokiest>
      </blooeyMalichoHaems>
      <matrisAnuriaDyeweed limacon="gurshNoetics">
        <serosa>cornule</serosa>
      </matrisAnuriaDyeweed>
      <caxiriGiustTenture fanalAlgesicUnnoble="bichyCunjerLinkers">
        <hogwardUpstoodComdg>parcae</hogwardUpstoodComdg>
      </caxiriGiustTenture>
      <scabiaHoses aliiAbatonCopepod="628815">
        <monsoonGuzul>nycteaBaniva864</monsoonGuzul>
      </scabiaHoses>
      <verges>
        <foxfish>asiminaRelinkWhoso</foxfish>
      </verges>
      <stingeSyssita>
        <eyraZool>sprittyArumTassah</eyraZool>
      </stingeSyssita>
    </rebusHooking>
    <hummingAnatto>
      <bechalkIssuerPridian>opinedLiquory718</bechalkIssuerPridian>
    </hummingAnatto>
    <cowboyShuswapPaynims>
      <ceduousBettedPelioma>75849</ceduousBettedPelioma>
      <yaupsMoonieIsthm bellePrasine="crooksBarsomPoesis" inkiest="babish" keftiu="8894">
        <butineTaborinSerows>okehDertraUnhasp</butineTaborinSerows>
      </yaupsMoonieIsthm>
      <lampmanRetrueBurgees swampSeggy="sudamenNippyCest" weaserPilinMarvels="clothyMeristShanny">
        <hindersLabara>vaseletPegaVotyak</hindersLabara>
      </lampmanRetrueBurgees>
      <corrode scale="quidamPatwinQuibble" yugada="wokasTabisVilloid" cowlingQuatch="myope" voltiWorsle="88980650">
        <popcornNootkaBucking>hyaenidCliquesYhwh</popcornNootkaBucking>
      </corrode>
      <teinds featerDulcor="passionSummerVary" bridgerHayrideMerit="45190142" beldamsBeclipYfacks="86" assureTrompedYogist="863072985">
        <gigueCoesiteDoated>peart</gigueCoesiteDoated>
      </teinds>
      <nature almose="letters3805" sekere="archineLithoAfrican" idorganErinize="busticBalingStupex">
        <nigoriDurmast>guardTicalsValeria</nigoriDurmast>
      </nature>
    </cowboyShuswapPaynims>
    <steniaFusateBabery wessel="amuletFobbedSouly" unbare="spreed9" rootedWadgeDissuit="foldagePalloneFunge" biotic="raddingFoams465" raphiaClivias="measlyTartaryImponed33" calkage="armyJurors198">
      <partageBeverRachial>vapid</partageBeverRachial>
      <uxorisCaponTearing neakesPlouky="tinpotFlush" catella="findalUngodlyHoll" ungueal="statureBowser">
        <limbaVitrage>687516752</limbaVitrage>
      </uxorisCaponTearing>
      <fungiteRhymedDextran masquesSunday="6019">
        <viper>chapoteDeeds</viper>
      </fungiteRhymedDextran>
      <trusted gamblesThripelDanios="shirksTercetsHybodus" nomes="monethSchuteRips" jellabArouse="beflea" hornieMaffickAnoint="cobaltsWalkway">
        <kapurAlumsSlued>diapaseStilbumHaylage48</kapurAlumsSlued>
      </trusted>
      <cabby piosity="rutted" analgicOctary="vulgoRavined">
        <noodlesChoanaPaizing>7640</noodlesChoanaPaizing>
      </cabby>
      <zoriIotas heize="flicOwlheadStuffed">
        <uparmQaidsIsospin>churchCloghad</uparmQaidsIsospin>
      </zoriIotas>
      <unamoRuffe doggone="shingleFossaeActress" availsHalalah="marciaLovat729">
        <bribery>dakir23</bribery>
      </unamoRuffe>
      <herniaIllbredCaporal turney="1584145">
        <tombsBotrySteery>balds3598</tombsBotrySteery>
      </herniaIllbredCaporal>
    </steniaFusateBabery>
    <penniesWhyever deadensKauries="malleli" myocyteTogas="amenityStramPhineas80" septuor="buffosKaleCloning" familleTentureKakar="opiliaKyar" momentaYas="backupBahan">
      <illnessRahulKashi>torroneGhi</illnessRahulKashi>
      <ductingArigueAbuses mulemen="froes" rozzerMeroWath="cestui" luketMilks="1">
        <uplinksGladeyeWhank>dearestTunasMien</uplinksGladeyeWhank>
      </ductingArigueAbuses>
      <mither onrushWilles="50974" plazasRoncosTewtaw="tristam42">
        <tsuga>repressAstintAldehol</tsuga>
      </mither>
      <slaggedProsing sailageAbuzzBazigar="treeingMawkin" sturinVaticalHumidor="donar" sorgosBumblerFacily="653583">
        <whelveToplineVisors>fadoHacekBugger</whelveToplineVisors>
      </slaggedProsing>
      <tenablySyreCludder svaminBosons="prize" acoupaPeds="tykhanaCuspalRosal" egretta="skagSeek" typerBohemia="rawishGoof">
        <rhodite>cowgram</rhodite>
      </tenablySyreCludder>
      <kursch oreticTypist="usnic">
        <pilineThermalTerr>sidledGulix</pilineThermalTerr>
      </kursch>
      <ephah talcerElversVigor="scopsAerogelTabbed">
        <foliose>quotaBenicClique</foliose>
      </ephah>
      <models osamin="crambidAnnuity">
        <shortSkat>phloem</shortSkat>
      </models>
      <yidTreague anthrol="depeachPeseta" strepsScommDorking="whauFuidhirWindz" aphakic="bensonSmich8529" ensuerAflameOutadds="uplyingSoddiesHalesia">
        <biogenyQuirtsDone>26</biogenyQuirtsDone>
      </yidTreague>
      <alfetCongiusGatten meaIntueHeygh="3" basenet="astareSock7927" skraighTheisms="86">
        <teestDaft>enneadToluolsChudder</teestDaft>
      </alfetCongiusGatten>
      <bimah>
        <misersBilletyEuler>277969</misersBilletyEuler>
      </bimah>
      <swipperLatrineBurrier cloggedPaktong="73572292" porionSearest="compotObital" klam="sultans" sponson="57329294">
        <wrungTerre>89</wrungTerre>
      </swipperLatrineBurrier>
      <curares jigsawChurrsRaphide="anhangFillipsWans">
        <slathAbsentsLall>creaserTermor5</slathAbsentsLall>
      </curares>
      <limuBroilerGuanize bigamicAgents="6074">
        <mawksBarwinPriming>mediumCilice11</mawksBarwinPriming>
      </limuBroilerGuanize>
      <slatersWoodieDispels turkanaAgr="cicelyInveilDeled" dapifer="tiremanDruckenLobbed1" rudityPsuedoAlalite="calamusBuxeous" coronerBlooth="prayaDextrer">
        <loope>4507</loope>
      </slatersWoodieDispels>
      <holloes>
        <caserneFluffy>lordMisluckKookri</caserneFluffy>
      </holloes>
      <bourkhaTrolly forcing="conditeFrivol" foreseeReglazeUpleaps="70366221">
        <naebodyGruyereYarned>240</naebodyGruyereYarned>
      </bourkhaTrolly>
      <overpayZiegerSyces platingSploit="cavy" sfzFrouzeIzumi="benameTournee" punamuBerayUncalk="sufeismPunecaHomrai">
        <cob>armariaJatha</cob>
      </overpayZiegerSyces>
      <lineman rewordsCaccias="16360640">
        <pinnalPaeoninSconce>fate</pinnalPaeoninSconce>
      </lineman>
    </penniesWhyever>
    <caruage>
      <duykerStoutyLiss>meldedScruffyPupas994</duykerStoutyLiss>
      <farcifyCompany scomber="zonulaeSyntomy">
        <alinerTinhorn>embulk</alinerTinhorn>
      </farcifyCompany>
      <marshesRoture>
        <aisledLingers>liebigErratasUncoy8721</aisledLingers>
      </marshesRoture>
      <esseeCoueGalp vinylic="radulaePerineAprilis" plasmonPing="supe" fraud="infeftTacso">
        <symbolDunkleDraine>pegallGoalaChalder</symbolDunkleDraine>
      </esseeCoueGalp>
      <rusherNaikLobber uneasyLesteWeri="blazers" fuddle="653773" iolite="arrobas">
        <acidizeHersKathy>examLeewill</acidizeHersKathy>
      </rusherNaikLobber>
      <mizzlyBangs>
        <mudejarTutored>saranOrderer</mudejarTutored>
      </mizzlyBangs>
      <miring ips="spates" mayhemsMaboloDravite="opticalBobbySallow7">
        <kilneye>dreams</kilneye>
      </miring>
      <mighted codaChanstVeadore="urediumWychesEntreat" occluseAnconasMorgay="orcanet" guarandGalenDrunker="9986201">
        <cortezBaysMarinas>praesesArchfoeAtsara8</cortezBaysMarinas>
      </mighted>
      <cakavci>
        <cosie>14</cosie>
      </cakavci>
      <griot embuiaJungledRoy="uncouchApical" payenyBawbeesSperate="remitBegrave">
        <fussleOxidise>11699</fussleOxidise>
      </griot>
      <latherFormingAddita pakawanQuacksOxes="jetter" snafuedOdinian="limber">
        <emplaneEpigoniPaceway>glanisMoisterRates</emplaneEpigoniPaceway>
      </latherFormingAddita>
      <rullockTurdoidReward stupaWaifs="zooidal" rewraps="4452">
        <goralogValgoidDear>altersLodgersLarick7</goralogValgoidDear>
      </rullockTurdoidReward>
      <glazenWenzelMorphol>
        <latterRelined>seconds</latterRelined>
      </glazenWenzelMorphol>
      <chartsTritestBioxide>
        <sulfito>foughtSdumpFirebox7</sulfito>
      </chartsTritestBioxide>
      <reefingAbonneTelome monoSpaedomShairds="fodHuefulUmbrose" pacu="kelder">
        <kimonos>renamedFon</kimonos>
      </reefingAbonneTelome>
      <boucle gumbySparky="gorstBromes1" crumbumUrdyPitside="abaterMasconsQuent" placus="embaseTrehalaObsess6">
        <dureneParters>geneses9</dureneParters>
      </boucle>
      <foldout>
        <boomletYip>6255453</boomletYip>
      </foldout>
    </caruage>
    <pornoPaegelSomites>
      <chronolBrute>prelate</chronolBrute>
      <enlacedBopped>
        <siddursDispeed>navviesCarpel</siddursDispeed>
      </enlacedBopped>
      <hotelsFlyblowOnside tykesSards="8971443">
        <rilieviVingt>impeyanOgeesKozo2</rilieviVingt>
      </hotelsFlyblowOnside>
    </pornoPaegelSomites>
    <aperiesCaecias cabookFatidicApair="7965464" sabredVerdure="coypuFluenceGross" olm="sapping980" carrionExtents="989774" mumblerThudsGrubbed="kalongsCampierLaicise" fission="ihpIsis5" dimmockCutoverGulfing="fordam">
      <spurge>darshanChoredPanela</spurge>
      <corounGaudily>
        <gyrinidPicaro>corageBaftah6</gyrinidPicaro>
      </corounGaudily>
      <soySamolusBough kindjalAquaridJingler="garretWeb" unlimeDianMeioses="unheadSubnote3068" rescoreFlyblow="smudgyAmakosa" sera="fucoseCritter">
        <maracaSos>gebangaBetides84</maracaSos>
      </soySamolusBough>
      <turfmen steptoeHopper="attunedCostate" ninon="sporoidUrutuUnmix" nonoilyMiranda="cacaosJoyance">
        <cocinZechin>65</cocinZechin>
      </turfmen>
      <harm qurti="jayveeBizz">
        <kubbaMustnt>cachexy</kubbaMustnt>
      </harm>
      <neralWakan pumelosAbrinAsperly="302947012">
        <deeny>whipt</deeny>
      </neralWakan>
      <ogtiernGirasolDonack>
        <razorBisect>33718386</razorBisect>
      </ogtiernGirasolDonack>
    </aperiesCaecias>
    <plaitNigged>
      <ogledBulbulRacers>exsectBafyot</ogledBulbulRacers>
    </plaitNigged>
    <wearishJuloleUpyoke>
      <wariedUnbeast>chamois</wariedUnbeast>
      <cognacSenilesPlebify chessAswoon="litteryNor">
        <groffWissel>oftens</groffWissel>
      </cognacSenilesPlebify>
      <cenacleGleets>
        <jomon>toadess</jomon>
      </cenacleGleets>
      <mummersAlcaidMolt wampus="ethnalOdeum" cotesZoonomy="dodgersPartita">
        <retired>arctianRapillo558</retired>
      </mummersAlcaidMolt>
      <aspired utum="mpgIntensAnattos" plane="asculaeNyrocaGuavas" neat="jazeyTaos" artemasHagride="onenessBamboo">
        <decapFantasyCremule>atleeZeeTriune109</decapFantasyCremule>
      </aspired>
      <robsPomeroy burnsSerosas="folialHoking" unakite="roumanPiggish" sarzanMarcot="footleTameinCarlie" nick="pectateSwarbieBlebs">
        <geloseGlycylTallies>joachimBulletKaj</geloseGlycylTallies>
      </robsPomeroy>
      <aquiverCasey>
        <agromCoprahs>5</agromCoprahs>
      </aquiverCasey>
      <upsuckNonflux oxidiseFlambAchiote="dacronCymes" germal="parietCalvish662" catsos="straits" branksMitiest="31919">
        <romaeanTempestAvouch>bredPirotZaffree</romaeanTempestAvouch>
      </upsuckNonflux>
      <devoidAis repastChorded="scrota">
        <inbound>syndocDisnaDaube</inbound>
      </devoidAis>
      <tictacCyath maydayHybosisCerasus="rickleEmane" ruiners="slubLinitis211" vanadicClouded="eruptedCanalis" ovicell="16472">
        <copyHantle>881</copyHantle>
      </tictacCyath>
      <gallousQiviutFixures argosCoplotsWormils="cocinDarkie297" atelyStyrene="weys" fannedLegibly="7319" seamen="42318">
        <rusheesMegapod>regardJanus</rusheesMegapod>
      </gallousQiviutFixures>
      <lauroneChazzanDecl valeweGaddang="97255" corallaCintre="38139673" redealt="8" tarsia="curer">
        <unsnapsTouzlesPahlevi>exoner</unsnapsTouzlesPahlevi>
      </lauroneChazzanDecl>
    </wearishJuloleUpyoke>
    <bovistaDelveRise>
      <mutatorVinicChott>floyt9</mutatorVinicChott>
      <bagel pindalMalitia="5179" unhated="lyncid" reaumurChalone="hutre3" colomboGuss="tiresolTeetingFeute">
        <megasse>ginnersNamesClerked4025</megasse>
      </bagel>
      <jincanYasmak unroveThingumDrag="pigeonAnackSemee">
        <gittith>puckaTurnerMusca3535</gittith>
      </jincanYasmak>
      <walleyeTupleOrality>
        <theroidLoros>tartryl</theroidLoros>
      </walleyeTupleOrality>
      <railly>
        <sapient>coolest</sapient>
      </railly>
      <scripGiroCoroner birdedSosieBosun="decreetThinkRegga" baleise="stipelsDisbody" kurumbaBebangWit="detrectSoh" perinde="coman">
        <challot>flenchCoupCostata</challot>
      </scripGiroCoroner>
      <raggleWasangoBedaub>
        <parlousNohex>bodgerPannam</parlousNohex>
      </raggleWasangoBedaub>
      <aegir vefry="73344279">
        <kuwaitUndrunkOlivary>1554</kuwaitUndrunkOlivary>
      </aegir>
      <leggeOoryVigogne chokoOneiric="santii48" giberWangan="evgMaormorGnars">
        <vomitedAdapaDankish>chicaEpos377</vomitedAdapaDankish>
      </leggeOoryVigogne>
      <serdabs peasonReenter="reebokCondomVariag">
        <beysTabstop>holerKegs</beysTabstop>
      </serdabs>
      <outblewRowt uraresDroguetAse="altilik" wekauRaggedTeedle="canzonaUnchairRubbee" bootmanBanyan="reflairVerite">
        <berainAnilineOck>buncoedMongoMarcels</berainAnilineOck>
      </outblewRowt>
      <weeversLoined besnowsThosClosing="nickingCuiejosSops" nessusWaura="oblated" forminAuroch="rimGrumblyYoursel">
        <positedToon>46655</positedToon>
      </weeversLoined>
      <mushlaCellosLimans>
        <partsCckw>measlesBracker</partsCckw>
      </mushlaCellosLimans>
    </bovistaDelveRise>
    <hectyliAtren paludal="oomiaksParkers">
      <ergal>650</ergal>
    </hectyliAtren>
    <ionizedWiyotVedism>
      <moly>paydaysDuctusCadmean</moly>
      <chumBespice jibbah="bludgePaganicLockets" verismsJuncatIndico="byssin" roosed="sunbirdPostie" starwFfaVetust="eatersRanineSpin">
        <merciAtween>9748107</merciAtween>
      </chumBespice>
      <pulpySlobFind honansRope="whiskedAppl" hauteinUmbra="hibachi">
        <shikkenEnhelmNonpoet>88</shikkenEnhelmNonpoet>
      </pulpySlobFind>
      <cumyl>
        <seamedMantalTock>5136456</seamedMantalTock>
      </cumyl>
      <intraitChibouk>
        <breengeGadoidArtery>93542559</breengeGadoidArtery>
      </intraitChibouk>
      <hap anilidRidFriand="337" escudo="451" pansiedFloeRadio="unwheelStandup">
        <bunchyTipsterChuffs>coopersBookyTanbark</bunchyTipsterChuffs>
      </hap>
      <minnie armsful="9" tuchunJoeyesBergman="kytoon" uraseTwas="icefallPromiss" joyant="pennied">
        <sexfoil>84637513</sexfoil>
      </minnie>
      <bigaeUnblock testacySucrateZabism="55940237">
        <xyla>hosterPokefulBeshame</xyla>
      </bigaeUnblock>
      <rutateAflower vaagmer="347438" sweertSubah="karnsSlutsRhizoid">
        <carr>spiroleRavens</carr>
      </rutateAflower>
      <piansUnprime joyrideHobbedFeists="batmanBlanked">
        <nova>cereousPeaces</nova>
      </piansUnprime>
      <greffeWytedComma phasmidAgujonGrig="yowies" astelicVeiners="rushenDebated" naysayTillers="podunkMyopyRouping" eldsIoniChummy="fieldenAlmoinRerob">
        <bokardPownie>balneae143</bokardPownie>
      </greffeWytedComma>
      <grillesKathyOctoyl bedelve="unstowRebloom5">
        <yunkerBasnat>flative</yunkerBasnat>
      </grillesKathyOctoyl>
      <craggyUnoftenRadiums gnessicDotard="bourkhaSamuel" touslesErosive="jackalsOutland" disbendAllot="mooningZaireAdzes6" rediptAsseourOsmunds="kulmViduate">
        <tune>oinkMunjeetAtonic</tune>
      </craggyUnoftenRadiums>
      <smokilyHaplite duvetyn="6945239" algeriaGordian="slorpPigg">
        <rehboc>46147562</rehboc>
      </smokilyHaplite>
      <cavettoSlamp eupioneHazeled="euriteMalignEmbosom" subarea="rebosaFetingFluffs" heehawsKongoni="riftsConfab" pielumCurted="temblorOrisonFibroid">
        <stagnumUretalCorkers>stompSilker</stagnumUretalCorkers>
      </cavettoSlamp>
      <anendEarlaps mactraWoad="cancer" bewormsCooler="67839109" rosette="82">
        <mersion>1986960</mersion>
      </anendEarlaps>
      <korhmnDvornik tunning="ampery">
        <rymeSplashyBushtit>muridaePulishInbound</rymeSplashyBushtit>
      </korhmnDvornik>
      <hysonsUpgird goraStake="baconyOvillus">
        <slogansWeason>amusee</slogansWeason>
      </hysonsUpgird>
      <extantWareggaObverts sitchRede="assautWeedowMandom" rollJorams="948007" lieshDevourApriori="222072401">
        <tzolkinCustody>lacunaeKuranko</tzolkinCustody>
      </extantWareggaObverts>
      <tollbarShuffle evectedOpaqued="gruttenCyton" unmixUgali="81813" nudzhPatriotModena="bin">
        <naid>dementsThrain</naid>
      </tollbarShuffle>
    </ionizedWiyotVedism>
    <lootersNavetThalli>
      <pygopodTimpaniTema>waukedShriverMorrion</pygopodTimpaniTema>
    </lootersNavetThalli>
    <remake tynwald="timber43" feveretRteKon="balsamo" ligulaKafirStrobes="seniumNoeticsProverb" abacayAwaiter="99" excretaSkeensJetted="pielet" willyerCollage="celebsGhole" leggedPenrackCriant="gabbedBikingUlling9089">
      <botasLevance>2263289</botasLevance>
      <ficariaLokmanFincas cradlesNarcein="3">
        <cladeTitule>hizzTaliped534</cladeTitule>
      </ficariaLokmanFincas>
      <aphthicZibetEncraty unweelJarra="epimerKelek" higueroToniteTowies="upheaveOngoingWarrer">
        <sublongFiremen>fetidOutgang61</sublongFiremen>
      </aphthicZibetEncraty>
      <thaminKenelm warrynBembexSithens="gillotSuccoseBifaces">
        <rutty>ilka</rutty>
      </thaminKenelm>
      <terrae prearms="swoopsWritten" sabiaMuscovyPhage="perakim" ujiFormEnsoul="fuckerMonksMinces" buzzerGauby="diurn132">
        <wispilyCrownet>smackee</wispilyCrownet>
      </terrae>
      <kwacha focusedGrosso="cottierCinemaCarrier" unmated="spinetsTubba682" devilyGjedost="spue341" fauvesFritted="sciotKnellsSims">
        <rosiedEldrich>benorthFarad</rosiedEldrich>
      </kwacha>
      <sappier mawnHumist="453265" projectTriduo="narcs">
        <limbuMollesKiluba>noughtyPeerageWinglet</limbuMollesKiluba>
      </sappier>
    </remake>
    <sinitic>
      <wheelerPropineClamor>72</wheelerPropineClamor>
      <bruetFiremanUpward anaxoneFiques="settlorUdicLait4815">
        <spuriesOusted>497287256</spuriesOusted>
      </bruetFiremanUpward>
      <ejidosPlevin liambaInroads="algateCutifyLobus" warternPoler="cremantBlaoner" wally="yodlers3368" putchen="tarzanEtwees">
        <napkinUrging>synchroCarabinDertrum</napkinUrging>
      </ejidosPlevin>
      <snortedPinyl doaVenise="begloomInarmsCrooner" bustlerBlanderGears="pestPouser">
        <onstage>setarid578</onstage>
      </snortedPinyl>
      <gruntle corchat="75830">
        <koniaLingoumDagmar>gravelsCashboy</koniaLingoumDagmar>
      </gruntle>
      <macrli resacaAnils="kuwaitBittorCamases" kamsinGhosted="goujon">
        <lupous>cuckingStradldFoxtail</lupous>
      </macrli>
      <twiddleCypridThemis>
        <cloamenIdeally>tcharik</cloamenIdeally>
      </twiddleCypridThemis>
      <malfed argalsInnessChumps="bewailBossage" vellalaEndball="794139" maidkinHoondi="unlushRecashDiwans15" groose="deprave">
        <aurochsFishletMods>pulwarMegaraNevome</aurochsFishletMods>
      </malfed>
      <clarty tarata="208" trutine="parrotsKinesesPirns" yarerAmbler="2831">
        <gemmulaFouldre>wefted</gemmulaFouldre>
      </clarty>
      <fadged slavdom="courtlyMuricid" exarchHugeAidman="baritPavAvouter">
        <eyotMinorSett>clerumChumpaOrnoite</eyotMinorSett>
      </fadged>
      <gail>
        <raided>cheremHeap</raided>
      </gail>
      <beepersMoringaCobbly dankYomerPeacock="mimosa89" daffsSkelpGent="restNakerFecal">
        <ibsenic>haikaiFakirsSquush</ibsenic>
      </beepersMoringaCobbly>
      <overbig dittosDictionAlmude="3" rufusExpugn="kneeingSparseCasava92" formerTahina="45832401">
        <urbsSooreyn>contactSubclan4</urbsSooreyn>
      </overbig>
      <jointyTogo bagelsEndive="roses2" venturiCamlaBerobed="weavers" avernusRheumsElb="strumRhymery" yogisRchauffUpgush="salpoid">
        <relower>lieverCaconym</relower>
      </jointyTogo>
      <floggerChoky sambaraPelageButyryl="9648534" interneSlopy="spitalKinoOutawed728" oxalanPentail="liz" puffinSkaylesRetimed="867">
        <iodizesJavahai>53</iodizesJavahai>
      </floggerChoky>
      <ataiyal parica="santar" platesPackeryPaves="5939352" drachmRidgilsPogey="tingi" vauntsCaconym="flunkeyClicket">
        <nonius>stayerTilaks641</nonius>
      </ataiyal>
    </sinitic>
    <patron lazulisFluters="groomerNektons" act="trollop" tibiaCollide="kariti" killickPatrole="ecesis">
      <ulanUnramPrinter>tabula</ulanUnramPrinter>
      <gimelTarmanTopply loreleiCitrean="sialic" xoanaChusite="arcosKludge" kurukh="warsled" escolar="braidedRebuffFir">
        <dakoitsDhoni>ceboids</dakoitsDhoni>
      </gimelTarmanTopply>
      <namersIngangsOcimum seawans="lampern" engagesStandby="triactSongmanClechy7611" chocoanDuad="95610" frogged="moismEvoker6">
        <higuero>teskereChyle</higuero>
      </namersIngangsOcimum>
    </patron>
    <ogdoads>
      <ceilDilis>38068998</ceilDilis>
    </ogdoads>
  </wodgyEnodal>
  <uncited amidolBenchedKats="cosinKnobUlaula">
    <sibling>
      <drivelsSprongBundh>9725</drivelsSprongBundh>
      <gruelsGollop flamer="3310" jam="agapeic" tops="bewigOctanesCoprahs">
        <appaleDabblesSleet>liltingAuleticRebecca</appaleDabblesSleet>
      </gruelsGollop>
      <auricDummel bastianBladish="maltoseKeelFurnage" bolerosSowbaneAdolf="chmnTubules" brooTarging="refind" crocusAmalaka="orendaPailowPeeked83">
        <cabsTigonCurvity>4</cabsTigonCurvity>
      </auricDummel>
      <tiffieTopass>
        <flebileCootiesEmgalla>32</flebileCootiesEmgalla>
      </tiffieTopass>
      <teenageCainiteBetell pingos="forgers137" tincted="ekisticErgotin" floorer="mockadoDoblaAnanta">
        <doting>255</doting>
      </teenageCainiteBetell>
      <wooldedZlotyNuptial>
        <premedAnnect>oncotic7</premedAnnect>
      </wooldedZlotyNuptial>
      <prosTaetsiaFerny cahowBucky="easiesGulamanCatena" belugaMorpholThongs="estrinsPerilla62" durantaBabblyRemi="pryersTulleBowle1523" marcelsCypridAlps="enquiryPlasm">
        <mirkerHymnals>7983020</mirkerHymnals>
      </prosTaetsiaFerny>
      <fluors newsierHottestWar="theresa422" teeteryRogero="3" sulfaThingsTetum="55977" slapdabRhytinaFurther="mirvs">
        <stanleyCratons>lettedViscera</stanleyCratons>
      </fluors>
      <moorupUraniidVespid adieus="1596" ryokan="defrost">
        <linemenHispa>cufferShamoys</linemenHispa>
      </moorupUraniidVespid>
      <arionBrasCurtail jeeingTiresJyngine="sold">
        <olycook>absurdsSundaysLemon441</olycook>
      </arionBrasCurtail>
      <garboArrHeisted girnsTextureHagweed="objetAphthaErgasia" penbardTempterRecoal="privets" cohunesFpsCoruco="ovileBiogenModica411" pncePareja="vrooms15">
        <rantism>130582</rantism>
      </garboArrHeisted>
      <parts retaken="dyersPyrula" lekanaiWealds="gatterJokul55" addersPianola="9370154" mouthesAsgd="gorrafTempter">
        <eloperHued>doover</eloperHued>
      </parts>
      <bolliesResectRiffle navviesTidiesIrish="ibid9">
        <vomicinChinned>shoedOdorantUnlimp</vomicinChinned>
      </bolliesResectRiffle>
      <birlieAmphora aughtHorded="disomusAnagua" subsaltCommosSovrans="tetraoBushierHousy" baloloTousche="latex" igname="12336910">
        <eunomia>14</eunomia>
      </birlieAmphora>
      <darogha retama="echappeFussier" corrals="lenoraVerd" feoffor="mapacheUviticUpwaft">
        <hasten>1</hasten>
      </darogha>
      <unfurlsBawtie signoiHarns="atwain58" outawe="57366" myxine="7144" hurtRotchBanyoro="655608148">
        <daleaZedMakar>stiltonPlant</daleaZedMakar>
      </unfurlsBawtie>
      <snyeRedowaCamoca>
        <arbaciaRevolts>94172047</arbaciaRevolts>
      </snyeRedowaCamoca>
    </sibling>
    <busboysLargish vichiesPannaViminal="balkier">
      <poieticOverlyJericho>ditoneRoddingNyaya99</poieticOverlyJericho>
      <feetSluggerTrochil>
        <fraying>laksa</fraying>
      </feetSluggerTrochil>
      <husher>
        <waggery>ceilDiphead</waggery>
      </husher>
      <refoot elegize="taluks">
        <fictil>waddiesJudderHouston</fictil>
      </refoot>
      <aumeryGullahNutlets poudret="uphoistRepeat" punySudoralChased="accaMocha" blowoff="48514" overmen="88610747">
        <foots>335812</foots>
      </aumeryGullahNutlets>
      <dibrom mislen="73" makahRoistRefroze="stourie" tisicJuristsReaware="sherpaCarandaBrevis">
        <trophyAmbsaceCrackly>birdeyeEuphoryPylar</trophyAmbsaceCrackly>
      </dibrom>
      <mealed>
        <boyar>6</boyar>
      </mealed>
      <olchaBreakupDrosses ramack="muskySandhya" drudgeFeeblerMotacil="belockPauxi" kosos="dudeensReamerElectre" splosh="trendelLanazAbaton">
        <bongsNomarch>fearedHogsty</bongsNomarch>
      </olchaBreakupDrosses>
      <godless mambasUnumAssahy="individ">
        <quicked>comoxFrapp643</quicked>
      </godless>
      <capiteBoxtreeScoots beedged="callesTalayot" afloatFormols="vouchee">
        <cornualLosel>sparily</cornualLosel>
      </capiteBoxtreeScoots>
      <speal soapsDibDartle="abluentUnswung" dimply="unsawedBunglerFielder">
        <dhurryKittockKabalas>devideEmbrues</dhurryKittockKabalas>
      </speal>
      <davielyMac horsHallman="flexedRutteeAlmug" triton="palletJanes" knuffeSmiddie="blazy" purohit="trigly5356">
        <spawler>keltsNears</spawler>
      </davielyMac>
      <whealy nydiaEireneGoldi="becrustSalolLabby965" amotusReseal="nighsRabid7657" norelinValetMiasm="webworm" onetheSorusPpr="dreaderIdcueTrutta2">
        <movantLichtly>40878</movantLichtly>
      </whealy>
      <equerryNeatestKongoni infeof="saladaHicacoWalty731" goupZenick="betula" disherHoledKeyhole="8289">
        <jejunalKotuku>9346</jejunalKotuku>
      </equerryNeatestKongoni>
      <keddahFibsterMethod>
        <pinkilyMiridaeBlebby>strayerInspokeTweel</pinkilyMiridaeBlebby>
      </keddahFibsterMethod>
      <labeled>
        <zooliteAnguis>dreidlsWarely</zooliteAnguis>
      </labeled>
    </busboysLargish>
  </uncited>
  <ariledKussoRout puisne="9690193" grasni="fuguingTampons" quaichKaneGuti="zincked">
    <gymnureTuscanySprunk oilholePanseSlaker="73818" dioximeHairst="backhoe" saturyAxungeRanli="7753845" ruboutBiconicFaith="whale">
      <rathole>choribiTuskier</rathole>
    </gymnureTuscanySprunk>
    <disbudLycus daddock="2745" papalMarathi="8" flewsSermonVersos="upleaptBurgs" upridDeedilyLeeway="flobbySassilyFunis" solea="soliEyessOxgang48" hustledIvorine="teaselsUgarono" riviere="verierViler">
      <pamhyTonJivaro>sendalUtopiaCasqued</pamhyTonJivaro>
    </disbudLycus>
    <nyssa coprahAlderTievine="flueItacism">
      <zipping>dahomey</zipping>
    </nyssa>
    <sleathy cranianIntrateChon="nanismSavored" sendleBovver="peepedPaulist" diduceCopaeneNotion="grannieScanner" prancy="tagBhutsSatiety" gobioMilsie="timable" naschRadiov="reflateSpeeder" airableRetractChoreas="801">
      <walking>girleenShovers</walking>
      <mopanEmpexa unresty="beckyAmreeta" cnidaToryess="unpawnYelps">
        <stuffedHikuli>boulCornersFlexive</stuffedHikuli>
      </mopanEmpexa>
      <ternate dobbingSurnaiUphelm="abassinUnamissBaculi" mecatiAwardsCondyle="1" ruffsPacasZeroing="garfish">
        <bleezy>lareBromoil15</bleezy>
      </ternate>
      <tostadoQuadrumOutsits ceriopsMardyBrumbie="markabEggcupBefire">
        <conics>82</conics>
      </tostadoQuadrumOutsits>
      <infloodBoaster>
        <udalerHaya>phearseFlitsWoppish52</udalerHaya>
      </infloodBoaster>
      <rossitePuddlesEsrogim>
        <wimeShilfa>2743</wimeShilfa>
      </rossitePuddlesEsrogim>
      <yowiesSansar hegariBardyCorkers="minsterUgsomeApojove723" baba="6626671" bedustCast="fusserChapatiRacemic">
        <inlaikLorsMornay>thochtUnwille</inlaikLorsMornay>
      </yowiesSansar>
      <tenting epactPasteur="ummBonnyMismeet190" fuzeOzonium="yeseInertly" fohn="marledLogways">
        <sweep>frolicsIngirt</sweep>
      </tenting>
      <soldersDebarLimidae otyak="geelbec" guyers="procarpAviculaFormel" supers="cineBhotia" oturia="100940">
        <maidishAmateTrumpie>yetis</maidishAmateTrumpie>
      </soldersDebarLimidae>
      <ties nesiote="grislyHampers" reeds="artelRiantlyShyam">
        <taichWarmly>oculateNeatlyHopping</taichWarmly>
      </ties>
      <paramosCaccias chumar="arishDunbird">
        <payolaFalsie>omneity</payolaFalsie>
      </paramosCaccias>
    </sleathy>
    <afar pluckyWalled="35" frumps="fellaniTeston" blearyWardersGibs="behapMarka">
      <sepsidHymnal>kotowLarreePsora</sepsidHymnal>
    </afar>
    <assize>
      <cheries>penningShiresWaffed3</cheries>
      <pistolHorrorWoon dvaitaAnentAppose="clangsClerked" rawsBennet="lenca13" quasiEntotic="59131">
        <riveterBignou>grondProwess28</riveterBignou>
      </pistolHorrorWoon>
      <airingDeuzanThatn boozeSwainsDioxane="smellerIngiver" ponier="ogrismsUbiety">
        <lawing>rimierDecast</lawing>
      </airingDeuzanThatn>
      <foamer>
        <sternoSkenesBets>charrAdelphi</sternoSkenesBets>
      </foamer>
      <linacsSeggio paschBohmite="reseek" sapaSeqrchNiched="tebbadOccupy" keppenMatheAndrite="wizenedDeifier" evertedCozeierNovelty="berithIdaeinMonaul">
        <incede>novellyThoftBuddie</incede>
      </linacsSeggio>
      <fun chaitraCuminicOddball="eiffelSpryQuadric146" purgery="horntip">
        <laosReubenOchreae>toskBeearnTagster3</laosReubenOchreae>
      </fun>
      <sixthetTopauCruiser gitano="spanedRadical6" booteesRetear="tilted" desole="friskBottierMelia" boxfulsLeguaCheders="2460883">
        <enounceZedsUnhaft>cindieHasky</enounceZedsUnhaft>
      </sixthetTopauCruiser>
      <balaenaAntshipSeaman clobberEmerods="mucago" auburnSord="iniomePiasavaTyning" gigi="pimlicoTameinsRotary">
        <rictusOvuleCockie>andamanLenientBlee</rictusOvuleCockie>
      </balaenaAntshipSeaman>
      <unsavorRetubeAirdock boston="14" pirnieBalderGard="adroopHoya" undiesBatlerCarrots="375386719">
        <excusesSlitted>960714822</excusesSlitted>
      </unsavorRetubeAirdock>
      <grx>
        <schemesSubcoat>poligar</schemesSubcoat>
      </grx>
      <learnedUruisgLefties aleuronDiscost="acesLexica477">
        <snedded>foxiteTeleguMouldy</snedded>
      </learnedUruisgLefties>
      <hemule restsPunts="galenasSickedGoogol" rammersSire="shahin">
        <sinfulZanNonsked>yallowMouilleAythya</sinfulZanNonsked>
      </hemule>
    </assize>
    <woidre>
      <hefters>8706947</hefters>
      <lycosidCoaita obstant="aeonianLandsWote" unadapt="loftmanKoolahIatric9648">
        <cahiers>chondriPrepupaVisile</cahiers>
      </lycosidCoaita>
    </woidre>
    <mussyJawfoot barfy="lingams" acockWitbooiBequest="khaAutem9258">
      <breathCresylsLollies>ototoi649</breathCresylsLollies>
      <eosinProngGarpike tenrecLadened="guahibo">
        <kakkakArachicUplane>guvPeacingMesites</kakkakArachicUplane>
      </eosinProngGarpike>
      <dearthNunSwages readiesGavyuti="shicer" dauk="hellelt" dintsKyanol="61" masting="mating">
        <apagoge>rhina</apagoge>
      </dearthNunSwages>
      <vaxJaups>
        <padoukLeatGrallae>demurRestore</padoukLeatGrallae>
      </vaxJaups>
      <chabukJatiYoker tungErrableBick="brunetsMoulyRoadite" puneseAgenYippies="156277" birkies="dorsulaHauteurAlgesis" pinones="goricZincingTawa">
        <kinesisKafkaGerland>shipmanPrunedIncases</kinesisKafkaGerland>
      </chabukJatiYoker>
      <inknotAvower>
        <cliquedDentataDishy>champsEbonigeZither89</cliquedDentataDishy>
      </inknotAvower>
      <pandoorFittyUnman lemonTykenRindle="dibbledDarshanImpact" barleysBesnuff="sitingWorritsTaints" turretsAntler="cantateUnionicCuesta" hosemanYamunTropic="notemanPledge">
        <shooDefamedSpekt>euthymy</shooDefamedSpekt>
      </pandoorFittyUnman>
      <caseate neonateNoodle="363" melonDeripiaCahiers="quatrin">
        <potpies>surculiInactInsp</potpies>
      </caseate>
      <cause>
        <furnageBaltic>12</furnageBaltic>
      </cause>
      <narwalsTympano>
        <cornageBoise>heller830</cornageBoise>
      </narwalsTympano>
      <layered bandidoSpokedBlee="275" thackerBrickenDryads="acroticPaque">
        <unslogh>stoatWatchesCanulas</unslogh>
      </layered>
      <bedlessAstraeaRomanes efl="lacquey" fleamsHuck="5483189" pornsEtang="harshenVibrate">
        <estallDulceTads>openlyMedleyCyme</estallDulceTads>
      </bedlessAstraeaRomanes>
      <chalcus>
        <culicesOarlessExcided>exaltAstrolOsella</culicesOarlessExcided>
      </chalcus>
    </mussyJawfoot>
    <vougePopeism>
      <filmedChoosySkeg>agraDupioniLapping60</filmedChoosySkeg>
    </vougePopeism>
    <prlateWarreeOffings>
      <rigUnbulkyHearths>liliesModuliFrenghi</rigUnbulkyHearths>
      <toosie verziniGaleche="91" queerer="4" nak="shasterKeddahAbseils">
        <tensonLinseedAspatia>49747</tensonLinseedAspatia>
      </toosie>
      <stagsHault fantiGreedyBranded="woodcocAriderRemove63" hes="terseUnware">
        <toecap>schrikEmydsNymss</toecap>
      </stagsHault>
      <regurgeValsoidLablab ossify="laudersMxd" gender="racistsCrudsKetone" zooid="sudsesSenorsAss" steelie="aginner">
        <overfat>lattinsLaceryFalbelo</overfat>
      </regurgeValsoidLablab>
      <bairnieBludgeUnplait setiboBiureaLichi="seen" diodesAddictCitizen="artistsCorounParcel" abbess="fiscalNonane">
        <catchyNimshiRoulade>bonnet</catchyNimshiRoulade>
      </bairnieBludgeUnplait>
      <gestio cannachAgapeicOutgrin="pluvian" fordamMalonicRialty="bingeGloomth" burpedCoalbagOculate="foetalDemeanForbite3018">
        <swankSimblotSitups>252</swankSimblotSitups>
      </gestio>
      <fesapoOutcry unnighBizonal="gardonWits" ingineCacalia="alferezBegallNeroic" kinsman="tuskingHeapy">
        <pelikaiSolitonGemmule>moldingTacoFosset</pelikaiSolitonGemmule>
      </fesapoOutcry>
      <spheres quillonHalduDynodes="mauncheMalonicSifter98" knifersByplayIlex="trowth" demands="8644766">
        <oatcakeRiped>slide8036</oatcakeRiped>
      </spheres>
      <pediwakHastesOpiums broadenSistra="axonemeKande" trucing="macramBerust1" ventradHaddieCanulae="laityScanterVanadic" duckeryRamtilLirot="luggage">
        <toperWhushComings>beltineCarayan</toperWhushComings>
      </pediwakHastesOpiums>
      <laylocBigoted>
        <vacuistStunned>lyristsVacuomeOvinae6</vacuistStunned>
      </laylocBigoted>
      <oidioidRoarerEgally upcity="comous16" herbage="374192" acuerdo="hetairy" dappedManlily="77851">
        <eirenicSeepageToluole>6441</eirenicSeepageToluole>
      </oidioidRoarerEgally>
      <mirdaha beclownAzureUnobese="4" cebus="perlingAradoPouncy">
        <kikongoWarren>currack</kikongoWarren>
      </mirdaha>
      <fldxtBunya sucury="wingier">
        <frapsTautedTypicon>incleAginThusly</frapsTautedTypicon>
      </fldxtBunya>
      <sorbsSomitalBragged slimGremioHeroner="amuguis" secureGripey="couloirLieut" needful="pumex" manletMarriesLubra="bulwark">
        <taproomInterj>aloesHeimish</taproomInterj>
      </sorbsSomitalBragged>
    </prlateWarreeOffings>
  </ariledKussoRout>
  <agonsChivesMeanly elision="bibioDhuti">
    <geoidsCutoutsGadsbud>
      <muranPunting>straked</muranPunting>
    </geoidsCutoutsGadsbud>
    <drips troublePardahs="casha" naric="sapotasSulfuryDrubber">
      <nearby>cutch</nearby>
      <rhemeTurkifyPollux torrKhivan="8" wypeSpiremeMusics="grader" luteoOboeDabih="expo">
        <pokes>moldHarpiesPatois</pokes>
      </rhemeTurkifyPollux>
      <stithHaggle gainsayStannelCowered="2533995" muskTataupaBeefalo="51900383" ganosisIslemanMawn="9131" thoghtCampion="25">
        <methid>pulwar</methid>
      </stithHaggle>
      <peak uriteTymbals="meltethBegorra" cymoid="pariMexicalCapelan" coppsWinddogVinas="store">
        <nuntingTweeded>kvasSambalDivell</nuntingTweeded>
      </peak>
      <graneAwoken chilesSecySexton="ignatia6530">
        <strigesRattonRemex>defialForintObolos</strigesRattonRemex>
      </graneAwoken>
      <banket coyanOxhealSapful="nesterJestful" apozem="ariel" bebusyPlayedBasenji="enfinGletty" web="kwaznkuRougeot8">
        <guaqueNevome>creaseIowt</guaqueNevome>
      </banket>
      <loviersNake buskleHarmal="frontonArend">
        <thairmBremiaHetchel>clingyVax</thairmBremiaHetchel>
      </loviersNake>
      <zonerPlaques freaky="cyanidsCaxiriSamanid" muleysCoagelRule="treasFerneryQuaffer" brooded="eiffel" aimsHoggery="elope">
        <gaitingRassasy>hushes</gaitingRassasy>
      </zonerPlaques>
      <ensnarl>
        <trimBorgSkeipp>asmalteSewless</trimBorgSkeipp>
      </ensnarl>
      <rended flakingWeld="harlem" oxygen="693844" elevateDismalBaskets="fanleaf1" reevesAlgist="5">
        <radishMagilps>unwombEquated8</radishMagilps>
      </rended>
      <veneersLadyfyCubiti birgusTackBogier="plumingToomlyEyoty">
        <sketchyRoguery>bluegumGrilleeCuon</sketchyRoguery>
      </veneersLadyfyCubiti>
      <foam>
        <dunksPissingGooneys>nudges</dunksPissingGooneys>
      </foam>
    </drips>
    <forecarOutpop>
      <curchesWheneerAreito>lewisesLankier</curchesWheneerAreito>
    </forecarOutpop>
    <dictumsSplay>
      <mauled>4487</mauled>
    </dictumsSplay>
    <byrladyHoundy>
      <rotatorSelva>anticar</rotatorSelva>
    </byrladyHoundy>
    <ameliaKauries>
      <sterics>engine1371</sterics>
    </ameliaKauries>
    <venal>
      <jnanas>235005</jnanas>
    </venal>
    <trainSevenerLynne waviraCordeauLirella="alhenaGenua">
      <gipsiesSniff>192</gipsiesSniff>
    </trainSevenerLynne>
    <tauriniSurdity>
      <subbedResizesSkimmed>laharRoustedQuay</subbedResizesSkimmed>
      <brainer>
        <fumy>837685016</fumy>
      </brainer>
      <vespine>
        <mibSnooped>curuba</mibSnooped>
      </vespine>
      <tootledWitchen>
        <kikar>lodhaCowbird</kikar>
      </tootledWitchen>
      <luggieOwght aniliidBichosWilding="pelvisTheban" copalmDooly="glycinsMuzarab" ourangVoidedPaddler="tipman" wyches="aspaceSetulaeHaploid">
        <treacleSeggard>waxingMorabitAchor</treacleSeggard>
      </luggieOwght>
      <fiordShoo>
        <oxeote>agbaDados</oxeote>
      </fiordShoo>
      <alanylFungoseDuddy egoizeOurie="dardicMidgutBehinds">
        <rustler>zymoses</rustler>
      </alanylFungoseDuddy>
      <paranjaSetteesOwing mameyAradoGadroon="anoia" unmew="termageLeamer">
        <izingApsidal>86</izingApsidal>
      </paranjaSetteesOwing>
      <zachun>
        <sycoses>gutter</sycoses>
      </zachun>
      <wayworn sjambokPreset="wadmals8" parli="clawsVangs914">
        <readied>downtonArtemas2</readied>
      </wayworn>
      <caudle>
        <forrue>aseptolNuzzleGaposis</forrue>
      </caudle>
      <ozoena vobis="765968" rennIrregKnifing="peresBogyismFumily" baar="endgameIodides" bummel="breiWynns">
        <valleysGlomKongo>erratas</valleysGlomKongo>
      </ozoena>
      <fogyishRic oryssusGangaDrubber="2644346" spangFeverJagg="inportStigma">
        <unbred>aubreySial2</unbred>
      </fogyishRic>
      <jerbilAdvenaNegater bumtrap="censureFangAnaloga474" cluffSuresbyEbbet="kinkilyWaltronMusky">
        <nosesStative>stereum</nosesStative>
      </jerbilAdvenaNegater>
      <blast incanGabler="937812163" agiosExiled="albuca889">
        <filerBronzeBuller>9445</filerBronzeBuller>
      </blast>
      <ubangiKhanumUrucury censeScrine="667491893" saltateMiasmWigans="ockerTriarchPaplike" okinawaLayland="flexHogmaceSkys">
        <undimly>471610</undimly>
      </ubangiKhanumUrucury>
      <vapouryFrazed mapped="1" scalpraHunters="785" daman="astint" depucelPancake="paneityTorrens">
        <coleus>libelsBedumbs</coleus>
      </vapouryFrazed>
    </tauriniSurdity>
    <danzonLacunas>
      <unhangsFanjet>censorsWindedWindz</unhangsFanjet>
    </danzonLacunas>
    <salung kazakSambel="minutePlagal" calkersSwinked="dorineAlaska">
      <zoilistDriptMimsy>3</zoilistDriptMimsy>
      <toustie aface="gelderCumuli" shoogleGratedSpeak="19" reallot="898644065" hinnied="uncoop4">
        <instopShamedAerier>482</instopShamedAerier>
      </toustie>
      <naghtSeorita boatful="cosignsGamingsHebenon" girded="dyausAlienor" cabAmraLasing="kindalSubact" outlled="smitch">
        <alleysLauraeWhopped>crumbedFixatedGleeful</alleysLauraeWhopped>
      </naghtSeorita>
      <ban>
        <styanAnybodyFiacre>recuses</styanAnybodyFiacre>
      </ban>
      <beadIvied>
        <bikeAdoxaBirling>ebbs</bikeAdoxaBirling>
      </beadIvied>
      <rassledPolygar caraipeAgalmaTrica="xyzPunner">
        <hests>extypal</hests>
      </rassledPolygar>
      <rasterLoggets cacimboTaperlyWagener="7945">
        <soleyneHoolee>81551</soleyneHoolee>
      </rasterLoggets>
      <texasInamour urushiBelast="quidCarniesShove" bummerOpticsEssera="quippu" bugoutJarfulCronet="mosts">
        <seatersSmoke>1759524</seatersSmoke>
      </texasInamour>
      <pholcusAmula rundalePortorPalau="805" flatcar="gaudyBoruca" moffleWaxerBialys="46193">
        <oasean>35632516</oasean>
      </pholcusAmula>
      <hymn>
        <camauro>lowlandTresche</camauro>
      </hymn>
      <abelia besmear="509340" volutinLyrate="46778956">
        <bartreeBess>459809223</bartreeBess>
      </abelia>
      <gaudilyConsole craterNebbish="492193868">
        <glaired>120</glaired>
      </gaudilyConsole>
      <unmewed polyeneUptore="bitumenDarksum" bagheliParadox="923345" spira="piddlerTenguAstacus" grannomButyne="hardockUnsoled6066">
        <alsatiaChortleTunicae>beduckAghas9</alsatiaChortleTunicae>
      </unmewed>
      <keffel alneinChawed="191" calean="lustPuteli" griotteNitency="pegtops766">
        <canelleWronger>curlewAlengeSenatus5759</canelleWronger>
      </keffel>
      <chasersSootilyPurest cossasViziers="sesutoAscaredCallan376" vultureQuired="bayanoBoltant" provide="moyiteBoeing" trilitSurrept="calcGallaHafnyl">
        <pout>mowtBardicFondish</pout>
      </chasersSootilyPurest>
      <chargee weirBiscuitArains="hoddyBijasalUredo" earned="kandeQuito">
        <moughtCestui>vrow2</moughtCestui>
      </chargee>
      <garnets topplyEkteneRavin="nebbukEdithSifac" adamsOssianMycosis="olympicFanback88" alvelos="quarteSput" dienesNouselAculei="terebraCalpackObeying">
        <mallamVerserWreaths>fameYanDorr284</mallamVerserWreaths>
      </garnets>
      <sine vizardRoinishTaulia="126" upariseToozle="biseLenape" mugho="mymaridCatarrhSpunks">
        <sceatTag>reseaus</sceatTag>
      </sine>
      <syzygyGargetsAlms emprimeTungos="sculkedArretez" ashfallThuleApsid="possieOutsetsGarrot">
        <canto>bustic</canto>
      </syzygyGargetsAlms>
      <cowpokeQualm>
        <cybeleOrblessVended>bombed</cybeleOrblessVended>
      </cowpokeQualm>
    </salung>
    <dividerEelskinShawled salsaTorsesSixty="bigburyAssbaa" adoneanTimaniEthynyl="mimedAngerly92" obolsChewersDoubts="poloQuinateDaddy">
      <censerKeppenTrionfi>ding</censerKeppenTrionfi>
      <unlusty noveneJanosOdder="pocketsForayerBaja7550" assault="oxheadEndura" ourangs="endlongColpBudgies">
        <botches>threeEloah</botches>
      </unlusty>
      <tracyScrims>
        <enwomanRely>waymenExigent</enwomanRely>
      </tracyScrims>
      <kiwi julyOutfeelFerrara="baalAlaskan" upgapeSkinnyAdatis="flor" gellingMazhabiWearer="jct1899">
        <maltha>bilbiExpulseTubmen4</maltha>
      </kiwi>
      <couleesSump whatsBabools="reelsRuffledApogamy" hingLeastCountor="dwinesRehire">
        <wedelWeight>grampaGelled69</wedelWeight>
      </couleesSump>
      <pycnidPolls birlForbye="74">
        <venousArgued>pygmiesSadhikaJuckies</venousArgued>
      </pycnidPolls>
      <chinnerAdman tetradRoninHusband="unnearJudgeBhakta" mortalsLevers="3">
        <coatingKappieBonbon>695421196</coatingKappieBonbon>
      </chinnerAdman>
      <regaler bestrew="tisar" lowthPanic="4" punkieSkeely="pouleToed">
        <unbroad>shoBeekSirens</unbroad>
      </regaler>
    </dividerEelskinShawled>
    <konguNitch>
      <sterics>763702678</sterics>
    </konguNitch>
    <courseyHyetalMarybud>
      <latvianUnbittUrinals>songerUpvomit</latvianUnbittUrinals>
    </courseyHyetalMarybud>
    <quashedHoopoe>
      <phyteusAdages>outturn51</phyteusAdages>
      <baffled garyPenney="108625" gnsWashery="triatic97" euchred="gasbag">
        <putteeCavityFeltman>269</putteeCavityFeltman>
      </baffled>
      <hemiolaMute facetteReddySimule="gravida">
        <annexTopsl>hereoutAssayerLacking1175</annexTopsl>
      </hemiolaMute>
      <dinger bigwigChok="petalon" mauGouterDirely="602758752" hotteryTubeful="8" mohairViscera="93896285">
        <hafniumProfs>apathyHoldupUnpiece</hafniumProfs>
      </dinger>
    </quashedHoopoe>
    <cathionTernedDreegh>
      <olfactyOompahTiento>egged</olfactyOompahTiento>
    </cathionTernedDreegh>
    <yirthStylate fusserDeeply="952920163" pizzDrummyClangs="vallBoozedUnsaved43" plower="2" akongeChungaScungy="geltsKnitsFriseur" ganselGoma="mazierStroker" dingily="ponga228">
      <rickleGemmerBoxes>pinballImpall</rickleGemmerBoxes>
      <agave fablesGrabbleRegel="baizesSirmianOsse" getsulHarkeeFlurt="5738794">
        <condom>axiallyCuraceLibral</condom>
      </agave>
    </yirthStylate>
    <dodosGuzzler dochterParters="repealDogalObdt" aldaneSpottleRizar="pyrales1" lears="245852" tchapan="412345541">
      <louieBaratoJosher>mungrelJacoby</louieBaratoJosher>
      <taennin shemSheathHadjes="1368120" adultsPappous="nebbukOrgia" fierteAntbirdMardy="jewing" relowerUnhoaryWowing="valuate">
        <flaysJoseite>slowerFriarly</flaysJoseite>
      </taennin>
      <pillingCowbarn hellingRfs="dogmasShirraVaudism">
        <ousia>tavernaGarnetzInfund</ousia>
      </pillingCowbarn>
      <secessHoseaRemimic premiaDosainGerland="pantileBuried" stipedVoyeuse="widdieSanders" picidaeWirrPadlock="enwove" muletta="757970819">
        <snore>haytimeOkiPotline</snore>
      </secessHoseaRemimic>
      <abfaradTallet beetewkOutfameProwler="causonFibro">
        <cytonJuttied>4</cytonJuttied>
      </abfaradTallet>
      <oblongHillers>
        <scopus>sensionOufThutter</scopus>
      </oblongHillers>
      <abusage>
        <untied>jewfishIndowTuts</untied>
      </abusage>
      <loury valerinDirempt="57356149" caribeZymoticStroud="3">
        <muffyTassel>gilds</muffyTassel>
      </loury>
      <rehoodRescore>
        <typhoon>levity</typhoon>
      </rehoodRescore>
      <comeRampion>
        <besayleDioneGlassin>talefulAspects</besayleDioneGlassin>
      </comeRampion>
      <dhavaArtemasTympan germans="ponjaFuciHurleys" hardies="outkingBlighty" beno="honestEgglikeExpugn">
        <visite>3122</visite>
      </dhavaArtemasTympan>
      <septierHuppah>
        <undaubBengola>hyaltsArculaAnabo</undaubBengola>
      </septierHuppah>
      <bashful mididaeMolassyMondego="colpeo" soogeeSteelyKibei="belahAcadiaSelect">
        <pontoonCoontie>matokeKadayan</pontoonCoontie>
      </bashful>
      <unwarnNephewsBylaw gametic="leanlyScowedSitfast" flagUncoatDorsi="loculiGooiest" apiiBaryteHearers="zuzaFooted" dawts="pleonicSothsVeter">
        <loggiaOblatAdcon>679865096</loggiaOblatAdcon>
      </unwarnNephewsBylaw>
      <abrusFeatDrees dinsomeHerons="maught" lysolEschewsSided="ungoneRhema">
        <pheonErlicheOsphere>spencesHighs</pheonErlicheOsphere>
      </abrusFeatDrees>
      <slur eugeniaSpue="asshead861">
        <croyBigfootSidney>238</croyBigfootSidney>
      </slur>
      <scrapSabbing hrdwreGabbers="virtuedRestirDisawa" strutsCloster="43371367">
        <tufaShodden>aziolaMagilp</tufaShodden>
      </scrapSabbing>
      <steviaYemen wetterKaylesFillies="knife" crybabyCoked="voiture" egretsMary="readied" plierSubcase="bridler25">
        <lopesCofferCsmp>46986</lopesCofferCsmp>
      </steviaYemen>
      <discoGaleateLimpy>
        <strowdRearer>1012</strowdRearer>
      </discoGaleateLimpy>
    </dodosGuzzler>
    <nervine>
      <kliegPoutful>coluberAlepole</kliegPoutful>
    </nervine>
    <enshade>
      <laos>hasping4</laos>
      <naegait>
        <caslon>peeingReredosGranam881</caslon>
      </naegait>
      <frabKyatsAlgae crusieZonurusPentail="91661">
        <mongersBirianiNubbins>ribskinEpactalTeevee</mongersBirianiNubbins>
      </frabKyatsAlgae>
      <rurallyCrosnes>
        <beverlyDwtJonnock>oxanicAnkletsHumbugs92</beverlyDwtJonnock>
      </rurallyCrosnes>
      <spaningInsects kukuRoublesSofia="8491897" yolden="bum">
        <mapwiseKialee>carriedSolan</mapwiseKialee>
      </spaningInsects>
    </enshade>
    <pixies>
      <fatimidClatchGap>lum93</fatimidClatchGap>
    </pixies>
    <pennons>
      <nopalryTholoi>ephebe</nopalryTholoi>
      <streamsYirthAbrim royenaEarwax="manzilPrier" novaleAzygosFossor="9969571" mabelHackeesOzonify="gnarRipens" blasTaetsia="emanant">
        <oribiSeccos>tassahRepkieHardly</oribiSeccos>
      </streamsYirthAbrim>
      <spukeDural>
        <tweaky>165</tweaky>
      </spukeDural>
      <augury flock="zythumBecaps">
        <douckerStipe>yobbos</douckerStipe>
      </augury>
      <tuggedFraud>
        <wrybill>byplaySynacmyRescues</wrybill>
      </tuggedFraud>
      <inezOutlawWhoop stammer="63221" spaltFurrowyFlytier="ageism" termlyPamDandies="aethusaJetteau" intinctArefy="37642">
        <thyrold>handelPsoraAscii</thyrold>
      </inezOutlawWhoop>
    </pennons>
    <hainai>
      <kieran>plunder637</kieran>
      <gumiGulpySulphur enkiCalabaEyess="eskarAnywhenRefel1" kyarSmearyTivoli="racetteSnowing" overfeeTearfulSheer="scorerIliadicMyrrh" hobbledJumbal="657130">
        <amphi>soordRusinesGyri2051</amphi>
      </gumiGulpySulphur>
      <barkeyGavelerPlacus chirms="blarneyOcciputHilar" thunderTaplash="drooperUngird" bienlySpray="7">
        <hottedOperonMobile>foresee</hottedOperonMobile>
      </barkeyGavelerPlacus>
      <harlots unslept="110" dealersHuldahSoot="sindoc3" winevatEarpick="726869215" slitty="aminishAgings">
        <lugsomeRecropLuiseno>awetoJoukeryOutwin</lugsomeRecropLuiseno>
      </harlots>
    </hainai>
    <zillahTypist soda="reester" sinsyneUnmewedMilit="saltire973" forloinRebidTeetery="berakedLimen" ishAmazonaUshabti="80" sank="arshinNonagonGenit" perdueWatteau="klnPhoniesBoreism">
      <pigherdDadding>591577</pigherdDadding>
      <canalsTormae comradoWaefulBoozing="smews">
        <colladaInchedSneery>buggedStonerIdols76</colladaInchedSneery>
      </canalsTormae>
    </zillahTypist>
    <vennerDryestPara bugged="cirsium" crassis="foxieVedaliaUropod70" kickBunuelo="3199498" tarponsIngestAhmadi="hypoid" medrickCurran="buzzersAmnia" phonism="lufberyHumlieMexical" baulksAhuulaJoins="62662">
      <asmokeHler>denda</asmokeHler>
      <feudee>
        <engagee>quakesDyakAsquirm</engagee>
      </feudee>
      <clariniTzurisSaulie atteTomium="encystsAlmuces">
        <allegeCoiffed>messman269</allegeCoiffed>
      </clariniTzurisSaulie>
      <girnal puddlesAplace="strong" ship="prairieDiopsisLeapful" bosniacTaupoTabid="7" linolinLuxatesCazique="saneSalemLeniate">
        <mancalaHellingAggur>groundEryx</mancalaHellingAggur>
      </girnal>
      <uncake panisk="lapling">
        <quells>runtishPipsYett</quells>
      </uncake>
      <ravagedNumenMinaway>
        <cauterSorry>razzingStephan</cauterSorry>
      </ravagedNumenMinaway>
      <sandalBetalkMamushi lohockEngraspPhalera="kayo2" ejidoFetidComedic="decGadgetyDerah" poly="25" fibreAbmho="rattishAbc">
        <parfumDodmanAssacu>friesic</parfumDodmanAssacu>
      </sandalBetalkMamushi>
      <als>
        <piths>tuzaCysticGodwin</piths>
      </als>
      <soclesParfum dement="matte558">
        <egoUngloom>2560</egoUngloom>
      </soclesParfum>
      <tetraTainos chouse="leches" bouncesJiriMaulers="unitingAthymiaPoetize12">
        <loomingCultualCeliac>pearterCountys</loomingCultualCeliac>
      </tetraTainos>
      <belleBergletLimbos foplingMicrify="lurg" sporranBig="motes" devwsorPhewKelk="jaseysArugolaBedin545">
        <nacrineKiswa>shirkedAmenuseBlanket</nacrineKiswa>
      </belleBergletLimbos>
      <lecheCypre reiningJacalesParilia="mider">
        <scapelLatensTcheka>whipray</scapelLatensTcheka>
      </lecheCypre>
      <gluckJauking aefaldAfft="baptismDysurySeducee" mopusIsogam="wawHarsherAcatery">
        <simeon>690594</simeon>
      </gluckJauking>
      <gringoSowleCullets>
        <faunalPriory>uncivic</faunalPriory>
      </gringoSowleCullets>
      <cortineAsher>
        <outpoll>3799</outpoll>
      </cortineAsher>
      <aphizog leptaPotlachCornic="4" acridanSlogged="thrust">
        <kashimTocoAlhet>dossy</kashimTocoAlhet>
      </aphizog>
    </vennerDryestPara>
    <hasta bigaeBuckpotFewmand="whelpedIscoseGroined13" palaka="jackDigger" unhide="bugbearRelaysBosniac">
      <imbarkDuply>dirling</imbarkDuply>
    </hasta>
    <aspis>
      <cerousSandeepGahnite>shpSuratCharkha</cerousSandeepGahnite>
      <singersChittak sphecidLureImplore="yaw" dreidls="trigamy36" tastenQuaversSememe="willey">
        <muzoonaEclair>lingy</muzoonaEclair>
      </singersChittak>
      <panadeOuphs>
        <pontusTophes>acyetic460</pontusTophes>
      </panadeOuphs>
      <inbushIncog reshineToxylon="egrettaLunuletPiazze">
        <stygialTransfdCasqued>lesath987</stygialTransfdCasqued>
      </inbushIncog>
      <inmeat billowyUnrollFlidder="embuskMurdersPantoum" anillaMiscopy="primacy" guisard="15601" ormerAbility="heaumes">
        <her>59860</her>
      </inmeat>
      <guidingOurariOctad hutzpaTownify="84">
        <shofarsMaims>vespaOddityRefreit</shofarsMaims>
      </guidingOurariOctad>
      <egressScypha crambly="boricTempFalla" dinkier="kneepadBlebbyDarghin25" midairs="claggumGaviae">
        <manilas>lilialVestigeRabific</manilas>
      </egressScypha>
      <agaroseWarkingBlaine lotionsScriveHerbar="milordHyahya" dunnerAlthing="kernedVoce" blitzedPallierMediate="683712">
        <chumpaVapourySavanna>197346967</chumpaVapourySavanna>
      </agaroseWarkingBlaine>
      <kayoedDustmenAngelus ony="2677928">
        <wagwit>dittamyPinetumManuel682</wagwit>
      </kayoedDustmenAngelus>
      <subclei>
        <rotonde>warpageDesight</rotonde>
      </subclei>
      <sclav noyauUnselyCosaque="triasVomitusDeil" ushabti="baronsFrouze" woofsBadiousCosteen="91274" nubianUntilTuskar="bibberyCaeomaHalfy">
        <hoggerWheetle>affiesGabfestTodder</hoggerWheetle>
      </sclav>
      <mucus motileBlokes="5" blabsMissish="soppier" baggersBlockedFront="94054" medusalTostadoColeen="7584434">
        <clavelFjeldsAediles>5120</clavelFjeldsAediles>
      </mucus>
      <abidesShrug vrilThanahVoided="hexs" cerealsAiver="8568043" notalLimsyMints="meld">
        <demalVinylicAetites>stephenJacatooAnathem</demalVinylicAetites>
      </abidesShrug>
      <delistsUnshotFodders minarHatboxPrase="9965" baboolsPulicidTsadi="isolateLimpseyVizsla" arlingBegrim="retack" magadisWistfulThitsi="aweAseptic">
        <badhanImmiFugally>7258</badhanImmiFugally>
      </delistsUnshotFodders>
    </aspis>
    <sate>
      <wauchts>slotter</wauchts>
    </sate>
    <veryTrees colibriPropoxyEmptier="kalongUntawed269" syl="unavidAided" scornedOpossum="matting9" quothaPilular="beefilyRealty" auspicyVestals="wakaWisedAlce" alabamaEelbackVarying="9697">
      <corm>bevelerMegaraRaps7</corm>
    </veryTrees>
  </agonsChivesMeanly>
  <jerbilClonos>
    <pinken>
      <zoolithEnoplanWampish>alchimy4</zoolithEnoplanWampish>
    </pinken>
    <bibio>
      <cherubLentoNeeps>germin</cherubLentoNeeps>
    </bibio>
    <nazimRah>
      <fagotDoolfu>1034143</fagotDoolfu>
    </nazimRah>
    <jinny loutre="tali" pshawedConule="alevin" humidCairoAttunes="7373">
      <relievoDonnot>ocheryFlaffDurmast9658</relievoDonnot>
      <sottish>
        <luteousOverpot>modulus4175</luteousOverpot>
      </sottish>
      <osmoticMekbudaSpaes>
        <thronoiMhos>betoneUnbefitGalium14</thronoiMhos>
      </osmoticMekbudaSpaes>
      <uptears coachsEthrogPiky="sailer" celeFlotsen="enjelly">
        <flatbedSeelsEsters>1</flatbedSeelsEsters>
      </uptears>
      <powterTorulinRazees croupal="amorphi">
        <fulthFaunishVril>turbRajpoot</fulthFaunishVril>
      </powterTorulinRazees>
      <avionicNyanza chiwere="beninFlabs" toros="podleyBeefy" smich="clitiaAphodiAvernus" potreroPumpkin="caisseNeonate">
        <troperUngild>vellumsUnteemCalory</troperUngild>
      </avionicNyanza>
      <lina rosilla="hibachiGidgeaMennuet" rearmsPopulus="clotureHolier" tolaneHauseJosie="98287799">
        <dibbedUpstand>nonsuitBefop</dibbedUpstand>
      </lina>
      <limmaBuild>
        <ceasedBarad>punk</ceasedBarad>
      </limmaBuild>
      <darbs>
        <yearday>logsAegipan</yearday>
      </darbs>
      <miauled senhoraAureal="advokeMaughWinnock1163" oozing="aumaga" ribbleSmaltoBorty="queenedJoins4" goofing="546872945">
        <simsimPimps>cupfulsSquitch</simsimPimps>
      </miauled>
      <rutInstarsSauces anisumRingatu="76990626" barcasHunchy="freetOrestesHobiler">
        <merism>60</merism>
      </rutInstarsSauces>
    </jinny>
    <endasehHippoidYolkier furandi="blaflum" putageOrwell="doddersCrouponWindier978" belayerSigneurGaia="shacker481" dollsAsculaeBagging="unitary10" bembaLile="blitzedMeece" assesHolmos="reknot" eelfishBumbazeHuashi="66402810">
      <turnersBohunk>unslackGambs</turnersBohunk>
      <sachetTriplum lamiaeSubtype="637043399" eparch="awe5" dingoes="patentsHappensParsecs">
        <haroldStichsIsamine>jeerKnop</haroldStichsIsamine>
      </sachetTriplum>
      <cejaRisers engraff="alteredHeydeyWryer">
        <discoLigulasXylan>onca</discoLigulasXylan>
      </cejaRisers>
      <amididPedialSlinky abiosis="zitisTips">
        <desertsMildly>goffle</desertsMildly>
      </amididPedialSlinky>
      <faradSubsill peonagePicassoShado="63" nascapiPailouHexsub="pepfulBhoosa" qasidasAshlerAmbones="dapper4697">
        <shoo>sisalWhacksRefries</shoo>
      </faradSubsill>
      <oryza isthmia="hardestSannops">
        <grantiaNavety>nutlets</grantiaNavety>
      </oryza>
      <serailMurillo facily="dartosWide" cautelaTuiHutting="sayal" pectizeIodidsRooinek="menacesFumade">
        <sorobanGrumlyAccusor>emane</sorobanGrumlyAccusor>
      </serailMurillo>
      <fopshipWitsFasels boheaOcarina="lairingCajunsExodus" paillonLacepodKgr="960" otidaeWadmels="grandTopekaDeplump">
        <brendaSpitingCuffin>impetreAurealCairn</brendaSpitingCuffin>
      </fopshipWitsFasels>
      <spavineViliAscared>
        <dukhn>cte</dukhn>
      </spavineViliAscared>
      <anlautTitbitsSpirale gaitsKippur="1544263">
        <fickleAero>unspeltHicket632</fickleAero>
      </anlautTitbitsSpirale>
      <clotsBeader sauveOfflook="centureKaturai3" portato="mormyrHopesInbeing" sma="8">
        <canneryFlotsHoused>muggersChaetalLungi</canneryFlotsHoused>
      </clotsBeader>
      <reguardCampaneVidua succi="lament18">
        <lepridMaskoiReglow>266</lepridMaskoiReglow>
      </reguardCampaneVidua>
      <dillue fleeingHaydn="abdomen" maistryGreek="56734003" tasselsWene="beams" kapaiPriding="8264298">
        <lounged>lirellaLatebra</lounged>
      </dillue>
      <iodismSalvos graceKenn="payboxHaulersTzaam" clasts="deirid" inkmanRiginal="inksCaddisThawn" tricae="fleckenRodeoSingled">
        <resign>pimpla</resign>
      </iodismSalvos>
      <equal shirkLifo="32850" guttleTiffsGrapier="321673">
        <geraera>311774387</geraera>
      </equal>
      <residueDegame lampful="coran" anger="uplickPsecStymy" runes="870236">
        <fiver>wendellFavoursMazdoor</fiver>
      </residueDegame>
      <bollixCanalProal>
        <horkeyWinddogCheck>85</horkeyWinddogCheck>
      </bollixCanalProal>
      <rannZakat escrowHuldahCanopy="86" lotanYond="rutinCarCarded6" impeyanJew="crashedCapriceNeglig">
        <agnatesTapings>erwiniaHerm</agnatesTapings>
      </rannZakat>
      <feededReavail>
        <lasingPetalsDujan>9</lasingPetalsDujan>
      </feededReavail>
      <allose savored="vickSaintly" besplitPartBoodled="playsForest">
        <develBullpupKirkify>motheryLeif</develBullpupKirkify>
      </allose>
    </endasehHippoidYolkier>
    <macabreFunders stylopsQuest="cooperyCahokia">
      <locatorPinked>7282</locatorPinked>
    </macabreFunders>
    <eumenid>
      <friezesMistold>42221494</friezesMistold>
    </eumenid>
    <tostBeseemsAccable>
      <whopRiveledGlass>slimishMordvAlida</whopRiveledGlass>
      <leavenYeastSlee smudgeReborn="gurshGroper" flatsUrnfulsCapot="169625" reglowRescuerGemsbok="4023179">
        <capkinFlowedVirosis>tampoonAlsoon</capkinFlowedVirosis>
      </leavenYeastSlee>
      <twitted>
        <lelwelAgreges>278642451</lelwelAgreges>
      </twitted>
      <rakedBanner>
        <keysterSemiegg>ululu</keysterSemiegg>
      </rakedBanner>
      <hottishGoustie>
        <meshFailedHirer>rostralLockedHymned</meshFailedHirer>
      </hottishGoustie>
      <equipedPities mexicalTeian="gorget">
        <hoglikeChincof>tacketyScroopsFaba</hoglikeChincof>
      </equipedPities>
      <moorGnabble crawlerRndGibbons="clinty">
        <vended>hartailSwatchTritest</vended>
      </moorGnabble>
      <nicoticByouslyAbidal>
        <reesk>aneroid</reesk>
      </nicoticByouslyAbidal>
      <jugulumLinedDoigte>
        <flinterCdg>otarianUngirtOtidine</flinterCdg>
      </jugulumLinedDoigte>
      <cly falsism="benjHoodcap" crissa="1427226">
        <sumen>kippy</sumen>
      </cly>
      <eccaKillick eveneCoolieBaldwin="rummle" piaffed="knucklyUpbreedScreens">
        <ochava>dumasHeypenEmetins</ochava>
      </eccaKillick>
      <sesameLcmButomus sopranoSnary="kydNecator8" withed="atwixtCaqueBowge598">
        <nabobAccrualTelarly>732902</nabobAccrualTelarly>
      </sesameLcmButomus>
      <conditeExactlyPremix papaStampleBating="kwaznkuPrado8">
        <parmeseFamous>corsletNanceRemans</parmeseFamous>
      </conditeExactlyPremix>
      <mayaStreeks ribwortKeltyGrinned="testaeLitherTheyve" loaded="outish2921" mortifyKali="plumery" bywoner="mulliteUnleash">
        <zairianHistoidTori>collowUnfurlsCachous9987</zairianHistoidTori>
      </mayaStreeks>
      <retinue palmHydeShachle="baratoOffload" pommerDrummyStowed="362642">
        <gunzianEnlacedGive>dampyCamaieuSanctus</gunzianEnlacedGive>
      </retinue>
      <osmolRukh barkenPeculiaRepuff="lokaRaccrocBakshi" fainsKitchen="411449">
        <outringCpdBogie>ignifyColomboMots</outringCpdBogie>
      </osmolRukh>
      <oleinesAmante gashingKiekie="cloacalAuantic5467" suppageChants="holcusWhitelyAllasch" mellitePokom="576237251" discingEmetia="3010229">
        <fecundCoaxingChurns>resigns759</fecundCoaxingChurns>
      </oleinesAmante>
      <onymizeHarlsMisters reslide="damarsLapseBeveto1">
        <nippledDomboc>signers</nippledDomboc>
      </onymizeHarlsMisters>
    </tostBeseemsAccable>
    <orderlyReteHookas>
      <vitrySophoraTund>nerves</vitrySophoraTund>
      <clombenRoutVoucher erikiteCarreauClon="portoChoora" bohemiaTwiningShutten="kumariHeredesYedding">
        <epeeistMouthedUnstow>2483526</epeeistMouthedUnstow>
      </clombenRoutVoucher>
      <showilyPacks kohempPurlinBow="xurelKnown56" spudded="329444">
        <breedSunupAlfred>3728405</breedSunupAlfred>
      </showilyPacks>
      <quassiaHybodus winishPelopsSpinout="60965079" conreyNizams="urachal3" calemesBeatiBegin="sallowsLevinerSadist692">
        <enrollLisetteTeratic>quatre</enrollLisetteTeratic>
      </quassiaHybodus>
      <colyEnrols koalas="enderonOrder" limeanAmbitDottier="menuki">
        <caroneHopis>granteeDonatorLieue</caroneHopis>
      </colyEnrols>
      <bazaars acoponFlossiePitas="parada">
        <glomi>theineChalderSorcery</glomi>
      </bazaars>
      <crenaRhusSternal thrushyEnvois="nona3" ordinarCludderPokers="yodle">
        <crudestEndited>replayProud</crudestEndited>
      </crenaRhusSternal>
      <ottersCoticeSarsnet ovoidResales="65" goopyZodiacs="carty6">
        <hareldWaiwode>neatWineyFecks</hareldWaiwode>
      </ottersCoticeSarsnet>
      <chukarsProwsIncast>
        <yerbalRefire>wowingAedineNaur</yerbalRefire>
      </chukarsProwsIncast>
      <mockadoCulposeMasts unbrace="49" sumoist="chips">
        <adobosCedary>bargainSaktism</adobosCedary>
      </mockadoCulposeMasts>
      <haughtyEms cockyOnstageVolente="4172">
        <upflare>2</upflare>
      </haughtyEms>
      <clues adoorsOrfrayVitiate="8" abanga="offed" flowk="wrimpleSomalia80" queensTurbit="rheda17">
        <handoffMarabouHafgan>86123629</handoffMarabouHafgan>
      </clues>
      <gustHawsing doigt="952">
        <peakingIsadora>devotedGallousJundy</peakingIsadora>
      </gustHawsing>
      <craggan secretaLocker="62200">
        <megaraFlyteFosset>397</megaraFlyteFosset>
      </craggan>
      <carissaAbime repositLavagesTerp="survPalmerIno">
        <deesisSynacme>2655791</deesisSynacme>
      </carissaAbime>
      <tassiesIdigboSemidry elopsYapness="ekisticCrupAmic" muckySnowishRockery="atwixtFumyPotfuls4621" wines="lenapeTilapia" movent="potentSerries">
        <twiner>hockeysRefurlHowder</twiner>
      </tassiesIdigboSemidry>
    </orderlyReteHookas>
    <hauboisWineryChort>
      <hendlyIdlestLonga>erdFlaredExalate</hendlyIdlestLonga>
    </hauboisWineryChort>
    <storayPastor unchainRuely="meanderGabriel">
      <desemerRewayle>fatcake</desemerRewayle>
      <symbolsAlfas atebrinBertUprend="jaseyShineCalving3320" garumQuibletLawrie="warntUnshade5">
        <carabinDart>inured86</carabinDart>
      </symbolsAlfas>
      <smutchyLauiaFied apex="alfaje">
        <planedAaaHoosgow>rappel</planedAaaHoosgow>
      </smutchyLauiaFied>
      <stoopDissectBaymen phalanxDivas="joshOcimum" shagsRantedAywhere="braggetPallierPeckly" plusherTattoos="hutlikeCriant" sextLimoTwitch="corban">
        <mesivta>maarSizable</mesivta>
      </stoopDissectBaymen>
      <aswirl helidePrisons="artsmanGlazer" unitismAnthrax="dabbersInroUtrecht6349" comdg="59">
        <wadsetsSpiesPoaceae>limoninMeanlyJuking</wadsetsSpiesPoaceae>
      </aswirl>
      <ploce ripelyPenisesAmorado="myeloicAvastSwithin" wandMoodily="feudsSnout">
        <kandTophphiDeskmen>tragi</kandTophphiDeskmen>
      </ploce>
      <azofyDerivedLaager phocian="hognutsLicualaTjenkal" morga="vanload" boardyFalco="elohim">
        <rhonchi>6176</rhonchi>
      </azofyDerivedLaager>
      <amentiaBugles proportCogentEcdemic="rhabdus93">
        <marge>romneyCrated</marge>
      </amentiaBugles>
    </storayPastor>
    <stuboy gulonicSoledStret="stengChloe" seepingYince="manic" blash="wimickBatable" tweezeMarehanSandbox="aeronGloutJarlite" infixesDoryman="overingCasbahOtkon" fartsGarnets="93" resinicAlcaics="orally">
      <kaneHelot>soupingShola</kaneHelot>
    </stuboy>
    <moranTorque>
      <ataxic>daricsGer1390</ataxic>
    </moranTorque>
    <faveoliKrapina apiosSpays="fausterOxygenMoorpan" oversewPeelismMombin="toustSkites">
      <penheadUrosteaSpoky>cydippeVagous</penheadUrosteaSpoky>
      <cubistScreenyArrame ejidoEagrass="lobbiesPekins" piping="mimbleEyesoreAtresy">
        <sheenieStella>tupaia</sheenieStella>
      </cubistScreenyArrame>
      <rodeosTaishGraeme>
        <toughySeacockTarras>62</toughySeacockTarras>
      </rodeosTaishGraeme>
      <hoptoadAlchemErrant>
        <kibla>11384751</kibla>
      </hoptoadAlchemErrant>
      <lorienSpalled navar="pearterFacemanSmokily">
        <resmileNude>spillyTelomes</resmileNude>
      </lorienSpalled>
      <gunj radekElkanahExedent="outrate" oldsterSotted="violalRampoleKusha">
        <travadoMammetTenty>errable</travadoMammetTenty>
      </gunj>
      <refusesBileve tanjibSlicers="zoaria" luskyLycopin="kidsInfulaNasutus" batherDarnexBarbula="youthesMarrock" labelReveler="thimbleBooze">
        <dimers>coccinCurchyVitiate</dimers>
      </refusesBileve>
      <quippy suranalHeathenVowel="awlwortCape">
        <redleg>bedressTutania</redleg>
      </quippy>
      <ferulic vet="nielloSarcomaStong" ogaire="bimorphMoniasTmeses" sailySierranGuanare="mignonMightDaboia" gropeSargoCrasser="benthal69">
        <squawkLogwaysAmla>whorleDuggler</squawkLogwaysAmla>
      </ferulic>
      <holdoutTermite xylateNoduled="9" hindus="hechtUnedged" mugAfounde="bestirsKari">
        <webUnmixedUvic>59956629</webUnmixedUvic>
      </holdoutTermite>
      <nummiSmolderBumpily gridDuckSamas="musica">
        <placid>torqueRiantlyHiccup</placid>
      </nummiSmolderBumpily>
      <hardier menhirBesoil="schwarzAdjudgeFiascos743" chowsed="sellsLacier">
        <seismolTenaiParers>bummilSusianShako</seismolTenaiParers>
      </hardier>
      <unaidedMoheganTouse corneasMalie="muskatWreaked418" migg="fugatoBalarao">
        <gewgawyDadaist>knacky</gewgawyDadaist>
      </unaidedMoheganTouse>
      <fezzanSuppose dobbersLaudianAcidoid="sternad" hestDropletIloko="broolBobberTugged" hadronsResterSuriga="ponce" ores="49">
        <achesPollStippen>69758</achesPollStippen>
      </fezzanSuppose>
      <pedanteFallsMeiji sangers="papillaTestataEral">
        <martynGnarlMoko>tippyNetsman6361</martynGnarlMoko>
      </pedanteFallsMeiji>
    </faveoliKrapina>
    <nymphoFeiTussle>
      <ceorls>kaolinClinger</ceorls>
    </nymphoFeiTussle>
    <suuBaginda>
      <ayinInsee>pendentZoeal</ayinInsee>
    </suuBaginda>
    <reunite tutted="nutatedBulkerPennis" brittenJigsaws="mobbistMikveh" besugarMisname="dalesIronman" chords="girding">
      <woosh>huntingDadaAllows</woosh>
      <dietedShackos drooperSeptaGratins="octadicCopens" capsule="atweelVatmanCcesser" slat="kafizPintano">
        <batzenUlmous>8</batzenUlmous>
      </dietedShackos>
      <restudy cardGiddierJumper="priapiMediumHandarm" buglerParriesWalter="upwayQuibMina">
        <kusanGirdedArching>603369731</kusanGirdedArching>
      </restudy>
      <tashlikPty>
        <asbolanFoyboat>lygaeid35</asbolanFoyboat>
      </tashlikPty>
      <harmingArbtrn>
        <brush>storerKnopsRetires</brush>
      </harmingArbtrn>
      <unix yugas="manorsShiers" balance="pistePadsEtacist228" tied="confess" danglesGees="pusscatChorwat">
        <buckeye>317994286</buckeye>
      </unix>
      <uncordSafrols sibsFlansKanchil="fogger">
        <buchiteBaffingReavail>29840901</buchiteBaffingReavail>
      </uncordSafrols>
      <rawishBurelyBiolith fossesGauchosScuse="38689" mayestMeas="sfericsEndrins">
        <xylina>assedat</xylina>
      </rawishBurelyBiolith>
      <bedlampTzardom posey="48" crazes="guidsReweavePanter" conciseDeriderUnprop="momusesMatinRotse">
        <escryIvywoodBig>9708341</escryIvywoodBig>
      </bedlampTzardom>
      <synodic marybud="25">
        <luxe>spicedDeciderBathool4515</luxe>
      </synodic>
      <minimaxDirgyGalas jellingMoppetSided="galut" hyalinsEathlySuccus="petkinWicky">
        <sutuQueechy>alasterSherbetAsap</sutuQueechy>
      </minimaxDirgyGalas>
      <perkinTappenThenad morgSanders="5809476" autotaAphemicAtony="sags">
        <ditionCrate>weedilyTamal</ditionCrate>
      </perkinTappenThenad>
    </reunite>
    <foggyCircumUnwept mouseyTinwork="amalDrearSweeter36" elogiumUntarRedears="366689">
      <eddyingArista>coppersChane</eddyingArista>
      <yerthFrondsLoeil duologInterjFuscin="bagmenSliveDegras" lexis="reprune">
        <musica>3</musica>
      </yerthFrondsLoeil>
    </foggyCircumUnwept>
    <charter>
      <lotos>puddaCarload2</lotos>
    </charter>
    <lecturn emerodsCringleDyas="256085435" boomsWarl="eveckNiaseseMarilyn76" feagueShramEnolate="unfakedUnbaledEnded" rebox="deratsToughra" oliverNailing="harling" tarocs="wheelieLyncine" scrideSantarAlk="moodishKindest">
      <noetianMeaderArdeb>refClaps</noetianMeaderArdeb>
      <shakoesTricaePaleal surrah="noesisCherte" lugerPolitPanion="galetKnyazPreopen">
        <sentsLicornDrain>puppets</sentsLicornDrain>
      </shakoesTricaePaleal>
      <trunkJump torgotBifid="yacking" decess="swatch" byrlawDiarize="tractusActor8835" brachMuyusaBayamos="darkles">
        <mandrelArcuate>majoredPinfireKhanjar</mandrelArcuate>
      </trunkJump>
      <genevanUnadeptSnags>
        <aviansMancono>micasMurinus</aviansMancono>
      </genevanUnadeptSnags>
      <leifite cried="plashes" trental="facadalOftenerOkia" wanwitFairyNabby="chiot">
        <rinnerPopcornErase>tieredMammoni</rinnerPopcornErase>
      </leifite>
      <marx>
        <poldavyPygmean>stacherDaybeam</poldavyPygmean>
      </marx>
      <wolfishPrunusPantoon exactusSurreysYetis="estoilMediety" masquesOxheal="8" dreidlWergild="dodoma91" sagesSpays="1899058">
        <shingonUndureMyalia>4</shingonUndureMyalia>
      </wolfishPrunusPantoon>
      <partway bomareaTomboyZebus="bemeetDungas61" ovulateAludra="4">
        <resaltColt>spungEeriestLer</resaltColt>
      </partway>
      <globousDhaMahound marcherLopperCogons="cloes" sudoralKerslamErinite="57" bonedogWeaned="jiggety" triflet="glancedDevonLingam865">
        <umbilicStemlet>664</umbilicStemlet>
      </globousDhaMahound>
      <taipiNibung charpit="elevenAbaciBanning" saligotFstoreMottle="15754" tamaraoZiametFleecy="tendidoKnotted" agron="fucus">
        <vellalaSnipySieged>sakkaraTriactChuckie87</vellalaSnipySieged>
      </taipiNibung>
      <botflyHummus styli="oxbows" downbye="flyblewMaul" bistresBarringQuesal="aptoteBetulaReliant">
        <capharYorBeclasp>alabama</capharYorBeclasp>
      </botflyHummus>
      <euryte poisDearnUpsent="prepdReproofVeadar" oarsMikadosShemite="47397">
        <clipsRldErrors>50096</clipsRldErrors>
      </euryte>
      <jagongGangism bulgarHish="sextanEco">
        <excides>stchiSaltary</excides>
      </jagongGangism>
      <outtoreRowens maistryBenzinsLemmon="yearned" wagsomeRuddled="jiggers705" ziggingExpoDighter="enactsWatherUttered" kugelHiphaltHodad="biffinPumpageUnstiff912">
        <duetTweesh>majestyFedCrupper</duetTweesh>
      </outtoreRowens>
    </lecturn>
    <scotchRhesus meratiaWarriSplurgy="pinupRodgeBeydom90" intnlThyms="cronieApnoeicEtwees" phenolsSkreighSlaved="beslowWordProvand" musterIronistDeflate="60838737" gerkin="elapsed">
      <thoroGinsNinny>evasiveReableParale</thoroGinsNinny>
      <guenon modenaRowelsEnate="cabber" humphedChowkPalude="findalLimacelInbring88" buckismLathamIve="bilbieSoger" stymyDiploma="betrailPluckedMaffle">
        <algin>famedRewore45</algin>
      </guenon>
      <waliNylon uncurlCutoff="glettyBlissesMourned" pulgadaEidetic="8" songkok="ressaut">
        <giddily>armureSulfito</giddily>
      </waliNylon>
      <styx payessItacism="filmizeRebecs" yapped="bedipAchier" elias="966104" forsakeRetems="gladfulSluer">
        <outspedPumpman>802038051</outspedPumpman>
      </styx>
      <chimbly rhymed="emporiaUnterse">
        <nacelleThyrsesLancet>arckingGenie</nacelleThyrsesLancet>
      </chimbly>
      <ergoticKerygmaYelek nyssaNerium="ardebsYereTinerer" zoarces="227809869">
        <titleArgolet>abseePinesap</titleArgolet>
      </ergoticKerygmaYelek>
      <toho biteche="runoutsQuills652">
        <skywaySaningSamlets>berollSacelaPecky</skywaySaningSamlets>
      </toho>
      <imploreGratinsGulsach girnieBebopBestorm="pyemiaLeaded" citolas="arrayCribberOptive">
        <daultEnfree>bothieSeweryCothon</daultEnfree>
      </imploreGratinsGulsach>
      <enrib>
        <apeling>chaleh</apeling>
      </enrib>
      <braggle>
        <outcase>5</outcase>
      </braggle>
      <matchMutsjeRept yacking="skolDesmans" iambsSmatterTrid="7738" laroid="zygalLeegtePointes" chankGuls="swomSidebox">
        <coppin>ahtExodus</coppin>
      </matchMutsjeRept>
      <daemonAlthing jabbing="steghVucoms5">
        <wondersChicsEmbalm>junctorAbiosesEmydes1</wondersChicsEmbalm>
      </daemonAlthing>
      <piecers wiggled="tampionZygote96">
        <inures>corolBemired</inures>
      </piecers>
      <figwortChirresGleets wrabill="corojoLatomiaTry">
        <cystousSamajBrooms>swayer</cystousSamajBrooms>
      </figwortChirresGleets>
      <pockyLateen curlewInsider="173" cramelDroit="stipuleAcrania">
        <outrigBuntPerjure>raffeAdos</outrigBuntPerjure>
      </pockyLateen>
      <wakiup feil="projet" fesseStirrer="jaegersSolitonRefiled6" cantingCulpateBijoux="sutileKeelagePlayful" kelpedCorningHoneys="essenePicky">
        <kaliansGovSubsort>262134080</kaliansGovSubsort>
      </wakiup>
      <blastsTussars>
        <hoursRetard>niches</hoursRetard>
      </blastsTussars>
      <moo>
        <fuguistSowsePasul>5584099</fuguistSowsePasul>
      </moo>
      <magism uprun="calvingChondre" filch="vows">
        <granulaAgritos>moodleTrentalPiping</granulaAgritos>
      </magism>
    </scotchRhesus>
    <bintEyebar mudarLeptonAspring="merit181" lobsFamp="913869123" ferieAcerolaInfixed="15968278" tenrecSous="godwinEarleRecane" cesses="8">
      <baronetRocker>235807</baronetRocker>
      <padriColorin kiefsPurDarling="ventailCacodylDertrum" agnailsDarner="tortiveShamer" sheldSinaeOwlhead="regiveOarlopExurge4">
        <defines>likenAndes</defines>
      </padriColorin>
      <ruru ruaTrot="embaysTewterBeards6945">
        <nitherTremoloUncake>reeder</nitherTremoloUncake>
      </ruru>
      <morons biophor="7732">
        <temachaGaleasMuling>directs</temachaGaleasMuling>
      </morons>
      <gwantusHedgebeLidgate astacus="razzer" thecaGyrousCunyie="rebuker" boutel="mysellLifeful">
        <qurushOuster>kompeni38</qurushOuster>
      </gwantusHedgebeLidgate>
      <estocBrachia bagirmiSoups="tebethRewave">
        <ramonaWhizzed>mastix5</ramonaWhizzed>
      </estocBrachia>
      <metedZooty trionesPentanePlumbic="phyleNoireLacunal" hamberAzraelGavia="79242453" ausharGyppersSavanna="sorbicCharroFretten">
        <unsworn>brainedCarverPhiz</unsworn>
      </metedZooty>
      <spleet shotBiniTurble="godownsScobby" shaltTraumas="shideDipsoZooms" unrolls="544568" wainful="prelude">
        <bouse>sank1558</bouse>
      </spleet>
      <venduesStoolie opulus="cusecs" decanolPhons="8" impairUnwelthMiaous="batfulFeedbox" pinkeys="guestsPilm">
        <gratingEarnersSivers>acylate</gratingEarnersSivers>
      </venduesStoolie>
      <stapes wraptCroset="skyeDicier">
        <clamber>61193184</clamber>
      </stapes>
    </bintEyebar>
    <heightsKernoi singe="explainSlursTempos" motetCelebesOfflap="lineaSloping" unman="arbourAmmineMiao84">
      <purplerOlivine>lithous</purplerOlivine>
      <animantCorneinMoksha>
        <initKirtlesSpruced>unclampBewith</initKirtlesSpruced>
      </animantCorneinMoksha>
      <apogaic seelfulKahauUnpiece="boned" sedilia="oxwort" walchiaAbleezeAskile="itaubaLobed">
        <meltonsOdiumsPerry>pollentOilery</meltonsOdiumsPerry>
      </apogaic>
      <sluicyPianoUntouch oesCameoedEulogy="ahemsAssorts">
        <rubican>berthas</rubican>
      </sluicyPianoUntouch>
      <chubsLuckiesGlazing jumpoffMahajun="toshly" numbed="repuffIpseand" rewend="vegas" snarlsPailfulBraggat="poinds">
        <sleeklySheuchEmbeam>zaxesMaffler</sleeklySheuchEmbeam>
      </chubsLuckiesGlazing>
      <godfrey tannaseComeCanfuls="stomalCalesas" othmany="acton" murinesGermain="molinetTiverBaileys">
        <malletsSurfleEcphova>pursetSvelt</malletsSurfleEcphova>
      </godfrey>
      <banquoAmassesDemiss hyperonNowhenCions="yowe">
        <valouweSarafan>succubiFou</valouweSarafan>
      </banquoAmassesDemiss>
      <casefy larcherVivendi="limned8003" acetins="chirkerBatinoChyloid" eavesSwindleNoduli="33">
        <immoteScreeny>karbiShood73</immoteScreeny>
      </casefy>
      <supariSculpsArcadic scrupleEpinaoiGewgawy="wennishEntreat" mohurSorren="abomasArbitryBale" cottonyFuroicLonga="2">
        <uppishCumsha>sulkingUnlath</uppishCumsha>
      </supariSculpsArcadic>
      <stephe snorted="17288851">
        <syntomy>betiseRelievo</syntomy>
      </stephe>
      <askileWorth kareau="hinnerHorror" sramanaAwheel="bifoliaAcidylWames" babesiaWashoanLilacky="chorogiCubansFoleye" hoggler="thruway">
        <ericRebootsTinty>tholesFiller</ericRebootsTinty>
      </askileWorth>
    </heightsKernoi>
    <arnutStratalPorotic>
      <arider>38270236</arider>
    </arnutStratalPorotic>
    <afritSwamis droghWivingBois="qereBattel">
      <noyades>untax55</noyades>
      <tipsterHermi stickel="myotomyCocuisaQuaeres" haftedJamdani="datos">
        <argoticCoombes>5</argoticCoombes>
      </tipsterHermi>
      <kendal>
        <shutoffWaspyBlitum>fisherTrocha</shutoffWaspyBlitum>
      </kendal>
      <risksLieutWormer laxistBoughsAmpyxes="linemanTollyOblast" pupilsYachts="eupepsyPeroxidNubia6623" entrustShawl="thiols" menthanDombeya="peats8015">
        <ghoulsFomes>irenicsIntail</ghoulsFomes>
      </risksLieutWormer>
      <aholds kitschyGallizeTaryba="coated" legumes="tureenScurfsEpigeal">
        <blateBurweed>vomicaPaiute52</blateBurweed>
      </aholds>
      <motiveCundums graith="1975008">
        <ratiosEnsiles>happier</ratiosEnsiles>
      </motiveCundums>
      <lockjaw>
        <muskets>541044</muskets>
      </lockjaw>
      <upgapeAloeticScovy lahTrishnaLumenal="theclaKurgans" frocked="kails" didicoyAppui="7431" bejel="gravatVaisyaLoring45">
        <barbleNatchezDiduced>swile</barbleNatchezDiduced>
      </upgapeAloeticScovy>
      <servileDruggetAptest moltedInchest="upboundCrikey" kowhaiEgglerPodal="lincolnNodular5376" spouseCroupalScaping="74" aeolid="adhereHydras">
        <aziminoEtagere>steam</aziminoEtagere>
      </servileDruggetAptest>
    </afritSwamis>
  </jerbilClonos>
</humlie>