<?xml version="1.0"?>
<alaskasVigiasDodders>
  <physa gulches="schnaps" nabuPreyfulChyazic="929883429" />
  <embalmsPlexorGanta refeelTuteloRoupit="horsing" hansoms="rhosStuart" rainilyTrillerFixator="15457542" barrico="wried" />
  <sarna dwines="38884995" tulcanDanePurvey="susumu" resent="410896" ocellar="2942" />
  <carfulsBowden sei="hiemate" moose="quinonSayyid" rejournRedtopBears="dzo" exorUnmitre="basenjiAbjured" />
  <marxist kaliansHeroic="alchymyVacatedHilus" sinning="lawyeryMagmaVivency" gelosieNomadicCypress="psuedo4169">
    <kabukiBullingSuclat>
      <bugseedDiglots>334228223</bugseedDiglots>
    </kabukiBullingSuclat>
    <venetic centos="juggler" spryBoneletFraxin="7045">
      <systLoggedAnon>avoyCoppice</systLoggedAnon>
      <volency weenessCanidia="171209" eluateImpendAbsist="wels" mandrelPoudretFaeries="copableFlits">
        <ascot>sinism233</ascot>
      </volency>
      <fliers dimmed="shrub" loadage="cordersAnnas103">
        <scapoid>112692</scapoid>
      </fliers>
    </venetic>
    <hoamingVerbid>
      <bedawnGradate>tapetaAwatUtopia</bedawnGradate>
    </hoamingVerbid>
    <litseaProker>
      <skellatTurbaryHotly>sinceHarmerSieves5518</skellatTurbaryHotly>
      <filleGedunk karaismPompanoAbrased="invertPayed">
        <beduskRheumNonetto>frillsTraipse</beduskRheumNonetto>
      </filleGedunk>
      <sottishDualizeEulytin blunge="promsMickey" unpave="fundus" sereinCapedMashak="manjelBandSwabby566">
        <darkBacket>dich</darkBacket>
      </sottishDualizeEulytin>
      <cloggerInept ornery="618542" hindRubrics="photomaCharedSamps7" dilliskCayucoSystem="thenceJiggedUnmould">
        <gomerel>560656325</gomerel>
      </cloggerInept>
      <cantaro moorish="predarkJuteColleri" dextrinFrizzenMoraine="643854748" teeUntidyAramina="isoximeTyphoid" aruntaArgute="htsLiner">
        <pianinoIlling>waresUluUnmarry5</pianinoIlling>
      </cantaro>
      <gibesTum ephoiJesting="befellFinick" afarsConfab="hopplesDreadsCrapped" hyinglyTeatyPoha="miensPileAsimina95" courilLodowicScutal="dhal">
        <bartreeCinch>setuid</bartreeCinch>
      </gibesTum>
      <benbenMirac sieverAbscissNervate="majora" peccaryKolhozQuasses="keyletDrakesMenzie9" dartleUnipara="ottars">
        <adaysTollage>sall</adaysTollage>
      </benbenMirac>
      <icilyEstre syrensPimaric="metaledCramboTurkeys" sagwire="993" asquintIdiotic="swagged" scuffy="maudlinPajockTypeset16">
        <troisSloshedIgloo>wawling</troisSloshedIgloo>
      </icilyEstre>
      <antlike havenetScorers="slingPyxidia" hcbMekong="75894367" overeat="sory">
        <rehearsGulletsOrenda>breamRarity</rehearsGulletsOrenda>
      </antlike>
      <nomine vellumsMonads="fumersHosierWisped" peapod="mythus484" fornaxLocaled="uncoded" warsledRenteWhited="11">
        <kehaya>542297997</kehaya>
      </nomine>
      <mudra yunkerExomisCuing="telegasRuptureCedars" expirerBargeesMurally="breadDillue" illing="tickyShtg">
        <circusyHostel>justiceHainch</circusyHostel>
      </mudra>
      <treronAgaric abradeMoedLaddie="6402">
        <pavetta>62667868</pavetta>
      </treronAgaric>
      <poleynKirning splakesMaidanNodi="frierGoffle" canesJobbed="taxicab">
        <lxxTrudyPlie>40229</lxxTrudyPlie>
      </poleynKirning>
      <shairnCogieSnoozed outbookUnta="volpaneInfer" romanoChawerYakima="3576590" clasticRanketRokelay="wakerPappyriSmokies" bromousJape="fob">
        <frouze>soldi7181</frouze>
      </shairnCogieSnoozed>
      <agrege>
        <livener>sulphasArctoidColobus4</livener>
      </agrege>
    </litseaProker>
    <kotwalMisaimsHooley threapSabred="unlineOutshutNeskhi" kymnelBilgeInlard="treasonMuezzin" braesGyal="hunfyshIrk" ciboriaGarroo="ranglerGimletBooby" cyclasYarakPretest="boycottUpgale" snowie="momma6" electroCorajiGledy="3726229">
      <rhizoma>dittProrsa</rhizoma>
      <servoReidPercha hybrisCatel="pursues6" uniovalTiltPavin="dhauraRansomEels" decorum="corrigeTopaz" bestianMatlessNounize="evirateSpirity">
        <caraHackies>1</caraHackies>
      </servoReidPercha>
    </kotwalMisaimsHooley>
    <chukkaSullyQuack tripodMontes="veiMariola" zenFermal="whuffSagelyAcacine" soorkee="showoffCrottleBreird" zafree="caman" gathersAssurge="amahSuneSkyless92" yawling="torridGoalerOctette" sugannEppieCopaiba="couthlyBewrapVespers">
      <bodgePulajan>enerve</bodgePulajan>
    </chukkaSullyQuack>
    <ostial piglet="tuftilyAssails" birr="samianEpidermGibbous" girja="lackiesJiggles" alfioneMesivtaYobbos="dwarfs" wolve="773097">
      <peeEgg>feedingLakier</peeEgg>
      <fingersSkeo upended="25012">
        <riffingOmegasLier>recoilCrucisPyjamas</riffingOmegasLier>
      </fingersSkeo>
      <cooedNoyfulPsid statorsAbeam="mahesh" oenolinLutein="medusasRejang" pehEvillerDally="amylicJalapaNappies" kyriosSigniorWhips="goodCiscosKobolds">
        <jumpersHatrailNoonday>awningPyralid</jumpersHatrailNoonday>
      </cooedNoyfulPsid>
      <gainers doughs="21049" tonallyMisship="canonWomen" ergs="saeume" esquire="makableBoomierSurdity">
        <dimwitsJuratFontina>cenacleRedwardBedight</dimwitsJuratFontina>
      </gainers>
      <pasteupTendsNomnem sing="taintSartorsPictury" sartorEbcdicSyre="portifyElodea78" jaggierRecrowdGrain="prinkedShiest1917" peeliteRoamers="laymanCollockLeche">
        <barege>546337</barege>
      </pasteupTendsNomnem>
      <alhagi kutchOldlandFica="knarl" diptycaTrevetsLatrial="822846" crimps="settersMowhay" bondarEruptsEndite="levee">
        <fiscsKnurlsUvre>tema</fiscsKnurlsUvre>
      </alhagi>
      <jubbeHennesAngilo safflorGoraccoCronus="preteen">
        <mzeeGranuleInmate>drownsDriestChantey</mzeeGranuleInmate>
      </jubbeHennesAngilo>
      <jollyerResign ardilla="cancrumDepecheJacoby" trama="ayuSimiid" wavablyNiggleCertis="corona" gaugesClitter="claspsTwinged">
        <sclaterThokishFaunist>pawl</sclaterThokishFaunist>
      </jollyerResign>
      <mightlyEluxateDeafly cierzosUnci="hexadLugnas" baryte="jodhpur62">
        <aloudNantzLions>flic</aloudNantzLions>
      </mightlyEluxateDeafly>
      <oldsParians chusiteOsteria="7763">
        <abaton>shtetlIratelyOutking</abaton>
      </oldsParians>
      <epeidiaTibiasSoleil oni="smeer" seawornLastage="brusklyKloofs884" unisoilArdish="pristisMudlessWkly">
        <poodleRisingSata>ochry</poodleRisingSata>
      </epeidiaTibiasSoleil>
      <grissenSheardGlucid>
        <megrimsGrieko>redyedLinwoodBoskage1684</megrimsGrieko>
      </grissenSheardGlucid>
      <amiaVrochtStyany>
        <toluic>crojack</toluic>
      </amiaVrochtStyany>
    </ostial>
    <thrummyAbrico>
      <lacteal>headwaySashes</lacteal>
      <douckerSkun yummy="fumeuse9" serimpiUnmould="kikesOcularyChoky" jook="batelBrothsVietnam">
        <cancionHaplessSadr>404</cancionHaplessSadr>
      </douckerSkun>
      <thinker magnetoCertie="loangeTrommel" piculsCathole="dipping" kurdishWortle="pettiDescantSiena" doomer="comakeCcw8">
        <modules>eviller</modules>
      </thinker>
      <mumpNarking pawedBuenasBalarao="85474848">
        <pterylaWeanoc>7166130</pterylaWeanoc>
      </mumpNarking>
      <gozellAmouret>
        <calices>hoersStruck</calices>
      </gozellAmouret>
    </thrummyAbrico>
    <muletSeabank>
      <finalis>zowie</finalis>
      <rikshawVampish daiva="pokomoBundledCommy5576" pontacqGauzier="chats">
        <plugs>cogito</plugs>
      </rikshawVampish>
      <charkhaDorsale pernyi="mesteesPlouter" atamanGambol="dervDsnamesDamine" knapWhinedUnheard="308326">
        <unweel>swamped</unweel>
      </charkhaDorsale>
      <dogleg>
        <amidPawpaws>agathin</amidPawpaws>
      </dogleg>
      <slorpBeatasSines ceinteDearNebulae="piniteUnhornyLichee" waisterJadesOutblew="6">
        <weaklyNestage>dasStover</weaklyNestage>
      </slorpBeatasSines>
      <uncouthPoachesAwhirl pip="4542" audilesGretePudent="uratomaAzofier" juliet="262046" warksWilily="merlinLanders">
        <yeelinCebidae>koumysRacion</yeelinCebidae>
      </uncouthPoachesAwhirl>
      <expenseWielded>
        <embowerOcurred>hyssop</embowerOcurred>
      </expenseWielded>
      <visaed anaRecepts="dipyreFliteShan" intelDicolonResails="bliaut" jollyerVarSimply="651866">
        <delimer>outgunsCodalLomta</delimer>
      </visaed>
      <trickle eyedot="taurineOwserStadie">
        <jazzilyAdawlutEphyra>elide4</jazzilyAdawlutEphyra>
      </trickle>
      <pyemiaUncageSugars>
        <foveaSeton>rayed</foveaSeton>
      </pyemiaUncageSugars>
      <exhumedMaco almadie="chumpaImpregAcrylic" ethnalGherao="slavinCarvelsHarvard" isomeryAdipoma="blewitsCahuy4">
        <khatriAvowingMosul>posFlary</khatriAvowingMosul>
      </exhumedMaco>
      <legsPaynim uvresChorism="9103" artlessEggroll="568" spinage="inchpinPhaedraSaucer">
        <exionSuci>meccanoHyrateGaurs</exionSuci>
      </legsPaynim>
      <unedgeLumbarsPteric>
        <naevus>cycling</naevus>
      </unedgeLumbarsPteric>
      <roquerGriphusFise plungedShuns="foreignWhorlePlexure">
        <lamden>calcifyDaubeBoba</lamden>
      </roquerGriphusFise>
    </muletSeabank>
    <chivyLevite teddingYerbNemesia="unsolid3965">
      <dizdarFalloff>107</dizdarFalloff>
      <tendrySmudged lesleyaPersesStaver="santolFeedersSnick">
        <embiid>hocusedHilledLatter</embiid>
      </tendrySmudged>
      <joyous intilVanning="lores" czaristGlomi="nonslip">
        <meth>drouthAgnuses</meth>
      </joyous>
      <kirmewLubaStouty thongyLouvres="chytroi" quakerFlenseAtwixt="ribbierRailElymus">
        <finnickFamulus>6</finnickFamulus>
      </kirmewLubaStouty>
      <arecheKindledItea>
        <remblaiAufgabe>abjurer</remblaiAufgabe>
      </arecheKindledItea>
      <rutateUsurpMissies attendsUnivSagier="665171274">
        <oxwort>escorts</oxwort>
      </rutateUsurpMissies>
      <stagnum rimaWickup="ceilidhFiesta" juxtaClothed="musherXylogenPostea" bibbledBriefer="uncaria" zemniAgnosis="typ">
        <sumiAnolyteBaguet>drachm</sumiAnolyteBaguet>
      </stagnum>
      <tantiKusam runes="archeusJiboaBosslet917" ternizeLyre="whootStellaEyren">
        <lumsKraits>devisedLevins</lumsKraits>
      </tantiKusam>
      <cwtOrisonSkirreh decdPaddies="quippeWasco" peels="capletInfectsMicah75">
        <outseen>adwesch1123</outseen>
      </cwtOrisonSkirreh>
      <mannose sanghPerpend="byemanCeriteBelches">
        <retrack>refelsTinosaSkimped</retrack>
      </mannose>
      <isohyetPeeing unhive="696" bodedKinot="cashewsElapse">
        <ashierSnaggleGater>637</ashierSnaggleGater>
      </isohyetPeeing>
      <flangToilers budMaple="ateuchi" jumblyAdangleRamees="omnistSqualm">
        <pyvurilCalmed>snifter</pyvurilCalmed>
      </flangToilers>
      <selsynsPourersEntropy cherie="festucaEgress" cuitled="8">
        <dweebleTieingPinxit>blimey</dweebleTieingPinxit>
      </selsynsPourersEntropy>
      <bakatanCopings omerDiedral="propose">
        <alivesNewburgRushen>galgaHelonin</alivesNewburgRushen>
      </bakatanCopings>
      <atenistXyster cubage="bonang" shelderAda="dayNumberRisper">
        <conkers>zelotic</conkers>
      </atenistXyster>
      <snobs jubateGunyangAtik="alpieu">
        <bini>munting7</bini>
      </snobs>
    </chivyLevite>
  </marxist>
  <chewierSameAnodine atriums="1" handgunZippier="pettedCentum" worsensRemblaiPensees="cajones40" lyncineIrishlyAreally="shairds">
    <huscarlWordleGadis>
      <fedoraCapsidsBeblear>coccidTamborUnhale</fedoraCapsidsBeblear>
      <monsterAguilt coemptsScratchOutpath="saclikeTead" ramentTimbre="kouprey">
        <ebulusDisbaseNodder>ensweepHuskedBrief</ebulusDisbaseNodder>
      </monsterAguilt>
      <sestiLugnas welsiumKvases="eurasiaKafAtka" showdomRifleRant="monthsMorg" eugeneDiazid="5988">
        <flumpedOrthrosFlidder>400197</flumpedOrthrosFlidder>
      </sestiLugnas>
      <addr quinton="71278053" pushumPimpish="dwightDeeses">
        <capper>zokorBoff</capper>
      </addr>
      <pregustBackbar>
        <cymeneFidos>29</cymeneFidos>
      </pregustBackbar>
      <quahogCleat>
        <akhaSheets>stire</akhaSheets>
      </quahogCleat>
      <bowsie novenas="wobblesLophiidInit" lendsAndrias="95">
        <kismetBlartFacto>willey7482</kismetBlartFacto>
      </bowsie>
      <thrustSpelt moveFloatedVizard="22" ramusNoblify="unbegot" pockety="glaumCrecheGorble" adsorbsZizzles="40881997">
        <pegsItcze>judokasEgencyCareens</pegsItcze>
      </thrustSpelt>
      <sokVeepeesCompone bluntsTramwayBacksaw="empShakil" aspasiaTerraHacks="trankyArcanalSkookum9" tankieSuetsAlmach="aboulicImbark" hollong="sedatFlorasPotboys">
        <bowlikeSnoolsPertuse>84981067</bowlikeSnoolsPertuse>
      </sokVeepeesCompone>
      <whaly maukinAdorersFolie="theyveRemovedStardom3">
        <orgeatsGedder>spinorLifedayVizir11</orgeatsGedder>
      </whaly>
    </huscarlWordleGadis>
    <hurlock>
      <remock>computePoros</remock>
      <geckoid phonghiDauliasAvenant="luminalStein" blurs="switchyNorite" oddest="yokesEmeritaOverarm" tailgeAlmudesSunwise="rayanHumitReseize">
        <tannid>snary391</tannid>
      </geckoid>
      <benastyHowdiesWings>
        <ciderRidgil>brookiePollageOrnary</ciderRidgil>
      </benastyHowdiesWings>
      <road untackTruffle="paunchHollasCha" cunnerAbreedShabby="posadasTautenWongsky87">
        <trokedHaremDitcher>taboret</trokedHaremDitcher>
      </road>
      <pilpaiStethy yajeineRepackToning="outpop" jantyVampedWolves="stengahFarfel">
        <jerkedPlierImamah>bestuurVainful</jerkedPlierImamah>
      </pilpaiStethy>
      <thuanBonaciArioian comdgDiptBeatnik="revertsMayeye">
        <bookiesAphodiOutlean>tinta2142</bookiesAphodiOutlean>
      </thuanBonaciArioian>
    </hurlock>
    <cockade bulboseCanette="1883845">
      <uglilySchlockTen>boukKikumonIodism</uglilySchlockTen>
      <syrphid crommeAbmho="lawnySettima" nitrousCholtryUnoily="ponsSluggerHobbly" wiltMongolsBigeyes="7" sandhyaMelitisMorgue="kadisMene">
        <fluxed>nymphetSocketUses</fluxed>
      </syrphid>
      <urged privies="ethaneRakisHate">
        <crumbed>emailWith</crumbed>
      </urged>
      <ohms naveta="30495">
        <ecteronTimbal>advanceReswim</ecteronTimbal>
      </ohms>
      <kipukaMusersCorin centumsBootyCurious="6838" risesWaxhawDebunks="dandiesIntruse" shareefTeiidsVerglas="upfill" boucleScuzVotable="engaudGasBegster">
        <sororal>15</sororal>
      </kipukaMusersCorin>
      <unsnapSnorts lockboxGlees="99384886" niobiteBirchLaney="sanious" phanticDaunDeripia="fezzanDomHelmage8" pargetsMarfire="pockety">
        <dvandva>pelopid</dvandva>
      </unsnapSnorts>
    </cockade>
    <obliquePalps destuff="colleriEnskyed" abodePratsStarky="furphy">
      <loganin>gasogen</loganin>
      <jacareCetin whiffer="anaryan1952" rutilePestleCledge="pastisCaribou21" herdmen="buffierCobless" preferRonDelphin="rodgerMillersTaipans">
        <dozenSheathyKristi>awkly</dozenSheathyKristi>
      </jacareCetin>
    </obliquePalps>
    <tutlyRammyBallers>
      <unfaithYay>felucca</unfaithYay>
    </tutlyRammyBallers>
    <liasing>
      <rewagerPanuelo>alodyWinfree</rewagerPanuelo>
    </liasing>
    <czechsTineoidOafish>
      <marm>767</marm>
    </czechsTineoidOafish>
    <abatersBarwinOpalish sturts="snuckThecia" tutors="tertiumSpasmicCavina" newtakeEweryTeasels="fistleIntune" sarkingSchnozCrewer="midgyThreepsAfifi">
      <accusedSolfgeSheikh>adodBaddish</accusedSolfgeSheikh>
      <fereAftosa epitelaImperiaUnits="deodara" guller="tagula" racing="dingledSannupsMbaya" ballanTaliera="eyasMuricid">
        <postwar>anselmAneticRagusye</postwar>
      </fereAftosa>
      <norryBetearDashers nucleinDittoesYezidi="crumple" askrBale="kesseErade" cauldsSesquih="sphacel">
        <abwabHyetal>sative</abwabHyetal>
      </norryBetearDashers>
      <knubletConcherArrayer naelPvt="punceWork" salve="bonzeryDanite25" byninAustral="midyearYclepedVinculo" pilled="2393319">
        <scumble>couac</scumble>
      </knubletConcherArrayer>
      <ebcd restiff="inclipsShredUplinks" nobbyZemeism="suppedUnreadyDuret84">
        <guesses>cheechaPrajnaSand3</guesses>
      </ebcd>
      <gumtree twaddyEmetic="vicuaShahi" pryseAsseverDemot="179">
        <uzarinWorkman>usitateRetrotPromove</uzarinWorkman>
      </gumtree>
      <chequy bultellBlucher="upsentFullish">
        <pokey>venereSpongedRhymic</pokey>
      </chequy>
      <bridlesVirgateHaylift umbriel="regardBingesAdvices99" khokaManny="5" giulio="viscinInactToad">
        <pretest>lasi</pretest>
      </bridlesVirgateHaylift>
      <glazy muysca="3" stoorey="1">
        <catery>euge</catery>
      </glazy>
      <joramMoravidCantare emmeniaPugareeSemnae="tarnSufiEttled" blanchSnugsRotella="zithers">
        <yodled>porcineWinerChumps</yodled>
      </joramMoravidCantare>
      <coolies>
        <tapSpurdog>shamerPinkenyUdell33</tapSpurdog>
      </coolies>
      <sahmeDejaFinlet>
        <dentata>zizia</dentata>
      </sahmeDejaFinlet>
    </abatersBarwinOpalish>
    <bezantBuckeen>
      <doutAface>picotsShowerVinod</doutAface>
    </bezantBuckeen>
    <shufty trolleyHisn="1805" froglegNina="goniaArcadiaCujam872" samadh="620" banzaiTunnageCob="jesus">
      <octofidObli>gigtree</octofidObli>
    </shufty>
    <ullucuRuanaRefels>
      <muzoonaUnfeuedCrenic>537</muzoonaUnfeuedCrenic>
      <querele acubens="86327" pushCabful="twinerDeaner">
        <shorlSquirtsMisbear>matieAdeemedFindal</shorlSquirtsMisbear>
      </querele>
      <sauriaUmgang nailQueenedMestlen="sidiaTaphole" inswingOwd="rebrew" lambert="bedlarMenaces" yukkedSaletActine="8455877">
        <heroidClimbsRedare>tongedAtrenCathrin</heroidClimbsRedare>
      </sauriaUmgang>
      <journal garigueTars="midspanPhytomeAlone">
        <trizoicEpigeneRover>95</trizoicEpigeneRover>
      </journal>
      <logbookAmplest leifMuds="almight" sylphyDenes="35671731" paniskHexodeTuffoon="synemaFlirtsBhavan">
        <gladii>debarsScreak</gladii>
      </logbookAmplest>
      <inionKinhin biribaPalameCevenol="246869" mensasGlyptic="ratansLocum" crengleAbysViper="31877230" pengTohome="kitschyLychnic">
        <bunsenGemmel>sembleAwlwort</bunsenGemmel>
      </inionKinhin>
    </ullucuRuanaRefels>
    <limpid pascolaVigoneBribee="scalareThoft">
      <doggrelSakkoi>89099</doggrelSakkoi>
    </limpid>
    <zymoid>
      <gadso>ikhwan</gadso>
    </zymoid>
  </chewierSameAnodine>
  <sajous jossesCippusVaranus="dyer" />
</alaskasVigiasDodders>