<?xml version="1.0"?>
<galeres>
  <dobraoCalvinBorate markkaa="intonesCanille" />
  <quinticOutroll ripener="neskhiKedger" dimSubet="47750339">
    <rallyesCongrioRhb>
      <jupes>hurkaru961</jupes>
      <taprootPommard sundersGyeHuskily="adjointGazed3" mezuzahGutnicMakua="lavash" rides="167215597">
        <phasmidBorers>unmind</phasmidBorers>
      </taprootPommard>
    </rallyesCongrioRhb>
    <casking busies="bilabeUnsameWurrus44" notchyFantasmMurraya="crunch" scrinch="2" faeroe="baseman459" triketoChoose="lowingAshram" zarp="plasmaAroused">
      <rigolePiles>acephalEkesCamails</rigolePiles>
    </casking>
    <achorDreams hadiths="77" kykeCartop="rollockPatentsMicky">
      <matipoAscents>crociNomancyReshine</matipoAscents>
    </achorDreams>
    <depecheAmount>
      <lobbies>skiltsVoiderLowes</lobbies>
    </depecheAmount>
    <boubouSmirksWettish>
      <smote>3163817</smote>
      <upstoodBlipsHarsher whackySlent="183583" inangaRescrub="nixHealth">
        <irride>denmarkDiceboxCarene</irride>
      </upstoodBlipsHarsher>
      <gerateNumpsSyd moistlyHotspurFixed="teguaXeroxesEffie" camphoTyphousTaxin="4">
        <brasero>satisMal</brasero>
      </gerateNumpsSyd>
    </boubouSmirksWettish>
    <gnoffFumesAntra>
      <unwareStunner>363797</unwareStunner>
      <bact zoozooZincYouse="pumicesMezcals" reverbsTributeHyenia="friseur">
        <ribbierLithiumOmentum>omneity</ribbierLithiumOmentum>
      </bact>
      <rotasPrytany>
        <bocks>wottest</bocks>
      </rotasPrytany>
      <skybaldVaudiosLisper koleaBasochePackwax="factumDowage" sneakedFindOundy="liangleDisodicArabs">
        <ambitty>outwit</ambitty>
      </skybaldVaudiosLisper>
    </gnoffFumesAntra>
    <loversHomrai>
      <mammey>58406363</mammey>
    </loversHomrai>
    <boleti journMyasesBudging="corvus" madgeLydite="lampernMahatWallahs">
      <blatherWhimmy>77</blatherWhimmy>
    </boleti>
    <agudistColet>
      <roamer>rammier</roamer>
      <distillMinas oxbaneMenison="eluatesSlakin500" achrasPayee="ameedSituateUgarono" fennySlowupSacculi="549" twereLegrope="16932">
        <penniesVeristKatcina>44</penniesVeristKatcina>
      </distillMinas>
      <motionWays>
        <claxonsCryableShiatsu>scoriaOnline</claxonsCryableShiatsu>
      </motionWays>
      <cadyingRumeIbo eumenesParicaGlided="conveyMicoGenizah" mummedGrimy="frailsCarline">
        <gype>savileKoshare</gype>
      </cadyingRumeIbo>
      <kroon wulliwaLesionsHubber="deener" midlegSlamPiddle="53" bangaMails="subtillEmys92" sweatKnifersTwitter="pining">
        <gitterKewpie>fencing</gitterKewpie>
      </kroon>
      <nievesUnminedHamate>
        <duarchySurds>scroffLogier</duarchySurds>
      </nievesUnminedHamate>
      <augured fuffit="38091" poussin="63">
        <abasersHeroinMispay>niellosGilaki</abasersHeroinMispay>
      </augured>
      <footsy aboughtAngakokIngenit="nickingCulpate">
        <copyistMotive>kilubaOuabain</copyistMotive>
      </footsy>
      <adipsicPiaffes tilingRewaxedExtoled="pare" pastimeIcelandGayness="lenticBetoyaTangie">
        <papFoamedAah>urinal9528</papFoamedAah>
      </adipsicPiaffes>
      <flicked chloral="hetairyNepotalLayman95">
        <scrawkTuracus>22811</scrawkTuracus>
      </flicked>
    </agudistColet>
    <gaditanEmigresLupeol>
      <cryste>peaveysTetrolAbjured</cryste>
      <cocopan>
        <pinkingMastageDryish>tovVendersFrieda6</pinkingMastageDryish>
      </cocopan>
      <poisedPilferySherifa wandersDapplesAcajou="flav" tompionGeldingFestive="outstay" capersPeinsNocktat="omnibusSpock" remoldClarity="maulerPraoYodling">
        <inseaArbAnker>kahalaStinksColumna36</inseaArbAnker>
      </poisedPilferySherifa>
      <unburyVax acornAdweschIsotely="8315" offhandUnfreed="askewPraxeanPicoted" unskinRhamnus="nebbuckSarafanQuietly">
        <enroberRykingCondite>swad5</enroberRykingCondite>
      </unburyVax>
      <xyst sternlyGeisa="whidsForthy880">
        <yetlingTiara>cascromMaladyFaculae</yetlingTiara>
      </xyst>
      <opsinQuetchNotaeum consomm="besort">
        <mobleCaecityJimply>foully</mobleCaecityJimply>
      </opsinQuetchNotaeum>
      <opuscleAntisex malter="biffiesCoraciiTubbier" hellos="ulcers">
        <tylarusCricksPicryl>776285983</tylarusCricksPicryl>
      </opuscleAntisex>
      <vison>
        <frogsMachogoAnurous>hollersUnrack</frogsMachogoAnurous>
      </vison>
      <rechuck intown="6418315" polypusVolencyRussine="many1178">
        <mythistSaludRostrum>oavesAscribeYecchs</mythistSaludRostrum>
      </rechuck>
      <chowedBinnaExedral rondleCololaScolog="virosesBlumed" pacingAsuri="sherpas2" algate="silviaClueing326">
        <hidden>karaismMarwari</hidden>
      </chowedBinnaExedral>
      <bewwept poteens="bissextFussing">
        <vinterFanfoot>823</vinterFanfoot>
      </bewwept>
      <wommala deers="pimDarkies2423">
        <thebanRechew>5619</thebanRechew>
      </wommala>
      <teaboyLocrineFabraea bockey="calyxesYapmanCatfoot">
        <suntrapCrestsGazing>meiosis</suntrapCrestsGazing>
      </teaboyLocrineFabraea>
      <overingRepand>
        <herbman>495425662</herbman>
      </overingRepand>
      <idothea soumakAvoid="telesm" pleaderDaphnisUnhelp="preampTramful" puisne="scoleyMeantes72" bottom="infantaThesean">
        <vintryRapido>102754575</vintryRapido>
      </idothea>
      <coldestAsquatRevise doxiesAshingSerai="unlax">
        <nonicGrouch>toileVafrousKnew</nonicGrouch>
      </coldestAsquatRevise>
    </gaditanEmigresLupeol>
    <auchtCarroch>
      <bardieAbiddenSpieled>crampDentDreaded</bardieAbiddenSpieled>
      <forbareCamperIncages matting="usquesWarabi">
        <cocaFlutey>hoodyBlan</cocaFlutey>
      </forbareCamperIncages>
      <singleZillionBugi>
        <reformsOxerMedley>selsDonkeyScliff</reformsOxerMedley>
      </singleZillionBugi>
    </auchtCarroch>
    <barwise doliCacana="hastilyHoggFacile" smutsBistroUterus="quillCashersFrises" lefter="terneGowdieUnline">
      <unleashCelebre>fjelds</unleashCelebre>
      <hechThawy>
        <reelectSwamiesUnsnib>georgiaAugursPyknics570</reelectSwamiesUnsnib>
      </hechThawy>
      <parah bastedRestore="681027989" hostsUnbind="steubenWheezeWhooses" smoodge="grommetZaguanRatero" lobolosHia="64269934">
        <gabeSulfoJinked>limberLawny78</gabeSulfoJinked>
      </parah>
      <apyoninAsylaRuffly frabous="elengeRelishy" uracilsFowkCached="syllidSoaveBoules8">
        <wongara>572810564</wongara>
      </apyoninAsylaRuffly>
      <methine bossier="yirmBlackit" nonya="copable7" travelsMesostPetter="cowpathEarring" cripply="4837">
        <rasores>kennedGyvingPomaces7664</rasores>
      </methine>
      <pleonicFumadeAntilia algazelVirions="974">
        <gregauRocklet>resealsMilcherPackly</gregauRocklet>
      </pleonicFumadeAntilia>
      <sheppeyUpmoveGaslit famularMesonyx="renigsUnlaw" shealsHeyduckFurud="iradesRondinoKabar">
        <glamor>aspersOctofidPremeds</glamor>
      </sheppeyUpmoveGaslit>
      <swannedAsok>
        <staverMightsUndim>7113</staverMightsUndim>
      </swannedAsok>
      <flakeJuntCrenele kileyMetholKitan="junebudLeagueSendal">
        <kirns>murkestGorgingLairage</kirns>
      </flakeJuntCrenele>
      <taphriaPlumletDecresc nautInulins="mammaButteJaeger">
        <exclQuietiTartufe>mardiGrabsSurfer</exclQuietiTartufe>
      </taphriaPlumletDecresc>
      <emends patanaParoticCoorie="torrentBumped" scutesConkersAgogic="tyrosylCantoSoncy" caribal="177">
        <venomed>adzesBurgage</venomed>
      </emends>
      <pestfulSotolGambia shoalerDespect="hatred">
        <enclaspSculpts>connate</enclaspSculpts>
      </pestfulSotolGambia>
      <padnagsInapt mopan="393">
        <rosbifThoman>mirvsHeved</rosbifThoman>
      </padnagsInapt>
      <pasangMarined>
        <samoyed>pistFlawTrt</samoyed>
      </pasangMarined>
      <outyelp uveas="mockado" spoolsGegger="tinajaBalcon6" pehleviKitchiePursy="manholeLooker637">
        <fornixGabionsSyringa>subsult</fornixGabionsSyringa>
      </outyelp>
      <skerrySubvolaMikey>
        <lakshmiBustyEscrol>dimly</lakshmiBustyEscrol>
      </skerrySubvolaMikey>
    </barwise>
    <anounouSwelt gowdie="peacing" brave="83717" grammyGentlesTrouvre="abelian" miastorSymbiot="rheumJanitorTatters" pardalSumless="78188" waveyIdolum="abatureGlares">
      <nerkaGoraccoAshman>diarianCrined</nerkaGoraccoAshman>
      <bizoneFiningsFill>
        <carked>737554</carked>
      </bizoneFiningsFill>
      <sanghaMallingKyathos plott="deflowSafi5">
        <gauricEnajim>carrieZeroing</gauricEnajim>
      </sanghaMallingKyathos>
      <sweerDamnousAuget>
        <gobbetRampartBagel>arckingTuskedCarbide</gobbetRampartBagel>
      </sweerDamnousAuget>
      <fabYokelryManter>
        <beduck>gelate1451</beduck>
      </fabYokelryManter>
      <cloamerPotomacHoke waseDefluxAbsi="tussuck" blufter="8" skittle="sulphasTombolo">
        <turionPapeyChicano>buzzsawAjointPasela</turionPapeyChicano>
      </cloamerPotomacHoke>
      <tananFormose unctWestham="streams" manto="convexoMadnep" pontius="avouterCatches" armied="raversMoile">
        <traliraRefete>swoppedEelier</traliraRefete>
      </tananFormose>
      <tillsUnrayed>
        <swirl>666674</swirl>
      </tillsUnrayed>
      <puttee genny="reggaClokyGravely" seginusTricks="moods" duci="asteerChumpy">
        <chibchaYuzlik>diaeneSublotEnright</chibchaYuzlik>
      </puttee>
      <jag faxing="birchesPinge" aniHaymows="haiari2916" buffer="488071">
        <hopefulEthiopsFolio>tabaxir</hopefulEthiopsFolio>
      </jag>
    </anounouSwelt>
    <rettoreGlomeraEpulo>
      <riggaldNervousKahala>liegier</riggaldNervousKahala>
    </rettoreGlomeraEpulo>
    <encharmVetture viandsPawkier="chorismScaldsTufa" vaultedCarsten="marinesHakkaPerosis" fluterAnimeLaminae="cuesSoutarSluit" lepry="minyae">
      <tandan>clunkBoulder</tandan>
    </encharmVetture>
    <joshi balaraoBrulots="tryster" modalTenendaWangun="4" dight="880945" calipeeTrusteeUnhedge="fungalBossAffile">
      <eruditThwait>boobooAlgous</eruditThwait>
    </joshi>
    <shavery outdrawReversYoker="pianetaHumulonSummat" cinchesSoaryOkes="hoopoeHumism">
      <cassyLarkier>826422</cassyLarkier>
      <anaguaPropman>
        <pandion>saltingDeaferSauces</pandion>
      </anaguaPropman>
      <usurpOutrage orfray="daylitKoomkie">
        <buoying>2727</buoying>
      </usurpOutrage>
      <magical captanSeelily="pawkyRumblyWurrung" marcatoSheat="con" coyotesGentianAmazon="89558318" brentUnsteelDonning="soriResowSquashy">
        <anodes>manilioUpbraidBurnet</anodes>
      </magical>
      <areasNoosersEosin lotteVejozLinins="lauders" clumseTorvity="terraKatsupGilty" hagueWanted="82" permiak="mororPremierSnozzle">
        <riposteBervie>pinSeta</riposteBervie>
      </areasNoosersEosin>
      <kalunti phymataTaxeme="fasola60" chitterNeumsDips="cozenedPrie" yodeWullie="loungeNegrine" halachaLegatorMilo="algineFons">
        <coignyLittleGulden>tinoBarbasGuanche</coignyLittleGulden>
      </kalunti>
      <caufleSolunarFoute macroEncia="viverra" isariaTenpin="999614595">
        <shrineMoble>toyers9940</shrineMoble>
      </caufleSolunarFoute>
      <speckyBlirt lungersBaretWaypost="bailerWetbackOvereye">
        <gablockNurledWhein>843</gablockNurledWhein>
      </speckyBlirt>
    </shavery>
  </quinticOutroll>
  <khutbaBardicCharmed tsurugi="yeardKoniaMandate" />
  <muspikeBaldwinSkunked>
    <tocsinAlexius>
      <muddenGaittRounce>latentsUnpenSioux</muddenGaittRounce>
    </tocsinAlexius>
    <hoggers>
      <deeCornealCanakin>8655</deeCornealCanakin>
      <fondest>
        <equip>andvariGauk75</equip>
      </fondest>
      <becuiba diteSeagullBlueys="crazingSkyeRullion10" weans="acheneParadoCrozed">
        <dillier>68</dillier>
      </becuiba>
      <tittery ashoreDealateSieging="wariedPardahsMizens" useeWabayoMoellon="vedangaCupseedGlidder" prayful="smells" wenchesReeky="62317">
        <leadway>bairnly</leadway>
      </tittery>
      <suburbsDenotedRester pinAquafer="6235" batfowlCommixt="welchedUtopist" sylviid="65742">
        <whealed>optiveStrowLuthern</whealed>
      </suburbsDenotedRester>
      <nervily emboitePtisansSootied="valvedAcarian" rigoursHyblaOscines="95392" abdali="weiringGlazersClayen" cockie="aribinePannierMoblike">
        <undamnMosel>3014612</undamnMosel>
      </nervily>
      <culpeoOutback tactusKalemaJarry="647142" damier="pornosInsumeZeugma8323" roguedBedews="2">
        <fribbyCorerReroute>coutilAlangGabler9</fribbyCorerReroute>
      </culpeoOutback>
      <collieBororo mech="sludder2" duettedNiggun="codsHusksNascan">
        <nerving>chittakKordaxCampagi</nerving>
      </collieBororo>
      <wisselShiverLampfly dennis="gelding">
        <protei>caraipe</protei>
      </wisselShiverLampfly>
      <ecoSulphoBroils germinaKirnTabes="fulahOverfed" many="bankyGebBolas">
        <gedunk>cubtiAsks</gedunk>
      </ecoSulphoBroils>
    </hoggers>
    <kosinBywaysOwrelay>
      <guser>diedricGrivet</guser>
    </kosinBywaysOwrelay>
    <soshLaney amireFubbed="galeiBaske3759" curpelArboret="antiquaAureneEmydes">
      <fazedPelvisWack>uramino</fazedPelvisWack>
      <awkComanicTentily>
        <albifyGuntubAxwise>medevacGomutis</albifyGuntubAxwise>
      </awkComanicTentily>
      <terralBrogCaro rashingQuawk="balize" goddizeAeroRumple="rappingRamulusAnotto">
        <obconicSataSurwan>snatchy2498</obconicSataSurwan>
      </terralBrogCaro>
      <daemon>
        <uninertCuss>42644</uninertCuss>
      </daemon>
      <zecchin hanna="unravelCuplessStarchy" druithClakeAbakas="289950" uteroLadykin="mythoiLekForging">
        <peonBowsedGreat>sprueThiazolSniffy</peonBowsedGreat>
      </zecchin>
      <joannesSpilthAppled agar="resentRivell" jawyBillyZaman="89" nothous="andira" avowerUncast="briskerTydieMagian">
        <nebrodi>sociesPeriost517</nebrodi>
      </joannesSpilthAppled>
      <plater wifes="mispaidCuminolSerein" ideals="gonion" stellarHlqnPanacea="briaryDitch" elocuteLesed="zoogene">
        <restfulDimaris>beclip</restfulDimaris>
      </plater>
      <genioDribletNabak soojeeBandageLeptons="486859575" spideryLayette="fagaraTinkled" ascryCharles="jaspeMoperyTotes" greylag="bvtRaserOutset71">
        <hummie>aegirAppearMolls7149</hummie>
      </genioDribletNabak>
      <danglerErosiveJiltish inure="poleisSalalBetaxed7390">
        <graith>8256</graith>
      </danglerErosiveJiltish>
      <ibexes>
        <enchainStake>pinged</enchainStake>
      </ibexes>
      <moilesJoistsSammel phosMonads="3" yonner="doneeAdvisedSyst">
        <inert>paho620</inert>
      </moilesJoistsSammel>
      <reaveTaberLorises>
        <dicycly>blagueHasslet</dicycly>
      </reaveTaberLorises>
      <moellonHummers aegipanHatteTareq="fensFictive">
        <taffleOutrodeKoitapu>bilbie</taffleOutrodeKoitapu>
      </moellonHummers>
      <wonners rudolphHylas="logwaysOverseeMachs" marbledOrangsAlexins="venta9375" sagy="cyaninResoles">
        <stanceWindigoStummy>527859</stanceWindigoStummy>
      </wonners>
      <pogromsTochDelit workmen="pilosis6">
        <bannetsLeith>hummum</bannetsLeith>
      </pogromsTochDelit>
      <sunbake cantonsFangsMenacme="avouchMycosesJaghir" bestedUnidle="rhythmSkiceDafla3">
        <cpuRomanceNoix>saxhornBerries</cpuRomanceNoix>
      </sunbake>
      <braWaefulUngild nicky="eschewsDataria" jack="leetmen" ferment="skimChoregy1" panzerDesmidPrating="zoilus34">
        <mamry>gangsaAnnexedGosther</mamry>
      </braWaefulUngild>
      <nexusesAdusk atenismDueful="tamponBagobo" recoil="xisOttawasSmocker">
        <canalla>loose</canalla>
      </nexusesAdusk>
    </soshLaney>
    <wastmeRedears>
      <centroWelsh>gulliesManaRiboza</centroWelsh>
      <howderWhopperUnpured>
        <amplestThae>guttledBourdis</amplestThae>
      </howderWhopperUnpured>
      <emarcid>
        <fiduciaUsurper>kennerCoreyUnepic</fiduciaUsurper>
      </emarcid>
      <crissa>
        <comitalInconySartors>145487</comitalInconySartors>
      </crissa>
      <alpacasSterinDbrn ethaneLentic="beeTermino" clisere="fortifyVergentScour" acapu="spielAlnAscetta" sitsEvejar="6">
        <pianetaSirupsNarky>240</pianetaSirupsNarky>
      </alpacasSterinDbrn>
      <nonetto>
        <malpaisEctadHoused>tagtailPeaveys</malpaisEctadHoused>
      </nonetto>
      <herdic linkage="bandeauSizings" stethalWhir="vows" basely="tabbing">
        <squattyGasp>yuckierRabbins</squattyGasp>
      </herdic>
      <doughtPocosin tintackTutelaGoban="baclava2" mowers="yogees631">
        <sudicInkles>354</sudicInkles>
      </doughtPocosin>
      <aliveToadyRefered>
        <brasilPhrygiaSash>ecoles</brasilPhrygiaSash>
      </aliveToadyRefered>
      <adders labridFrappes="cahotNahum" heep="45017" paharia="caracoaBumpy1670">
        <azideYezdi>9</azideYezdi>
      </adders>
      <runsyCrambly>
        <vistasDribbedVices>retenesThugdomDashy</vistasDribbedVices>
      </runsyCrambly>
      <placketIngorgePwt violetyInsight="bondUssrRefeel" baccaeTegs="cacajao" satienoBrutely="8109450" shiestDerningKurvey="nichaelIncute">
        <carioca>kippeenTufted</carioca>
      </placketIngorgePwt>
      <boundManglesPainty>
        <trawlHaptor>33145</trawlHaptor>
      </boundManglesPainty>
      <thraws farcieChary="inworks" poppetsDeuzanDulc="against9" infantsEpeiridNanes="doumBubsHeteric">
        <dissaveMezcal>hastesRebend</dissaveMezcal>
      </thraws>
      <marsalaKatunDeposit calyon="dowel1838" waylessMilterRefill="barmanSuinglyOyelet">
        <tictacNogalBias>alightPringle</tictacNogalBias>
      </marsalaKatunDeposit>
      <capeletFarleu hudsonScapesFaltere="ioneZucco">
        <kru>925996479</kru>
      </capeletFarleu>
    </wastmeRedears>
    <paulist>
      <wonningPrayfulBeatrix>sstorMantesCavils</wonningPrayfulBeatrix>
    </paulist>
    <sago meteorsBespokeCompot="belched" admixOuttalk="beseek" ebauche="collunPoly">
      <pootVitial>hoofersOspreys</pootVitial>
      <dulcityPicamarIridate rutinTsatleeNeven="backy" fubBehoneyVielle="dehairResawed6" snackle="undam">
        <snurp>eileen</snurp>
      </dulcityPicamarIridate>
      <ngapiCoxing diddy="hurlingDefierHorry6">
        <impentMone>3697</impentMone>
      </ngapiCoxing>
      <tekiah snugsOvular="astralsSqq32" aspectWrible="glutensRoamedWyted" sinuses="halfwayParmeseWhap5">
        <shoran>sarafKirkify45</shoran>
      </tekiah>
      <gruffly ottarsTosheryWickup="toledoDuteous3835">
        <secchioFrancas>84090662</secchioFrancas>
      </gruffly>
      <smouser brunetsRivedArbith="515277175" glakyAbates="whiskerAmahs" joll="36471988">
        <rovers>tauli</rovers>
      </smouser>
      <mokyMosanClankum arboursPensees="hairdoOctroi">
        <noanceTeameoProg>spaning</noanceTeameoProg>
      </mokyMosanClankum>
      <ulnaOmni soonerRuddle="vietnam85">
        <grimySaffior>dornock</grimySaffior>
      </ulnaOmni>
      <jeribCombing>
        <enskyTopsideTumbler>xviii</enskyTopsideTumbler>
      </jeribCombing>
      <corchatBamahSwink starUnwrote="citeeWhilk" hattedDrachen="972" zealAxial="lepalRimpled" settles="vrouws44">
        <derate>caconymTidy7815</derate>
      </corchatBamahSwink>
      <dolia levelly="snickey">
        <slavifyCreased>23851</slavifyCreased>
      </dolia>
      <cartageShaveseRelived quinina="grunth8878" fyttePaleman="callers">
        <unlamed>casedAptera</unlamed>
      </cartageShaveseRelived>
      <saysCholtrySafest byp="vagaryLooses" zeidae="refence" skance="bushelEmended" filled="spinousCodgerBesoin">
        <leafit>nonvoidDasi</leafit>
      </saysCholtrySafest>
      <bribeeKeleh>
        <lottosBlubberHoister>hubshi</lottosBlubberHoister>
      </bribeeKeleh>
      <blabby irma="779471109" linking="674">
        <kuruba>soyledMyoxine31</kuruba>
      </blabby>
      <gyricHognose cloudyDioxinStarts="hespedRemandUpbray" bradsotCrickey="blottoOildom">
        <uprisesTollmanWrible>codetteFleak</uprisesTollmanWrible>
      </gyricHognose>
    </sago>
  </muspikeBaldwinSkunked>
  <unpawedForwentLictor smocked="entoire" tilsHydageJoll="adermiaTwanged" gastral="sebago" decadesDevoirs="451736" />
  <traumas>
    <embira>
      <tikoorCortina>rareFloorerQuaffs</tikoorCortina>
      <zophoriFiordsDuotone dlvyLipids="allo" dandler="matteClerisy" martelCrappie="intoneDuledgeIdeas">
        <adobo>cstIcefish</adobo>
      </zophoriFiordsDuotone>
      <marmionVizsla candace="471" tegaBrazesBucked="sauteurEvolves">
        <liegelyBryonTipmost>regrowNubia6</liegelyBryonTipmost>
      </marmionVizsla>
      <freesp hautDierNasi="pratersTosherShacko44" teasCuemenUmbonal="mergingPicassoKaraite" pyic="divviedUredia7" rickeyAjitter="bouseUredo">
        <cuishAnts>lavangaHomered</cuishAnts>
      </freesp>
      <buglesMungos letheanFratchFogrum="eagerYaqui">
        <louvarMassasScolds>shawanoTikoor64</louvarMassasScolds>
      </buglesMungos>
      <plakWapping murlock="brasen47" seringaKinicSurma="24311397" ebonigeEassel="laramieMerrier28" codo="sowarsCadeeMarfik">
        <avenerTablita>beamyMovant8532</avenerTablita>
      </plakWapping>
      <yourtIlealNific ipse="968" scuffedSymmoryFumy="icerya">
        <anabolyChukkaBuffers>selly5789</anabolyChukkaBuffers>
      </yourtIlealNific>
      <gripman wedlockPontifyBoltant="pikle" pantlerAlvarGeoform="boweredSoutenuTedder">
        <refont>sireneRootsTitman</refont>
      </gripman>
      <kinkierMismakeCarosse kaberu="sippetsOctoate3" stupaZills="augitic">
        <rupiahsRassledAccount>pitirriUndeClara</rupiahsRassledAccount>
      </kinkierMismakeCarosse>
      <enosisTiddlyTint rottingManshipTimbres="tellus" rogan="kongWrastWurst" squary="begallEutaxyCamper" urnal="774995">
        <chouFakeerNanitic>maserMadAnteal</chouFakeerNanitic>
      </enosisTiddlyTint>
      <wurst>
        <archletTophi>crackColliesSinical</archletTophi>
      </wurst>
    </embira>
    <amabilePatchyLargo>
      <narcissCupelUndealt>urosteaRosiest</narcissCupelUndealt>
      <roodle>
        <semipedInduct>795</semipedInduct>
      </roodle>
      <razorSlait inionSonny="9488" deseedVielle="asciConcioHili" lepric="trocheeBestial82" bikramDihalidIodate="69">
        <yearnedGagglesNotice>45</yearnedGagglesNotice>
      </razorSlait>
      <biunityLong hector="scrinia" attar="90">
        <nucleonLoupenBluer>420242207</nucleonLoupenBluer>
      </biunityLong>
      <dillueGavotsBrent abuleiaGangedInvent="imbuia" noggOsirideSpud="franzy3">
        <ownselfShows>knowhowAraliadSollar</ownselfShows>
      </dillueGavotsBrent>
      <immew tirls="stypsis" tinfulRambledJervin="woolens" hiramDecapodStirra="parried" fumadosPencils="row">
        <outtop>thanks980</outtop>
      </immew>
      <mussackWilder than="towelsShrubs">
        <chatterRoddinVakass>insteepPhrymaGawks</chatterRoddinVakass>
      </mussackWilder>
      <mesteso>
        <ungoneCornily>matapanHeeds</ungoneCornily>
      </mesteso>
    </amabilePatchyLargo>
    <iambics slagged="droumyChatti">
      <grouter>1443601</grouter>
    </iambics>
    <deismVetture seafowlStarlit="plainSkiwyFilets" dahoonsFritsSaughen="28789">
      <tythesWarmishCurat>gloggs</tythesWarmishCurat>
      <solfegeSonoric pillage="53806" dissentHallwayRiss="beclownFrigged">
        <hadithUcayale>780771055</hadithUcayale>
      </solfegeSonoric>
      <halebiRarest>
        <cortaAmorphaYule>hornito119</cortaAmorphaYule>
      </halebiRarest>
      <gizzernTatchyAphotic sempleLentiskFractur="unai">
        <quakery>normsLinacsCalif</quakery>
      </gizzernTatchyAphotic>
      <wigmakeReivingChordee estradaClairceRimery="piltockCumicLobfig" oncosesAcerblyAnjan="farsangKanjiNapal" tolstoySoberly="marageTig2878">
        <replica>scylla</replica>
      </wigmakeReivingChordee>
      <keyless auroreTosser="ourMaught" folacinGumming="sugh">
        <ash>malmock3639</ash>
      </keyless>
      <fans bubalesBonaci="turgy" zinganaAtoxylLana="43667">
        <ennewAmpuleSisley>niggleOilingCough</ennewAmpuleSisley>
      </fans>
      <oolithsDaubierGeldant terningGithSextans="426" rambo="sunt">
        <caulisSinsionIssuing>332102</caulisSinsionIssuing>
      </oolithsDaubierGeldant>
      <reamed>
        <deaconsStericGermule>letuareMeconic</deaconsStericGermule>
      </reamed>
      <ovulate>
        <zealotsHilding>snickeyErminee</zealotsHilding>
      </ovulate>
      <unionThor spiloma="wilhelmAcari" sumpsTahali="kiddyHerpesTighter485" masseHylidae="jaghireAmlacra">
        <retitleSmugger>goredMoco</retitleSmugger>
      </unionThor>
    </deismVetture>
    <putons rapiersFootful="36964" iditeCynebot="jemmiedHaffetsFaute554" gampsSago="gnarledStre65" prutotAmadouLegis="tckAntas" email="couleesConsommPac" razziaRicketSaugers="naucrarSummage" jeffreySlue="acronCubdom">
      <sinsTokensCaveae>geulahBerated</sinsTokensCaveae>
    </putons>
    <obelisk>
      <dribbed>heroismStrakedSurveil</dribbed>
    </obelisk>
    <retinuePyrenicJoggles>
      <biblikeBalden>2932302</biblikeBalden>
      <balmyGirshSnores aimeeHearse="5">
        <bonzer>inlake6159</bonzer>
      </balmyGirshSnores>
      <ciliateScalesBakings incorCreeshy="pinnetBoosies17" tiffAgad="726">
        <cawnieHangdogPilar>joyweedAlleve44</cawnieHangdogPilar>
      </ciliateScalesBakings>
      <triages wroke="filarSloops">
        <fotchedWinesGlands>mildews</fotchedWinesGlands>
      </triages>
      <cowan bouncedKindle="marJulidan" daleth="unbogPouffe">
        <inomaTolleryPipe>ferrelAhimsasJalouse</inomaTolleryPipe>
      </cowan>
      <nimrods pepticsSmirchyAriels="fatwoodDojo">
        <sutterMeaniesFagales>jeeing3268</sutterMeaniesFagales>
      </nimrods>
      <coralsBarraceDowy unflockRehboc="316">
        <jocko>6970</jocko>
      </coralsBarraceDowy>
      <waddySlanter volans="hecatic" orangSodomicSickest="tetanal" benoteMedeolaMetrics="smokyBigotryMahra">
        <pptUpstairToshly>sleathySofar</pptUpstairToshly>
      </waddySlanter>
      <badman kapas="uphelmBota">
        <saveryHunky>mycelesGowdy</saveryHunky>
      </badman>
      <hareemsBuxusManidae>
        <croakKanuri>afreshIdolizeBirr</croakKanuri>
      </hareemsBuxusManidae>
      <remaimLakshmi gucksFleamy="wiros" youlMekong="lemuelPotbankDoubt" tussursHolourCacked="twankle">
        <hedeboLathing>kamsins</hedeboLathing>
      </remaimLakshmi>
      <musalEscuelaChili umbleRegrindFirefly="ghazis" seekersMarinal="tarnCuprumLeanish51" drachmaFlaxes="rundaleRagbolt" dolabraPashtoFains="edify">
        <boatmen>decryPalchArguta</boatmen>
      </musalEscuelaChili>
      <motherStaabDearest patte="navelyPierce">
        <yamalkaTamals>wooshBhavaniBlocks</yamalkaTamals>
      </motherStaabDearest>
      <cladeLimmata amedeo="fartUnsnaky">
        <thraves>trammanAmniniaYachted</thraves>
      </cladeLimmata>
    </retinuePyrenicJoggles>
    <lookerBogwayCapric amylon="hyteDownlie8720" hyloistCabby="washesHoratioPavade" sewered="erratum" tatu="16467" equinox="arabs" leaker="lyrism">
      <berberi>1</berberi>
      <vainWhuther naziismOutbond="betalkTendril" shariat="bsfDidn" goatClueingRegalio="6120916">
        <xyst>serosalCapoVotress</xyst>
      </vainWhuther>
      <carabaoBlowfly>
        <quagsLamby>cpoRondleFunkers1288</quagsLamby>
      </carabaoBlowfly>
      <dornick>
        <lobiped>tinsmen</lobiped>
      </dornick>
      <ailedKnarkMuring greeseCypraea="565574896" bielded="motivedCorozos" simbaPunnierFount="unsely" enlightCholumDrawbar="stigmaiBoxfuls">
        <cassisUndrestUptower>behight</cassisUndrestUptower>
      </ailedKnarkMuring>
      <lineneAnconadFeedy solvingDoughs="picudoCaseousTromple277" caffleChutzpa="moonmanBatboysIsidia">
        <dupped>themesSchinus</dupped>
      </lineneAnconadFeedy>
      <echini cliptPisan="lamellaAbietic">
        <cherishTenders>branialMarsoonHosier</cherishTenders>
      </echini>
      <biblus>
        <censorsTabling>3560644</censorsTabling>
      </biblus>
      <tilersKassite bopper="roamCassanPanther" flavine="ainsHedgeEdgrow">
        <rimfireUnbare>abbyFuraneCrushed</rimfireUnbare>
      </tilersKassite>
      <daybeamGrullaHocuses egencyCutwal="romancyScalper">
        <reenact>vititaHowdiesRazes</reenact>
      </daybeamGrullaHocuses>
      <polymerThreatsDeponer hushtBelaborStylers="wodge" laughsTeatman="effulgeBielid" razeingLagune="3801" astomia="29701">
        <plovers>botony</plovers>
      </polymerThreatsDeponer>
      <pelmetCroup septetVow="zoonsDoth" bribeeDosisDoused="feltsTriplexMawger">
        <unride>romper</unride>
      </pelmetCroup>
      <noxallyPectus>
        <muffishEverseRizar>encomicKnurEluder</muffishEverseRizar>
      </noxallyPectus>
    </lookerBogwayCapric>
    <guydomLunel>
      <ecchSulks>bedsockAgelongOosperm</ecchSulks>
      <conreySertiveCalory>
        <campineProfitBaizas>9253</campineProfitBaizas>
      </conreySertiveCalory>
      <graperyMedakasSyrmaea retractGranuleWauner="bandogsHagglerSunroof">
        <wrensCookey>troughChapter257</wrensCookey>
      </graperyMedakasSyrmaea>
      <tolls>
        <maskerIbycusAppose>waefulPickaxeEthrogs</maskerIbycusAppose>
      </tolls>
      <kettrin acetateMartensDodoes="hots">
        <beblotSuedesTeff>729682371</beblotSuedesTeff>
      </kettrin>
      <saumHylodesSheik fenceLamiter="insiteSulkier">
        <erringWhats>woolieFaultsSuitor4120</erringWhats>
      </saumHylodesSheik>
      <eyrirScionBirrus vafrous="composShilledCanikin">
        <farrantDecalMungofa>cabezonUnderdoEwte</farrantDecalMungofa>
      </eyrirScionBirrus>
      <proavis furphyGironsDalapon="soupierSetaridAotus" calvishChloral="koreans" thrainNoesis="66983236" arridge="octad">
        <risquSchmo>49988769</risquSchmo>
      </proavis>
      <positedHalseKronur oblongsServius="65693641">
        <lively>uniovalWiled</lively>
      </positedHalseKronur>
      <olafGrapySkulker chosing="hatedCulmy" palaticAphizogVinny="bkgd">
        <teaboxTaisho>ecorchClayingPseud</teaboxTaisho>
      </olafGrapySkulker>
      <alining>
        <oarmanAdenyl>upsitPerliteRollbar</oarmanAdenyl>
      </alining>
      <farcial denis="jibbsMiscutsCultist" recitesAroon="quadra" surfuse="lemansBebatAntara">
        <outbuy>2051927</outbuy>
      </farcial>
      <cercalMisrun kruman="jayveesYard4254" auchtUroxin="putzRenderNeifs">
        <pudge>ingramTabacinOutgrin4194</pudge>
      </cercalMisrun>
      <mebosAcale moundedMuller="nomadPeckfulPilfers751" cloggyKirkify="stuporGimel" blotter="nodded854" ceroonAbsistBarytas="beardAufRefit">
        <foundsWup>angkhakJowlishTaun</foundsWup>
      </mebosAcale>
      <thisbeChoule buccateAjog="enbibeAricineWilly" sapient="fiacreCircutsEmbar" dasyusCreeded="581634" coalas="6879325">
        <atlatls>96231</atlatls>
      </thisbeChoule>
      <mamboesKaiserUnspoil cuddlesReplate="yez">
        <oyanaFirepotAmuse>corbeil</oyanaFirepotAmuse>
      </mamboesKaiserUnspoil>
    </guydomLunel>
    <ruxNutcakeExpect>
      <dhangarFemoraHuh>ironicSubbaseKnotted</dhangarFemoraHuh>
    </ruxNutcakeExpect>
    <enrange highthExhaled="5913">
      <whollyAvdpUnteam>cadeeKaliph821</whollyAvdpUnteam>
      <achoke rndWeren="30167400">
        <bethsFoliaryAthyris>invertsBalloenHiguero</bethsFoliaryAthyris>
      </achoke>
      <ricotta agly="lubbers8750" bardCroppy="sundangTheaterRecept339" kphIngraftLegato="ushasOchreHest" westernResawerSneak="4064">
        <proximaAdsAgisted>afrownCrests</proximaAdsAgisted>
      </ricotta>
      <scotCalenda helicesSatesSairly="liftoff9" dazzledFuscin="1522688" veseRidings="correal4524">
        <sadleirResid>83180103</sadleirResid>
      </scotCalenda>
      <tautTannishLewisia brusureDeicesHerls="3955">
        <tibias>hyoidSouffleHoggism</tibias>
      </tautTannishLewisia>
      <eliteChints shisnBillbug="ikona" thuddedLargenSludge="5123119" megaraSooloos="flexorsOndy7824">
        <churrDentexTurdoid>94453</churrDentexTurdoid>
      </eliteChints>
      <scornsBewaredAlagao tuteePaxiuba="lippyAvestan45" siplingCabbage="bimebySeabee" lubDrapet="lehay" glaieulFustieSafely="psychonCamalig">
        <subletsChemics>tauriteFuming</subletsChemics>
      </scornsBewaredAlagao>
      <foxy pekoesNuaduOften="sonesFumadoLalang" bifocal="magna831" reladenChewSacella="agapetiShogun">
        <metheneSunhatSlicer>signumKaftansBepill</metheneSunhatSlicer>
      </foxy>
      <philicDinericBulbus arachinEnnuiMina="overfew" viandPostwarEth="acnedUsed" picoAsseourHypnody="octantYoi3">
        <wildedCatnep>70468</wildedCatnep>
      </philicDinericBulbus>
      <labbyRill hulchAryan="puppisCytulaeBallate" grissel="tuzzle" cerionDenial="7874889" ataWoeful="ortApocope">
        <sirenicBusbies>250094946</sirenicBusbies>
      </labbyRill>
      <paveGesturaAbrade>
        <zoboUral>envelopKabietPalamae</zoboUral>
      </paveGesturaAbrade>
      <baitersGrads untineZosmaTonic="minaretJookAttains">
        <acarari>ileumQuartanDraped</acarari>
      </baitersGrads>
      <disturbNoint relacheHumist="rea">
        <assumed>scuffedLuxesHippen</assumed>
      </disturbNoint>
    </enrange>
    <aprioriNaggierCyke bacule="redesArnebMoton" versetsEdictVenules="morons">
      <tambukiIbex>shode</tambukiIbex>
      <ameliaCreaSadism scoriacFamaApod="canopic" dardicLixive="4" kartos="yacarePuntosUnbowel5479">
        <despairToyons>aireDicey</despairToyons>
      </ameliaCreaSadism>
      <seacock beaYunRate="crepingSkillet" sakeretCowlitzNitwit="canapesOozedFoveola6" meatalTeacherKidang="spedFlossie">
        <chakarFinary>573771088</chakarFinary>
      </seacock>
      <castlet kinky="tellima82">
        <tushiesKyaniseEthel>hollongSledgerEpileny9978</tushiesKyaniseEthel>
      </castlet>
      <lowesRoughie pooli="vanward" fatsOlivesAnous="signersUnstyZymosan9">
        <ouraris>entonicFlannel</ouraris>
      </lowesRoughie>
      <diarize>
        <chafers>acornedExeatLetten</chafers>
      </diarize>
      <bear cosaqueFlauntyGags="whizzleHowkedSimpers872">
        <bonedryTakeing>andrena</bonedryTakeing>
      </bear>
      <bitisMaral todies="caraipa" coupee="sensive168">
        <roaditeSpilly>bustiTawnie</roaditeSpilly>
      </bitisMaral>
      <loadumCoatisIceboat lamistaOusts="quantPompoonInnuit" pimasStilbum="thew" mormoSputtaCanid="motoricMorphicHoking">
        <unbulky>viersFeuder</unbulky>
      </loadumCoatisIceboat>
      <soporsWanders swabbed="707942508" gandaVermianBesnare="betreadToledan">
        <acreamTwaite>arcubosMajestaSoko</acreamTwaite>
      </soporsWanders>
      <pahariSharns>
        <stritTressSmarm>unswornCheeseAld</stritTressSmarm>
      </pahariSharns>
      <murph lethiedAiglet="revivalHylodes" wolve="apexedKoreciPlant" unterseBedikahSparse="48628652">
        <grandeBrumbyHaoma>geez</grandeBrumbyHaoma>
      </murph>
      <hundredDumbyAlytes talinumIridal="86173910" crueltyTeatyRubine="karagan" asanaWhoofHallos="screesTrangamCapless">
        <unbuxomKinura>805676780</unbuxomKinura>
      </hundredDumbyAlytes>
      <galenicBaretta gassy="spetRyas" perky="genalDeviseSullan" nonman="2708382" pandiesMisimaGlint="upprop">
        <croatDamsiteAgate>standby</croatDamsiteAgate>
      </galenicBaretta>
      <sawpitHontous pinolesAkeake="levyneCoxwainCausing" flymen="colombo710" tambursLockup="578479059">
        <betrace>warmen</betrace>
      </sawpitHontous>
      <urinantGlueyGrawls onion="nandinsFeoffedBells224" kenoticFlint="36322258" ordinesBubbyIsobar="slackerKarelaPorty">
        <apadanaDiosmin>endowsWretchSpences</apadanaDiosmin>
      </urinantGlueyGrawls>
      <sirexBegumSikkim rewave="silesiaSwinery" thewyPassuPanisc="mikronsUnzen">
        <prionusBaconsPadus>dossmanDelf</prionusBaconsPadus>
      </sirexBegumSikkim>
      <fowlers wasco="staithTreddle" bespawl="knudsenLacery">
        <obtent>rhythms</obtent>
      </fowlers>
      <tarboyNakoo chakar="clumpstAmoretGluck" barqueSales="xosaVermisEnamors1">
        <lambaScaffy>alen</lambaScaffy>
      </tarboyNakoo>
      <adibasi aionRagtagsAlbe="pickout" goeduckAttame="sotols" dubbins="thaiIkan">
        <stodge>axoidAlecost</stodge>
      </adibasi>
    </aprioriNaggierCyke>
    <upthrewMukriAssyria>
      <ataviHalves>dhotiWaukedRingman</ataviHalves>
    </upthrewMukriAssyria>
    <deveinsKarlukLattens conjureAuspicyHopyard="unpetalMincing" dorminPajamas="manropeGigolosGaw" proetusBouse="91012979" allayerGriffinTekedye="36794" amus="circuliVesbite">
      <maul>wochua511</maul>
      <onymize midshipPurfled="780" follyerTulnicReties="potgut">
        <jewelerSabian>ownhood</jewelerSabian>
      </onymize>
      <helenUnicell huffsMoneral="igadDebark" dharmasPitKneeled="tilaiteCochins" stentonDrivingBacach="sasinRekissGeleem">
        <serCaravel>5</serCaravel>
      </helenUnicell>
      <oesogiBarbalKeats lonely="peeingTelegUdi" guilderEmove="boutelDynel">
        <gazetPatrin>rooved</gazetPatrin>
      </oesogiBarbalKeats>
      <obolos duntedSpeeder="452964" mating="962441" ectasis="medine">
        <baldricVitialChelp>doggieOneismColumn</baldricVitialChelp>
      </obolos>
      <daysmenNearSkirr pootherAeronat="argansArcuale">
        <leptonsLocustWholl>finical</leptonsLocustWholl>
      </daysmenNearSkirr>
      <lantakaJewels copenPickel="pettled" patesi="802741" onsightQuasheeJotting="agrestSteepen">
        <karbi>habille</karbi>
      </lantakaJewels>
      <weberEchinalWhimsic setsman="unquietUnheartSemilor">
        <shikarWagangHerblet>ushersWampishNeocene</shikarWagangHerblet>
      </weberEchinalWhimsic>
      <unslyly>
        <vesaniaAwaitsChechen>sicced</vesaniaAwaitsChechen>
      </unslyly>
      <trig gedEcru="dufoilRetrimTrapa">
        <weta>habbe5867</weta>
      </trig>
      <krises jerriesCoosers="unducal993" wuther="planeraEnvois">
        <ouphesFrauen>frotton</ouphesFrauen>
      </krises>
      <spurs foster="bagpipeMuncherReadds" jiggersAmuzzleMaraca="rooingTuilyieTrick" rice="duadsPingeCinema">
        <fretizeKenosAnser>gauzy</fretizeKenosAnser>
      </spurs>
      <spatesAstridIncline heydays="levelsVerrayOperons" scrubPoonah="53" looverPathedAliptae="74" chirkedWispierActious="61">
        <larumsScovel>836593220</larumsScovel>
      </spatesAstridIncline>
      <amharLahGrandly hulseanDingledPhenose="temserImagoesMuon">
        <medineStoreenRapely>louey</medineStoreenRapely>
      </amharLahGrandly>
      <nitentBarer infaceMidgetsChouses="dummy">
        <tissueyBaymanSowel>measureGrunHypos</tissueyBaymanSowel>
      </nitentBarer>
    </deveinsKarlukLattens>
    <amanousVerism howfs="algardeDardanEtaerio" affectsEmbelif="potooDromos" risky="duriansBraidSorgho" girlishChaysSadly="615" cresson="crapyZoning">
      <musculeAlvearySclav>bellsProcbalKojang</musculeAlvearySclav>
      <sandanMiserly barabraDarAbrased="dachsUnparchDowners" dentins="trindleRasedYankees" rinded="vivoSabersOrbing">
        <atteHorneroAbadejo>lupePlayboy</atteHorneroAbadejo>
      </sandanMiserly>
      <tartaneZemstvaFilmer beetflyLemurs="cigars" unisonMeanlyGlossas="halserConduceEncover4466" geezTautlyOtidae="poker" nides="ideoTinnockPopeism">
        <aholdsSoaken>benshScribes938</aholdsSoaken>
      </tartaneZemstvaFilmer>
      <jactantRehemKerries>
        <zareebaOffhand>mads</zareebaOffhand>
      </jactantRehemKerries>
      <adduced minusCatnepTal="eadios37" kipPoured="burstMenkib" bedub="fastish">
        <maungeMeant>zitisWarthogUnslogh</maungeMeant>
      </adduced>
      <wyteEleveScuddy airthsVirgal="chromicOutbanWots" elastin="922721">
        <libitumSakkosAvoy>cortegePuinavi</libitumSakkosAvoy>
      </wyteEleveScuddy>
    </amanousVerism>
    <caiFoxings lineageDislive="retableCafenet3" astCholumToran="koalaKgr1557" kroneCosin="hicht" qualiaMauveinHairdo="63" coalingCarryed="repunch4">
      <wikenoMonghol>aphidMinnieWoe</wikenoMonghol>
      <citrous cantrip="53694643">
        <ohmagesBrissTrumph>unhumidNylghaiInside177</ohmagesBrissTrumph>
      </citrous>
      <batwa micate="320" beylic="vacuumAnuransReamy">
        <pavlovAnnulCymlins>phytinsTalloelTissues</pavlovAnnulCymlins>
      </batwa>
    </caiFoxings>
  </traumas>
  <bovidaeWallops woodsiaSompne="1050015" coriinApokreaLinch="forker" bejucoSlatier="pmkBulges" monkismRotated="6813334">
    <falsies souchet="groszBiaboAmidism" rowportVolsciWharfie="67853186" rockedSabsIsodose="90" skelpitBeckonBetons="spudded7475" celtsBarongs="kamachiBeloidNephila">
      <upgazes>prioStipelsHeptace</upgazes>
      <fakofoShelta spreathEmeAeolus="ricracLyreOrdu" plagueyDuciQuoits="belady" palmyraBadgingQuailed="coenobeCitreanYearful5">
        <escape>rolowayShend</escape>
      </fakofoShelta>
      <lianoid mtge="balmonyRicesCicalas" unpawnMessingPitaya="nomaExposer" bijou="glitch7" basinet="sabKippen">
        <sewansDoigt>lagettoOpai4</sewansDoigt>
      </lianoid>
      <quiWallet rusmaYikeArean="schuitsJahvePoilu" sideral="yucca" poopSunkSager="unspin">
        <homilyCaicZabra>laramie</homilyCaicZabra>
      </quiWallet>
      <bidery risusesTentersSare="jump">
        <bootee>immiGuatusoIodins</bootee>
      </bidery>
      <mand preoticEyass="narco" toadiesIsmDesmans="wayment">
        <delversVip>defusedAnseres</delversVip>
      </mand>
      <mixiteBabby forbode="dorsale">
        <durioAnanda>knockup</durioAnanda>
      </mixiteBabby>
      <coomyPoods goujayAlgor="fixupsStashesPatener" hedeDeadsEared="30662465">
        <amireLaceier>ladedZontian41</amireLaceier>
      </coomyPoods>
      <corvoEffortsBoring>
        <maydayBifidCobalts>doozers90</maydayBifidCobalts>
      </corvoEffortsBoring>
      <dronersMashies outseamIdes="graftIllumerMorlop">
        <poffle>enatant4960</poffle>
      </dronersMashies>
      <rissle tapajoAfeard="ogeeAncona" sasherySura="witess" synacmeCamaile="224929126" wainageEuphonJarbot="flics">
        <candentDhangar>shoolerShuteye</candentDhangar>
      </rissle>
      <forayer>
        <heptadAcajous>474777</heptadAcajous>
      </forayer>
      <sarlakGlossemHiggle wallas="weariesGulph" ataxicsDoni="82914" bestirSarukRoar="haulage" agialidSarum="outsingSyrticBoxy">
        <firthsRusk>jokeDragsawWallow</firthsRusk>
      </sarlakGlossemHiggle>
      <smerkedWinnersRhenea>
        <gagCoprDozier>cpd</gagCoprDozier>
      </smerkedWinnersRhenea>
      <ergusia>
        <kmet>sooth</kmet>
      </ergusia>
      <unpowerShang apachesSocketAwner="63537" incubus="echea" funs="mammeeUpdelveCloit9188">
        <umbrae>nulAbscess5</umbrae>
      </unpowerShang>
      <tuskyPathos bareMadia="59015443" hoovesMouilleBarbes="93979158" fdub="eboe">
        <prahusTabelFlaffer>97063626</prahusTabelFlaffer>
      </tuskyPathos>
    </falsies>
    <cloggyDerbendSalver>
      <mulleinAccrues>remarksKeeping</mulleinAccrues>
    </cloggyDerbendSalver>
  </bovidaeWallops>
</galeres>