<?xml version="1.0"?>
<atuamiQuai>
  <warbly bilioRampoleExegete="rillettPingleTepal" regaliaUnfussyBawdies="61288" belaborJogging="klephts">
    <serrateMizens>
      <cahier>abeleOenone</cahier>
      <nagnagEluants abieticSkyphosSeneca="pinder" divisaUremicMazic="zootypeThermaeMinchen" buboedReapKrepis="2">
        <eldredAamCotset>flubdubPerfayWickup</eldredAamCotset>
      </nagnagEluants>
      <ohoy pleiad="oidiumPyx22">
        <tumtum>droddumBespout9</tumtum>
      </ohoy>
      <demobHokey tetanyKhotan="hygromaAggradeSafflor953" slurbowVersaAssith="ensued" nothingCamenesEutony="cowhandMurines8439" dwellsAumrieBibi="aright">
        <hereofCarapoPelure>ovenfulTaumTotchka</hereofCarapoPelure>
      </demobHokey>
    </serrateMizens>
    <wampum>
      <brolga>60</brolga>
      <mccoy compareAcronyxGigunu="cornuMurdersIndical" pescodUprip="boutelZuccoDispute" viminal="musingsMucagoUnripe">
        <enerveCopingSannup>mornOomiaksFungate</enerveCopingSannup>
      </mccoy>
      <cymbalsClark>
        <syboesUpmoveTriaene>redoxesTripla6551</syboesUpmoveTriaene>
      </cymbalsClark>
      <repewSheriatThrimp>
        <pyreticEwery>platWeentHarelda</pyreticEwery>
      </repewSheriatThrimp>
      <outslip>
        <boubous>swevenHangup9</boubous>
      </outslip>
      <bidsZiramsCarets prevideHottle="lar">
        <morwong>57</morwong>
      </bidsZiramsCarets>
      <stacte rarebit="lycheesWillerDensity" fixup="haliteLilacky">
        <pyladesChienAmazer>combatShirts</pyladesChienAmazer>
      </stacte>
      <sugatEuripiPhonic muggersHumbly="tunnery" deplace="bleeryNoteletThoft" gapping="ibota423" jalapic="robberPhasmid">
        <bearderFubbedChoupic>rehouseVesania</bearderFubbedChoupic>
      </sugatEuripiPhonic>
      <tchrCompingKwan linneonDhikr="overlapDiwan">
        <undazedRivet>1</undazedRivet>
      </tchrCompingKwan>
      <sluing reglazeHeugh="thatRayat">
        <varusesOrselAwater>sheds</varusesOrselAwater>
      </sluing>
      <trollopBasale>
        <dtenteShaglet>oaters57</dtenteShaglet>
      </trollopBasale>
      <ostium venturiCubdomPortia="kickee" aquake="zimb">
        <tailorsCamize>poppa</tailorsCamize>
      </ostium>
      <picricSokVestini>
        <cedesNoriasAccent>wenchGoslet455</cedesNoriasAccent>
      </picricSokVestini>
      <coignesTrocks wolfdomBrinies="assacuJauked" badeBracers="196278" raphideTulisanInstar="petara" trowaneBromize="unrivedRignumTaum">
        <ratcherEaselsUnstout>110643984</ratcherEaselsUnstout>
      </coignesTrocks>
      <zikuratInwale offer="beproseNowtsZlotych" runningFrench="shurgeeTasletMerfold" ranatra="18831505" chufaPontusHymenal="impasto">
        <emydsBagdad>clanked</emydsBagdad>
      </zikuratInwale>
      <sradhasConveyHahs asthma="skeeredExpededEnnuye" nouveauCupulae="upflameShrewFosite" thurioAgnatRaining="winkingUrgesMammets" uncase="leggyHarlots">
        <straferKetupaDastard>forfar9</straferKetupaDastard>
      </sradhasConveyHahs>
      <macleSkiech glossaeMonauli="beader" camasEnripen="368348">
        <abluted>velites</abluted>
      </macleSkiech>
      <vrowsTatchyNefas fourer="unkempt" uncaped="travois">
        <kopeckAlgedi>loamed</kopeckAlgedi>
      </vrowsTatchyNefas>
    </wampum>
    <astraeaBagioAndorra>
      <spirtle>judokasTellenTucuna5</spirtle>
    </astraeaBagioAndorra>
    <ricottaChurro magpiesEst="reassayCoralShims">
      <brander>triaeneCerites</brander>
      <shruffTweed>
        <degasesSambars>5</degasesSambars>
      </shruffTweed>
      <targingTriers lemuelLowman="fooyungSharded" footersSecundaMolly="user" samlets="5600432" advowry="airt">
        <biallylAlopias>kialkeeMennuet</biallylAlopias>
      </targingTriers>
      <reshaveCohererBassly farted="sherdUpcatchFovilla" jemidarTeicherPrelacy="amamauIrish" haitsaiPicris="twingesDiscureLegist">
        <mistellRangierIncask>589</mistellRangierIncask>
      </reshaveCohererBassly>
      <lensedMilken muphrid="1660" barres="97741">
        <storkenGadsman>yowedAcorns8</storkenGadsman>
      </lensedMilken>
      <unsinReesleSmoky belongTyros="180582">
        <lookyWhereer>parrockBerated</lookyWhereer>
      </unsinReesleSmoky>
      <sacrifyAperFamille viss="bonnierSerosae" reheatsSwaged="nullCultismUrbic" mimidae="540">
        <outliesFassLapels>picryGulix997</outliesFassLapels>
      </sacrifyAperFamille>
      <blued boppersCgs="kibesChudder" fenman="unbark">
        <scroyleUnplump>messy</scroyleUnplump>
      </blued>
      <inchase areadForma="cirl" ritheSnee="hexyneMormyr" mopusHumist="evulgeRosabel6">
        <amurru>choldRoodlesRefait</amurru>
      </inchase>
      <apparatEscheve>
        <graylyTonus>chaksiShariaTortor</graylyTonus>
      </apparatEscheve>
      <odibleIshChive rolfCuplessQually="corachPlacetBiscuit1014" cuttledHydrulaDasher="dayworkRust" planner="anatifaNulFlorate113" pelagesKickersKneepad="begumsHaithalKyd">
        <syphonsFigboyAmbos>calvingSaviors</syphonsFigboyAmbos>
      </odibleIshChive>
      <inmew zillCevenol="rozzerSpicaeAshcans" unrainyJazey="989179315" baleful="casual">
        <drouk>dronyFoeBossier</drouk>
      </inmew>
      <italianSuclatAyu monachaCarportVol="devoidRuinerLearoyd">
        <typikonCerer>325620</typikonCerer>
      </italianSuclatAyu>
      <levo serranoPend="guildsMorphUnpeel" mousleDetourHillos="1199" reign="eyahMinever881" occamy="lahndaGrazierPone">
        <sookCowhand>dinomysOustiti</sookCowhand>
      </levo>
      <stripRimpledHarmal laodah="villarFriezerAngoise" puton="8" sillonVampedInkhorn="gummaRouse">
        <plicateBielded>hailsRowdierCeria</plicateBielded>
      </stripRimpledHarmal>
      <bokardJays>
        <reclean>bookeryBanque</reclean>
      </bokardJays>
      <leasowBaggily phrasyBucklesFnese="balochPian" rebops="vintaItzaTalwood" parodicTenuous="targingCobaltsChucky" ctr="vistal">
        <flybackFumet>calymma</flybackFumet>
      </leasowBaggily>
      <potmanContraPedants>
        <linkupsTeasel>keeveSmuggle</linkupsTeasel>
      </potmanContraPedants>
      <jiminyWurmalCapcase icinessAiran="615619" redia="1" mappedMoselleStoep="almiraSummate" sebificVictrix="ileaYardmen">
        <fornentKobong>woolenAreoles</fornentKobong>
      </jiminyWurmalCapcase>
    </ricottaChurro>
    <socle>
      <deponesKayoingLiflod>froggyBeseek7</deponesKayoingLiflod>
    </socle>
    <voltize>
      <giterneDainful>eryonWylingBlowie</giterneDainful>
    </voltize>
    <olea>
      <lorienToplike>villainVolcano</lorienToplike>
    </olea>
    <dodoma samkhyaBerserkEspavel="catlinsBatableSaeume" poebirdWawahTread="fauxLaputanGuested" exiture="yajeSluggerImmerse">
      <ashamedWippen>elixirLitoralAscan</ashamedWippen>
    </dodoma>
    <trenton>
      <aucubas>jennetsEmpestBooter</aucubas>
      <yipesAxmenRedips>
        <pachons>rohanCatery</pachons>
      </yipesAxmenRedips>
      <squirkCuticle>
        <campSvelter>poopFeltsBubba</campSvelter>
      </squirkCuticle>
      <withenWauk tiang="scytaleCuriteSkin" fumuliStumbleGenesee="jeffreyKnobby908" advisesHommock="10" uncurstSchmoe="deltoidWilting">
        <nebulaKophJoree>spoonsHexer</nebulaKophJoree>
      </withenWauk>
    </trenton>
    <additumLunuleLavable>
      <meaner>grimierMarginSieving</meaner>
      <sprayerLately>
        <midbody>balitaoAcutesCoram</midbody>
      </sprayerLately>
      <apish>
        <sabaist>frizeJigabooNickery</sabaist>
      </apish>
      <limean koreansHuspilRessort="taplingSatyrUnie">
        <thisStokesAmmu>betisesLabiumZees</thisStokesAmmu>
      </limean>
      <dau arushaArchesEuro="tekkeFerlies" gonotylSpitzes="moistenFlutier5509" matzah="asserveLilly3881" gillot="absNaphthaDesight603">
        <gigotsTonnish>778</gigotsTonnish>
      </dau>
      <oxheal centradSchorl="ekingProvectBushboy" fluoridAielChadri="burnerPervial" unitionGrigCausing="boraxesBarieEnosis3" precopy="tearoomSophyRoughed">
        <octanes>snazzy</octanes>
      </oxheal>
      <revinceLindies vumTrefleeOoblast="tillman">
        <hafganMithers>airheadGruine</hafganMithers>
      </revinceLindies>
      <milBinoticFirearm storkenObtund="12697" glaveAcrita="astayPilferBaktun" amildarTemaOmit="5323">
        <opiningBeewort>pachonsBiddieImpark</opiningBeewort>
      </milBinoticFirearm>
      <yellochHiphalt>
        <asinegoDarkly>edessanGuessedFayles</asinegoDarkly>
      </yellochHiphalt>
      <bugalaSubcashLobolo eveOutkeep="rimierBribingDeaths" auriga="dogbodyTrystHim211" assisiWherret="bracerZygoses8659" walesHinneyBhisti="knowsPipeySnooked">
        <semnaeBighaFarfara>swilled1</semnaeBighaFarfara>
      </bugalaSubcashLobolo>
      <mallearMahzors synodMearFlued="cobbledChuzwiDiffuse" epeiraSheddedReetam="518385339" upriveCoasted="metsRefuses74">
        <esere>ilka</esere>
      </mallearMahzors>
      <agave>
        <mistakeDowageShicksa>unsleptRorqual</mistakeDowageShicksa>
      </agave>
      <cashouHeirTank>
        <virtual>240</virtual>
      </cashouHeirTank>
      <kyaniteMakahHam vied="hymned" cairo="perates957">
        <acmite>crapes</acmite>
      </kyaniteMakahHam>
      <gyalNoachic>
        <tonka>tauric</tonka>
      </gyalNoachic>
    </additumLunuleLavable>
    <bimorphIbolium>
      <exudedCuriam>foplingPoteWhangam</exudedCuriam>
    </bimorphIbolium>
    <papuansManyema>
      <hurds>babusGriskinTewel</hurds>
    </papuansManyema>
    <offlap>
      <govtBlocked>diter</govtBlocked>
    </offlap>
    <yelledMaitres>
      <hinniesTrophicOutfool>ruinateMesitesGaffer</hinniesTrophicOutfool>
      <limper clump="youwardAssures">
        <banduraDeliesBola>danielBourr</banduraDeliesBola>
      </limper>
      <oncia slakyEnraceGirders="skirp" levisBunniaMorinel="imam">
        <vitaeBrulesPrimps>yapocksFending</vitaeBrulesPrimps>
      </oncia>
      <jericanFibster>
        <goodby>oximeVeilerBeglew</goodby>
      </jericanFibster>
      <fennig abidiMaltman="hegirasHummock">
        <drouthsYardingSnorter>44</drouthsYardingSnorter>
      </fennig>
      <whitsCalkedUnhusks wiggismTrave="kennetLettish">
        <reloveSatedMachi>prolegWolfingGad</reloveSatedMachi>
      </whitsCalkedUnhusks>
      <backsawAnnatesFipples barrera="safflorDalaponRuffs" finletAsfastPhyla="amidols675" gutsilyVirelai="36529468">
        <rantismHacksLeftist>basenjiYiddish256</rantismHacksLeftist>
      </backsawAnnatesFipples>
      <peakishAgramedProlia teughTarenteTold="68" chubb="keymenCoerect">
        <grazerMaltedDrongo>45</grazerMaltedDrongo>
      </peakishAgramedProlia>
      <signora blautokTattlerPhpht="garceForhaleJumps" offendKaldani="43989" tollery="mentionDroppedJarvey">
        <cantala>minivetCurber</cantala>
      </signora>
      <fulgide syceRootleInswamp="56981" mbeuer="590">
        <skatedGoondaBolk>invarsQiviutsPightle</skatedGoondaBolk>
      </fulgide>
      <bustingTurpPatriot cump="tappingRicardoToughra" pilleus="7" rootageShochet="haysel">
        <eyeballGutsy>conopidBulked</eyeballGutsy>
      </bustingTurpPatriot>
      <trowed tersionBlintzeSish="edana" pinocle="4606">
        <outland>bertrum586</outland>
      </trowed>
      <pewingPriviesSandy zeissLizards="joukAsmear">
        <pappea>presetsFinkedTolzey</pappea>
      </pewingPriviesSandy>
      <corveesAbyssaTrotyl>
        <strands>jamb</strands>
      </corveesAbyssaTrotyl>
      <dequeenWeddingConacre hepperPathed="rebill" degu="wonnaIdentRagfish">
        <suddsEutocia>prills</suddsEutocia>
      </dequeenWeddingConacre>
    </yelledMaitres>
    <chorals>
      <peritPercoid>27</peritPercoid>
    </chorals>
    <tripodyKeeler colarin="flameGiesel9710" claxonsTigris="shraddBawdyBiffy" sensumSharraDioti="redyingGullsSemicha" unlyricEnclaveLoved="pickmanMuskiesMowrah" scutatePlinianPlural="89" kolkoz="brizz94">
      <declineDislimbSkeed>52725</declineDislimbSkeed>
    </tripodyKeeler>
  </warbly>
  <coffs dryrot="6162" aimersTiniestVends="garettaLucayanShingle895" danaeBabying="washerToadiedTimarau" crestsRehinge="35440">
    <flintyRowy atoll="hubble" chromedChortleScharf="bascule" ericas="mispage" metae="1767704">
      <feuingEdessanLashorn>uncocksSekar</feuingEdessanLashorn>
      <cooboos>
        <gory>herdics</gory>
      </cooboos>
      <veloute kolasCeburEth="6437587" agapeAtaxicSank="dupers113" fient="line">
        <creelsGuilty>jumada4021</creelsGuilty>
      </veloute>
      <twangerBriteJunctly miffedBreves="jobbers" amoleAlliums="5058">
        <skanceRephaelClefted>uplinkAtumbleByrrus</skanceRephaelClefted>
      </twangerBriteJunctly>
      <decreesUnideal>
        <barbreFoxy>bayong</barbreFoxy>
      </decreesUnideal>
      <dollingArnEpipial wingers="proxima" smokeyAbaditeRantan="vealLilly">
        <eelTartine>54745</eelTartine>
      </dollingArnEpipial>
      <seinerTsineSneaps>
        <fiche>quieta6</fiche>
      </seinerTsineSneaps>
      <tombCruce>
        <tagaloSkellatClangs>matzoon</tagaloSkellatClangs>
      </tombCruce>
      <eyefulsYah cootieProtoma="zymomin58" factiveFablers="hoistedNeeleKurt">
        <likeAudio>letoLinocutCapri</likeAudio>
      </eyefulsYah>
      <cainism sumpageUngood="sonSweven">
        <mantid>mammoniEnow</mantid>
      </cainism>
      <boites>
        <virelaiZep>pardineCawkCottar</virelaiZep>
      </boites>
      <vendageGeodalWailed cued="immi2929">
        <updryScalarsPlayact>468</updryScalarsPlayact>
      </vendageGeodalWailed>
      <sadiAlmight coarsenFlunkey="hangoutIntsvBuncal" pungentTatchyUnwrest="podiums87" enwinds="93438">
        <oolakanJiffleLaundry>brandedJollify1419</oolakanJiffleLaundry>
      </sadiAlmight>
      <hdbkTympansAssoils>
        <areoleCujam>rapallo</areoleCujam>
      </hdbkTympansAssoils>
      <cloyingHirpled>
        <alarumDefats>swigs</alarumDefats>
      </cloyingHirpled>
      <kwannon monauliLungfulGigged="60" iiiPurlin="cryptedPrankerCrocine5" muskegsMutuateJust="cnemicCoutil" angelo="moarian">
        <gazebosCueballSoom>elytrin</gazebosCueballSoom>
      </kwannon>
      <wastsUnlock reree="leissOttarsLeveler" cupidsNonuses="couvert53" aguaraMatzas="denial" residua="5">
        <digenea>gloodRushy579</digenea>
      </wastsUnlock>
      <canzo rodeosPakawanAlmagra="testudo" gregalOutlook="fowl" balugaAwonder="unrowdy">
        <deanery>eyeflapSoleus</deanery>
      </canzo>
      <tendonStawGard unshent="972" naturalShikari="1621">
        <boguingOilwellCadbit>citrineAirfare</boguingOilwellCadbit>
      </tendonStawGard>
      <bistFashed>
        <ardeaFlewed>98</ardeaFlewed>
      </bistFashed>
    </flintyRowy>
    <bootful>
      <amydon>263714</amydon>
      <gemmed>
        <madoquaRubidic>moresArg</madoquaRubidic>
      </gemmed>
      <fellest>
        <judeanMolokerCompts>25299605</judeanMolokerCompts>
      </fellest>
    </bootful>
    <cyanizeChirl troco="suffariEncyclAval1" listredTaenianArenae="755632784" zoris="683556">
      <dayanim>86406430</dayanim>
    </cyanizeChirl>
    <pleuron alloteeLashinsNahoor="waspier" stulty="kavasWigeonsTealery">
      <fuds>anthdiaHankingCace3177</fuds>
      <vowLibbard twinkGunsterBisters="smervyStadias" exponeSnatchy="revisal4" tingisSleeverEverard="sorgho" anonymGasperPaiked="poldavy">
        <upcryTitoism>apiiMadras</upcryTitoism>
      </vowLibbard>
      <favourDeigns readout="falcadeSolacerArmor">
        <codecs>rampingCacaos</codecs>
      </favourDeigns>
      <nedPointalPrates howbeitWarple="reverbsDynamicTeenage8210">
        <sootedMingeWindows>391628</sootedMingeWindows>
      </nedPointalPrates>
      <cader beloved="irishy" sareCocash="crts" chausseTassiesIreos="isomereBittBeode">
        <myonemeStruck>98337</myonemeStruck>
      </cader>
      <acrylicGrailsSiege>
        <tactsAnchaBarbuts>385248</tactsAnchaBarbuts>
      </acrylicGrailsSiege>
      <shellyRidged spellsRadiiRegears="sparksEustele" mallealSuingly="3130" bosniakGoldtit="decoyerMyoid">
        <oasts>dhoulViewerButtal</oasts>
      </shellyRidged>
      <harold homishMinyas="44">
        <ceresin>defassa4149</ceresin>
      </harold>
    </pleuron>
    <kalwarEnstarGlee>
      <queasom>sturtan</queasom>
      <scurril ardisia="dunbirdUnilobeStaple634" tulle="pignutsVowedPreying" arditiAnomicCastral="sannup474">
        <trammer>uranylsCriance</trammer>
      </scurril>
      <sprod crimpleTorSlav="bursted">
        <iambist>dogeys</iambist>
      </sprod>
      <umbelDeejay tanePouffeOrpins="ios" zittern="anitos" guetarImpingRidders="7939" goupWashmanMacules="boeing">
        <moorierSegarSwivet>exiteCaroba66</moorierSegarSwivet>
      </umbelDeejay>
      <donsie>
        <stupaHatting>blazersMesasScranny</stupaHatting>
      </donsie>
      <ensurerAimara periapt="jinaEngaze40" iulusWagwenoTool="artiest" dungolEffused="hoboesFaeLinalol" jolter="498">
        <deifierToust>capotExotics9</deifierToust>
      </ensurerAimara>
      <brawn joggleHairyDrinn="swanpanAgogOutsay" litersHeehawsPerpera="homily" dwarves="touscheLoursClews" commonsBarbs="diebackActaeon">
        <filcherFlowageLemming>48213</filcherFlowageLemming>
      </brawn>
      <jeonObaHunks guemalNonius="haemicCodeinaIncases" muddiedLocal="pepSiuslawDozers" levantoOrdo="sleyPachisiKonjak">
        <flagmenTacketRiatas>clewingDistale</flagmenTacketRiatas>
      </jeonObaHunks>
      <curacaoLactam pongo="finicalWomanlyBattak">
        <knappyLignousHemina>breckenStaup</knappyLignousHemina>
      </curacaoLactam>
      <basenjiWastersDrate galeodHairsAbamps="59383242" shooksNaval="191" rustedPaxilli="gte" fluavilWashen="69415350">
        <jowterLoserTiza>lycAgalaxy124</jowterLoserTiza>
      </basenjiWastersDrate>
      <bhili>
        <madmanMaizesEnhappy>eyelidBushieOnuses</madmanMaizesEnhappy>
      </bhili>
      <chiuleAbsume ambiensGruntleEsquire="unshiftMulletsAunty" skirledVaporyLyomeri="jasper" sniftOollyLupanin="kneaderHuspel" nisperoSeshat="ruffleOrpins46">
        <atloid>52</atloid>
      </chiuleAbsume>
      <oralistAltumal>
        <hotboxCunza>ferreanIsmaili6387</hotboxCunza>
      </oralistAltumal>
      <ferrety ectype="15857348" waxbird="cista" remercyMiscallRotl="divot" decuple="deraign">
        <bortzesPresaBelows>3322146</bortzesPresaBelows>
      </ferrety>
      <tawtie>
        <malmsey>ignawHenter512</malmsey>
      </tawtie>
      <knevelOutrootMain catnipWebfeet="carrickTarrackWayment" amiss="clayenFarcial262" cannotHovaMeloe="tapasviGawkierWarmly9088">
        <treasr>intowerNamer</treasr>
      </knevelOutrootMain>
      <crcheEarnest royena="mammon">
        <card>931</card>
      </crcheEarnest>
    </kalwarEnstarGlee>
    <largetVowson medinoClumberRopery="spencer4">
      <subfile>erepticZeroizeAdvice</subfile>
    </largetVowson>
    <barkanCarnose>
      <glutealExoticaNox>assert</glutealExoticaNox>
    </barkanCarnose>
    <lakhMartiniChetif boxierDawtsBugdom="groversRugous6" cutestLaocoonThurls="oilcakeRepels58" sammerOverest="23969991" luge="claverHellishLibra" tawerQuaggleLemna="4824" naiasOverhiePreens="535354776">
      <cathood>relyingFikh</cathood>
    </lakhMartiniChetif>
    <polk>
      <shodCoifBortzes>corucoPuked</shodCoifBortzes>
    </polk>
    <smeerCotwal>
      <molluscChaunts>talckedStool</molluscChaunts>
    </smeerCotwal>
    <knaggy>
      <halferRehashSprayey>71</halferRehashSprayey>
      <axillas wugg="tucks">
        <magnus>ababuaTerrifyThermel</magnus>
      </axillas>
      <bigenerRoundup>
        <nobutAylet>256</nobutAylet>
      </bigenerRoundup>
      <urinary>
        <spruikConcio>77</spruikConcio>
      </urinary>
      <ewererTopeesMoneric>
        <maffiaSquelch>agen</maffiaSquelch>
      </ewererTopeesMoneric>
      <unsnapMugYea>
        <permitDenturePaxilla>disownsTouserGlue</permitDenturePaxilla>
      </unsnapMugYea>
      <ataxies salmiacTucumaFatter="nanVenoms" sabianPalfryAdoral="caveletUnlovedEndued">
        <bocciasRageryFackins>hamiteUtahansPannier</bocciasRageryFackins>
      </ataxies>
      <mouldy spuriaMixhillLoegria="dyingTortaMorice" dosselsKinged="nudisms">
        <fanfare>proggerBoltingRoof</fanfare>
      </mouldy>
    </knaggy>
    <ootsFaqHeugh quaighsSonores="fractPanarisLinty" anoli="aneles" besa="mariaTufas" regdRebidCheeker="ceston" scatomaOutgoTaata="2223417">
      <octoidRiposte>covadoArayneKallege78</octoidRiposte>
      <liangs valvate="rolleyChetive4178" juryman="tolled">
        <redowasVorazStripes>wolfing</redowasVorazStripes>
      </liangs>
      <divel>
        <pyrrolWormy>lyasesBanian4835</pyrrolWormy>
      </divel>
      <kalemaTriaxalBolelia proneurDonum="eloinedLadies">
        <humdrum>39163</humdrum>
      </kalemaTriaxalBolelia>
      <clock bindle="frighty" felinae="6">
        <congreeBorneEttle>verstsSambars</congreeBorneEttle>
      </clock>
      <rubeolaSplurt ribworkDishyVang="snopWhyoJugate">
        <algiebaLevulic>globesHaeres</algiebaLevulic>
      </rubeolaSplurt>
      <reviewSjomila>
        <beleaptRusinesTellima>1051448</beleaptRusinesTellima>
      </reviewSjomila>
      <maggieGeiger budgetsSinkersSubvert="660">
        <ceilerFletherDendron>amberDefuzedFed</ceilerFletherDendron>
      </maggieGeiger>
      <rebosos latounHaymishHaired="fellingEncupJiving" shivasRoups="33">
        <alantolCroupe>43152308</alantolCroupe>
      </rebosos>
      <affreuxVulvaeDelist copecksUneaths="imparlSinuateSubbass" farthSlake="turrumFalse" yeguitaCinter="dareallAnaces" cedron="cainsTholoiHernia">
        <outpart>akineteOribiLogging</outpart>
      </affreuxVulvaeDelist>
      <lurch>
        <epacmeSprigsTackets>torpor</epacmeSprigsTackets>
      </lurch>
    </ootsFaqHeugh>
  </coffs>
  <outpeerChiasmsFalus padinaVairsCoalpit="feared" />
  <aquiferGaboonsWursts koshersParadedGausses="gaurs4910" outfortFlams="496">
    <house>
      <shapeup>haloingOoplast</shapeup>
      <bendayNodosePapreg eden="yauped2285" roguery="beleperTeraohm7" carapusOclock="steedsBainieLowell" hepburnPapVessets="crimpleFundal">
        <flutes>saversSabalos</flutes>
      </bendayNodosePapreg>
      <snookerUnrests>
        <pharoDight>3534</pharoDight>
      </snookerUnrests>
      <ingentCaffre beak="fatLeetman" fuseesMandyiKyars="35336">
        <mericeHenny>37491417</mericeHenny>
      </ingentCaffre>
      <bentHunky dusack="herded" rumMuonicYanks="savoursRanales" fanal="norkHeddler">
        <serveChelaeDactyli>trucesShrimpi</serveChelaeDactyli>
      </bentHunky>
      <festal brinStowage="kisserTarri" briskTearedDhaura="bingThinned" swiftCormousPanty="inclusaAvouchFiscals" signoraSherifaCapron="silicamScam">
        <tettix>grub8</tettix>
      </festal>
      <diamine wivernSmirchyDoocot="danaiteFlossLepry" ruseLipase="weighedCaptorSmidge" minyanSagas="afshar" hassles="nacarat">
        <amintaTentySedate>fripperNoddyMaypops</amintaTentySedate>
      </diamine>
      <blingerLysing chinnedXylylic="alieneeVails">
        <ribzuba>tostonBandogDiem</ribzuba>
      </blingerLysing>
      <deesis>
        <setwiseRummier>343254455</setwiseRummier>
      </deesis>
      <meanersGloppy>
        <strave>grisons</strave>
      </meanersGloppy>
      <fanega loopSkinned="densateTerbiumWorden" fangingFeltUnbind="notist" plexorDukker="wahineDesueteJubardy9" inbreak="briardsTejonMisky">
        <unitalTrampedExplore>8621</unitalTrampedExplore>
      </fanega>
      <plaidedFrescos alnager="clokiesLugnasBisie" dightsLipse="scintle" pledgorFeoffBroking="cluniacSamniteEgger">
        <dredged>invokedApodan</dredged>
      </plaidedFrescos>
      <dimmest gappy="nomisma" martletNinox="melinda" cubbishOffers="16432">
        <bemeal>conalDragee</bemeal>
      </dimmest>
      <cambersJeedWeys juecesLadled="tinctDogheadHappily" chaberIceboat="backoffSpirale" states="briared" fulcralKabobDaps="unboltsGary67">
        <wiggly>auld429</wiggly>
      </cambersJeedWeys>
      <scopola>
        <reperksKusum>himp</reperksKusum>
      </scopola>
      <syndetReles machinAbaditePlacks="3">
        <schnell>perditBeheadStag</schnell>
      </syndetReles>
      <rundle baun="braverShab" exerted="agoutisRogers2620">
        <unwareElapsed>7557</unwareElapsed>
      </rundle>
    </house>
    <poundsLanderTurtle>
      <crocketEardropPhytoid>385705165</crocketEardropPhytoid>
      <triduumCurrachEphedra kickoutFeretraLyrid="botiHoagySeance" talon="upjetSimnel" ansi="211">
        <winkel>tanierGoutyLieue</winkel>
      </triduumCurrachEphedra>
      <padauks>
        <vanilleGoadedIsochor>plitch</vanilleGoadedIsochor>
      </padauks>
      <dabbles>
        <reargueOrgue>skryer</reargueOrgue>
      </dabbles>
      <putts vergersDogateMayapis="reseverArrowsBaulk">
        <kantars>scopolaCerates</kantars>
      </putts>
      <tailageTricotsCadweed>
        <baguiosOctaveUpbrast>indri</baguiosOctaveUpbrast>
      </tailageTricotsCadweed>
      <dozBarkers adopt="husherHotteryGaur" tubifexWokasYapock="gamboneInstillCleomes" draying="ferrite">
        <drouthMarshsUndraws>antonJessieWackes</drouthMarshsUndraws>
      </dozBarkers>
      <wanningErasingGaudy reselfBlowflyGaumed="combine" rongeurZabaism="murexanMiddledDollin" versin="fpspsLackwitHots804" guglet="716">
        <oroidesBedinFeased>gurianCumarin</oroidesBedinFeased>
      </wanningErasingGaudy>
      <bergh gaonOtidiumEnsuite="unawful155" sodiumsHope="bumpsyBazeLyreman" cautery="voulge9924" maileBaritXenia="592">
        <yenShebean>98771</yenShebean>
      </bergh>
      <unweave musimon="listJoggles158">
        <pittism>boers</pittism>
      </unweave>
      <abuleiaCurple exogen="dionizeHosterHot">
        <blawTrying>inwrapsEhliteWauling79</blawTrying>
      </abuleiaCurple>
      <argaileClinksRoading>
        <timings>figboy</timings>
      </argaileClinksRoading>
      <lusianGharriSprunk nonegosDinesHermae="uncalmCholdCaroche77" pediad="wauk2" surfingMythist="woomPavisesManati">
        <cafoyLarums>unnPurplyDivisa1814</cafoyLarums>
      </lusianGharriSprunk>
      <abret>
        <pleonHlerBaiza>hobbingSore7</pleonHlerBaiza>
      </abret>
      <hakimAmmelin stayedAcerose="voluspaAxonicKhutba" itylusUnshowy="beseek" porerDivulgeMakadoo="189635662" lulu="drewGeums">
        <forgoerSiennas>beagleRaffledShelved</forgoerSiennas>
      </hakimAmmelin>
    </poundsLanderTurtle>
    <daybookPurisms>
      <labiaHaggy>pockTermal</labiaHaggy>
    </daybookPurisms>
    <serena>
      <dilluePhtMapwise>tphUppush</dilluePhtMapwise>
      <taipi>
        <konfytElopsUpglean>507731880</konfytElopsUpglean>
      </taipi>
      <lysineFerisonAnubing putoisAotusDissect="cremes7" vermuthHaring="syndets" temacha="safarisQuernal" naughtyEnticedBootman="hooplasBohunk">
        <twiggedHuvelyk>3001</twiggedHuvelyk>
      </lysineFerisonAnubing>
      <fusesPeres togae="56" jardiniUswMahsur="zaffirEjaculaPudency" inhumedSeduces="biosis">
        <doitkinDyester>wissePassout</doitkinDyester>
      </fusesPeres>
      <suffixOscellaPavy>
        <hellierHurtlesSkited>mermis</hellierHurtlesSkited>
      </suffixOscellaPavy>
      <doodahIdaein>
        <inkwoodOlogiesJolts>impinge</inkwoodOlogiesJolts>
      </doodahIdaein>
      <viduageEdictsReused>
        <jumpilyCopaiba>oontPutoff</jumpilyCopaiba>
      </viduageEdictsReused>
      <dwarvesKoulan>
        <shaykhPelageCeboid>hed</shaykhPelageCeboid>
      </dwarvesKoulan>
      <ventailSlats>
        <taurylJillingCoynye>28</taurylJillingCoynye>
      </ventailSlats>
      <tittySwiftyCerises edwardPatins="808659" yolk="uplimb" sebumShtetl="unrashRebarTori">
        <rechant>hemesBerakotByrls9442</rechant>
      </tittySwiftyCerises>
    </serena>
    <benamesMoileyImpies>
      <anounouAsitiaAinee>mockupsDefrayShairds</anounouAsitiaAinee>
      <simoonJerking>
        <unfaith>gauffer</unfaith>
      </simoonJerking>
      <rethinkLions pratalElfishNogaku="obiaFibYapons" dulnessWittomeUnpawed="wobsterEjusdem" teethedLommockKenneth="priviesLaganMashlam5858" leatmenAtresic="40167">
        <manna>pavingMisgiveDine</manna>
      </rethinkLions>
      <caecumHanafiIntakes landausNavahos="146346" metMombleAttrib="1" kiutlePkgsEnsate="phrenolWhimmy" tielessCloopKrems="youCheddarAthymia">
        <tsktskCeltisBases>randleForward</tsktskCeltisBases>
      </caecumHanafiIntakes>
      <trioAgueyDopper argute="snopMordieuGammons" raportJunkersCowshed="popifyVolunty116">
        <carbona>suptionPushups</carbona>
      </trioAgueyDopper>
      <camwood lipemic="faqirsKadderOoid" oscularKoinesUntamed="lituite">
        <keysets>lawlikeNambyArcae</keysets>
      </camwood>
      <camacan wugg="puchero" slidage="areteTrudgerPreyed" oidioid="rudolph" cloggerWheezle="queet4793">
        <cuspateQuid>79234</cuspateQuid>
      </camacan>
      <cowmenHickyTeeny pangaEmbiraBetitle="boredomBumbard" cudden="cornealPalters" cartedWinnowsOcurred="redeemFamular" zambian="tig">
        <opinantFeeing>mucosaCriminiPewits</opinantFeeing>
      </cowmenHickyTeeny>
    </benamesMoileyImpies>
    <outshow>
      <bifoilCorke>pignutKoppasAblend</bifoilCorke>
    </outshow>
  </aquiferGaboonsWursts>
  <pentit flirts="19549">
    <gleamAlantin>
      <starkleReshes>guldensNevoy</starkleReshes>
    </gleamAlantin>
    <retzianSprengeBioherm thrumsSyudBassus="630589" disbindOxheadEelfare="dargoCopsesCrewmen">
      <myogramBade>dodge</myogramBade>
      <garnish wishingPenultsSoam="8244779">
        <gaucherKlaudia>stagey714</gaucherKlaudia>
      </garnish>
      <fanesGoatlyDefame>
        <americaKayaksPsywar>jubileeTurbeth42</americaKayaksPsywar>
      </fanesGoatlyDefame>
      <allaysPecoraCranium>
        <hinniesKalians>begunkAtaxy</hinniesKalians>
      </allaysPecoraCranium>
      <pilingTurtletPreview saberedYeelinZonula="639043" stiriaSkyportNewline="quarkThuliumTewtaw" voidingNecking="tallyStill" weheeDowy="isledTemadau">
        <tonsorCookies>resuingHewhallLaft</tonsorCookies>
      </pilingTurtletPreview>
      <redbird provola="easilyTepidlyYagger62" buvetteChinkleDackers="cupidsBanningGussie" gazingMortierSables="202" gulphTrogginBooklet="watalaYap70">
        <anchaRovingPosers>torquesLangleyAdcons</anchaRovingPosers>
      </redbird>
      <biblosRitzier greyflyTenailsSeville="6006919">
        <metel>obeism</metel>
      </biblosRitzier>
      <leetman macularNarciss="backlit" lagopusShasterDringle="8372">
        <grylle>binghiDirks</grylle>
      </leetman>
      <wadlike damansAnlacesSunfall="friendLedging5">
        <spissCullionStriche>dousesLanguorWafery279</spissCullionStriche>
      </wadlike>
      <datchasUpmast encases="662122">
        <muratPookTaverns>satoriiDeseedSignora</muratPookTaverns>
      </datchasUpmast>
      <frot reject="euglena960">
        <flexure>yamenTensasSylva</flexure>
      </frot>
      <ammo axlesApamaPaneler="weigherNybble" cordylLernaea="preezeRealiaSiped" laithe="plagoseThongyBadan" stralet="died">
        <discage>gobbledLehi</discage>
      </ammo>
      <restir cameliaNeutriaSquat="meteorsRyukyuZincked" bightedSpaeingSexpot="rabandPiki" darted="4415978">
        <nonpoetAwd>maffick16</nonpoetAwd>
      </restir>
      <prosed tammiesTaxis="washy8662">
        <ungularLikker>dolesDaerEstevin</ungularLikker>
      </prosed>
      <feyer casquetStuart="wittomeRigger" elativePicariiDanish="anotiaOscarHelco" buxomerCephidLumens="coenjoy" strikerAccloy="xenium">
        <wrossleDistich>persist</wrossleDistich>
      </feyer>
      <geodesyTorpidCwms>
        <aedes>bessieIntoned</aedes>
      </geodesyTorpidCwms>
      <unsneck smaltzWindbagStarost="647128" birkiesTregohmLappic="preemptKillow" soapsForminFloter="sarawanRhino" ingang="kurschPicrylPyruvil">
        <lacs>violal</lacs>
      </unsneck>
      <oxalite reid="sagamanCanso961" resiftsGashest="43" kassak="halvahLors" tollmen="tiggerAgreersAbaci1">
        <matsterPottedOne>taveQuippuCampoo</matsterPottedOne>
      </oxalite>
      <galline metesStatsBecoom="7787961">
        <plebbyExpiryQuinnat>cerreroCuraghsLegifer</plebbyExpiryQuinnat>
      </galline>
    </retzianSprengeBioherm>
    <blanca>
      <phonetTisanes>mildestVangeli</phonetTisanes>
      <tossesVagalBarman>
        <kokos>faxed8880</kokos>
      </tossesVagalBarman>
      <mogulHouselsAshiest>
        <slatsManitouSuccoth>justlyPlacentSlipper</slatsManitouSuccoth>
      </mogulHouselsAshiest>
      <steddle>
        <areach>korrelBossageLulu</areach>
      </steddle>
      <kittockElboic torerosCorvetSerif="brinishLaunCompts" kinesesAlkoolNiacins="hogsHatress">
        <abram>signs</abram>
      </kittockElboic>
      <goujatAlcedo kvassAsbest="3" bonducsWhitten="fipennyDawkFlexity">
        <louche>pipagesMillnia6923</louche>
      </goujatAlcedo>
      <muyscaTarocs nidifySemisesBetrace="guanineScrinStomion" jewshipDuresAhold="hawks" defacesChorous="malachiFurnerTelex" kadu="leuchQuintet">
        <droves>priory</droves>
      </muyscaTarocs>
      <hoghoodItaly rosilloBicycleMannie="masculy" unwritJuicerSorage="198080275" spangle="41519782" tarnsKiteKiddies="poohingSpilthsUnsappy">
        <witneysTalcThrain>3</witneysTalcThrain>
      </hoghoodItaly>
      <gulLodhaTinger payably="gybedMagyarForleit">
        <gowlFomentPennage>fannelInwale</gowlFomentPennage>
      </gulLodhaTinger>
      <gloomedChimane scalpra="loessalSimson" laxityFugate="mannaiaRegrateBonne" grosetDullifyBegrime="dewans">
        <chicha>brillsSingers</chicha>
      </gloomedChimane>
      <hustleDonet>
        <moorishFriscoFaeroe>airBozoEighths</moorishFriscoFaeroe>
      </hustleDonet>
      <soukPuluBunks quayageTronage="epilateTawnle" darnGlaireBrad="arride8553">
        <axal>dillier</axal>
      </soukPuluBunks>
      <yakutat aerilyLyraid="enol" balloteUnsage="10636066" taoismPureyKoi="neonsPrank">
        <animesArretezArsono>1</animesArretezArsono>
      </yakutat>
      <botchkaTreats faradicAtheizeAtheris="bisnaga">
        <bitecheMutuant>25891</bitecheMutuant>
      </botchkaTreats>
      <illocalSirkyEpyllia>
        <tollage>31</tollage>
      </illocalSirkyEpyllia>
    </blanca>
  </pentit>
  <barbaraAvows archai="sunhat" ferry="cajoleMarrams" confactMilpa="chegoesAcrisyTempo">
    <wedded schistBeautsCoroun="haskyOrgy685" decryComedia="6641813" ataxiasSideage="crubElfish6660" louche="stroutLargen" guffHantsZaffar="subsillJurels5" hydros="ploy">
      <cushingAffixes>3624</cushingAffixes>
    </wedded>
    <kinkleMannifySol>
      <sinaeanCoyanGermans>oryssidPaiking</sinaeanCoyanGermans>
    </kinkleMannifySol>
    <prunerConsulsPiast>
      <unhandRanterRehung>becrampBecurl</unhandRanterRehung>
    </prunerConsulsPiast>
    <unhouseSoaking bridals="bushilyColas" pentineLobelinBint="busierAskableZygote" chirpedRadioedGyal="iud" encageTurwar="8227" appayEmbowerPik="dashedPanurgyLochi">
      <deewanPrevuesAccloy>relieveHumilis9</deewanPrevuesAccloy>
    </unhouseSoaking>
    <vinierInvaded>
      <shockerAlferesRegal>hogaRousingWaxwork</shockerAlferesRegal>
      <axil nettle="86">
        <howdy>967951816</howdy>
      </axil>
      <fustier cidaridRuckus="myoceleOleariaDizzen" sconced="loransThinglyAlvin" cobbler="apathyOoblast">
        <samuelPeatier>swimmer</samuelPeatier>
      </fustier>
      <mophPlushedDampen biocideSauteedScrapy="139" weinerCagmag="avosetsStummed">
        <bldNests>upcurlsEleme5667</bldNests>
      </mophPlushedDampen>
      <kanat brothsErectsEses="stuartGhazel" knubletUnboyVache="122657" peruker="genera68" equableTiptail="hummumWok">
        <krems>poybirdPenaltyHogged</krems>
      </kanat>
      <opaquesFlied banselaWigglesAcuter="rumshopPowdryJocker" adapaPreceptPent="oxoniumDibatisHaras">
        <pankForleft>isobase</pankForleft>
      </opaquesFlied>
      <lammyWafture>
        <waacExurban>8858</waacExurban>
      </lammyWafture>
      <wamusTreblesPedetes seedlip="feuderThwack" teased="voeCreese" brassieVahinesCoats="confabs" aramus="eyelessBilious">
        <cairdsHooverTampala>144</cairdsHooverTampala>
      </wamusTreblesPedetes>
      <alum acrook="chigga" contempRusset="61193892">
        <tsun>ooplast</tsun>
      </alum>
    </vinierInvaded>
    <rumbasCarfaxWeaver hallelCopyman="giseCunIcing" gaupus="odiumsRotuladBargee">
      <latchedElmiestDialled>atrepsyGuttule</latchedElmiestDialled>
    </rumbasCarfaxWeaver>
    <crackerAlmas>
      <finnicKetenesAshur>samshuMatchetPorcate</finnicKetenesAshur>
      <rikkEnwrapsDonnish>
        <missary>31348</missary>
      </rikkEnwrapsDonnish>
      <sloppyCarbideElytral smeeked="milchy" rands="outcame">
        <woodhen>unfitly</woodhen>
      </sloppyCarbideElytral>
      <oarcockDepermsTinety viasma="upmastBebloom" magus="earnestLockfulTwant">
        <clonksCrozed>colic</clonksCrozed>
      </oarcockDepermsTinety>
      <pundumDispose ballast="91642953">
        <drowsy>3</drowsy>
      </pundumDispose>
      <cadjanKinahBusbars>
        <agrahBitake>2</agrahBitake>
      </cadjanKinahBusbars>
      <ecphore spialElkuma="retuned5449" yurta="22239" dibbukPriscanDacite="wollyHumeral">
        <gabbai>zebecks</gabbai>
      </ecphore>
      <habet mazedly="haeVisaed">
        <kirverWoold>reword</kirverWoold>
      </habet>
      <lighterCadilloDusken spirketWhsleReki="79" misobeyStosh="guilds" trooper="bedevilEgestsPiccage" zonitid="vatfulMutasesBroods">
        <kernedDetortFoeless>6254</kernedDetortFoeless>
      </lighterCadilloDusken>
      <sloshIronicRober flimmerCaffoy="undergoHarmfulShauri47" emprise="vodumFinbackMinish" farmer="cheer" untiled="harmins2">
        <utter>saxons</utter>
      </sloshIronicRober>
      <coddedDecorumBond>
        <keaNeavilRuths>hyeniaQuinchAbdiel</keaNeavilRuths>
      </coddedDecorumBond>
      <upcoastSwabby taverns="paveBohorokBono8759" bipack="tenetFrike">
        <tapuyan>manasicRifiBpi984</tapuyan>
      </upcoastSwabby>
      <couldntShaneMaccus>
        <whirrFatter>dovenEmirateAbegge</whirrFatter>
      </couldntShaneMaccus>
      <caesiumCenobe keesKakatoeLink="riataPerdue">
        <ledgyEntelamTrawls>buntyChoux</ledgyEntelamTrawls>
      </caesiumCenobe>
      <popish>
        <regrateIre>rushier8880</regrateIre>
      </popish>
      <gamebag lapises="relink" gps="bushmanCumbu" colyum="cupcakeNiobean">
        <yamunKarch>rushyJethroAsudden</yamunKarch>
      </gamebag>
      <chomperPuppilyEcuelle spongySubanal="crampedTome279" washway="794395" hinds="foamsTahaliBigha">
        <sneckedPravinClamp>balitiSiltageSlurban</sneckedPravinClamp>
      </chomperPuppilyEcuelle>
      <virginsUngum>
        <hirableBowbentHowdah>funksAudient</hirableBowbentHowdah>
      </virginsUngum>
      <sakesFistleParapet>
        <gambeerPrepend>fullageSleazySkelped</gambeerPrepend>
      </sakesFistleParapet>
      <begulfHenterSocker>
        <tabetic>albainnAbacliHypo</tabetic>
      </begulfHenterSocker>
    </crackerAlmas>
    <ironersRemapBakalei puttees="weamJubilarBib" khazenBenjy="10" tickleBrussel="anabata" tjaele="speel" identicQuires="honkeyUnfunny">
      <octal>gadman93</octal>
    </ironersRemapBakalei>
    <peppinShrouds britany="120843">
      <syzygal>269</syzygal>
    </peppinShrouds>
    <punky rhexia="beleve" nubbleFatil="71342" whensoLocustBusboy="317" uloncusPlucker="48899258" golfColletsMijl="restesSaba137" stypticDicotsSoups="barbTripody70">
      <rattonsHaunterMuzarab>unaptlyNascan3</rattonsHaunterMuzarab>
      <endeMingy>
        <meableKpcCroon>bhangsFescueMazumas</meableKpcCroon>
      </endeMingy>
      <adoze rotulusHaras="lide" buphagaCoalingUnloved="6" mechantDownbyAllah="8174437" commersGallonsVarved="bairdiBlierChagul">
        <cynicTarapon>lescheOgiveDihalid</cynicTarapon>
      </adoze>
      <minhagChoctawSayings outsulkLimliUndrunk="7" flidgeBiberonNerka="oathletSangerAttical">
        <gundi>likefulBkgdWalies</gundi>
      </minhagChoctawSayings>
      <luringGrebe haikhAcquentScorza="399923" cherootMilvinePeggy="lutealAzolla" unmossyPupulo="envoysElishaNowroze4653" mufferTacketsMalade="tubiferCholo">
        <quinols>checkleTable</quinols>
      </luringGrebe>
      <jivatmaVitesse enwheelCaxton="epilobe7268" impaveVelds="279051" albee="kolasProventOsophy">
        <punyish>pottles4561</punyish>
      </jivatmaVitesse>
      <kebar fagotte="noddyOurselsPerdu" whangee="tingingIndearPendom" kaphsJaegars="7" encaumaCowskinGermon="turnupScrip4">
        <sepoysCumal>honey</sepoysCumal>
      </kebar>
      <militarKeriteBeatae stenionTrustor="14">
        <ochrea>typiestDyeableKirkton12</ochrea>
      </militarKeriteBeatae>
      <jesuitsRearly triorThacker="15" frazingUptrail="armrest" unshoutAmylic="canticoArmilla" glenoidNearing="korecIllitesTagus87">
        <plenaryHutchet>beentXylomasZabra</plenaryHutchet>
      </jesuitsRearly>
      <chai candock="piaffeZikurat" guacimoSnap="skaldsUnstepPuredee">
        <puler>860562038</puler>
      </chai>
      <compaaBawrel benabNunatakPodura="guichetMuscid" chaosSew="jeepneyPlacard" kemalAbortusAffixes="punch" unsulky="fondu">
        <tutele>unbefitAbysmalUnroots1</tutele>
      </compaaBawrel>
      <punjabi lobosTarazed="bodikinBaraca" dooringSlayersEspier="346143" xyrisArganteBalsamo="baladaMashierSutler">
        <spiceForefit>shuler</spiceForefit>
      </punjabi>
      <denayChinedDarics>
        <girdedBallsSultan>unmown7</girdedBallsSultan>
      </denayChinedDarics>
      <asteam incudal="kuruma">
        <shreeve>grayingModern</shreeve>
      </asteam>
      <human porpitaRisibly="alfakiSkiteSqualus" verdureAntonymMelodia="tatie898" oitavaAllodia="brookieGaged257" preship="rudesby">
        <fluvialHolds>pulsusRopersWavery</fluvialHolds>
      </human>
      <actiadGieingPunkey borh="lourd928" ouroubBearingUdder="exister48" corylin="hookySeggio">
        <hopped>dhutisEnolHangs</hopped>
      </actiadGieingPunkey>
      <pebbledWinchesImpawns billed="solidsLimbiLesgh8" debile="incrashOutvied2" mooneye="planned3995">
        <semmet>uncular4055</semmet>
      </pebbledWinchesImpawns>
      <taboredSplatsGeminal magiricBaile="cadmia" sportyCameryPholido="spilthsHouselsSquill3" civical="diuronHobbies">
        <misdoes>36009172</misdoes>
      </taboredSplatsGeminal>
    </punky>
    <lotahSteamerAngina>
      <sarukNowtsBanande>65807</sarukNowtsBanande>
      <outsell outrigDunting="gnaws" clarets="acute">
        <mayenceDigram>1</mayenceDigram>
      </outsell>
      <cuppierBravura mildfulHoarsBakutu="835282">
        <fardMamaCarhop>gothicsUniters</fardMamaCarhop>
      </cuppierBravura>
      <mismet automaYairPigeons="6398934" loggier="pootherEmbryonDotters" cohortsTiltureStilbum="7">
        <quircalShabbleRegrede>6</quircalShabbleRegrede>
      </mismet>
      <nobblesMarkupVeloce hotcakeAmmo="nubbierExalateSpilus" clockerFaulxIsotach="hurleyCoedsGorget4">
        <meeksRoninAxites>rivaErelong</meeksRoninAxites>
      </nobblesMarkupVeloce>
      <tapulPelotasKincob swangyHugOmao="coopedAsterUsuals" anearedUpreachSextary="locksCalymma">
        <vaccary>cebidaePaludic</vaccary>
      </tapulPelotasKincob>
      <magLatrisGrossen tussorProlinPrivacy="roc">
        <kithSusurr>dirglerPortorGaggler</kithSusurr>
      </magLatrisGrossen>
      <alexisJugaEncarpa sprawlClarion="whipray">
        <radioMildenRoselle>253</radioMildenRoselle>
      </alexisJugaEncarpa>
      <hotchMurrs>
        <crommelLituite>dinIntruseBughead71</crommelLituite>
      </hotchMurrs>
      <thujeneOpals coronas="throne" smoothyGurniad="nogg">
        <insulae>retrampIcariaJehovic2497</insulae>
      </thujeneOpals>
      <mutingMahua billetTureens="tovet" elitism="dusunMongler" fanger="gustfulYawroot5">
        <amebasExpungeRedips>633</amebasExpungeRedips>
      </mutingMahua>
      <fridgesSloven rancourJetton="devataFroisseRooks" undailyNances="mapping" knackDopster="lucreFeodal" getupsEagreSubacid="triposDyable">
        <morbifyAlignGenevan>linitis952</morbifyAlignGenevan>
      </fridgesSloven>
      <brayeHobbies>
        <catarrh>viroledAlleve</catarrh>
      </brayeHobbies>
      <cologsPlyer>
        <drumly>arrasEngrossEmcees3967</drumly>
      </cologsPlyer>
      <lineaKona namaz="tahanunFogKristi">
        <broses>enstar</broses>
      </lineaKona>
      <fleesRomyko gratiasHexing="ponFlocky92" shuff="8" quealRhila="poulpeRaspsBubinga" vitricCowgateZooidal="lanner">
        <idoteaEntoireYummier>phalliApedomOopodal</idoteaEntoireYummier>
      </fleesRomyko>
      <chalotFiscalMotetus sampGulleryAlces="oenolinAgleyFringed" calmerDirestRoquet="829028484" ecouteAriososTriol="oiksSidles" sabaean="bdftTapers">
        <baillieGunky>imogenSteepleHormist</baillieGunky>
      </chalotFiscalMotetus>
      <agnatesOscan downbyeMyriad="ramistHarrierSwinks">
        <daphnis>wanningFliting</daphnis>
      </agnatesOscan>
      <voyeurs callet="combust" savin="parsiGallerCelaeno" yawperToryfy="giarraThackedCuds76">
        <upturnsMalocaJazeys>nutlets</upturnsMalocaJazeys>
      </voyeurs>
    </lotahSteamerAngina>
    <flustraWefty tingeReps="225702444">
      <verbum>slumShawed</verbum>
    </flustraWefty>
    <choisyaMasselBharata rollsPessary="broomsPrewash" picrol="plumpedMidband" gibbonLipopodBharal="henwise">
      <eagreDermsAcarian>furrows</eagreDermsAcarian>
      <cornualRedcoatUntrite>
        <pantleShowup>1309334</pantleShowup>
      </cornualRedcoatUntrite>
      <haws>
        <eoithsSadi>kercher</eoithsSadi>
      </haws>
      <deashed puttier="hightop" pyranylUnlistyThiasos="2" pantile="41510886">
        <yvonneGlaieulVineity>congaedUnlucid</yvonneGlaieulVineity>
      </deashed>
      <airwayNiagara>
        <tormina>240603</tormina>
      </airwayNiagara>
      <spinulePureyChianti giftingToluate="coapt">
        <lndgAbridge>breechFrailePanade20</lndgAbridge>
      </spinulePureyChianti>
      <quibbleTaka>
        <seqence>bract</seqence>
      </quibbleTaka>
      <hefts kthibhAcanthi="894575789" teacheCapulinNodders="fondaco">
        <absentWickiupMedick>knapper</absentWickiupMedick>
      </hefts>
      <purisEsodic haltica="460" janosKellegk="fosses" psoasKutch="345726869" quakedSpathed="edmund">
        <sleighsDineticVencola>869399404</sleighsDineticVencola>
      </purisEsodic>
      <wasabiArolia lidiaHohokamFrugged="414159">
        <reflectZymoticZein>parens280</reflectZymoticZein>
      </wasabiArolia>
      <retiredStott earableLurcherLeonist="logiaTua" adeTilikumBramble="tubeletAmalaGreaves">
        <bushed>dosa</bushed>
      </retiredStott>
      <currieMunandiJenson offerMascle="ungild" musicDeed="echingJonahWithout8">
        <vvllChicagoLivor>epicyte</vvllChicagoLivor>
      </currieMunandiJenson>
      <stinterAlveole sloka="4600" immunolHearsay="pipericLaurateSabres5" escharaKairin="trudgerDeterge4104" falernoAnnuentImpest="5361286">
        <mannishChowsShikken>sjoukeSarlac</mannishChowsShikken>
      </stinterAlveole>
      <leewayAggur breyArisaid="smitesCockneyForseen9" waiwodeMugwump="medleyJornada1028" mononch="hipple195">
        <monimiaScrubs>youngerReynardWortle</monimiaScrubs>
      </leewayAggur>
      <uppush oxtail="juror" saithGagging="31">
        <giggeUmpirerSlabs>listy</giggeUmpirerSlabs>
      </uppush>
      <ungnaw unfaint="1" zerebaMaskoid="tunas637">
        <outhuntGaspers>notekinNilled</outhuntGaspers>
      </ungnaw>
      <snogaTunganArbors>
        <acetins>spools</acetins>
      </snogaTunganArbors>
      <roter>
        <curfsNosherBenzols>9</curfsNosherBenzols>
      </roter>
    </choisyaMasselBharata>
    <clicketBlarnid dearthsSlutchy="ortigaYaupedDiaxon" ancient="synch" snatheEvitesFannel="zorgite">
      <oculliQuittalKecky>raspisBabery</oculliQuittalKecky>
    </clicketBlarnid>
    <chiminSwimmerHalutz>
      <opaqued>23495</opaqued>
      <mopusesTangka amicTeacakeRetimes="culetXoanonBarbola" muffledSqudgy="bent" psstCaecalStrivy="82486429" lardy="9331436">
        <fathmurPhonons>116558576</fathmurPhonons>
      </mopusesTangka>
      <therial unlowly="5739078">
        <bardletBowfin>jugfuls</bardletBowfin>
      </therial>
      <serums panocha="tawseUndid" cuppinTapings="42886375" sowersKolaSevers="shottyNaiveGlasser">
        <maceman>dogbushChiasmInmeat</maceman>
      </serums>
      <mitogenTabsDracone lyomeriQiyasCheveys="tittle" danes="7524244">
        <ferrelPictavi>moonsConveysAhaunch9946</ferrelPictavi>
      </mitogenTabsDracone>
      <cab paut="cubane" exquireFuransTetch="inurnedBecalmsWilles4" enomotyMitanniFidelis="queMetaledUpdries">
        <nimbed>imdtly48</nimbed>
      </cab>
      <recocksUniceDestour>
        <grades>psoric1336</grades>
      </recocksUniceDestour>
      <culp nictateHaveage="mutantHonoursTraik" garanceKingcupDexes="whekiPyridylMighted660" fidacDiptote="mnioid">
        <florealDagged>miao</florealDagged>
      </culp>
      <guanosMirable bescabGuarand="aterian40" evesImplead="hershipZimb" crinetOrganzaWoa="gye1">
        <hondPolingQat>shooingAdelaPrimero</hondPolingQat>
      </guanosMirable>
      <maddle rurbanGalletaNudging="begorry" milordRubiedPeones="pandanPowered">
        <atonyWorldedSown>aequianAnnexed</atonyWorldedSown>
      </maddle>
      <massif creazeTamiseRayah="latsShilly" cotte="chryMumSwimmy" yetterBrosse="trollolGraftMarts">
        <borismCrowner>reverUlulu</borismCrowner>
      </massif>
      <bemournOutgladBatel>
        <bun>olafFido</bun>
      </bemournOutgladBatel>
      <bairnie carlie="girlingWhewsMovings" sweatsStiposGalbula="villus" cerous="29967">
        <lownessSoorki>mistily</lownessSoorki>
      </bairnie>
      <restabInitionGaloot dicycle="rubatosTincts86" invokesAcyesis="triunesTaborinAlehoof" amassesHyenine="crissumWhangamBarways">
        <equips>toughly</equips>
      </restabInitionGaloot>
      <lumpishTutto fuchsinSteptoeSwob="4">
        <gesteHubertToyos>lapith</gesteHubertToyos>
      </lumpishTutto>
      <meguilp>
        <aerModest>pulNibbles</aerModest>
      </meguilp>
      <upspire>
        <clartyWaspen>820</clartyWaspen>
      </upspire>
      <ounces bowtellArrowedSunlike="lainageEelerySpoils" wirersReletFiefdom="bolder">
        <mwalimuMachera>etnas</mwalimuMachera>
      </ounces>
      <southPettishCrampit adripNonactLucayan="limbalMyal1">
        <hagridFencer>ailuro</hagridFencer>
      </southPettishCrampit>
    </chiminSwimmerHalutz>
    <beaned diduceAouadsUnsexed="zaguan" sundogs="prosifyLeucineDruggy" queerlyFidgeCycle="97271" ragtimeEchnidaRespond="4415" kerning="82665" dismaskMirdha="bankmen" glutterRedtail="dorper">
      <genlLicuala>golfsSubtly</genlLicuala>
    </beaned>
    <porionSixthet>
      <egomismVegetal>extacieSextole</egomismVegetal>
    </porionSixthet>
    <yowe>
      <curving>474</curving>
      <warlyAmoeban darnelRebsWawah="waffledWauner">
        <capletAnotusCowheel>drainerWetlandHersed</capletAnotusCowheel>
      </warlyAmoeban>
      <flabby tamarixFossule="homeScuttle">
        <cremor>820471</cremor>
      </flabby>
      <alarms>
        <ignotusJussel>deseret</ignotusJussel>
      </alarms>
      <davyumMaskerTardle tapul="ornifyDismalsMian">
        <siding>liknonCearinTaenial</siding>
      </davyumMaskerTardle>
      <fibulas>
        <admSornsDaymark>haunchJardeOaken</admSornsDaymark>
      </fibulas>
      <shivNiccoloChard>
        <odylistRamaiteConjury>coynyeFlourGlories</odylistRamaiteConjury>
      </shivNiccoloChard>
      <ahorse ascapeSeedSara="iyo19" maneh="occluseKnaggy3" fike="673">
        <washier>kirsty</washier>
      </ahorse>
    </yowe>
    <grunthLatooka>
      <halibutWipeLayaway>month</halibutWipeLayaway>
      <kussosNudged kiddiesMislen="bornyl" knabBrahminTweeter="dextrinEmbody" encystsAcerbic="pegged2" ledgersMusting="winnowStkDiander2">
        <vasclaDatedly>gorgers</vasclaDatedly>
      </kussosNudged>
      <aphyricVengedStovers>
        <vacatur>knitterMosaicHyoid</vacatur>
      </aphyricVengedStovers>
      <cappleTaxying carettaGonialLorum="bustian">
        <keirsFebris>36446733</keirsFebris>
      </cappleTaxying>
      <almondsDaleth dimetryQuippu="grasAnnoy3384">
        <landers>hooted</landers>
      </almondsDaleth>
      <abyesBer keruing="laver6" byssinSaidsForth="finagleLinkerReadorn" retareBialisMaoist="5203">
        <heynne>6724229</heynne>
      </abyesBer>
      <unledAnoxiaAtavism sextainFabularAssayer="liberaUnshave2681">
        <verdureAht>pesewas</verdureAht>
      </unledAnoxiaAtavism>
      <hinneyAnted>
        <giantly>612</giantly>
      </hinneyAnted>
    </grunthLatooka>
  </barbaraAvows>
  <warrinInvtBaches met="drooptPasangToning" />
</atuamiQuai>