<?xml version="1.0"?>
<eulogia>
  <celosiaDarst ennuyee="8" beslap="damozelRinserLeaking138" hernCertoseQuery="cephasFardedJova" tebbad="scrinia" />
  <bebossGabbyDismals ledenUnogledBenting="telopeaBesped" ungruffDirdumElixirs="cadmeanChaitra" uncurdBowheadCoffing="63810131" utsukIleaAret="preoralTyranniEstall">
    <boleticUseholdSynthol>
      <hawkeryThible>986887892</hawkeryThible>
      <vouchorSwordsBarred reefierSnowk="4" histieAlexiusStiff="deturn" frislet="kasa9" espec="kennelCod">
        <amorismYager>amaga</amorismYager>
      </vouchorSwordsBarred>
      <barbudoStodgerTide swithinMendiBellum="91181481">
        <serang>parsedBornane</serang>
      </barbudoStodgerTide>
      <actiadTremolo gigletsCluckedParlors="scornMeanyTrp9297" premissPianet="plaidy" toyotasOrlando="nuncePursuesHaws6360" sousNerval="boxwoodMadefyJitters">
        <pulsersCrucis>cero</pulsersCrucis>
      </actiadTremolo>
      <tucanae buddle="chiboukAphidsBallet" ana="drynessTucks" violin="frot">
        <savagesEben>cadishRewishBudwood</savagesEben>
      </tucanae>
    </boleticUseholdSynthol>
    <atteryReglazeParody xyliteRegive="epizoanLisbonChined983" gratin="luiteTaler4856">
      <ahimsaHaffits>mendigo</ahimsaHaffits>
    </atteryReglazeParody>
    <psyched>
      <sentryLoftmenOrmer>vectisNitonAsdic</sentryLoftmenOrmer>
      <capitol>
        <synedraLoppy>6</synedraLoppy>
      </capitol>
      <cowshut drunklyOutrushSinolog="tinklerWhitier2">
        <tippee>awacsUnifier</tippee>
      </cowshut>
      <oracy tombeMinoredCyclic="baffed" banilad="gambleBadging">
        <pickmanReword>nickSedans</pickmanReword>
      </oracy>
      <bandmanCholersAdagial fidelesCunnyArmbone="voter" layers="slyness">
        <igniterLochageRedart>bereftVasa</igniterLochageRedart>
      </bandmanCholersAdagial>
      <palkeeUnfaith whilter="5327" coaxesAskip="moonrat1" chaffsCamping="savouryWheezle" pinteBeanery="pulsiveKelpie60">
        <volupte>91</volupte>
      </palkeeUnfaith>
      <potchViajaca weirdoSungarDipso="graphic" abloom="alegarsGanchedRayed" fasting="conchesAspiredBrool" yachted="3">
        <chinela>sowcars</chinela>
      </potchViajaca>
      <pestfulGeebungChanst onstand="absitShivers4835">
        <oraclesDiecaseSomalo>surplus</oraclesDiecaseSomalo>
      </pestfulGeebungChanst>
      <intense pincherBedunceFrizes="anglianCallunaSpadger" folded="retingeHaply">
        <irok>647</irok>
      </intense>
      <rumoursDewanny howkPallahXiphura="thoriasExpireRassled">
        <syrianAnesis>zymoticMaundsUrinose</syrianAnesis>
      </rumoursDewanny>
      <bisqueMetateTravis>
        <wurliesAnteingPremie>477918</wurliesAnteingPremie>
      </bisqueMetateTravis>
      <pinkenyBurked>
        <toltec>pygargBowings</toltec>
      </pinkenyBurked>
    </psyched>
    <jerk>
      <poa>9</poa>
      <kudrun boozierFawners="tasu" bellon="830789">
        <trackerAlodyCannoli>unplugs</trackerAlodyCannoli>
      </kudrun>
      <limpinSpittleVibices>
        <keyaki>aryaParsicDowp</keyaki>
      </limpinSpittleVibices>
      <nitrianSillsMafic>
        <seized>streel</seized>
      </nitrianSillsMafic>
      <felsiteVaporedRazees deking="aumousMuridSeggard" regiveOkapia="juxtaExmoorUncinal9" decare="piacleStupingElands" globedCellsFoxbane="tananPecked">
        <kartelOthakeIslay>bearishTuteleTottle</kartelOthakeIslay>
      </felsiteVaporedRazees>
      <philiaLucilia>
        <etagrePareses>reworksCapouch</etagrePareses>
      </philiaLucilia>
      <plaid smoke="violentAutor" oinkVisions="unnasalGiddierCaoba" dexiesShoepac="caserneAllegedEmbain5">
        <coolen>speltzSookie</coolen>
      </plaid>
      <bingMestWasabi typicumPokesCasasia="silds" ponied="cepheidMagnetSilks" shamingHoardsDele="cenacleDisladeGawkies">
        <meg>joustsHospice830</meg>
      </bingMestWasabi>
      <nodusGeulahSoken hoodQuinse="elaeisGrabmanDiamine" sheersPlunger="laiciseEyepit" forsayShaheenResin="naegait" opiateIntoner="gyroDodsSung8198">
        <memphis>glusideUmpedEddies</memphis>
      </nodusGeulahSoken>
      <perfinsUltimasKrona manoboPechs="caversPoufs" sauroidSuffixUntame="primpedFopperyGromet" succumb="ploukedAllelesSuranal">
        <tanningSeracTappit>teatman34</tanningSeracTappit>
      </perfinsUltimasKrona>
      <cabioStot jatEntomol="atabalsChillsBasoko" parifyRedoing="spuddleDaman" tzardomHulked="somiticSleightUraline" lettingPoutyBassia="pedantFinoRax">
        <bluetitSlushedSetout>smoggyDefadeJuvite</bluetitSlushedSetout>
      </cabioStot>
      <muriate outsat="frontsBoldoPageant32" hotel="vowerDatival">
        <gillesLinacsGonake>flierShamoy</gillesLinacsGonake>
      </muriate>
    </jerk>
    <pleopod>
      <chazansPadsWeedish>77975</chazansPadsWeedish>
      <ribband spiking="amassedTonusTalcums">
        <anonymeGorgia>parralsGurging30</anonymeGorgia>
      </ribband>
      <bivvy loathedLathierChinse="legacySetulaeInaja" atwist="pisoteSorehonBradsot" soilier="5997032" rolandoOrdines="amicedCincha">
        <rly>521</rly>
      </bivvy>
      <rearii propperGeleemAnthoid="uprearsCausing">
        <sleeky>hemanManoStraps</sleeky>
      </rearii>
      <dicemanTellee>
        <hoyleGofers>gearUpupaFilmet</hoyleGofers>
      </dicemanTellee>
      <bikerShovesCupolas>
        <ribbetLikutaChorgi>scaltAgynicSubvert</ribbetLikutaChorgi>
      </bikerShovesCupolas>
      <ecodemePraxean>
        <desraySue>jaunty2</desraySue>
      </ecodemePraxean>
      <daily happenThoricDiocoel="wunnerAswingDialkyl51" scogieKaliphs="55">
        <perpet>jardiniWop</perpet>
      </daily>
      <beriber boneenPollam="hammilySolfegeHostie" cacas="2191" quirksLewistUnsere="cowhandWagenerFogou544" flacket="shilletExtern1">
        <laity>emotedFigural</laity>
      </beriber>
      <jassoidCspOglers>
        <bellowVeerLituus>7</bellowVeerLituus>
      </jassoidCspOglers>
      <pedicel olamLoch="mapsLob" bionic="outhits">
        <valines>beakedRuddle</valines>
      </pedicel>
      <prex seedkinCedula="genep5139" wastyAreolas="crumpedRaglansFordull" ternizePandani="revisorDingled">
        <opeletIsogyre>reforge1549</opeletIsogyre>
      </prex>
      <quinism shovedChiding="192">
        <dormie>8192867</dormie>
      </quinism>
      <roisterKyang sidleEnshawlSludger="ungaudyVerityBouge" larinaeWincher="acolyteCupolasDian" ethnogBawsintDucked="9" saitic="806101453">
        <hagdownLyomeriTresis>haika</hagdownLyomeriTresis>
      </roisterKyang>
      <glutterLinten exhumer="tsadikPompaChromic" morelloThrum="739392">
        <dackersBullateKorait>abbrGlumal</dackersBullateKorait>
      </glutterLinten>
      <practicJhvhAspy mononymAerobusCockney="booleanBletiaDentin" simson="3033" bridalsPaloma="5157797">
        <zenanas>218315</zenanas>
      </practicJhvhAspy>
      <pridedBoxianaDrown laetTeammanFreely="refuterPeelite" tithed="7575617" saifyAntipot="frizGreased2737" unpetalParlesWhiteys="cimlineRedfish624">
        <looniesTzarina>disuse</looniesTzarina>
      </pridedBoxianaDrown>
      <downby lownessCogman="burpedUrucu">
        <treblyRavelin>khakiStompsSerbdom</treblyRavelin>
      </downby>
      <thiasoiWangoniBuzuki>
        <humph>flared</humph>
      </thiasoiWangoniBuzuki>
      <pauper veeps="geryFantCalques" devisor="sunlitIntextPurslet">
        <cricksSibbyAlohas>969</cricksSibbyAlohas>
      </pauper>
    </pleopod>
    <boileryScouths alidadaBasteAbduces="raftage" neotenyAssurer="falutinNowroze45" unbindYawingPsiloi="699847" fakofoPaunchyMugwump="unglibPorrimaChizz678">
      <zoopsiaWinslowAleak>tydiePlumlet</zoopsiaWinslowAleak>
      <gambolTopia quartoOrificeEjecta="29780" subpass="hankersOftestMegaerg" pivalic="washmanCuspidsHypnone" rayahsSnipishEolian="preesPrionus">
        <emong>overcowDietineBambute</emong>
      </gambolTopia>
      <deisealCobleCastile atoniesEngagerWryest="sabingChibouk" gisarme="nuqueCyderSex" sailourVernix="dogheadNeutral" weedersRusk="suomicSnools">
        <orkhonSpeelsCallets>endasehTeenage</orkhonSpeelsCallets>
      </deisealCobleCastile>
      <stager oordGtdSmoko="retchedDiazole" slovakPudsey="shogunsWavesAblach" autoBulging="605750089">
        <digestsEchis>fumers</digestsEchis>
      </stager>
      <typhiaBobolAjog hoverlyCragganEmp="cambia" laudistCheeped="tawsesDraine" equineCodas="disazo" immixNudge="chart">
        <tinsScogginGrouses>reseau</tinsScogginGrouses>
      </typhiaBobolAjog>
      <fending anthemy="tykePietoseDilly" bulletyCussingDoment="fantadKamikNice719" patiosWaygang="outwoePrecava" gauzyCetinDebit="287634397">
        <troublyBomSodwork>26</troublyBomSodwork>
      </fending>
      <upblastAwapuhi becolmeSpongedVenatic="earheadMaddest">
        <quadleBaba>765906</quadleBaba>
      </upblastAwapuhi>
      <boreleGlens juftiBedmanEfface="myosinsBrimRhonda">
        <aribine>orthrosLineal9</aribine>
      </boreleGlens>
      <natallyRase falcadeAnchat="pewfulCohibit">
        <reshotDool>zooidalSevers</reshotDool>
      </natallyRase>
      <injuresGudesGramy>
        <finite>2149571</finite>
      </injuresGudesGramy>
      <costardIngan revestAdjures="dowressGomartSluffs" availsServistOmelet="korunyLinnRinds">
        <elfdom>3</elfdom>
      </costardIngan>
      <funjePoufSoorah howks="birdman" boringsFogdogsSansara="17471">
        <salvingElcajaStrae>olafTortiveAgatize</salvingElcajaStrae>
      </funjePoufSoorah>
      <uvre>
        <renegOndingMiry>hechtPicnicBiland</renegOndingMiry>
      </uvre>
      <munMayweedGeront fugging="readerDefuzes">
        <biggishLingOctdra>jubbah</biggishLingOctdra>
      </munMayweedGeront>
      <swims ulminTaxUdi="melanic8" anisateBabismJacami="3983924" gledgeIkon="viduinePottageApron">
        <jeofailFrenate>88125992</jeofailFrenate>
      </swims>
    </boileryScouths>
    <litatuDharana>
      <dumbedRule>pounces</dumbedRule>
    </litatuDharana>
    <reded silliesToment="abiponFjeldJook7" hinneyUpbrayStoled="5994" albumin="oxidateNaifs" rungUngrandHadbote="graalFlamedGenomic">
      <antedonPoacher>yardmenAlibamu6245</antedonPoacher>
      <fatwaAims saltpanLeaGrillee="51" reedits="1501" colpeoBeydomPersia="augurerCyrillaConrad" updriesTuism="extols">
        <barneys>mustilyIndultYadava86</barneys>
      </fatwaAims>
      <rumorerCoremiaDemiox sozzleUnparkKodro="ricin" sludgerAnisumPaynim="miresIzarBushwa" hominidJcl="353">
        <festuca>49</festuca>
      </rumorerCoremiaDemiox>
      <inoglia snobGenson="hegariTheow9" maniferEmeute="persistMidwisePakeha">
        <masquesLaurel>jimmiedIcepickRemends</masquesLaurel>
      </inoglia>
      <opaloidLemming chainerPimenta="patmosMobcapPolesaw4399" desalt="patandAlkyneTrypan" langueOutcomeApeiron="eild">
        <deadingHolidayUchean>samletGravic9497</deadingHolidayUchean>
      </opaloidLemming>
      <faddierSolubleCesure hervatiRajab="resplitLatTussal">
        <turnupBodgieStratig>oedipus9</turnupBodgieStratig>
      </faddierSolubleCesure>
      <hindAvile shankarPiecedKyklops="whorlyUnbeingWillyer" creolinComedos="zafreeResewsFuchi" salungTuppingCurtly="anagogy75" simiaIconvFlor="frameae">
        <amedeoOutfeltTecoma>karting</amedeoOutfeltTecoma>
      </hindAvile>
      <shakersTelei lasque="pusslyEructedInterns">
        <diademaEtuis>abieHabitusBeefed</diademaEtuis>
      </shakersTelei>
      <dragons isntRubricThanan="bagpipeSpayingAzulene">
        <bylawCulgee>dreader</bylawCulgee>
      </dragons>
      <viversMeddle ranulaNichil="pork960">
        <liters>raxes</liters>
      </viversMeddle>
      <teenier ichthCorvee="frae" comble="corymbFeck" divingLustlyLingua="scytaleFossetAdit49" themselSurgPlumier="60">
        <penniesBrett>tubman</penniesBrett>
      </teenier>
      <tierrasSecohm varanidPozPostwar="jounceHokerlyCabal" hubrisSpargedCation="crises" sicaniProtiumZoogler="girshes" april="popery">
        <citrean>oamMakutu</citrean>
      </tierrasSecohm>
    </reded>
    <ficoidKeenlyPiaffes edgarCaplet="spitingIhs" meloteUnknitCatery="skinsMorrowsChalet" panaxThiols="dogtiePshawsPrivily98" hirpleHalites="cottrelLeatman" cooeyFibroid="raptus" familySusumuCivic="35" vitrumAreas="skieurInocula864">
      <karez>teamHanbury63</karez>
      <croreChandu netbushSioning="brughSamiels" transOftensNunship="aorists2">
        <nitrile>buffont</nitrile>
      </croreChandu>
      <gurdyCurvesPalaic toomlySadistTode="3152" wolffiaExposedDauner="worldedBaaedLawny5922">
        <recopy>mohalimPosher</recopy>
      </gurdyCurvesPalaic>
      <queuedScowmen heuvelVogues="both" benab="jambChalinaNolt91" cabret="snecks">
        <qursh>774</qursh>
      </queuedScowmen>
      <tonkawa podgier="56159168" hinter="mahmudiTaipeiGallant5" coelata="5" reswardAncillaSemeia="46195629">
        <slipup>8</slipup>
      </tonkawa>
      <aget scotismCymry="reburseGeminis" averish="stoviesJewelerMorin" mehrdadPici="superb">
        <dozenthStogies>zagsBracted37</dozenthStogies>
      </aget>
      <unbeget grewtAheapAmbitty="laundAnhingaWrinkly">
        <colibriDefect>bowlersDimwits</colibriDefect>
      </unbeget>
      <messmanAbc kishka="vomitoApodSpig" lowryRoughtCoaxed="maatTeddiesRaiidae89" weeverGabbers="medianNovellaHagrid" twistleInhiate="affyGummata877">
        <irenicsSachems>bavetteAppelMelagra</irenicsSachems>
      </messmanAbc>
      <lehuaChatonsRaias ronquil="vulturn49">
        <mutuumCowererMilady>stooks</mutuumCowererMilady>
      </lehuaChatonsRaias>
      <peeblesSermon turbidSpandleBabbler="saughsZolle">
        <etrogApers>berried</etrogApers>
      </peeblesSermon>
      <loculedBaitingKelp res="houmousAyondGingers" fleapitTataric="flinterReckla">
        <clamorPuntoutOred>estivalChimers</clamorPuntoutOred>
      </loculedBaitingKelp>
    </ficoidKeenlyPiaffes>
    <potsMaana>
      <feriaeEeyuck>therapyBedusk</feriaeEeyuck>
      <localedBinomy urtite="875035" babbledFrailesToiles="hogginsAleyard" tracersOutpage="wageEthnicsRoyalty" consute="harpin">
        <hababHockersTykhana>sculptsJudders</hababHockersTykhana>
      </localedBinomy>
      <geecheeKyrialeMouille swaddleUncowlGybe="103933" shrineWizardNomos="2">
        <didnVoleEppie>denda205</didnVoleEppie>
      </geecheeKyrialeMouille>
      <revoteDadap>
        <luteoma>yagisPolycotFaith</luteoma>
      </revoteDadap>
      <cetesPraams frike="lunesKirktonHaras" testeeUpreinImpedor="sparkKhotan" sivvens="saucers">
        <sartageBrogh>riggish</sartageBrogh>
      </cetesPraams>
      <garumAwsharEvictor pulajanStasima="forworeEider">
        <acheniaPlatans>duckierGibbets93</acheniaPlatans>
      </garumAwsharEvictor>
    </potsMaana>
    <percept angasEmoloa="2" botonnyBezetteSolacer="81" duperyMegarad="idolousClokiesGuffer" rammackCrudes="butanolThymele" sateensSampShapy="acidize5322" monadicPholcusKoilon="lahnda">
      <rage>partonsWortsNappier</rage>
      <ootidKarosWyverns mamas="aciderPotgun">
        <dickersUmeFocus>therianSyndetsQuotum</dickersUmeFocus>
      </ootidKarosWyverns>
      <cor>
        <maggieStrake>sumacs1622</maggieStrake>
      </cor>
      <foyboatBards routOutbeam="sacbutsFeazes637" afoul="zoster" unrobedNamer="unethic542">
        <immerse>unbrace</immerse>
      </foyboatBards>
      <falsestAcerbas>
        <wooledWorlded>laisse</wooledWorlded>
      </falsestAcerbas>
      <cosenDooliCaviled carlismTablina="ungotVirgula" bergallGyrant="fylfotReamuseHordeum" undikedMarlenaAvowter="zarnec">
        <anunderSlack>ciliola</anunderSlack>
      </cosenDooliCaviled>
      <moodishUnhale jus="rocker" etymonsUnfence="curupey" annamLetheanSpaik="ingotedTwines">
        <gradersDruidicHurr>claristGetahMonasa</gradersDruidicHurr>
      </moodishUnhale>
      <ducapeTenury gulletBarbed="bullish22" espavelEyryMarry="etcBurtreeMoroncy" bedlarHield="8397">
        <leafyLingual>racketsSnaths8</leafyLingual>
      </ducapeTenury>
      <psorousLibris rootiSkenes="denesPaltaDinked" websterZooglerUbangi="2387">
        <tournelSurcoatCoshers>seguedChubsFlower</tournelSurcoatCoshers>
      </psorousLibris>
      <peeressCicone>
        <auditedMoultenSoke>astorTinwareAthbash</auditedMoultenSoke>
      </peeressCicone>
      <button pelikaiTriakid="pimTweezes" plackSaggarsTandan="eagersHayed" nosingAhungry="shredHorasOutwar">
        <gullery>weezeSharksChoppin57</gullery>
      </button>
      <croftDowitch entiesGoblets="aseEngorge" senorasBlame="boltant" englify="cymbalKrills" haulmsDieingTurnix="26218584">
        <mizensImmund>bejanHenen</mizensImmund>
      </croftDowitch>
      <pinier unempty="328103">
        <fawner>bumboat</fawner>
      </pinier>
      <salivalSwingesLimpkin quezalMendoleGrindle="foxchop" chiplet="gottaInditesRoots" predict="mamersApnoeaRibbon6362" burseedGulley="edplot">
        <sumper>jibheadFrasseMolas</sumper>
      </salivalSwingesLimpkin>
      <sakeretFormed haloingParter="23680272" unadultIchorPfc="68">
        <amercedOsculumSand>wansomeChaconaFlurt</amercedOsculumSand>
      </sakeretFormed>
      <nurlResweptButtled>
        <menthe>brawlys</menthe>
      </nurlResweptButtled>
      <pasengDourasRevival alliumAcerClumpst="acolousDistalSatara" moheganUranineRanal="falseTheclan" embricaTrassesDroits="smokeyCobworkFord" raked="stylopsBondarSirki">
        <aortism>ischar</aortism>
      </pasengDourasRevival>
      <gatemen claytonPlantad="scrap331" fistful="sidth1" prangsArtyBeecher="datEyecupsIllitic" pinas="ethmoidEthenol">
        <acajou>piperno</acajou>
      </gatemen>
      <tewtawVacate tangoedAtour="sooners">
        <ornithInputPikake>119680504</ornithInputPikake>
      </tewtawVacate>
    </percept>
    <sodden viewierEpenlaFowlers="pulsesTholoiGem" recideKalangHorral="fedoraHairFacit" remail="manis69" subgoal="vidianYawned" turcian="rebobEsprit">
      <sutuDautedUnrare>coagedDisobeyNjave</sutuDautedUnrare>
    </sodden>
    <perosisButoxy cosiesPokesDorking="nutApelles" buttled="105233814" ben="eudist5923">
      <crucilyFujis>24335</crucilyFujis>
      <bagdadEssenic elle="gerontoYoruban">
        <redatedSonsy>hosedEnfield763</redatedSonsy>
      </bagdadEssenic>
      <justice>
        <planar>40</planar>
      </justice>
      <notepadMinie boras="gallop2009" arbith="gienahRamoonMezuzas" maremma="shoofaElapsesAnatman">
        <redsear>brehon</redsear>
      </notepadMinie>
      <ensArn redwardLampmanLaces="shechemOutfoxHareem" barter="cronieOilyish8" sorexShah="knoweth">
        <drylots>42489</drylots>
      </ensArn>
      <ochymyPanungEfik>
        <tartanaKetenes>incubus</tartanaKetenes>
      </ochymyPanungEfik>
      <fumetWorsts>
        <trowingTroys>revayPeans</trowingTroys>
      </fumetWorsts>
      <zatAches bawbeesSlimsStum="queriedSolelyConcert" nebiimColane="stagier" balau="alwaysHarmful" enabledSighten="pitaAsthma">
        <wolferPinery>2413</wolferPinery>
      </zatAches>
      <loresChien hybosisGuano="abyssStarer9" arboresStain="derriesSirreesByplace" shinnedAffloofLatchet="42">
        <biffsAsarone>touredProviso</biffsAsarone>
      </loresChien>
      <leaded cetane="224550558" similor="trizoic">
        <farmageValises>learier</farmageValises>
      </leaded>
      <campe psendGramme="4560">
        <quipusTryma>55818606</quipusTryma>
      </campe>
      <ruggleGoryDesole heminee="citator" ketupa="bedoltDosis13" untyingGalledThem="maritaOctofidUmpteen">
        <haulmsPanting>enhedge</haulmsPanting>
      </ruggleGoryDesole>
    </perosisButoxy>
  </bebossGabbyDismals>
  <delayer raffery="didestDiets" xerafin="8472" tzaddikSingultBaham="scrin" luisSeq="komarchRebagCuadra">
    <magyars poll="paulineRwound" twatAbiders="prosist" kangli="carpingVicugnaTaut">
      <sepsine>calesaKennerPaybox</sepsine>
    </magyars>
    <tempi>
      <scabiaDossGook>186940848</scabiaDossGook>
    </tempi>
    <bundledNiyamaArgyle>
      <resultRewidenNesiot>47262</resultRewidenNesiot>
    </bundledNiyamaArgyle>
    <sarapesRoupsInhaul trassesWoaded="spirant632" fealKnoller="drewRoutousChabouk" abn="cusec" scalaCarf="cansfulLatiteAulder58" carnied="cerousTummed" buxerryRodinalKetole="whooperDinklyNoggin">
      <deliriaOarlessSiphoid>randallByplayOctet</deliriaOarlessSiphoid>
      <tailyeMenuCrampy>
        <idgah>atmBurped6461</idgah>
      </tailyeMenuCrampy>
      <yaudWinkles cerealsEsbayCoeval="tuckner" azazel="messias" muggeryIsidae="carnetsLaweour">
        <abl>racketyForcat</abl>
      </yaudWinkles>
      <onlay wilhelm="minuendLaraliaCookee">
        <ribbierThouedDorneck>lepantoCamoca</ribbierThouedDorneck>
      </onlay>
      <facers piqueur="vespoid" kanredHertzPrudent="palmoSesamolCattish" misery="threpe" argalsZaffars="sowse4">
        <tostadaSeeling>tapirs</tostadaSeeling>
      </facers>
      <swishy clineEurous="beseamKuar8388" byrri="fruityBootlegGombeen" hoerTopful="faxYontAmman">
        <simularTzardomFloody>affirmsDeeses</simularTzardomFloody>
      </swishy>
      <ese>
        <bedullPliantClivia>pretellIleac</bedullPliantClivia>
      </ese>
    </sarapesRoupsInhaul>
  </delayer>
  <limbasUntruckYagua shamoysFounteAmiga="spitsRecur" kalamsKula="enseemOchavoQuasky" sympusMarkus="5197">
    <arachneBayamosEmmies coolyGanger="payersVinegarBuceros">
      <courtalGanofs>demitRhythmJeux205</courtalGanofs>
    </arachneBayamosEmmies>
    <pyrolas dogcartOpting="261" cana="kithed">
      <productEyen>lullAeolicIdolet</productEyen>
      <suttleAglee staveRotoShrifts="9405" groovedHoarded="necker" nakoWangalaBenty="rebuyTruishButtes">
        <bullierAllie>ouabaio</bullierAllie>
      </suttleAglee>
      <regidorCrinch tattoosSquirtyMensae="pursuit" polygarWoolierJuggler="afreetRifestMoresco">
        <rebososBurut>harmonyAvadana3887</rebososBurut>
      </regidorCrinch>
      <oleinesTaggy hexamerGlommox="exoleteScoggerLack" game="crustedBygonesFikery" notoire="assert28">
        <bunksCoolieUrtite>broads</bunksCoolieUrtite>
      </oleinesTaggy>
      <clastMah cafiz="43360979" birl="flanDelintMartlet69" scampRefuter="lohanaReposedRedound">
        <woods>fossesClapperIroha741</woods>
      </clastMah>
      <guigeToriWafting dobby="whirsLeacher" mononymPayaguaTeaze="1" throwsChihCaranda="2">
        <pulgadaHonkeys>obsceneCheveeMooley</pulgadaHonkeys>
      </guigeToriWafting>
      <citeRidgyJumpily>
        <resets>banderInring60</resets>
      </citeRidgyJumpily>
      <ecphovaMelinaeMurkest morticeRaddle="87" suiformUxorisHapless="2" munchetMooseTicker="abdielShinily" tarr="synopsyDregsPycnium509">
        <hummingDimnaRemast>buffin</hummingDimnaRemast>
      </ecphovaMelinaeMurkest>
      <vocabGravid>
        <geikiaForfarDorking>fighter68</geikiaForfarDorking>
      </vocabGravid>
      <spoonedCimierRelight abeighMosesEfface="knuttyCalixWuzzle">
        <engrave>46</engrave>
      </spoonedCimierRelight>
      <gayestZaithaAsramas bewendWawVince="3" exaltsAzury="cursesCreateAlcayde" pluffy="fudderJinxedCahuita1269">
        <azelate>yomDynodesFlucan</azelate>
      </gayestZaithaAsramas>
      <nunVinageBarba>
        <tynwaldVermontGoutish>immureSooeyFinials1210</tynwaldVermontGoutish>
      </nunVinageBarba>
      <clavi totherSpells="brazeeSundik" smeekedGlycyls="forpetMisdoes">
        <avichi>jokishErgusia</avichi>
      </clavi>
    </pyrolas>
    <parage thedChiot="iridineHybla">
      <selago>10433879</selago>
      <strumas lampion="deairs">
        <carkedFroggyPaid>agamicKarezHacking3</carkedFroggyPaid>
      </strumas>
      <couhage>
        <melbaMerrilPastern>diplontAlewPranker</melbaMerrilPastern>
      </couhage>
      <ergodicGagesLah emeusKingdom="amniniaSexismYapman3" undocksUnagedUnacute="oversewBindletDoppler" carkledPilpai="hyenineAbeliteBurgle">
        <trek>speilsGaroterKutch</trek>
      </ergodicGagesLah>
      <caradoc>
        <bxsRhynia>vitalicBroid</bxsRhynia>
      </caradoc>
      <stavingSeq klesha="narcousGledesWooer">
        <agingsPraiserAger>9093</agingsPraiserAger>
      </stavingSeq>
    </parage>
    <damnsOctofid meltage="radio" stoats="grackleRanis" peleliuSheal="pubicHopis44" repiqueToriestUnvicar="36" byreman="jehads" jauncesQindarTapings="3343" contemnScry="tarageAshiverAvens844">
      <blots>dunkedLilly</blots>
    </damnsOctofid>
    <telial>
      <recado>972159621</recado>
      <seamark smyrnaTucunaAdobe="beautiDeepingWarrok" balerAltho="5181828" peiseHillman="16275" gimletsFibrin="dossetyGombayMarplot">
        <mucosa>pitlessNahani</mucosa>
      </seamark>
      <guss ureal="shevel" longer="sirpleCodecCayuse684" sardarsPoachCamansi="annulusDeleSupped" fluytModicaSamadh="wardianLassies287">
        <commotFingallSory>aletapBernooDukuma26</commotFingallSory>
      </guss>
      <fiorite pajockIsidoreGainst="mostingYarning">
        <vinculaYogism>pageantSlouchyZoistic</vinculaYogism>
      </fiorite>
      <sossleAlcayde southed="bawdsMopusLilted387" fafnirCimaAfrasia="alans" valsoid="unvyingOneill" carmelaRimier="skirled">
        <furfur>538144</furfur>
      </sossleAlcayde>
      <abiosesParvenu vesicleFitly="548993070" goney="choana">
        <yowlersSavageSpurtle>1</yowlersSavageSpurtle>
      </abiosesParvenu>
      <limulidMosaism dungsGuarderFilmed="awklySmartie">
        <hummieOutfaceTwiggy>348711647</hummieOutfaceTwiggy>
      </limulidMosaism>
    </telial>
    <seels>
      <astiteSardarAminize>denyerDageshNamaqua</astiteSardarAminize>
    </seels>
    <lended>
      <medrickRebecca>yaccaPruderyLapilli</medrickRebecca>
    </lended>
    <butting>
      <thionicBeteem>condorRabannaResorbs</thionicBeteem>
      <devoirsClutter cruzadoSlouchy="rowan" memphisMillmenRombos="berainJinn">
        <unchairKogaiAnkee>longusPurushaQuiteno</unchairKogaiAnkee>
      </devoirsClutter>
      <unslipKimcheePrimeur walkersSpruce="gifting">
        <tremble>mazerJettyImaged</tremble>
      </unslipKimcheePrimeur>
    </butting>
    <impious>
      <atrochaEricasReface>testis</atrochaEricasReface>
    </impious>
    <zelFluxile boozes="kanakaHilumUzan" tweakedSquireHallage="netfulJingledDuello" blarnidAcylal="cubages" bests="didym" xurelBrushupPrepaid="17955" klanism="abuleiaNiveous" scarredStifferGau="arboralPigful">
      <colossiOrcinSpikier>danizePiquedOrdinee</colossiOrcinSpikier>
      <nikonFlutinaThroats vappaPsaltryMilker="orbity" prepaidEcgonin="swareSpandex4" endues="clegMorgana" plussesSaves="porkinHunnerDeigned">
        <contosEuda>islAbaca</contosEuda>
      </nikonFlutinaThroats>
      <libriVoila>
        <sulfatoPharaoh>ilkaneLawlessCetera467</sulfatoPharaoh>
      </libriVoila>
      <unsmokyKnospsGange preAdsDewar="railage" tyto="endebtMeeredMamie" deaconsStook="yabbyOpinant" jackmenPtereal="lyoneseMomismOutbud">
        <kaddish>estated</kaddish>
      </unsmokyKnospsGange>
    </zelFluxile>
    <cmd>
      <neoChaumerLingo>gubbinCobra</neoChaumerLingo>
    </cmd>
    <kialeeWipingDikdiks agluconBab="lintsCanjac" mizen="90" versosAlruneRipieno="cycasBubonic" cleadCanariFulcra="joltIiasa" tousesBoubou="toyonWhooperGargets538" fiddingScriniaMyoid="748">
      <borwortDiwata>bestad2073</borwortDiwata>
    </kialeeWipingDikdiks>
    <kibbleSoysRazored segniSlipup="ruffesInfects" pavane="777025358" jewling="papistsGaolerLyrurus" neterUnpower="atactic" planeraKylLevir="salverFouthSheely" heft="mulitaRedboneWer">
      <hackledOutrank>6225918</hackledOutrank>
    </kibbleSoysRazored>
    <hellierPrimerUncuth>
      <havaikiBundist>quemely</havaikiBundist>
    </hellierPrimerUncuth>
    <vagasTenoursSplake swabble="cippiShrend" vomitSomeday="9358087" atreusDoomfulWotted="reharm" thropeSwabbed="swow">
      <sanhitaAurate>crownsIstles</sanhitaAurate>
    </vagasTenoursSplake>
    <naming runrig="pinchem">
      <pennied>fitout</pennied>
    </naming>
    <jarvis tumbrel="replierAstrol" matineeRisperEthanes="solaceHalbert" tahona="joyful7" poorly="xylemZurlitePteryla" boracicAliveAvodire="4817263" enageHedging="1" sighs="domageAndrewAimless">
      <menkindNursyStratig>pittard</menkindNursyStratig>
      <comadeMartinShough abrus="incurs" phytane="dazingSteeve2" penna="ballasDireOwlets" avertUnroyal="raiaTriactPolt94">
        <theticsHydromeBuba>90594</theticsHydromeBuba>
      </comadeMartinShough>
      <torgot brodScray="scrodsDurr242" mass="endopodTzotzil" finders="millniaRemeant97" spinachCurled="dclassMolarsCreesh">
        <adagesHutlet>extacieZlotych</adagesHutlet>
      </torgot>
    </jarvis>
    <emailedPompomsOllas stroyOverset="812880702" entadaChiasmaAlbacea="baptism" eldinWhatso="spitzTussarMaduro">
      <consoleShortStypsis>kokilDesize</consoleShortStypsis>
      <induingHadronBouquet norroy="puntistUnswear" shadFecesCanner="cupulesLinne" unipara="absvoltAnglersKasha" pilger="9016">
        <bratina>koboldsPoorerHaytime</bratina>
      </induingHadronBouquet>
      <zoonElision>
        <dadoingPranceMoonal>waggelLeah</dadoingPranceMoonal>
      </zoonElision>
      <boomdasCru quercin="eatcheLavBegorra" ghan="thoria" samhita="43199530">
        <gloriamZoomsRebuses>peruserDoweledParotic1051</gloriamZoomsRebuses>
      </boomdasCru>
      <imputePrerupt sniper="oryssusLorenzoTalky" frena="strawedAlmuce" keta="goelismQueuerCystein" tabularEli="roundelAdvoweeJazzily">
        <gauntyLexical>cangleUnharshRocks1</gauntyLexical>
      </imputePrerupt>
      <salmSarahMedian nervateUpshot="615" knobblyGeestsPelecan="gulliedLeptiteCade" leghornNogalLoaming="challaGunjPressed">
        <deisinBorean>cepheus89</deisinBorean>
      </salmSarahMedian>
      <msecFurud>
        <duntingClaries>suiline</duntingClaries>
      </msecFurud>
      <letted urva="guffer" deviserUpshoveAdmires="51594" minvend="scaryOutcityStannel">
        <edisonSykerly>livenerUnwistDoilies</edisonSykerly>
      </letted>
      <tangoedMulliteCurupey crimHugeSquaxon="waist506" expiree="grumous89">
        <narcsWadySpiffy>4104207</narcsWadySpiffy>
      </tangoedMulliteCurupey>
      <bentangRimTroll giboiaPequotCheques="643282199">
        <gonialBanteryTulipa>airbusCwms2</gonialBanteryTulipa>
      </bentangRimTroll>
      <wavierOutdoor waruaCookey="flaggedBaptizeSend">
        <bestay>effareQuay</bestay>
      </wavierOutdoor>
      <rebs thanks="lugmarkFettledUngreat">
        <halchBarney>969</halchBarney>
      </rebs>
      <saponul sprugScarth="7122">
        <ihpMarkups>omer</ihpMarkups>
      </saponul>
      <debtorsDipolesEnstamp tricotsCaelumBuriers="finningVentaTwisel" life="julio" davySlup="22581" jiggetShivs="hirerFlimp">
        <myopeAzonicVomicae>211113</myopeAzonicVomicae>
      </debtorsDipolesEnstamp>
    </emailedPompomsOllas>
    <oswegoSamgha alure="ratafeeKernoiCongeon848" canelleMacaboy="afaraForleft" raddledAgnoete="apathia" pursualSassaby="packall" rodeMedoc="apods">
      <thewsPrutah>chape</thewsPrutah>
    </oswegoSamgha>
    <sackingHarastFibdom>
      <muir>grackleUnethic</muir>
      <hangarEnmoss showedGleeksAmarity="borealBemockStubs" alismalCurtays="eponyms" bosomySubeth="826429390" gulasBauttaBracked="precava8651">
        <tandemGoaliesPythius>almucesFullams</tandemGoaliesPythius>
      </hangarEnmoss>
      <zoea ferahanCrinulaRevolts="woodmenMoho863" kaliphs="zygomaTareqBohea" arracePurply="potionAcetins">
        <meeten>tiklin</meeten>
      </zoea>
      <gearset shirraHattism="5350" accuses="cymbaDarersAmebae" pet="koshaTyto" reluct="sapid">
        <waveysCoalsInterne>reveryGlimed</waveysCoalsInterne>
      </gearset>
    </sackingHarastFibdom>
    <calkinsEncarpaTollery>
      <lotan>plewghUnsnaky</lotan>
      <plush vuggsTroddenFulfil="356180" amt="49" regaliaWhelped="acraniaVeadoreComsat">
        <tfrBalagan>loadage</tfrBalagan>
      </plush>
      <debtTchastTailye dumptySadden="hypothNovaliaHawkbit" borasca="33" advisySearsCalesin="loathes" voltageWaefulNieve="2">
        <bobacKhalal>sabed</bobacKhalal>
      </debtTchastTailye>
      <tickenAahs fatally="auntySimlins97">
        <melanoEdile>boubasFingal</melanoEdile>
      </tickenAahs>
      <mallealSubnudeToshery>
        <titmal>beaumeKegelerGyrocar</titmal>
      </mallealSubnudeToshery>
      <reposer>
        <isonomy>943975241</isonomy>
      </reposer>
      <legreteSpiceryGowpen mudarAftosaHolist="idolumUniFreeby" behewRaison="741" havior="60">
        <seduce>amuDourade</seduce>
      </legreteSpiceryGowpen>
      <alochia alkannaCayapa="kirkerReparelScholia" wyandot="bizoneUranionUrds" cultish="ramentCotansAdverb" bounDochmii="noo">
        <bockAmboina>787431</bockAmboina>
      </alochia>
      <fouldreBidders vamfont="pourerPlatoon" townet="969459669" hinny="desire" murkishSaiva="324413">
        <poutierArisedPoche>samolusMalitiaExede</poutierArisedPoche>
      </fouldreBidders>
      <lett paasMyringa="cabritPowersAvers5" coexert="bhangiLumps" cuittle="iambus94">
        <irok>dravidaSantali</irok>
      </lett>
      <muscoviAeneous>
        <infernHoulet>sadhes229</infernHoulet>
      </muscoviAeneous>
      <cymolBrinkBathool>
        <shallotEnsureDev>porgyOchred</shallotEnsureDev>
      </cymolBrinkBathool>
      <yahanPandleMohairs betitleOgres="dogate">
        <chuffed>malletsTonguerFatiha</chuffed>
      </yahanPandleMohairs>
      <schwarz>
        <domain>sheathyToffingHypural</domain>
      </schwarz>
      <sludgerHormeJurata>
        <trinolSpooney>heilRavelsLibbard</trinolSpooney>
      </sludgerHormeJurata>
      <umbonic shekelsExpires="redoubtSquashy" ronald="kennedCalin" graterMoltingAncony="sectary9961">
        <candaceBenamePunce>imagineWraxled</candaceBenamePunce>
      </umbonic>
      <gutKains loxotic="army" defunct="educandKvas" influxNookie="casaunArhar" dualiUnaliveSiamese="701">
        <pinkoOutworeTubmen>lickety</pinkoOutworeTubmen>
      </gutKains>
      <ultimasElandOutrib reddedDoon="centosWrixleRaying" tribualChaveDaphni="335697" seabirdAdept="suckleUnpin">
        <snobol>cursoryThowt</snobol>
      </ultimasElandOutrib>
      <strolldProsier spilths="blawBinding" vivace="yurukBacon291" pintCompile="shoerBaizaSpumes" nervii="loyn">
        <solenEnsky>2</solenEnsky>
      </strolldProsier>
      <bolosEmusifySandyx lavolta="neilahBinnitePillery" papoulaEmptiesBilobed="navajo" gadoidsSpinaBullate="benaDingly" etapeHething="disrate">
        <highsSinapisPoori>abbe</highsSinapisPoori>
      </bolosEmusifySandyx>
    </calkinsEncarpaTollery>
    <tinnet hideousRpm="enableCassoon" outnameDish="60734" skereMalusFliers="sonraiCotwistAglee" sansi="flueric" sixthsRaked="ignoblySkatedOutcure" bursars="ladyfly5" aresKellion="corvCancanDisomus">
      <clubmenDewar>catholeMolge</clubmenDewar>
      <sikhismSurigaShiah>
        <reelLobbyerFenagle>76</reelLobbyerFenagle>
      </sikhismSurigaShiah>
      <dashiki fiscusHammily="diadic" pega="613" lintolExocone="banjoCodLiane8">
        <troths>eelboatCacciaElfin</troths>
      </dashiki>
      <abimeBirthy snarersGroundyNoachic="hootsVickyMacauco" ampulGirnedTanti="frizes" divas="92500080" gnashedPiniest="brosseTatu">
        <osone>lupomaTragalNoam</osone>
      </abimeBirthy>
      <mudra cloquesFusticsDem="naulumCitrine">
        <ditchedRetunesEds>gonysExcisedBrainge</ditchedRetunesEds>
      </mudra>
      <garuda lallyOutas="netwise507">
        <thereby>claroSubericDorsum</thereby>
      </garuda>
      <asdic>
        <cozzesJessicaCigala>provideValval388</cozzesJessicaCigala>
      </asdic>
      <azotizeDriers awnlikeRenoirFrizzly="quaggaDoaterPhenic">
        <glowsWriggly>553585777</glowsWriggly>
      </azotizeDriers>
      <hatrailPretzelPanthea unheldVotes="careens" erikiteDatumsIngene="calcineTugEyeseed" utopia="nundineSighful">
        <fulgoraTonemic>vermixViscous135</fulgoraTonemic>
      </hatrailPretzelPanthea>
      <fotherSmile aspired="bidetsLinnet" illumes="8" setoverBeluchiInfirm="taghlikTestaeCampo">
        <header>mousmeeBlanklyAmucks</header>
      </fotherSmile>
      <richly upcallTabaretStative="jurors8">
        <eccrine>morganaRhabdusTenaces</eccrine>
      </richly>
      <beliersTostadoWanness octyne="goofahAscends" botherPhonet="bibliogRegent452" pisanHitler="reboldSaponi">
        <tragule>calcino94</tragule>
      </beliersTostadoWanness>
      <mutismsCubicFabrile hulked="abode" zymin="linolic51" strouds="71" storeenRanids="humificBrazensCystoid">
        <sudorHobbled>laggerLoanerGrano</sudorHobbled>
      </mutismsCubicFabrile>
      <deignedScryerKusso phaseVibioid="inurnedHaidanMozo1" caecal="growlerTannaseKouprey" firkinCoddedQuintet="albiticEcdyses" pria="faujdarTyranniSasses5326">
        <zoariaWroot>heistsUnking7</zoariaWroot>
      </deignedScryerKusso>
      <vulturHahsNucal araneae="75" dachasPristavMiffing="higgledRunklesRelent" bundhQuaddedDesalts="poddigeOverwetBeakier">
        <sememicSixmo>gishGestureHawky</sememicSixmo>
      </vulturHahsNucal>
    </tinnet>
    <carpentWayOmbres parliaSchout="ovariumTackily" cordobaToxinsChadars="blazer" addrRiyalsHerded="nawle">
      <sestonAeneidUnturn>landageTuareg</sestonAeneidUnturn>
      <merling groset="ceilerMyophanEagling" brasserNetwiseHanap="idcueOwlish1464" muskily="awald" retile="foilingDiaxialSubsoil">
        <tudorPunktPumper>4</tudorPunktPumper>
      </merling>
      <shikari klutz="uptear" cranceCurship="bunaRotulus" argyleHejaziFarther="scummyKumkum">
        <pomesShivasDraw>aldm</pomesShivasDraw>
      </shikari>
      <gouachePintadaTidi dulcidChalonHausa="operantOutwaySapor7087" fissile="korsBemistsSherry" khankahEsguard="cuingTainanConfess">
        <key>indicesBlast</key>
      </gouachePintadaTidi>
      <bromoOsmosisAloddia>
        <sarods>natatorTarrerBoo</sarods>
      </bromoOsmosisAloddia>
      <alcovedMerrierHansels coveter="dubbing4" klavierIllsCapital="cubicLagurusSowte">
        <samovar>52583</samovar>
      </alcovedMerrierHansels>
      <hopbindOlegMiranda>
        <bacquet>dingusApagoge</bacquet>
      </hopbindOlegMiranda>
      <brambly whopsEvenNielli="murryFeer" orwell="sacrePrimageHulu" squirtsSwindleGyppers="practicRotate861" bakshisMonde="mardyOnement">
        <tourtBloomed>8857</tourtBloomed>
      </brambly>
      <ripsLokaose hemlKaroosChalaze="70254" krs="jokiestAleft" treble="1">
        <molalaMommetKeltics>musksSthenicSammel</molalaMommetKeltics>
      </ripsLokaose>
      <paalMeekSquin sothiac="kantistTheseanMaral5" flanesLungesCodworm="julies" armsMerc="sperityCymose">
        <canionsKronorUnwille>jets</canionsKronorUnwille>
      </paalMeekSquin>
    </carpentWayOmbres>
    <kronaTriadInbd bioticPurples="cirsoidArrayedPansies">
      <pithed>schmitzInexact</pithed>
      <decenceAloudDaraf detaxGibbousCuriae="38464" pensee="besomsBlayk7" jiggleSatisfyRounds="unreadChapsSuburb7921">
        <cullets>ruers</cullets>
      </decenceAloudDaraf>
      <photoma enfonceGutnish="stemEchoingArborer" charpitTechne="statary" theatry="ananismForwelkFootsie" unsickCit="linkyOlof">
        <sanjibByhand>seggarCrapwaTeste94</sanjibByhand>
      </photoma>
      <arrauDiseurHallowd patart="trapeze" tampoeLaudersFeta="peavy" hangleCavated="reamageBedmanAkala" pilularSinking="crumply">
        <paroleTriact>wavelet</paroleTriact>
      </arrauDiseurHallowd>
      <awheelConyngeStatize gens="424" spinodeBeyGenom="transeBirr">
        <hoistTeguria>6</hoistTeguria>
      </awheelConyngeStatize>
      <lidderIntextRanches cunniEmong="857855" myomataKinbootBugaboo="dittoCathole" justinaWarve="breckenAlly" harreMan="ferular">
        <stinge>prpDefraud</stinge>
      </lidderIntextRanches>
      <boreiad elonFuns="6293" vinalia="82" frappe="25" lumbars="sloosh">
        <plungerJugheadMiked>gorbit</plungerJugheadMiked>
      </boreiad>
      <gazabosSurphulFriseur sarky="kyungZiegerMosk" benison="bravade" goolBouffesMaunna="engleim" doffed="ulnageCunning9">
        <haggishRadium>guided</haggishRadium>
      </gazabosSurphulFriseur>
      <homerid ccoya="pattara" boatful="trustorTuiRoka" churledVagous="bevelsNongame" provVideoSmirkle="mentholWinkerTyum8">
        <sluitWinch>linolic</sluitWinch>
      </homerid>
      <necktie sissify="71285" kutenaiClatsop="76678">
        <facientStradeFaeries>shivsNessusEngrail</facientStradeFaeries>
      </necktie>
      <mopheadUnhuman sagbut="laddersAgeist" switzer="tongue" volpaneBilge="adorn">
        <toparch>deckles</toparch>
      </mopheadUnhuman>
      <wateredSorroaHeezy>
        <schismSeisBaching>guanoSpermic</schismSeisBaching>
      </wateredSorroaHeezy>
      <mingler shptKoas="370331" gualacaMiniate="qubbaFlockerRom">
        <cullionComiqueCaddle>siphoidHemicSket536</cullionComiqueCaddle>
      </mingler>
      <newness chippyCarpalLentisk="tanners" lolliesMuntin="grimmiaCuracoaThoued">
        <aculea>32620150</aculea>
      </newness>
      <luringHogyardMantua hamfat="lanternGoustieScat" staiver="7" sheafy="triton">
        <poucerRegin>patines</poucerRegin>
      </luringHogyardMantua>
      <khamalKenyansWhins>
        <halitesDemidogDebater>cowbyreAntshipCaused</halitesDemidogDebater>
      </khamalKenyansWhins>
      <blackieSwayfulTuchuns crispinCraned="79216" seethe="chapatiTankasEnjewel" mushla="9899" tollonGrager="vesica">
        <longueHoonKooky>noddedHumpty</longueHoonKooky>
      </blackieSwayfulTuchuns>
      <ohoMoierComart maureenDahlin="hyraxesHeptine" reseaux="26613725" quottPartitaPistol="mikeBahooMassier" awhet="geerah">
        <engold>sisting4488</engold>
      </ohoMoierComart>
      <leadway boodie="afieldCorolRedbait229" curdledEthosesBecome="gangwa" motetusGawney="cosets">
        <doolie>luckfulDivast</doolie>
      </leadway>
    </kronaTriadInbd>
    <buskins>
      <suneGlozeGlib>nineted</suneGlozeGlib>
      <tautsFrascoCurlier skollyMend="spateSpinoidLassu">
        <kalongAlveolaSeeping>purloin</kalongAlveolaSeeping>
      </tautsFrascoCurlier>
      <sothis celtish="674442620">
        <sewanFardels>91918079</sewanFardels>
      </sothis>
      <fishful paisan="4" ganosesSchoTewel="satoriiCoheadsManning">
        <hanaperInscapeCrinum>scaup</hanaperInscapeCrinum>
      </fishful>
      <babbled lividly="nomismsJetteau" shuffleMartini="24869616">
        <crambus>careme</crambus>
      </babbled>
      <preysOrsonSoritic repelCastanoTendon="ambaAnoasKthibh" leptusKetchyKantry="772052" doney="106" exacterAughCheskey="songbag">
        <caribalNopalry>93352</caribalNopalry>
      </preysOrsonSoritic>
      <metredJuicesAus viruelaBrow="doesnFaugh">
        <ringletOuter>cantoonIndia</ringletOuter>
      </metredJuicesAus>
    </buskins>
  </limbasUntruckYagua>
  <teetanWrongedIllest kempasRentierOromo="guayabiSqueald6754" smacked="refixRoyalme25" cedulas="675689832" cafard="delugesKasaFleets">
    <whimperPompanoTreed>
      <heyduckPalmedFanwork>erronReprise</heyduckPalmedFanwork>
    </whimperPompanoTreed>
  </teetanWrongedIllest>
  <parlingZincize locrineAustere="pipalsSerting" hyporit="70586" mennonSackfulWomans="roppCandiedSaice">
    <threnosWaise fustierTsade="38593352">
      <unroastUrocele>lebanonPhysicPappy</unroastUrocele>
    </threnosWaise>
    <cymeExcuseUta globus="apical">
      <spiralZanders>subaid</spiralZanders>
      <unhabitIncreep blumedCoilRecide="trangamMandlenDorm" jinxMurdrumVerily="fanSidiaSiccant3">
        <corneasOminate>cottLoatuko</corneasOminate>
      </unhabitIncreep>
      <castled angled="piafferCanossaSwipe186" herlsGratiaEpist="rearing">
        <vilPlaza>parsismZills</vilPlaza>
      </castled>
      <haitJazey>
        <thriveRetards>vangeliTelt</thriveRetards>
      </haitJazey>
      <ostracaNoll jambosTinamou="hansomsTagster" satorisCoulee="rotulaRedweed874" unfitClaudiaOutrace="fortsFeater" tjositeCottid="waffing">
        <rejang>427</rejang>
      </ostracaNoll>
      <sabot hobbilWardageActives="overpay" sepionJetTussock="wuzzyShrisHammock8" cavuSubpenaRomanly="527502728">
        <nifling>diaminsAchiote</nifling>
      </sabot>
      <envierRedoxesUniform algas="marcherBrumbee" sclimCyclopYeaoman="tracing">
        <bridesLarks>clayeYaply3</bridesLarks>
      </envierRedoxesUniform>
    </cymeExcuseUta>
    <aeneasCokemanHists>
      <delimed>moravidFoothot</delimed>
      <thiggedBridals chaoticDoucineRomaean="51" aration="7" starveGruppo="myocdia">
        <crops>8</crops>
      </thiggedBridals>
      <namazSubfeu>
        <titiesRewrapOutbuy>diedWhirtleRehash</titiesRewrapOutbuy>
      </namazSubfeu>
      <ackPatentsMedii clivMedici="asaphiaIntradaCoct" warmersShuswap="lolled">
        <dorterAlbedoAqueous>beluckiMurdrum</dorterAlbedoAqueous>
      </ackPatentsMedii>
      <fahlerzBeleapsVapored stearic="onward" dispendBeaconWaughts="betulinYergaSickled" almas="665456512">
        <latrianBrucine>warpedWitletUnbay</latrianBrucine>
      </fahlerzBeleapsVapored>
      <calotteRegaltyAvowter>
        <lanklyPoshFemales>heartlyArr4</lanklyPoshFemales>
      </calotteRegaltyAvowter>
      <shatSecohmStaters genghisSwallo="63753">
        <linoxynAlmugEngross>10195041</linoxynAlmugEngross>
      </shatSecohmStaters>
      <eqptPeriPutid wolverCisternClara="isobathPhoma" clarets="crikey">
        <mousmeTransfSylvic>male514</mousmeTransfSylvic>
      </eqptPeriPutid>
      <storeysSaccage aikuchiHoddle="442708">
        <harveyBait>4252012</harveyBait>
      </storeysSaccage>
      <swishesLaxest biosisGuylineBiggies="yanking" nastier="762213571" piggiesEyasCaaba="veadore">
        <enounce>essThere</enounce>
      </swishesLaxest>
      <antonio overfitGolgiJoyride="4784679" forbare="detunedSuf" pebbleAntonymRyania="diaplex">
        <headlyDecaniSmelts>bladesReid</headlyDecaniSmelts>
      </antonio>
      <rapaneaCaninus kwachasLocale="603111" codlinePurrahAnonyma="rankersKekuna" stickumSoloistBeauty="guiledRhombiReshown" warfare="aweary">
        <yinGibers>shoofa</yinGibers>
      </rapaneaCaninus>
      <hogties>
        <cubeletPeine>1</cubeletPeine>
      </hogties>
      <barolo areolaeAsync="3" osier="achapeBougie" blesses="versers">
        <scowderBrissSocage>32709734</scowderBrissSocage>
      </barolo>
    </aeneasCokemanHists>
    <woaldsEmuWoibe>
      <limidaeRottock>kulturs</limidaeRottock>
      <mashaChindi moppedGreasy="wistfulVetchyPomaded" sootedGeulahDecuman="428813807">
        <trojanForebar>miriestOverallInmate25</trojanForebar>
      </mashaChindi>
      <eileenCumular decoysCasuist="amass" prevueTaunSigmoid="tenserGroanedTurpis">
        <kansansChored>nodousAmityAdenous</kansansChored>
      </eileenCumular>
      <saccliPlacetCotypes rockFot="132" endogenLineasKopis="list" caliban="woundy" buckish="lakhsDelineKamalas">
        <paeony>pir</paeony>
      </saccliPlacetCotypes>
      <jumbieAbsorb carajaSilva="harariRelatePantile44" jarmoAsitia="immuredYipe" mucago="bedtickIva">
        <clavialAumbry>37639291</clavialAumbry>
      </jumbieAbsorb>
      <ganefSued plinkerOlamic="rhonda" scalesReply="doddart6" initionUnhandPortor="locoedOmitsSpewier" chubbyLyssaHoked="paizingDawtie">
        <abune>involve</abune>
      </ganefSued>
      <fetchClitchBowles>
        <argonneIdiom>pty</argonneIdiom>
      </fetchClitchBowles>
      <baregeUnblock crosletMaungeMeer="ovulate">
        <sensoryRooking>nhanTuxedo</sensoryRooking>
      </baregeUnblock>
      <coneVined>
        <pocket>78301382</pocket>
      </coneVined>
      <neele broomerWeazen="acer">
        <paginalTantrumSonghai>convoyBakairiPignut</paginalTantrumSonghai>
      </neele>
      <plotful spitsAraneid="bushie" forwake="135625" alityPendule="6" melasmaShapNorfolk="eyehole">
        <cancriBidentManx>trainyRepitch</cancriBidentManx>
      </plotful>
      <medleyMunichPommer sheetsNettier="cravedPerlid" cyprinaIlls="stuffy">
        <bocciasHirples>121415</bocciasHirples>
      </medleyMunichPommer>
      <ultrasWinery niataMoidStopes="bashfulBulkinGavall">
        <patroon>lesbianGrinder</patroon>
      </ultrasWinery>
    </woaldsEmuWoibe>
    <doitkin>
      <stevelColarinPaisa>planaruArder</stevelColarinPaisa>
      <rakijaCuriosaEncoded mobile="stap">
        <wigeonChilte>causonScoon</wigeonChilte>
      </rakijaCuriosaEncoded>
      <poliad saltboxWilder="clione">
        <josiahCafenehFronts>bactInarmed</josiahCafenehFronts>
      </poliad>
      <arcubos fuggingFinnsBritska="jacksaw">
        <snailBysLeached>looieDiseur</snailBysLeached>
      </arcubos>
      <idrisidHaik>
        <tokenOlioProbant>brunchEarnedFike</tokenOlioProbant>
      </idrisidHaik>
      <chokageLakatan slouchDimaris="undikedEgallyLearnt" skulkerGibbonsBrulots="42">
        <nonego>simioid</nonego>
      </chokageLakatan>
      <cagierWiddiePiemag abakaExotism="overgot">
        <occult>deviousEscarps7</occult>
      </cagierWiddiePiemag>
      <tryoutIvywood brin="lacqueyLoweite" keresanNerviiRevary="prutahPluggedTearily600" kumharAwatNanger="valuesSquizRokee">
        <garotesPalatal>529</garotesPalatal>
      </tryoutIvywood>
      <jogglerMolgula>
        <zincFustAgarita>loaf</zincFustAgarita>
      </jogglerMolgula>
      <iyarCupula loyally="margauxSparedPeages" gambesGrumDipylon="foamVertu" respiceAblest="7825860" monadalKennelKohens="warm">
        <cattailUpgrownBedamp>shouldn</cattailUpgrownBedamp>
      </iyarCupula>
      <pieris discinaWhirrsPhysiol="togataZonked" roofingOutredeFecal="phoniesWedsetRazes">
        <shooBassoonRucking>bravasPanache536</shooBassoonRucking>
      </pieris>
    </doitkin>
    <daimonLinnaeaSmalti>
      <sovertyFamineGliff>scousesTopkickTonant</sovertyFamineGliff>
      <hatchesOory arzawa="cirRelishyLings" beguine="nettedSteelen" sermo="151994276" prinkerPyre="122294">
        <leans>569403297</leans>
      </hatchesOory>
      <depeTunnorFatidic equineCocher="vibrantCanonesBrines" tucumaAdharaChen="spicsSitaDunning">
        <bayousSubnet>oglesHaters163</bayousSubnet>
      </depeTunnorFatidic>
      <alonzo ilealPhotoed="quoteeSchappe" baileLulusFage="femurReuben961">
        <urocyonGlostsLimuli>vanillePravin</urocyonGlostsLimuli>
      </alonzo>
      <shapingGalet bleedsPerobaMittle="anansiFaciaSontag" abactorCache="boolya" digonalRiggersHangie="booking" pavane="brimse">
        <swelly>cappingSumpage</swelly>
      </shapingGalet>
      <coosucMuir farcial="bipedCocoa" sexfid="scroffSpecked">
        <puggleChalana>kustiDoldrum</puggleChalana>
      </coosucMuir>
      <chidraYarded agavoseBihai="8" zacReside="alkylSpritzTatinek" injuryLower="whereby">
        <soilySparks>yirrsRebuffWallach</soilySparks>
      </chidraYarded>
      <laudianIngrown visargaCoenoSage="986635" untypedMixtec="mikronHibachi1717">
        <nagger>tiralee14</nagger>
      </laudianIngrown>
      <naghtRotala lovingCytheraCojuror="wolferAmotionInspeak76" ikonaRacketGappier="blebsTrovesCruel63">
        <humble>jets</humble>
      </naghtRotala>
      <glidderLigatedAnoints>
        <sillers>moisonBoxwork</sillers>
      </glidderLigatedAnoints>
      <mournerBarraceMcg wasteAsimmerHider="44474788" cerillaHorsier="runletYachted" endowsBarbera="yeard53" enwheelRaiserPotiche="poplinsMollugo">
        <tenonHuipil>scabidFeluccaPichey</tenonHuipil>
      </mournerBarraceMcg>
      <towBisulcWadable>
        <appair>abeggeCaryl</appair>
      </towBisulcWadable>
      <ouroubOutbear nasutusRappiteAppear="slushy" hikeBobo="emeutesSailersLeys" critturSencio="oviniaAverred2159">
        <disk>gila</disk>
      </ouroubOutbear>
      <demirep>
        <vellumy>40529876</vellumy>
      </demirep>
      <sppTarea hipposLeuciteSmallen="castro">
        <sorbol>labrysBuffedSaboted</sorbol>
      </sppTarea>
      <lichamPorno>
        <melders>57</melders>
      </lichamPorno>
      <jiggler uptear="886064098" squintyChogaAbuse="flopperMartiusCanossa8" unsling="faufelOutbled" ramage="versed">
        <outwordEyes>783</outwordEyes>
      </jiggler>
    </daimonLinnaeaSmalti>
    <carumSafawidTrails>
      <clairesViscus>civeGumwood</clairesViscus>
      <morboseCrowl mucins="fadedOutwashMettles" bungles="speedsShairdsExpire" blousesDottled="inopineSongkokEquulei">
        <bethankOutrick>locheForthyAgamoid</bethankOutrick>
      </morboseCrowl>
      <inverse>
        <moviesAmidoBedsit>74509114</moviesAmidoBedsit>
      </inverse>
      <slickly>
        <pattLeu>rogan7483</pattLeu>
      </slickly>
      <sturdy cleuchTss="catvineMilwellCarne" seeker="playKinoosRecta">
        <zonal>spikersAngelin</zonal>
      </sturdy>
    </carumSafawidTrails>
    <pwcaRohunaMeloe greeksBlunks="grapnel28" oidwlfe="dautieEnglue">
      <jessurWingier>fulgorAflushPsaloid</jessurWingier>
      <leucineDewal nerite="swinges" ilkRatesHamated="encreelTemplon" furryRodge="bawlers" roenengSegolGlossy="eloahSylvicSickles">
        <filmistNowyAuride>tenrecs</filmistNowyAuride>
      </leucineDewal>
      <anguriaVallumsDemist bumbardLactolHoick="apsidal">
        <turbith>telosZircite</turbith>
      </anguriaVallumsDemist>
      <dropsBahutuCousins tensedRailwayBavaroy="6">
        <isonymKazoosWizzens>crumbly</isonymKazoosWizzens>
      </dropsBahutuCousins>
    </pwcaRohunaMeloe>
    <tansel aphizogTowieOrnery="622" prankt="hellim990" garotedCaninesShinned="overputHeyday">
      <kundrySension>negate</kundrySension>
    </tansel>
    <missiesSoffitsJosh>
      <attirerLuba>cantoCheson</attirerLuba>
      <talliedAlmainMarara bronzes="cadaverEbbman" upbindsGoo="plushlyHogshipSnoop" cainguaHyposCheng="syllabeWithdawWashrag" augeanCrying="miranda87">
        <endict>efforceHairstMonde</endict>
      </talliedAlmainMarara>
      <spoutyVisage>
        <thwaiteSorehonYana>smeddumBentyBuilder61</thwaiteSorehonYana>
      </spoutyVisage>
      <heezing denoted="tofileTayerBino" bishari="outrailIcicles">
        <guaribaAdores>iridinePreciseWullie</guaribaAdores>
      </heezing>
      <salivalConure weaHakUpsy="bonnaz" droptGoala="pollee">
        <jacked>bogbean</jacked>
      </salivalConure>
      <framesMidgetsCinques sintu="louchRainier">
        <vicingPomelAblated>slierTerranHoot</vicingPomelAblated>
      </framesMidgetsCinques>
      <slidersTout scrogieSolodiBallots="1" oxters="5">
        <bowtelArrtez>oofless</bowtelArrtez>
      </slidersTout>
      <dialedAphJocker gite="oxheartOont" dipsyChatReifies="grager" novityDilliesRights="koalaListels">
        <joloanoDormerAngoise>lullsFitoutArain</joloanoDormerAngoise>
      </dialedAphJocker>
      <sudary footles="ilvaiteBavaryClipei" cawkyVaultyAppert="meatal" baconsUnlid="oyeletCowbindDecrew">
        <iseult>yezidiCritter</iseult>
      </sudary>
      <weeniesRereadAgasp biscotRazerPorrigo="argandTraductSpread" wieldy="myacea2">
        <syngamy>905730976</syngamy>
      </weeniesRereadAgasp>
      <fulkFreshly capouchBecurl="auspicyUnlyric" ejidoUptruss="tulipaLaccaMercian" julianFroth="venulaShelver9" boleiteLesche="enactsBingeyBalebos">
        <robinsClive>mutuels</robinsClive>
      </fulkFreshly>
      <penduleDeadpanDying choileSmashTombac="boong" brookedFeatishCollar="8616649" fthCraichy="monicAguada" warmly="unjointDoggishHoming">
        <azygosOutkillSwirls>latianEndearsSnatchy</azygosOutkillSwirls>
      </penduleDeadpanDying>
    </missiesSoffitsJosh>
    <gazedWailedZazen>
      <ficklyHamular>tooroo</ficklyHamular>
    </gazedWailedZazen>
    <regiven>
      <ylemsAmoyeseJuvia>yerth</ylemsAmoyeseJuvia>
      <subveneHurters attrapScutage="shadoValinch5776" peine="253953912" nieveFeistsLeers="6379">
        <jades>pusses</jades>
      </subveneHurters>
    </regiven>
    <atropalVisingEmbrew>
      <tolingSubheadConyza>roadwayPollent</tolingSubheadConyza>
    </atropalVisingEmbrew>
    <woefulScopula gleary="klezmerAussie" funje="hagsSurnap" boationTubbistEndrins="blout">
      <lbinitPhulwa>teethedMiaowedNowther90</lbinitPhulwa>
      <vidkidCalvedFalda emprent="satingLeucyl">
        <unglazeScrived>umbraChesilImpeyan662</unglazeScrived>
      </vidkidCalvedFalda>
      <umiacksArrgtStretto casteEpigoneJointly="areekRoansDosing" agibleMopusRupitic="racingsHopiChirper" squalidOutlive="knawelsValors">
        <usurped>182</usurped>
      </umiacksArrgtStretto>
      <hyloidLobeletBruiser dineroRollix="vixenFanfoot" stirSavingsPuls="ericasSphecid" styletsKolachIncline="reshew">
        <maniac>undatedEmbankPrang</maniac>
      </hyloidLobeletBruiser>
      <sememeFalsest>
        <lustingOsmols>skeo27</lustingOsmols>
      </sememeFalsest>
      <olefinsMutely>
        <polistaDemotesMaumet>1263159</polistaDemotesMaumet>
      </olefinsMutely>
      <silencyRefired waily="biotas" brasqueSorbinLender="1115707" magnaleInland="sarcomaHogger4464">
        <mannasCondo>hindiStoppel</mannasCondo>
      </silencyRefired>
      <populi>
        <guessSuccinCyma>bolerosBeamman5</guessSuccinCyma>
      </populi>
      <upflowSnaggedToddick bilifyLabiateModulet="cisternSeawardCopa60" fleamMantAbscam="unloyalTussar304" swiwet="poromas" rebaitOverlayTaffia="oxhouse">
        <camisiaPanosPsocine>gladier602</camisiaPanosPsocine>
      </upflowSnaggedToddick>
      <liflodRumdum artieInnyard="40825007" ohoneLuggingRatatat="smousScalena">
        <smalmEasily>phobist</smalmEasily>
      </liflodRumdum>
      <bidpaiLouster bossedMyosisVocable="bestormTeetanMoronry" nubiaKrooPunkest="hares" yacataCeste="hypoedStyrian" snowman="stollenGemsbokCoggers">
        <nonjuryArdeid>scottyKodaker</nonjuryArdeid>
      </bidpaiLouster>
      <angary yarth="souchieAdnexaRages" mazeCaraway="hinds51" parmeseSurfeitUpsides="linkyCinnylPerit">
        <loopsRaptest>whisterCrouth</loopsRaptest>
      </angary>
      <bateaGenii reswimEtnaDetenu="lamaiteOrganon" chaoriBrecia="conchieBummestPravin2" cunjer="156973815" hgtAbscissLewnite="13">
        <encraalHeadlyLeave>129367344</encraalHeadlyLeave>
      </bateaGenii>
      <airsome>
        <levo>portalEgreYamen</levo>
      </airsome>
      <owner blusherRadiale="purport" ncoJernieGoons="sicariiAyelpSuccubi">
        <iraqiBenchesDiptyca>59852370</iraqiBenchesDiptyca>
      </owner>
      <predayOvertaxGaretta heehaw="102855487" galena="dognapIncussReorder" muffled="canela">
        <detaxChaccon>reweighFiking</detaxChaccon>
      </predayOvertaxGaretta>
      <sutteeWahabitAllowed besterVoicesLithium="agcyFabrile" octect="metopesFleingTabu" debusedCantsShirker="jefe">
        <loculus>saloons</loculus>
      </sutteeWahabitAllowed>
      <fusserRosetum gleydeAtheistKenafs="8324589" cab="perneaMoodily">
        <ambeersFicusTwick>debunkLamasCradled92</ambeersFicusTwick>
      </fusserRosetum>
    </woefulScopula>
  </parlingZincize>
  <atap mazama="mantlesSethiteFetise1" />
  <curtainPhysic ovant="coshedSilency" miseryCook="191340">
    <komeAchene>
      <yarmSinkedAmandin>tumblesRuggersDiffame</yarmSinkedAmandin>
    </komeAchene>
    <tekiahThuyasGloboid fiaunt="equitesIkey5" defacer="roadingTrois" plebianYampa="athymiaFloBhd7502">
      <menseCytase>inshoeAccentCerise</menseCytase>
      <writhy rebidsLogsCoward="dopier" kamasinCovary="tildenHatesFadging9758">
        <sopitesMiaows>coquets</sopitesMiaows>
      </writhy>
      <aloysiaGyve traumasIgneous="pesanteDosain" thulias="holaKelder" pongids="2" amiably="pupilQuestor">
        <workful>5389</workful>
      </aloysiaGyve>
    </tekiahThuyasGloboid>
    <marinalKnyaz>
      <rippers>macduff</rippers>
    </marinalKnyaz>
    <fagoty>
      <stinky>garbellKwaznku651</stinky>
      <righten chitra="pelfMuphridWeiners8422">
        <wheedleCholineKvases>klinoOnrushMow</wheedleCholineKvases>
      </righten>
      <yells hypatonUnburly="hooraysVernage" naggish="191067" scowlCwm="warhead" doaCantrapMadder="debeigeBarrenDiscing">
        <hairof>9249</hairof>
      </yells>
      <atrede cyanus="5">
        <procbal>prooferChildedRoyalet</procbal>
      </atrede>
      <sib stelledJusto="53915490" changaChamianYajenin="99923938" kravers="inconyTeianGaroo" slakersCineol="75368111">
        <glacesMyodesKenyans>31969262</glacesMyodesKenyans>
      </sib>
    </fagoty>
    <plumyIsatidRegina veer="7131" cookieCannachVerbate="serta">
      <store>gregoryChieftyBaiter</store>
    </plumyIsatidRegina>
    <debowelNotedlyCosher>
      <aplomeWingcutRetan>enochic7806</aplomeWingcutRetan>
      <riceySeqenceSynnema veneral="bricole" potteen="curtRefunds">
        <uniplexRubelleChez>613457</uniplexRubelleChez>
      </riceySeqenceSynnema>
      <atmanLeveeSorrel>
        <iciestTinglerTrustor>glairedBishopsAnlas</iciestTinglerTrustor>
      </atmanLeveeSorrel>
      <cibolan spaheeHalersStride="serenesSneesh" catarrh="pinkos4968" malthusGunsels="toit">
        <begrimGlaiketChorals>schelmFigural</begrimGlaiketChorals>
      </cibolan>
      <dipoles annatsEruc="barnJoola" pittard="447348300" rennerOrnes="unguals">
        <annamDropout>yaldTaperlyCrinoid</annamDropout>
      </dipoles>
    </debowelNotedlyCosher>
    <unequalBoweled howkGustoso="sleightAportEugenol" sycoses="402" rotiCeresinOstosis="aalAlienee">
      <bistresDebile>copoutBolus</bistresDebile>
    </unequalBoweled>
    <jarsBoerdomLomata>
      <meechGrouseFunje>toywortDressesTibiad</meechGrouseFunje>
    </jarsBoerdomLomata>
    <spudboyCaddiedPlonked heisterRumkin="van" lakieOpacate="carolynHipposAreca" oxberry="curingGregoryTiming" ganza="2">
      <presageEnhuilePricers>ankerTariffHeadrig815</presageEnhuilePricers>
      <liasMilkilyRamplor>
        <dimmetFoaling>38</dimmetFoaling>
      </liasMilkilyRamplor>
      <kneaded>
        <lampateIodizer>waveoffMoropus</lampateIodizer>
      </kneaded>
      <porkierTipsyHonied niggersWhitten="freshenSassesTucson" gyresLontar="11249">
        <kioway>6920111</kioway>
      </porkierTipsyHonied>
      <rappeesBottier eels="atlanta">
        <ballantIleac>rissom991</ballantIleac>
      </rappeesBottier>
    </spudboyCaddiedPlonked>
    <larvalPoinder plasmon="sanable" tayronaDoctorTargum="drunt" dionPermit="2" hollaed="unhent36" thereup="calkin" cadyNames="581" bustingBrodie="rashersBharataOrrice">
      <ogoniumTornoteSutter>tantraTalkieAdagios</ogoniumTornoteSutter>
      <witwallXysts>
        <unmuddy>gleysBakairiYikes</unmuddy>
      </witwallXysts>
      <dislinkStoray>
        <findonTebeldiEardrum>inaneItaMolala</findonTebeldiEardrum>
      </dislinkStoray>
      <algedo solubleOtoPipeage="podogynHoickElaters" corkedMiner="sharanGroppleGyges780">
        <forcut>84857205</forcut>
      </algedo>
      <sitchMergingOarium obligerFolatesRepulse="osaminLogship" audianTrierKegler="swacken" kiblahKeita="6880227">
        <pinylProxies>40036</pinylProxies>
      </sitchMergingOarium>
      <ellfish pawed="girrockOtters" colloidShouldAggroup="gcdUnmade" raphae="59420266" trochilOutlaidPaused="cigalaAbsiOxbiter">
        <gip>rotondaEcruYeasty</gip>
      </ellfish>
      <harsherBual squamaRancid="4687" gryAgilityIndican="deirdreAubadesNosily" usnic="blore54" limitesRagbag="unsour">
        <ablingsAntu>254394</ablingsAntu>
      </harsherBual>
      <nicoloTufanSquinsy atoxyl="pavings">
        <unwooedMenthol>loveredRenHoller</unwooedMenthol>
      </nicoloTufanSquinsy>
      <surwanWaglikeDodges cutties="peeweesSerin939" niepaCrosslyEnkidu="upseal">
        <crinulaFolioInvars>daisies730</crinulaFolioInvars>
      </surwanWaglikeDodges>
      <alga moperZaparaBilimbi="nubian" encolor="mobbish">
        <bigamyGelate>halves3</bigamyGelate>
      </alga>
      <desexed toher="gassedGernitzKnoweth" akovCutoutsAdossee="kineses128" foldageTutty="wilesEliding" spignet="epicier">
        <argifyBepartEtheria>khotan</argifyBepartEtheria>
      </desexed>
      <asciansArder keatInswingPummels="liquer125">
        <sowins>tabellaStodgyBarbute</sowins>
      </asciansArder>
    </larvalPoinder>
    <plugmanUnaway>
      <glene>6</glene>
      <petitorBloothSissify>
        <keacorn>eamPrevizeAquarii</keacorn>
      </petitorBloothSissify>
      <sievaBylawsSpeiled peones="tuftersCarambaNocten2" which="tuillesAnsarieWakamba">
        <viruelaOutfedLevees>17972600</viruelaOutfedLevees>
      </sievaBylawsSpeiled>
      <forgaveBaggie anele="reptile">
        <cygnusVolutae>93804673</cygnusVolutae>
      </forgaveBaggie>
      <unfold farrandDauke="ixiaMoghul" punecaAphriteNurls="vaudiosChurchyGarous" adrenoUnbetYente="rejoltTimbrel">
        <kneelKyd>mannerGnashesNastier</kneelKyd>
      </unfold>
      <gaelic roosing="axil">
        <crotch>bogiesPatera</crotch>
      </gaelic>
      <chuter>
        <semnaeMilla>mentalWroxAxenic</semnaeMilla>
      </chuter>
      <megassGlander culches="mannansSavorly" exitusFarset="pistBoyunaAntwise" sweath="anitos7" carrieLowerKhakham="minkopiButledNympho15">
        <bettorsCuspingUpbelch>koss</bettorsCuspingUpbelch>
      </megassGlander>
      <mauriBludger unwallAddrestPilots="79392386">
        <mudland>gepounAugeanSadly</mudland>
      </mauriBludger>
      <oxyaenaCryptFunnies unrightAcronycPutons="salaryPoignetDated" hothead="crimean" withsetDecadesCrybaby="tifterBivane21" hogback="gowdSines1138">
        <boob>pshawClition</boob>
      </oxyaenaCryptFunnies>
      <panfulWasherWhy indolin="unstopsTympDubbing" cerineAdytonRinser="ironistAnnal">
        <jiggish>conedVendueOdorant1</jiggish>
      </panfulWasherWhy>
    </plugmanUnaway>
    <jilters>
      <ramieEnfaced>adversaFulup15</ramieEnfaced>
      <eaters hulk="56122">
        <unoptedAlmners>midwaysDdtBarmie</unoptedAlmners>
      </eaters>
      <behootWitessFretsaw>
        <inbringPlaud>8322</inbringPlaud>
      </behootWitessFretsaw>
      <hullosAileenShavian>
        <poppetsDieses>tapuyaPilleryDiazole</poppetsDieses>
      </hullosAileenShavian>
      <basatOutlast fmtBeats="813256" itllTradite="132" doand="actinonInwallsAdobo1">
        <valvateEstateFinnac>wortleEbenBesneer</valvateEstateFinnac>
      </basatOutlast>
      <albumenChaletsKeest zandeOversea="bibio" squeelRosterZeugite="babiedRetore" caingin="doped50" plical="bookies9">
        <kreaticPendom>4</kreaticPendom>
      </albumenChaletsKeest>
      <impliesPhagesNeocyte nonettoWheerTrabal="742147" curupayCensor="chuffed" junior="veddoidCabbagyAlexius" noteman="96">
        <muzzyApotype>costlewOrdain</muzzyApotype>
      </impliesPhagesNeocyte>
      <cammasAbsi capilliAneared="pinnageJodel" longerKorea="marm">
        <etudesAshiverMorro>uniovalFiculaTopas</etudesAshiverMorro>
      </cammasAbsi>
      <devsEnroots mintage="agrTapiser">
        <trawlerAttalidNet>oilcoat</trawlerAttalidNet>
      </devsEnroots>
      <amboina lads="fungidMoppetAgnel" zenickHunchedRuddier="lagend" eluded="717845102">
        <ennerve>winder</ennerve>
      </amboina>
      <cadgyLenin unthrid="3964" sporontOrewood="entrikeFleersClomben" nitridYipeMollify="phallic">
        <genaWaxier>210317</genaWaxier>
      </cadgyLenin>
      <micronsKooks faggySclaffs="3198076">
        <salvorAloLunes>11824744</salvorAloLunes>
      </micronsKooks>
      <brith readersTowson="resoilWingbow">
        <hawksPurfled>302972</hawksPurfled>
      </brith>
      <ledger filietyScorifyTaps="pintosFirkinsTeaer" ascitanPoppedRetier="wirrahGregoDiphase" koumyss="buzzing">
        <battlesPedate>172048649</battlesPedate>
      </ledger>
      <gilgaiWhereis mattockLinoUpsup="boodieUmbundu9341" iodismOpusHoppled="replaceExcud">
        <meeceCharpitLimpet>sharifsDogdom</meeceCharpitLimpet>
      </gilgaiWhereis>
      <whidderJaunerTaa mangar="stouter" joyed="6308233" cagersInlayed="844303955">
        <kippersChebelMoots>divorce</kippersChebelMoots>
      </whidderJaunerTaa>
    </jilters>
  </curtainPhysic>
</eulogia>