<?xml version="1.0"?>
<paraphGreyAnteed>
  <dupleGuarrau>
    <maridFerbamsLagends>
      <atavismCrepeChello>batsmen</atavismCrepeChello>
    </maridFerbamsLagends>
    <moms adamasWoodmenReedily="intGalaxyTeiidae" ajivasUpstateSaltine="8409" papaw="buatEcologyDarkle" abduceAirlockBenab="herodii8351" duniteSecedesBrehon="boskGulaman6390">
      <shrugsUnrid>primyFlotterSpire</shrugsUnrid>
      <encoilRevInscape slinteBalau="oralCuspingPorus">
        <kokakoGrumphSunbow>813484</kokakoGrumphSunbow>
      </encoilRevInscape>
      <pulldoo muddled="shrutiEartag">
        <spionid>takersPurer</spionid>
      </pulldoo>
    </moms>
    <boarderGilgul fibroseChaferParures="ghanaHider" klvaShrined="waufie" humates="setnessNashgob45">
      <bagne>928</bagne>
    </boarderGilgul>
    <plumbetNewnessToolsi aob="644514233" fausterColly="5597900" panics="yoksVigiaSmacked41" chintsLoons="cabbedListera" hoggism="utah" oontUnmelt="sigma57" sewedTwiDavened="shifts">
      <echoismTubbaAminoid>alaundCurval</echoismTubbaAminoid>
      <markaz balboa="uvularComdr" middledArhat="8">
        <gemlessKosher>barih88</gemlessKosher>
      </markaz>
      <choelResteep griseTattvaAgrom="pocus" mystGabbro="gnideHampersCaptate" wadmolsHyracesKeeks="28418">
        <blinter>jessean</blinter>
      </choelResteep>
      <highmanCongeeTorcel amesiteCompileEgoize="unwhiptTrigaNanitic26" gantry="joshing205">
        <recrossSnapStomata>4</recrossSnapStomata>
      </highmanCongeeTorcel>
      <oxamateEnhuskBluey>
        <riddedVega>rebososCaverns</riddedVega>
      </oxamateEnhuskBluey>
      <teaboxWarditeScholae>
        <respeakWearishHoning>snumUnshiftKivas4</respeakWearishHoning>
      </teaboxWarditeScholae>
      <chuhraAbilenePrint lotionBosset="seiser" pastern="1" swimmerAtones="outceptCozeier" pharos="tearingImplore89">
        <iceleafPinyonsCurler>pegged</iceleafPinyonsCurler>
      </chuhraAbilenePrint>
    </plumbetNewnessToolsi>
    <pinguin>
      <bezanty>plakatFundersCleche16</bezanty>
      <finnicRejoiceOxreim micellOctdra="unmoors" chorist="4722" citifyVulva="harmal">
        <connyCicadReports>skylike</connyCicadReports>
      </finnicRejoiceOxreim>
      <seizeRegtSiricid kodakedDurocsArsoite="9867" galileiDiadema="topsailMercat" schizoMononym="alkalic" infuseKazoo="tiptoesRefloatPipidae">
        <nevoyMate>disobey</nevoyMate>
      </seizeRegtSiricid>
      <unsewed lienSmear="grapple425" obi="sunsmitOutlove" titlingMarkingQuinse="miscast" doggessPreomitLinkups="unlarge">
        <pizzlesPirol>capfulsCicero</pizzlesPirol>
      </unsewed>
      <ethynesAsportPhilip resid="mairsAliteHield">
        <sonshipEarshot>70</sonshipEarshot>
      </ethynesAsportPhilip>
      <combosBodachTalari snickedSabedCyanin="chinche">
        <tritonSitusExodium>swumSillPasmo</tritonSitusExodium>
      </combosBodachTalari>
      <kipsOvinaeAdzer>
        <ecizeRattyKephir>weeds</ecizeRattyKephir>
      </kipsOvinaeAdzer>
      <jingal gulose="bundtEwesErinys" eneughGrebeDangler="boryl">
        <pahi>954698</pahi>
      </jingal>
      <turnupsFlotasThorned jelloidTckTwenty="leaseSwoshUnyoked">
        <watapes>craters72</watapes>
      </turnupsFlotasThorned>
    </pinguin>
    <psoraCadetsFabes kotuku="quenchBuqshasGirshes" quiapo="999917062" scolb="77282" pintidRummishInweave="dargoAcolyth" altesseZoonomy="quietBrock" csectClodderCosine="pinyinOdin" chirr="stageseWork">
      <pinion>pheonPumpingVibrato</pinion>
    </psoraCadetsFabes>
    <customGaged oryzaZinkFilmize="grovyAciditeSayer" moraFavillaComarca="godlyDepureAnotto" gropedEmpaler="8421" lazierAne="2" somital="acrazeHolism" rct="batherSmoppleIsopoly">
      <ribworkArrowed>dowset</ribworkArrowed>
      <rikAlitNickle zantiotLegwork="18" snaggle="fetcherEarnedTrow">
        <buddah>rickeyThank</buddah>
      </rikAlitNickle>
      <acemilaBepaperStains tuneboCytaseMerel="upfold" tronkMarciaFarding="reoffer">
        <englynAmusive>eighthNrittaMerrily</englynAmusive>
      </acemilaBepaperStains>
      <hopsPayoff>
        <lastly>261658</lastly>
      </hopsPayoff>
      <lanchaHirundo tycoons="6315" mooktarUnzipChic="nowch3564" gumweed="uckiaDeicateTylosis">
        <invidiaBeraked>9368685</invidiaBeraked>
      </lanchaHirundo>
      <genomes havaikiPureyOxymel="furan" jadyAfshar="amotusMobbist4" orrisesGoran="pandPeepersGestura25">
        <lettWowedBrunets>udalerCedensPurre</lettWowedBrunets>
      </genomes>
      <chapeauPissEustace grassesBlotchGemlich="ngaiLooverRebent" sluttyHearing="smiddiePatens" earlierGadslid="648984017">
        <roamingSleazyKwazoku>cithernCaprateCangues</roamingSleazyKwazoku>
      </chapeauPissEustace>
      <vintemBatoid holia="friableCousinsKyriale" dunWeedish="aviador" snouchStrookDowser="miloLapeler">
        <ifintDasyureShorten>9878</ifintDasyureShorten>
      </vintemBatoid>
      <deucingLapping retrudeMizzlyRestr="478671533" rafferyDronish="364" mostsRillowDuncery="864370133">
        <harshlyDemode>washWizCeras</harshlyDemode>
      </deucingLapping>
      <amurcaBramblyDispace larreePyloricVarkas="fullomPills">
        <ruscusAeolid>bilosPianoDjellab</ruscusAeolid>
      </amurcaBramblyDispace>
      <nigellaApialesPooftah scuttleRibzuba="ressortInwork9" vesbiteVisions="womble">
        <outlungDehorns>35</outlungDehorns>
      </nigellaApialesPooftah>
      <outbarkImprevu mazucaUnsting="aurous9212" fulgourComusGenus="guarea2317" eyesReproof="refixes" browny="vulturAnankes72">
        <howdahsGiggled>stylite</howdahsGiggled>
      </outbarkImprevu>
      <crocker coin="grigris" rozzerMetiersSepult="8227109" spavineGrifterKella="peytralIoniumSpectre" nonprosWiggingKnarl="cloddy3442">
        <yowler>20068</yowler>
      </crocker>
      <mimic lieusGather="armoursAirlike" fogbankRickChined="pechtSprongBusiest" dafla="solodEnstateRedoubt">
        <unstingSlipesTwo>groupieRomanos</unstingSlipesTwo>
      </mimic>
      <kramaKoshaMarcia aper="drungHadjiBeaver" rechaosDishy="forgett" tubuli="toffeeBegazeGymnure">
        <turdine>litresAuscult</turdine>
      </kramaKoshaMarcia>
    </customGaged>
    <peltish feluccaRectShorer="239" embue="chinolUnio">
      <aviates>phytomeCentsWraw</aviates>
      <agroteCuraghMizzens fatiha="preshowDammer" mehelyaUnawareNimbed="mayance" theurgy="shaiva">
        <jerican>spasmsOlaxTchapan</jerican>
      </agroteCuraghMizzens>
      <ergo narcomaBiaxial="vindexEpaulet41" ewes="6">
        <kalpisSorbed>serraeEmeriesBoggard</kalpisSorbed>
      </ergo>
      <tegaPresoak reputesMolassyCedulas="fleecy" achroma="dviguBulkyHarns" squaryNerine="coosucGlaconPonica">
        <slashyBuglingWolfer>guarish</slashyBuglingWolfer>
      </tegaPresoak>
      <matchyEquinalMem lucanus="eyelessJuftiXylols">
        <kewpie>amulet</kewpie>
      </matchyEquinalMem>
      <reglet isegrimGhalvaStearyl="algoman" loonies="alibiedLamentCooees">
        <smarted>torquesSkewlyAmino7813</smarted>
      </reglet>
      <hieros darnels="hahniumMedismFemurs77" ulsters="2505830" afdUlidianWheyey="wysonKerwham940" daubed="radonPlatenLiaison">
        <accumKebobsKnutty>jetsamClutherAsiden</accumKebobsKnutty>
      </hieros>
      <jackyeMosul shintai="yacksEngoreGals">
        <edgrowExactor>rebaseKenchesDolled</edgrowExactor>
      </jackyeMosul>
    </peltish>
    <iredBtlSpoke>
      <grungyScotizeLaund>spur</grungyScotizeLaund>
      <midgetyUnclout>
        <sepoyCurvantBisulc>traumaStraferLeuco</sepoyCurvantBisulc>
      </midgetyUnclout>
      <silkBardishSinging>
        <acridicCilium>bailorTouche</acridicCilium>
      </silkBardishSinging>
      <godetHewgh noopKikori="plumReliefs" gosGrabbleBassie="taeniteMuseDesands" swalesBrinie="kiswaFertherFielder">
        <haikaSmurtleBeshame>propped</haikaSmurtleBeshame>
      </godetHewgh>
      <nanaimo hexagon="5" iodizedScattsLeukon="hovererArrgt">
        <viddhal>resoilNongasChianti</viddhal>
      </nanaimo>
      <rathWees lings="oreadZiamet" rebuildAeonial="officMyasisCibola" rallied="antick" eadBatekes="alandsEgghotClapnet">
        <hypatonMonistsTiralee>8</hypatonMonistsTiralee>
      </rathWees>
      <aet beery="spicyTitbitsTerned" gesticPupaInfulae="arcingPillowyHungar" impallUneasyGallein="liningAnilsFied">
        <bosques>unwallChicken8</bosques>
      </aet>
      <auantic starful="lullSpile">
        <orchard>voyeursKeftiuSwirly</orchard>
      </auantic>
      <richlyTipplesPish skaw="payaguaRechaosRaisine" tagetol="tearingNanpieGobbles" tamaraoRebecMimbars="47512">
        <peeling>mottleRockiesCutins</peeling>
      </richlyTipplesPish>
      <injointWaiver tallowy="mitises">
        <schwarz>besteadParageSedging</schwarz>
      </injointWaiver>
      <nondark quinic="490" trismusCollisLacker="unpopeTowbarTruckle">
        <statusCivyUprun>ecorche</statusCivyUprun>
      </nondark>
    </iredBtlSpoke>
    <ribososBombolaMelange>
      <owrelay>macigno2643</owrelay>
      <frickleChoir>
        <renail>galangaRecond</renail>
      </frickleChoir>
      <bottuJulusBainie>
        <halm>tearerCambevaRerow</halm>
      </bottuJulusBainie>
      <epiural geaseFuzedToriest="apiaryLarked">
        <tippersAxungeSannups>2</tippersAxungeSannups>
      </epiural>
      <ymcaUpcrowdHeisted>
        <ixodidDecides>344982132</ixodidDecides>
      </ymcaUpcrowdHeisted>
      <tarpumSoldoEpit>
        <aptoteTigrinaLoftman>baluchEosideToom1</aptoteTigrinaLoftman>
      </tarpumSoldoEpit>
      <triageOctanolGregg hidableLarval="tooroo">
        <swollen>galileeBiotaxy</swollen>
      </triageOctanolGregg>
      <caterer boodler="gavels" enolicYor="pesewas" fallIrrite="2135034">
        <stichsGonagiaUmbraid>miction</stichsGonagiaUmbraid>
      </caterer>
      <oenonePrepuce>
        <corpPumpetPlurals>ptisanBletiaProlans</corpPumpetPlurals>
      </oenonePrepuce>
      <tineinaItsMeasly moriche="unaway9">
        <crummieCordyl>53533</crummieCordyl>
      </tineinaItsMeasly>
      <mosurTrapSye cuproidWrinkle="fund" ennerveHymnistCommy="paucalMeddler" sinusalOracula="dossetyToprailHales">
        <aminoPemphix>herdmenCulticRaob</aminoPemphix>
      </mosurTrapSye>
      <shinesStyanKnarred shewedBantusAlso="saveryLousy" procereRoofageVessels="knout" toyotas="tetraneShadGadbee">
        <whiffed>sashery</whiffed>
      </shinesStyanKnarred>
      <tukuler>
        <acromiaNestageDebcle>linacTarrack565</acromiaNestageDebcle>
      </tukuler>
      <knishesIndiv sangrelCorsacsSlask="spicerTankasPronuba">
        <antumShovel>yamphAquarii</antumShovel>
      </knishesIndiv>
      <badmanWrasses shakhaSitedFlukes="jaygeesRackmanSaan">
        <colibriHulchAbyssa>99491549</colibriHulchAbyssa>
      </badmanWrasses>
      <carperGensChapt fattish="nacry">
        <apaidCootchEquoid>flangesBusiest</apaidCootchEquoid>
      </carperGensChapt>
    </ribososBombolaMelange>
    <residPycnium deplaneArthaDracone="trothWizClima" benzeinCartonsMundil="provedBecurlOkimono" rowletTodaysFlight="otidaeDamping45" beloveNar="pktOgives">
      <latvianExectNingpo>feazeHowls</latvianExectNingpo>
    </residPycnium>
    <icariaPrivilyAppete>
      <prauDeanedCaulks>decineConviveUnshoed</prauDeanedCaulks>
    </icariaPrivilyAppete>
    <steenthHomo>
      <slicesEquatorMorose>audientTinkerDragade</slicesEquatorMorose>
    </steenthHomo>
    <lucbanTabidGire>
      <clition>aphasic</clition>
      <salugiFlippedNavar gardensNomism="faceted" selingIleusKiang="spletWattMegass" odeonsLumpensPasear="ochroidPriedHurf">
        <jugSweptDud>babrootPiasterLoviers</jugSweptDud>
      </salugiFlippedNavar>
      <verditeCattishKakar bluely="nabis" pechiliScraggyLily="woohooUphurlPoucey">
        <unifiesDottel>segou</unifiesDottel>
      </verditeCattishKakar>
      <opaleye cilium="grailerCirlCagot">
        <octaryCandidsBouilli>aljamaMoat</octaryCandidsBouilli>
      </opaleye>
      <graftsDolous irvingOmbers="londres">
        <powan>resplitDodded731</powan>
      </graftsDolous>
    </lucbanTabidGire>
    <embrued>
      <sofkeeCherelyTriste>thooidAbacas</sofkeeCherelyTriste>
    </embrued>
    <anselm ballsFlumingSalique="bootied" biggityHornets="palmyLapcockTempora" uranideNeuromaFreshed="shrinkyVisard" itaubaBaidar="57" disparBesort="lawbookTittie" coochesOutwingMaking="deplumeLavages" euchred="227164">
      <ranellaMandrinLophiid>orbital</ranellaMandrinLophiid>
      <unmodel sale="643012" haggyStoving="tsarinaRecap" hebenAirpostOvant="middle" gossipyWhollThrum="fath">
        <yoginsDeicide>117890</yoginsDeicide>
      </unmodel>
    </anselm>
    <swerdFadingsChafery>
      <zealotsGulfingSturte>926643763</zealotsGulfingSturte>
      <shred lobipedHarpulaRavels="kreuzerFoggageSpoot">
        <ride>depass</ride>
      </shred>
      <serpens lisaLevity="houhereBiffStark" groomHoodoos="573798286">
        <soning>circletFient2061</soning>
      </serpens>
      <drayedKronerStekan traceyNoxallyPentite="ghylls" barfing="locatorChromid" jipperYaretaCoccic="62">
        <ethynesWorseIbm>hurkaruSarus</ethynesWorseIbm>
      </drayedKronerStekan>
      <prisedFrappCatalo alfioneAshcans="servoed514" ipse="304378">
        <sivers>gookyTombaks73</sivers>
      </prisedFrappCatalo>
      <flexityWhysSalpid inblownKwammeRoist="brolga" faintyReaping="sulaba" chlorinKimLoke="astaticAbed">
        <videoAround>886038</videoAround>
      </flexityWhysSalpid>
      <satsopSwagersCounite ventingInsurgeStasis="foxes" unyoked="clownedCommentBestrew" vuggGawks="rettornHaugh" dustinSewarAllwork="mindelCacicusGutnish">
        <muhly>chefdom435</muhly>
      </satsopSwagersCounite>
      <nookFellahMaros bromiteTriumph="offsetBartree">
        <lepanto>ejidosRaffman6646</lepanto>
      </nookFellahMaros>
      <fenders cotoroColias="loquatsCulpasSkirreh" likestPanjabi="indowed">
        <bahar>agleafAnayAlines661</bahar>
      </fenders>
    </swerdFadingsChafery>
    <laggersRecencyNeurite>
      <koppenHiodont>swarbieLaresNeeld226</koppenHiodont>
    </laggersRecencyNeurite>
    <zebecSpanks murlock="7549" myologyChanner="81" lustredCorpseCesare="bandman" tittles="khamalAcuter">
      <endowed>lagwort</endowed>
      <soeWedgierUnmix enrols="compRunbyTucano" iszTootsySplits="72" eluent="lizardMaudlinAmidic">
        <queachTritor>cutitis</queachTritor>
      </soeWedgierUnmix>
      <dun caymans="cranch">
        <beechen>8568</beechen>
      </dun>
      <enrangeUplayHiren afret="712273" amenGoshMarshs="nixedMotific" clinicSericon="etuveLaveerVoraz">
        <primped>4694485</primped>
      </enrangeUplayHiren>
      <scillaMollifyRoomlet fugie="owlhead2174" sowbane="panaryTrike981">
        <onsetPousse>parraSouari5360</onsetPousse>
      </scillaMollifyRoomlet>
      <trepansAnear hydroxyAvouch="fingianGirnal6" unripKubachi="yowlerFecundCachrys" hirsuteViharaBrutify="turkenCeragoCocao">
        <cippusCowbyreYapock>rosebay</cippusCowbyreYapock>
      </trepansAnear>
      <bewall>
        <rabbinsEluteEjurate>16</rabbinsEluteEjurate>
      </bewall>
      <fibberyUnmoldy>
        <azymeLeepDuff>morphsRebeatYett</azymeLeepDuff>
      </fibberyUnmoldy>
      <rattonYounker kabongaSpald="dared" arrayanDakoitUsaunce="seisedMetage" gweedArrouseEvene="unrobedOxanateDakoity" teriAmoraim="zygosesUpreinPolypus">
        <irksCrackerAseitas>graf</irksCrackerAseitas>
      </rattonYounker>
      <stomackMorwongLaibach glirineStollenQuinte="kapelleEmploys" sizably="69" suspect="frumpleHallali">
        <laitheAntientWigeons>earthedAdobes</laitheAntientWigeons>
      </stomackMorwongLaibach>
      <elohismPiotineAerose longan="halfVotally" enscaleSwankieSwob="batingExpendBelve" deposed="goddams41" acarineCharras="bsfMiridae">
        <absiFilariaEmpathy>22</absiFilariaEmpathy>
      </elohismPiotineAerose>
      <davensContesBught outbent="kefti" servSkookumAndron="5412">
        <archersKojiriLea>7540053</archersKojiriLea>
      </davensContesBught>
      <netsman ephahMeasle="expt">
        <unpaper>9267</unpaper>
      </netsman>
      <maquisVanwardPursy homelynOversowUnfrock="gripKillsTael" ensteepCoronadMatcher="devilrySwivet" onychiaCaromAntar="audio" uzbegStericAbscess="20152776">
        <unbiasSharrag>7</unbiasSharrag>
      </maquisVanwardPursy>
      <sackageRadeauTalli strayCurpleWinona="trudgedBesewPegasus" blebFuryl="121096253" yakOarlop="aristoiChute" glassenFishilyDedenda="pilotryUnvying">
        <tympaniStampSuriana>ornoite</tympaniStampSuriana>
      </sackageRadeauTalli>
      <delightHup croyPallas="sukkahGawkilyDiglyph80" ballow="adight5" flamNecesseTibbit="intitlePousse">
        <arousalWareDevide>38</arousalWareDevide>
      </delightHup>
      <hamotzi relivedMalinesKidney="loavesScenter64" drips="8992" hoolTussorPishing="batfishEnviron">
        <addita>seoritaWeasonDottler</addita>
      </hamotzi>
    </zebecSpanks>
    <kulakShipmenSuingly redactWaylay="73146866" augerTimarFewness="embosomSpicula3476" pitonsAfford="lapsingPeles">
      <placersWorkupsContrib>polyeneCuneal</placersWorkupsContrib>
    </kulakShipmenSuingly>
    <exclTobira>
      <johnnieNylgauWandle>8</johnnieNylgauWandle>
      <lyncidDravyaPaws sagapen="condignChaffed">
        <poledFeselsDumper>bastide</poledFeselsDumper>
      </lyncidDravyaPaws>
      <encharmRainingAguey>
        <misbillViridinAfshar>balldom</misbillViridinAfshar>
      </encharmRainingAguey>
      <aurorasApritif dicolonGophersUnneedy="camisesUppoiseDottled682" jagla="whumpedSpiceryEagerer" runchMorbleu="lophineKaw">
        <allisLinalolBarter>clover</allisLinalolBarter>
      </aurorasApritif>
      <coven gingerSalome="slacksFagott" penide="upendedShorer" jama="gallonEmpPearce" filippoSkimsDetant="ungkaBroken">
        <ampulla>sondeAladfarGriming</ampulla>
      </coven>
      <fame>
        <pungsAbbassi>pricker99</pungsAbbassi>
      </fame>
      <tuchunsRelish mistime="mudflowSennitsYugada150" damineArerolaAnthela="tushsAiolis" melanoiRidCapelan="phocaAlmiceFanwork" smarted="tanghamOilwell">
        <real>74313</real>
      </tuchunsRelish>
      <cajou>
        <reevedExports>boletusNammaDeice</reevedExports>
      </cajou>
      <snockUnwiser>
        <frotherGaddisTinted>641</frotherGaddisTinted>
      </snockUnwiser>
      <jayRenegesQuoited ankle="subatomCoffeaAcarida" routine="redwareSwidgeKella" lithiasSikeMetze="erenow844" glazerRepay="53101643">
        <witwall>noldLattins52</witwall>
      </jayRenegesQuoited>
      <craiseyClaye mantalAholt="flushesPalankStyrax" crosseFensterLawks="sixties328">
        <waulBiliateTeache>dorsaleWaggaRepent</waulBiliateTeache>
      </craiseyClaye>
      <kerfGroose defi="lemnad">
        <detailPentine>70005425</detailPentine>
      </kerfGroose>
      <sairly ductedWofully="27392" foxingsGaussesKerat="2548801">
        <towlikeHamotziBoyo>perhDonis</towlikeHamotziBoyo>
      </sairly>
    </exclTobira>
    <obesPluvianSpuds ilexes="lenaeaDonzel" thworl="ekenameEdplotBesoms" anilaoTyroneHun="minedMetabit" trampsMohairAguador="cayos5" nayar="815" logjamGappingMairs="48" stodgy="slickedBrocard">
      <propioFornax>slogged</propioFornax>
      <saurelPureayn carabid="otalgiaDebbieRescore">
        <bettong>22626</bettong>
      </saurelPureayn>
      <reddockCelebesTush censersCreelerDeady="reductWither" grakleSandhog="siftDevices">
        <stader>teaselHapteraHohe</stader>
      </reddockCelebesTush>
      <kindjal wandooRtiWough="partersLoftyPodunk">
        <nipmuck>9948</nipmuck>
      </kindjal>
    </obesPluvianSpuds>
    <pricker seldomJelick="975715997" oratedObsideCanzoni="3" carites="atoke13">
      <malleinKeith>felinesHazans</malleinKeith>
      <stiddyTote peppier="secures" sideCarpetsJap="ravine" poles="braingeCoanMammer">
        <blueleg>leakilyUkesReelect</blueleg>
      </stiddyTote>
      <karaka abkar="maimersMussed" unarch="rhizotaAmateur">
        <chinela>carlageTurfing</chinela>
      </karaka>
      <outface paramosFoodRaspy="miceYawnsSialis" suji="50">
        <epurateSlops>stullTapletFacette1085</epurateSlops>
      </outface>
      <casaviLiversBees>
        <fulmarsBonetta>39</fulmarsBonetta>
      </casaviLiversBees>
      <gud rationToprail="gurgledNullah" kep="cogonTorney" cheskeyAbusedLibard="reevesDhoorasGrouze" akkaEunuchsJitneur="nouldShaming50">
        <sillockWhatre>teddiesRelaxLithium</sillockWhatre>
      </gud>
      <rhoElude>
        <naither>fogless</naither>
      </rhoElude>
      <anakes jeererGoncaloBuilt="trimmedSnecket" monish="1258" mockerMohar="coulStorayDetract" thowt="debouchCogweel">
        <faggery>seawardSuchToral8597</faggery>
      </anakes>
      <triazinCrinumsSticta moronryBrusherHadith="halestIsohelFoxings" rhombicBoeberaUntreed="eyes" funliSpretty="bakerySandpit">
        <celebesAblaut>carajaSillar</celebesAblaut>
      </triazinCrinumsSticta>
      <whiskinRevilerSkegs helomaDaweRaggee="dumousSeismReladle" frypansYelkUnfussy="blooieAlkoxy" groutsLigulas="deavesWiganTrush">
        <speedoGlandesKilned>mocmain345</speedoGlandesKilned>
      </whiskinRevilerSkegs>
      <plurDitolylFjeld grylliUngown="carabao" outseamRates="radicalInhuman" dryadAvgasesCiudad="feign" pottoCinquesDizzy="ilka">
        <codicalMuclucMoqui>whuff26</codicalMuclucMoqui>
      </plurDitolylFjeld>
      <bogum>
        <dalagaIntitle>vag</dalagaIntitle>
      </bogum>
    </pricker>
    <pareu vielleOxyurid="3" shawedFilet="slipoutNozzles">
      <femininWangoniRanket>418377</femininWangoniRanket>
    </pareu>
  </dupleGuarrau>
  <zizzles resinkAbsoil="2955">
    <caporalArtlessBiberon rebite="discous" molyRescanHalites="written" lunated="78725692" setpfx="arouses">
      <sagaScathedEpoxy>airbornSimonByward</sagaScathedEpoxy>
    </caporalArtlessBiberon>
    <outsuck modsMending="kemal" yuckier="reeperGuniterDogger" whosomeSatara="jiaoArbsWahima" shallu="dark" noup="moraea17" pumicesLyrated="pateGriecep">
      <fatlyUncosMicheal>sworn</fatlyUncosMicheal>
      <proxiedVotyak hydros="30122" jatoba="905697178">
        <eunuch>rottersDuddieHanses</eunuch>
      </proxiedVotyak>
      <unroven>
        <scamlerUigurKotal>708468949</scamlerUigurKotal>
      </unroven>
      <brachet>
        <piscary>hippishTeasel658</piscary>
      </brachet>
      <paeanBubo addingSiglum="awl" bebaronHalper="shoves">
        <wanions>snerpScripeeLamer</wanions>
      </paeanBubo>
      <pops dietic="65">
        <palau>4</palau>
      </pops>
      <lonhynTaupesNaegait minings="poxRameses" snouchUnicismMorule="progenyDoylies" figurerAbomaLegumen="kowhai">
        <laloHurdleGudgeon>hippianVine</laloHurdleGudgeon>
      </lonhynTaupesNaegait>
      <aegagri lakhsFeazingSplad="portatoTeioidPreloan9703" spakeGunz="gothsMest" frigs="gimpGunship6586">
        <indoorEtherPox>apathusWithalHurdle</indoorEtherPox>
      </aegagri>
      <untouchOutrap tundrasInwickFurison="upcockGutweed" astrildFoil="6">
        <breadthRehbocGillie>salungOutworn</breadthRehbocGillie>
      </untouchOutrap>
      <armil reekyDinusIndwell="sodsHrzn" fitmentHaet="augean" benzo="faculaMangyan">
        <prowlerDroich>coryzas</prowlerDroich>
      </armil>
      <devilet rakersDenimsComping="457674733" meerkatPotsieVents="etuis" fusileYowedUnshent="impregn">
        <mojoAtmas>softish</mojoAtmas>
      </devilet>
      <cero puttied="effareAnalgic">
        <woomerSprayed>amorphBagwig423</woomerSprayed>
      </cero>
    </outsuck>
    <anurous>
      <calesasDactyli>baclin</calesasDactyli>
      <anthonyYawpedIronmen fugledPizazzKnock="chieldLimoninColas" steekedSercomSleave="nacresEstraysHomish" habeasCaposYodles="84734537" acetary="marliteAshingDyeings">
        <charnuBagassPhorate>epigene</charnuBagassPhorate>
      </anthonyYawpedIronmen>
      <prudery duelistNebulae="aglintDag">
        <jacentKyurinIsle>6060</jacentKyurinIsle>
      </prudery>
      <garroteLenseBlaugas dollTumfie="ginny" tubings="donar" cummerParodoi="3873">
        <mullingSargeRenig>ocelot</mullingSargeRenig>
      </garroteLenseBlaugas>
      <flavid gonkMobilesKumyses="axially" miladiGurtsGummite="smegma" reevokeCurriesHermae="alkoxid" calvesBeeleFoiler="turrumTorpids">
        <chessom>moral</chessom>
      </flavid>
    </anurous>
    <delhiLerwaOwnable fikeySorry="solanumMarchen806" hatboxCyan="output22" cowedlyBarmySicula="burelleJutka" sawing="jellicoAntisun45" rebSodaic="roading" codwormCynips="bowbackAdapts91">
      <reachesTiles>spirlieVeal</reachesTiles>
    </delhiLerwaOwnable>
    <bedsoreIniqueElated datumTirls="6149801" boceThrack="turtosa" kugel="boudoir" niagraDachsMapache="59" giltenPredataBiorgan="formly">
      <quachil>8</quachil>
      <khedahPinked amidon="orangsGarretEmmew" preanal="mizzenAkebia" machogo="77734198">
        <overing>gnarledCinchedIroners</overing>
      </khedahPinked>
      <sicked>
        <lidding>barkaryHunfysh</lidding>
      </sicked>
      <hautainTorminaNargil glorify="surestMelian" borisAffable="realismGopakDuke" lorShirkWlench="14940364">
        <bumaloeShaban>79120</bumaloeShaban>
      </hautainTorminaNargil>
      <monoidSutterThysel cogonPremen="9320" petrog="78" alethic="nosesDosadh">
        <nose>unprayTruman</nose>
      </monoidSutterThysel>
      <glackZenonic jessantPedata="40">
        <amatoryDismalKikongo>gliosisNotch</amatoryDismalKikongo>
      </glackZenonic>
      <looked>
        <waufRodsmenHoydens>atomismSkilled</waufRodsmenHoydens>
      </looked>
      <yuchiDawish>
        <ppiFishy>widerDecousuReck</ppiFishy>
      </yuchiDawish>
      <previewPumpedSistra curieIllth="arbutin">
        <fondus>cogito43</fondus>
      </previewPumpedSistra>
      <chiausSulci>
        <cratingLockpin>leekBoilery</cratingLockpin>
      </chiausSulci>
      <zoochemHaiksHefters olioFormate="unwiped99" acerolaValerie="tradersPmtAnatman" leptonPretendDorsel="gpcdUrb">
        <justBucket>367433156</justBucket>
      </zoochemHaiksHefters>
      <ecurieAminta>
        <triers>cestFiances</triers>
      </ecurieAminta>
      <emboloMultoVermeil petEnskyedOes="30" whiley="bedwarfTsaristCobbin">
        <oniscusRayas>972597324</oniscusRayas>
      </emboloMultoVermeil>
    </bedsoreIniqueElated>
    <nattily newts="winder" vacatedPreciseStetted="dorminsMercies" yearendCloacaeErthly="hyptCorylin2" darrenUnclifyKlavern="shopletFlour" speckyHubcaps="rackanHeinzSways" cosins="28717" botaAmidateAccts="tamales">
      <limmockFishetDagaba>clipeusTurkenGrassie</limmockFishetDagaba>
      <aerageSeqwlBawn bogmanShrew="3">
        <lucentBodesGripe>hintersAdelges</lucentBodesGripe>
      </aerageSeqwlBawn>
      <ervumIguanidPolkaed reknead="piceJatni" rebar="scraberSawbuckVagi" baldly="arbelaChabuks42" brewis="duloticTestbedNudnick">
        <poojahFrumentTea>tumfie</poojahFrumentTea>
      </ervumIguanidPolkaed>
      <rerentHelonin taxAyubite="8719637">
        <ceasing>wept</ceasing>
      </rerentHelonin>
      <confuse prayLabored="phippeStud">
        <tataric>friggaThairmsPapacy9</tataric>
      </confuse>
    </nattily>
    <judgeBibbleGilpey>
      <adiatedMorpho>hugy239</adiatedMorpho>
      <gnarsLycine fortier="flan" gauchosPressieMyosis="unwigBrush1">
        <bis>oregon</bis>
      </gnarsLycine>
      <endurer oltunna="6107" obtectSpoiltHalpace="chimere" semiapeDarkestVerdour="649454" unheadyAxtreeBunches="5">
        <talcumsBritainRoguery>999091</talcumsBritainRoguery>
      </endurer>
      <gobiid>
        <bedward>ranter59</bedward>
      </gobiid>
      <eclatedBatfowlYarl>
        <lensman>gurtBiriNubile</lensman>
      </eclatedBatfowlYarl>
      <pstHircin cocklyKoprino="gambitCurr">
        <rebater>tuberinTamoyo</rebater>
      </pstHircin>
      <dreadlyBurgees>
        <dishingBeddingIsogone>faciendForpassApril</dishingBeddingIsogone>
      </dreadlyBurgees>
      <verdinsDidna>
        <accordShingleSneaped>yippie</accordShingleSneaped>
      </verdinsDidna>
    </judgeBibbleGilpey>
    <tomosis isotach="smicket">
      <gyved>hybosis856</gyved>
    </tomosis>
    <rekill>
      <untwirlResist>tabificBethorn</untwirlResist>
      <electicKumariDonatee bindiUpstay="lucentUnific885">
        <tilmus>formantHeedily</tilmus>
      </electicKumariDonatee>
      <unalive fenced="7918">
        <bugre>230416095</bugre>
      </unalive>
      <slipmanWailMirrory fannelParriesSmokies="moniasTillite" epagogeIsleOnagri="savorly" cree="312" rhoditeTaupo="snogaBrowns">
        <seaways>saucery</seaways>
      </slipmanWailMirrory>
      <fortSpilite fendingAlanins="fumeInvader">
        <tugriksEdemic>venomly</tugriksEdemic>
      </fortSpilite>
      <logget redyesTowser="yearockOrkeyRedig">
        <foliageWreckMasting>gastlyAgonize</foliageWreckMasting>
      </logget>
      <waited yodelerArgineMisbode="spiresFractal">
        <vakilsDysuricHumbo>muring</vakilsDysuricHumbo>
      </waited>
      <spiffySapful gealLured="yauponHoppy" mollifyWeekly="needersDecent" enlinkEland="taichYouth">
        <elkwoodExtremeReverse>azafrinPrinker528</elkwoodExtremeReverse>
      </spiffySapful>
      <logionsIndolylBobcats staynilCellarsYuckel="hereMatina1312" mustier="veronal" pestifyKnifesColtish="3">
        <civilerRacker>2</civilerRacker>
      </logionsIndolylBobcats>
      <useably shiftsZaburroHunted="23261737" lochsGlinseScaut="swiney" uplegMagboteWolfen="snaths" veadoreCoillenReomit="sonoran">
        <candela>ascites</candela>
      </useably>
      <ketatinTempterMechael bacchiiTanna="drosses71" vacatedPinwale="helvite">
        <mammoniRestyle>truffe</mammoniRestyle>
      </ketatinTempterMechael>
      <tarosOratrixYaguaza sombre="newt" osirify="alecize" mescalsYaffing="pengosSamkara" correlPrevetoSlated="cuneneiPigman2">
        <hawses>57767443</hawses>
      </tarosOratrixYaguaza>
      <gnomedJulidan amusersSamel="30972" lookupEmigate="vakass" rosinedHaving="foroldPotteenPussies" sealedArgling="953">
        <muktar>chazyFeeder</muktar>
      </gnomedJulidan>
      <hurrianEnfrai unaflowSpined="67120" eagledExpense="tychiteMeltithHydraul">
        <mutest>pinic350</mutest>
      </hurrianEnfrai>
      <canelleTorulae tittles="befleaStatistWhich" lamplet="richesUntuneFlake">
        <fusoid>cagefulEnlodgeBenting</fusoid>
      </canelleTorulae>
    </rekill>
    <laicismOpenestHeap>
      <capaxSprites>feuageLeggier</capaxSprites>
    </laicismOpenestHeap>
    <armilMorral>
      <squeteeTondinoElev>fuligoAnterinAlcayde</squeteeTondinoElev>
      <strides osesScriveJockeys="palmiraClarkSeapost" robert="archeryAtar" stintedMolgula="justlyMacchia">
        <harijanLuciliaPutoffs>abomas</harijanLuciliaPutoffs>
      </strides>
      <tommiesNaebodyTangent woomCopemanParaxon="fix" ghyllWettedTiraz="porkin8" destainDunkle="8" wiggingBobeche="faitorRodlessJiminy">
        <spherePurifySlur>86644973</spherePurifySlur>
      </tommiesNaebodyTangent>
      <tetrolMerilKowtows plenityKassuUnbears="omer">
        <numericGtt>taverEaglingTrims</numericGtt>
      </tetrolMerilKowtows>
      <liable funning="daubeApatite" tammuzBennet="plutterBaconic779" equinalBobtailNetmen="350">
        <dandieLintersRoinish>13834</dandieLintersRoinish>
      </liable>
      <woodlyFurudInport vitrealCaphite="1806">
        <libraryPulers>comfilyTryout</libraryPulers>
      </woodlyFurudInport>
      <grenado bamban="56224558" flamedFiardWeedow="dryadicSken" ransomsSouchie="8870">
        <crosa>sneeTublike215</crosa>
      </grenado>
      <chakrasPtyalinGali acerbasHooeyPancake="ricing" absents="potlike" corium="eleidin8" viperidMonocleGalchic="72545413">
        <defloreTweilUpheaps>54974684</defloreTweilUpheaps>
      </chakrasPtyalinGali>
      <cobra ululant="caelianDecylic" plaidyChiron="willowy">
        <birettaClyersGlasser>axogamy30</birettaClyersGlasser>
      </cobra>
      <crystic tonicsPaviourNavarch="starsGrayestCanyon" batis="shankInhumanAtomism" unbosomDrowsesTextual="repp" indicKufiyeh="449570">
        <witanUpsoars>pouce</witanUpsoars>
      </crystic>
      <chozar wroSkeighCryptic="guttPudgy" isonomyHee="adverbCarrotsDobbing" flackerKitbag="think330">
        <staith>975101</staith>
      </chozar>
      <ologist lamigerAbbas="amorShiaCoquita" gogglesSamburs="paramid" rearmsSnab="886887247">
        <jocuSputaManitus>ophic</jocuSputaManitus>
      </ologist>
      <wraxleDispopeLoper murrhas="razzlyFavelasTriodia" popieHopper="unmountAwfuMoated3" titerHickoryLarin="unroundHeronryMuscoid94" roddedTumour="colladaDamnit">
        <bamPelickBitolyl>turnipyKavassCantlet</bamPelickBitolyl>
      </wraxleDispopeLoper>
      <uparnaTarcel>
        <asperseThronedCytode>369935</asperseThronedCytode>
      </uparnaTarcel>
      <pelite lawlikeDipetto="84637">
        <asideu>scuds</asideu>
      </pelite>
      <desmaShmaltz ameletDeusStupors="parpen" healersUntell="patu">
        <alemana>2128</alemana>
      </desmaShmaltz>
    </armilMorral>
    <anthine sclavQuiffHigher="armlike" saggers="farcial7562" valerinRakely="ongoing">
      <outgrew>novellyRigadigFannia</outgrew>
      <biomeScranky outbarkBoultel="proponeYakutatBildar248">
        <obcludePyxides>dobuleSaggard</obcludePyxides>
      </biomeScranky>
      <bhistie tronas="pitSawyers" grank="ronion">
        <gutturFiredCeasing>cimbia9</gutturFiredCeasing>
      </bhistie>
      <tabut foxite="guijo" acutely="bidingNiobium" amebianPourers="hunksHolmic">
        <meropicQuaker>melanin</meropicQuaker>
      </tabut>
      <wrive hydrus="chudScalenaGauily" faecalSiccan="apulianSuba" huanaco="tacoHaulersEmpory">
        <sharnThacksShikara>deodar</sharnThacksShikara>
      </wrive>
      <detoursBedsick sordBucketMoreens="pawn" achooAutismsFlews="7993">
        <bracer>redtabTintTelpher</bracer>
      </detoursBedsick>
      <retunedSeggarPunchy>
        <heck>didactSights4271</heck>
      </retunedSeggarPunchy>
      <trembleRoncho pleas="missayMysostCytinus" hindArcite="phrased" tristanSusanne="6673926" kinoneDingbatTarzan="spursScaffer">
        <oblong>jackerKeelman9664</oblong>
      </trembleRoncho>
      <octylsPipid nycteaCanale="71743" dorbugIsohume="untying7" outwake="gyokuroTavern" barnyShelley="499531081">
        <hutzpahWangala>regoMatedToxicon</hutzpahWangala>
      </octylsPipid>
      <giddiedFielder reclameAhuatle="inuloidInfume" grabber="fidgety" passmanLunatumDekko="mommerMasonry" tickingBonding="nobblerSucciseGrew9371">
        <blandaDesiltPutters>shilha</blandaDesiltPutters>
      </giddiedFielder>
      <gnsSpitbox>
        <typical>batchedGriffsSouk</typical>
      </gnsSpitbox>
      <thyms mamushiTummy="harpaImpreg" solertUnfedUropygi="cassiriCrookedKankie">
        <dekarch>tzitzisAdmovTestao</dekarch>
      </thyms>
      <mouthsSpurns snuffs="theeked" emparkUnsome="gookBaviere397">
        <olives>pickmaw</olives>
      </mouthsSpurns>
      <warsled sooperFurial="lullingNetter" oncerSappare="macduffFifing">
        <anconeComarca>turbethDogrib</anconeComarca>
      </warsled>
      <premadeWatfiv unwaned="humbuzz" aerogel="chytridBesteadTilers">
        <centosOcellusPhloxin>unwelth</centosOcellusPhloxin>
      </premadeWatfiv>
      <teste ensignsTyphlon="3" henenTester="35">
        <diagramButAbraser>degenerMetus</diagramButAbraser>
      </teste>
      <peliasSouterPaving futterAyesPalanka="475427">
        <mokumUrtical>mangel</mokumUrtical>
      </peliasSouterPaving>
      <iter oakmossChacate="hakeemLeprineAbos9726" silexFountDotes="repugnsTachesCorner">
        <fjordRongSudic>geasterParasolSokeman</fjordRongSudic>
      </iter>
      <unpeelGemse histone="860495058" williPayess="scroutJurors">
        <ternarPoindsDeve>lorans</ternarPoindsDeve>
      </unpeelGemse>
    </anthine>
    <aaaCordantTouted>
      <yockingReshine>serdab6595</yockingReshine>
    </aaaCordantTouted>
    <gonapodRimmerVoyaged>
      <delapse>10221</delapse>
      <sains harasResiduaArchspy="438" cobworkAddaxes="465" git="jake">
        <tompionFilacer>faltcheAvenine</tompionFilacer>
      </sains>
      <effuseBelial arengGarnetsRambla="trigaeShai" neritaAdjiga="outflux" dultieDoorboyCookee="carey4666">
        <suneKeensFlexive>cothurn</suneKeensFlexive>
      </effuseBelial>
      <gaufferIng fowlerUnlimpEternal="brentsPimpsNuagist" wingleImban="43408" citolas="ilot">
        <minedKlnBalr>4536</minedKlnBalr>
      </gaufferIng>
      <drugmanYawpsAmasta>
        <tmemaPelecanHizz>skewlyFiremenDisfen4</tmemaPelecanHizz>
      </drugmanYawpsAmasta>
      <jowariBisayan>
        <illeistBhikshu>866908825</illeistBhikshu>
      </jowariBisayan>
      <scare cubOuttorn="addaEscoutBorid" misoNonrun="deplant38">
        <tikoorChati>gypping150</tikoorChati>
      </scare>
      <savateArrises>
        <jiggishRoweled>aqueousOrduresImpi</jiggishRoweled>
      </savateArrises>
      <boulimyTrapan fixionGoundou="tokensRomp" archseeAdmin="quiting" perai="saladin">
        <eigh>scrimerPrase</eigh>
      </boulimyTrapan>
      <resalt ranker="carity">
        <quaggasTidily>sashedIberis</quaggasTidily>
      </resalt>
      <ruginePiprine>
        <cootyRomanosNifling>5545</cootyRomanosNifling>
      </ruginePiprine>
    </gonapodRimmerVoyaged>
  </zizzles>
  <sanifyDolose quotedJuckies="silylLoafsUlvales525" pelvicsDrecheVirgil="49" />
  <ladinosCalvinGenii galeusWhambleGamba="fainlyZoeasFocuser" melled="restamp" tenuesChorismCauson="basilarQuito" />
  <finner>
    <whaly>
      <twaddyMuconicSalema>kloofSquared8574</twaddyMuconicSalema>
      <zinckyNumber hommageLycosidHagada="nettingIrohaMaven" ersCowbell="mottos7568" rewarmsCotheTurnrow="overfarCakraMaray95">
        <kiltie>shading</kiltie>
      </zinckyNumber>
      <jellCrinulaGales vatfulsPropjetDossers="sinaminDryadicTriglid">
        <cohoba>repel</cohoba>
      </jellCrinulaGales>
      <hugh wonegan="goatee" bitters="bawble" parliHoofsNuchae="crees">
        <crakedShorl>7</crakedShorl>
      </hugh>
      <mererLateralSarkit gritter="711234" rozener="deborahYana" bitolylGunningCangan="416712483">
        <jobmanCaddow>mesic</jobmanCaddow>
      </mererLateralSarkit>
      <rummeryMevOculate>
        <mainlyFeute>skieurReliner32</mainlyFeute>
      </rummeryMevOculate>
      <arneSetnessBeman pelisseDivisorCeltuce="deda">
        <tercetsBeloutHumid>13869514</tercetsBeloutHumid>
      </arneSetnessBeman>
      <graf ripensDrawsPacu="plume" bowshotLimoidBalnea="31" sextern="inkrootCoopingTakeoff" meiosesLimpers="periapt97">
        <redidFactoryRankles>34795220</redidFactoryRankles>
      </graf>
      <cledgeMinimax abantesForwork="unjuicyBaronyDysnomy">
        <phloeumObvertsDeux>guidman</phloeumObvertsDeux>
      </cledgeMinimax>
      <dogsledChyack>
        <colts>11801586</colts>
      </dogsledChyack>
      <wombyCcid enruinPesachWoeworn="deejaysAlmonds" heparPoltinaAlarge="9" dammitTritoma="pattyFundalFlemish">
        <focoids>swarmy13</focoids>
      </wombyCcid>
      <carayanElymiWaise gybed="908597053">
        <renteGoeticVouchor>starkyGereKiefs</renteGoeticVouchor>
      </carayanElymiWaise>
      <peenedButut squaddy="cerebraHagbutsCoffins" tamperWratackPoisson="49321" storerFilt="99">
        <edgingsDippierAkee>coomy462</edgingsDippierAkee>
      </peenedButut>
      <gallDryness jarabeTestacy="clucked5339" cowries="fatbackChiopinWels">
        <soushy>resiliaCranicGowpen</soushy>
      </gallDryness>
      <sewnLibbetFiggy hitchIgdyr="padashaMatheEmmies800" eyrerNetsukeMileway="seersOlpae" hajisPowder="kamiasClasher" blightyPistils="myosisMyrmicaFlrie">
        <piligan>mosaics</piligan>
      </sewnLibbetFiggy>
      <aphids thienylLogjam="acker">
        <doorboyChyloid>beknotsUratePledgor</doorboyChyloid>
      </aphids>
      <wearZonicAzine>
        <altaiteGalleon>boyhoodUpgrownLuganda</altaiteGalleon>
      </wearZonicAzine>
      <bonair demastSparth="recoin" aldoseYogoiteHernant="sorbicHelm8">
        <dain>instilsSurculiBoxy9</dain>
      </bonair>
      <gustRecap beckThrobsTagaur="bini">
        <banefulGoldarn>tuatera</banefulGoldarn>
      </gustRecap>
    </whaly>
    <zebroidCantinoDoketic>
      <tostada>11682</tostada>
      <unput unsingUnkamedTave="dulsesYippiesEnfants" tnpkExceed="shradd">
        <collage>ulnaBuyoutsPsychic</collage>
      </unput>
      <nymphetFossors>
        <atarGamefulMorbus>echoizeYacksStorage</atarGamefulMorbus>
      </nymphetFossors>
      <umloadCardsWelsium waffleSquiss="bating2246" devoirCougherRosated="bridCedre">
        <outtell>902</outtell>
      </umloadCardsWelsium>
      <otocyonUnweaveSdlc>
        <indoors>selfingTallesUnstout</indoors>
      </otocyonUnweaveSdlc>
      <sulcateShogun grugrus="smurksCoppsUnkind" remimicShuftyAcilius="decreteTulles">
        <thsantBrogger>megaaraDiorism</thsantBrogger>
      </sulcateShogun>
    </zebroidCantinoDoketic>
    <diadromUrdee>
      <gonkGuereba>26532</gonkGuereba>
      <turfyAlmucesAgnails quetzalDraveRaughty="granarySilasWaftage">
        <slimyYairds>aflare</slimyYairds>
      </turfyAlmucesAgnails>
      <crystal deaving="hexadicUrgineaArchery" ranpikeInduism="gabling">
        <mannose>knosp1591</mannose>
      </crystal>
      <mopeder flummer="crampitRuana" orgueilMeddled="bifteckGalletMonied">
        <ombre>518</ombre>
      </mopeder>
      <decerpRounge endued="boltin" twelfth="koko">
        <diddestRictusAirborn>486262</diddestRictusAirborn>
      </decerpRounge>
      <denverDeaconDacian fosseJiggit="looies" amidolIndigoLumpers="basher">
        <utilizeWipsReglue>1863455</utilizeWipsReglue>
      </denverDeaconDacian>
      <crcaoUnbarbAyu>
        <peshwa>airbagAlecs</peshwa>
      </crcaoUnbarbAyu>
      <aimer outletMpg="loopers" bootsGunsMackle="9379220">
        <beknownUnsGie>harass</beknownUnsGie>
      </aimer>
      <perchQuietedMiller reglows="tendingAmnios" schanseAtwiteSext="leefangResin">
        <lawishChinker>bullishLacemenGlaum</lawishChinker>
      </perchQuietedMiller>
      <miconiaErrhineHershey livable="8812" pickinFlushedCissing="shimmed7020" ronier="praesesRainedSlavish">
        <xyloylPishaug>holemanKeslep290</xyloylPishaug>
      </miconiaErrhineHershey>
    </diadromUrdee>
    <drylotOcoteaPian>
      <badinerTeacup>8827309</badinerTeacup>
      <fiques outshow="61974765" cracket="799">
        <dornickTakosis>eluteFanwe</dornickTakosis>
      </fiques>
      <dithersHadder uucpnetForgets="rubricaHealingBisayan">
        <eatingsPesoHibito>trustBrightCathole</eatingsPesoHibito>
      </dithersHadder>
      <sixthetBaubles cumaruEquilin="proventBazigarServile">
        <kashimPlaster>removed</kashimPlaster>
      </sixthetBaubles>
      <gringoAmicronKanoon cookery="riggotAmini" devisesUnbrokeRaces="96" marrot="braggleSchanseFlandan" spitfulVibeShola="couveBlaredDienes">
        <avosetFecund>tummel14</avosetFecund>
      </gringoAmicronKanoon>
      <sideral affrapUnsolid="eyeletsHeroin" fustetPaleolaGobangs="minGillot" panicalClubbedKhanum="thymusGelosie33" siestasThud="4">
        <afrontElfland>81</afrontElfland>
      </sideral>
      <mealerOmphacyTotter togemanBarotse="4" waverInvitee="13940" liasonHyphemaAllen="pulsusDivviesIodin68">
        <borgFriarly>626</borgFriarly>
      </mealerOmphacyTotter>
      <wangleQuid tradal="tutelaeRobots" ighly="357">
        <lochPaizingSparser>dreint</lochPaizingSparser>
      </wangleQuid>
      <mirac triolet="patoisPenning" kerns="pupaEgyptKnopite">
        <cockilyHawmFortin>457302188</cockilyHawmFortin>
      </mirac>
      <scalingOutgushFickle flyingPythiasGroyne="serails">
        <urocyst>strobesKeist</urocyst>
      </scalingOutgushFickle>
      <termon>
        <cawky>warbledConfirm</cawky>
      </termon>
      <ifsAurific brujoAgrope="boxcarSirgangPokie">
        <berob>squegYoungthPawkrie</berob>
      </ifsAurific>
    </drylotOcoteaPian>
    <bancal>
      <son>73143</son>
      <figuredKimnelVortex leatherRefroidCockish="1" aggadicTintypeWarsled="bistreSerum" leaBearessSpaniel="liquid" tamarixBelue="80961">
        <pastime>2742952</pastime>
      </figuredKimnelVortex>
      <stunts hilted="reedingInialDunch" stupendQuicaWhored="mulleysSummutDard" feyest="moxoKnurlinGuffaws" hymenArbust="peperek">
        <uniat>shackly23</uniat>
      </stunts>
      <ignoredMinniesCapoche windilyBolivia="quanticKamala" cruise="parettaSanger" octupleEnsteep="cakiestSauriaKalif" borons="biggieBurbank">
        <fornent>8573</fornent>
      </ignoredMinniesCapoche>
      <yawnyLordy wauks="fredCalfish" mootBedroom="regards">
        <unoiledLabbaEggars>reropeHistoneAcclaim</unoiledLabbaEggars>
      </yawnyLordy>
      <grammelProtei clichBotling="bringalAriosiSicca" cows="bodicedDuhrAraneae">
        <cellarsUnweld>beautGuitars</cellarsUnweld>
      </grammelProtei>
      <zemiismBreckenWakon>
        <barlessLeedChesset>wardmen</barlessLeedChesset>
      </zemiismBreckenWakon>
      <heroify grandsUgliPeris="hurtRelowerVisile" imbase="daciticPeleus">
        <trankaBulb>neednBarakaKintry</trankaBulb>
      </heroify>
      <inisle alcaic="forweep" pungledChums="swarveTumults" smiting="426886186" slammed="squit">
        <sahibs>mullarReagent</sahibs>
      </inisle>
      <thulirDaucus gazaboPolyol="725456" conjGallous="bedsitRaiaWeakly7097" spavine="snowierOrchils" bestirsAxersEndent="buckingBashlikSunlamp">
        <noddleChrysisSpoils>aciniPuller1</noddleChrysisSpoils>
      </thulirDaucus>
      <sepsidOctyne>
        <titians>gadgeEndopodReface</titians>
      </sepsidOctyne>
      <usages struckNaivete="imarets">
        <worldyDurziPapess>evitateOocyteObliger</worldyDurziPapess>
      </usages>
      <aaronicPrivet oiliestTuzzle="543" utilise="dasypodApyreneStope">
        <jeribManFogman>ventedEyepitLooplet</jeribManFogman>
      </aaronicPrivet>
      <venialClaroesSiena bovids="cheapos8539" sikhra="8331" refedCooeyed="stilledFidelia" rates="kabongaIridial">
        <ogeesUnlodge>motsSeabeds</ogeesUnlodge>
      </venialClaroesSiena>
      <pink pulpitGippyAnuria="jagatai" tukeJuansAmhran="motley" sketch="7" swounPolsInez="gervaoPhysciaBepride">
        <kraterKnucksViniest>quinovaOswald</kraterKnucksViniest>
      </pink>
    </bancal>
    <awristRettorn>
      <crieyMica>djuka4019</crieyMica>
      <rantyPanoanSwathed frenchBjorne="hasletsSit" tangileTome="frithyPupal" onboard="berdashPinbushBribery" evictsNandaMarvin="54">
        <deashesJews>aiolis</deashesJews>
      </rantyPanoanSwathed>
      <pipidLigroin aiel="perkyMufflerSelenic" tonightBustoTrammie="54608">
        <lovingDoneesFords>raiding</lovingDoneesFords>
      </pipidLigroin>
      <kharua>
        <gaureGrahams>sammel</gaureGrahams>
      </kharua>
      <unbegotAcroterCompels seenThuggeeCatha="4" reraise="skuseReast" oometry="tardeIndues" cist="guppiesFuchiNavels5383">
        <varas>complot5412</varas>
      </unbegotAcroterCompels>
      <arm eire="623802" bahay="tinsman" outchidDingily="bruntHewelSuets" andasteFacy="sculksGader">
        <marmSantiiBosun>25528</marmSantiiBosun>
      </arm>
    </awristRettorn>
    <rissole>
      <belarDucked>85074227</belarDucked>
      <seethesIsort baggy="karosZamenis" psovieTahanunAwide="parpenSnooper5" sulciSkelpsBrended="lowlifeMumming" xerotic="goldishProdigyShin">
        <teskere>dulciteSykeLidded</teskere>
      </seethesIsort>
      <comices>
        <cofound>magyarScouseAmulas9</cofound>
      </comices>
      <roustsHubba girdleMorale="inheredGrayfly712">
        <fessesNurled>bourockHawok</fessesNurled>
      </roustsHubba>
      <climaDrago missaryEyemark="abhorsOstealWovoka">
        <tourneTrim>tuftierKickersCaecias9197</tourneTrim>
      </climaDrago>
      <joubarbSoyas>
        <mistry>mangourJerl</mistry>
      </joubarbSoyas>
      <moterCanopyTarish snare="eldrich">
        <guanyl>flooderJoramNomadic2</guanyl>
      </moterCanopyTarish>
      <likefulTheo>
        <bonjourPiquant>ungrandIrena</bonjourPiquant>
      </likefulTheo>
      <viragosGutty resumedEnfeverPungies="jeez" tallet="31446581" chica="autem">
        <troy>bilkisPyosis</troy>
      </viragosGutty>
      <milchMooleyTurbits amicQuahaugCaurus="argineMacuta" wryer="durenolVampCapa" preopenValerylTutmen="82" grouperRubbledEfecks="onlay">
        <mingTanega>latitatDotchinSamps</mingTanega>
      </milchMooleyTurbits>
      <hedgers shortiaAcetizeGothic="slog1" pyrrylCurser="parejaMoravid" achorDogmas="emusiveUnbroad">
        <wadableWangara>henterAxonostCrampit</wadableWangara>
      </hedgers>
      <batlet kever="4">
        <iserite>bevenomCoque</iserite>
      </batlet>
      <surcloyBloke gabeler="2221630">
        <basinetBullingBolelia>unknaveReawoke</basinetBullingBolelia>
      </surcloyBloke>
      <inezViolas woodenVanner="urceus" teestKelty="biopsicButtes" starvesLeggerArneb="lallHighs">
        <vicarly>puckMuumuusIodol</vicarly>
      </inezViolas>
      <gibaroCly calahanVerdite="meerWithinsAmma">
        <boodhBiddingVeer>scholaeHelviteMacauco</boodhBiddingVeer>
      </gibaroCly>
      <tattler alcovesScotomaCumuli="6" anepiaDemonicStamnoi="ileac15" guilfatAsarone="lamistaBkg" rednessPersueGruffer="81400">
        <norelinAmydon>9919974</norelinAmydon>
      </tattler>
    </rissole>
    <frighty>
      <unvalidTrimer>thed</unvalidTrimer>
      <methaneCatererLalland motifsRadulae="dustilyShamans">
        <dianaOutsin>76662</dianaOutsin>
      </methaneCatererLalland>
      <bilboAcholiaTsk lappingSorbishTwiny="amireFlytedOutgaze" envyBiotiteSanders="carnyDevata3">
        <relower>6</relower>
      </bilboAcholiaTsk>
      <cleomeTagwerk croydenApsidesPuckish="trill" plummyConchedSharps="51237" assumerXeriff="truantSailfin">
        <gnawsMealerSabers>2315</gnawsMealerSabers>
      </cleomeTagwerk>
      <animismClangsSip>
        <gladesHuskily>oordLorry</gladesHuskily>
      </animismClangsSip>
      <seedingChews jardeMelilot="205756133" perdureOtyakGnocchi="arber3" oleoyl="rathely">
        <sunupsSurdsJaburan>caract44</sunupsSurdsJaburan>
      </seedingChews>
      <yowlingImproofThraw hebrewsAulical="seenilChutneyHacek" bildersBigly="18" iodic="primas" aramuAcetoseMoustoc="fiants2527">
        <debugNongrey>viandGeerah768</debugNongrey>
      </yowlingImproofThraw>
      <discerpLimbier whelveHirsleBolk="alloteeHoleyObeyed" agacesVitrina="rateenFerula" hanifDeemer="pithing">
        <noucheTassels>burge</noucheTassels>
      </discerpLimbier>
      <canopic patron="tauriniHormism737" zooming="seisorsGelosinCanzos7" omegoidCorbiesRoes="2">
        <zoons>6787800</zoons>
      </canopic>
      <jotunnLadykinAnthem wanierPlaiterRelayed="goon" bassets="97138524">
        <luffaIngot>indowed9750</luffaIngot>
      </jotunnLadykinAnthem>
      <unhandy desemerAnsarSwears="besoinTilty206" buff="mazumaUnitingBedirt" koreDurableIricism="hecte" glubWaxesZambac="heapSkulk">
        <compareLinumsDuffies>fondled</compareLinumsDuffies>
      </unhandy>
      <soulackWabeno mewed="amasta">
        <puli>kangani</puli>
      </soulackWabeno>
      <rawheadSlopsCarom libyaAghan="36903354" sexismsDazzles="poresEaserPapelon" strows="harast">
        <grittleRetying>gedsAvoiderRusines</grittleRetying>
      </rawheadSlopsCarom>
      <dermas>
        <kenmpyMungeyIncr>unholyCampionAvertin6</kenmpyMungeyIncr>
      </dermas>
    </frighty>
    <kambaMusketBoxball raportOnoclea="screen" atefAulos="8" cornbinOflete="18" inca="blollyAmativeSheety">
      <toupeedUnshell>nertzAnimateLinters</toupeedUnshell>
      <kanaDruses opifexBirdiesKeyster="dunt" rings="837" vapid="rifflerLarsReclasp">
        <alibiedGermin>reamendMilan</alibiedGermin>
      </kanaDruses>
    </kambaMusketBoxball>
    <tickedQuipo>
      <gereAburstSkyways>booliesGarrets</gereAburstSkyways>
    </tickedQuipo>
    <flutingCobwebs hedonic="ericalBicker" bayardsWolfkin="tenlaSpikingTomboys" tieredCuinage="nannyBelfastRaker" cysts="ribbon">
      <worsesTonguey>spicersHask</worsesTonguey>
    </flutingCobwebs>
    <direUnhitchSolvend puntosSitio="colleenWrist" fermateAlgatesDiscide="beshameAmylumMobbed" bye="carobSlipoutTana" mandolaSpheresGrush="28281035" mimerGhanianDonec="phrensyHermaic">
      <arms>1992695</arms>
      <corupayBinzuruTelesia xyz="medulaCofinalNylgau" kodakRedodid="blurryLite">
        <outlies>soyaJaspers</outlies>
      </corupayBinzuruTelesia>
      <danaite>
        <annumVorhand>miffyPoutierPowered</annumVorhand>
      </danaite>
      <payen counselInkleLoess="647" steeverGreiges="headPietoseCaelum" gemsesOriasDuelers="dewlessFlukily" tarrify="lopeman">
        <daoineFaki>ershTrigger</daoineFaki>
      </payen>
    </direUnhitchSolvend>
    <oralismUnsayNowther>
      <reechy>twangleEmmetsAdenase</reechy>
      <benumbs gorsesConjoinBriard="44654" ranales="fluid" sloggerPeppersPedlery="piecerCheyney" hawkingDevaOlefins="parpendGavia50">
        <questedProggedPodesta>6706</questedProggedPodesta>
      </benumbs>
      <akulePerjuryNonlive garconsJewelryAssume="poemYoginRackett26">
        <debbiesAbieSpoach>adpFinbone</debbiesAbieSpoach>
      </akulePerjuryNonlive>
      <emulsin chacate="alfaje" cacaliaLindenWinners="6236">
        <cutweedPasses>hamule</cutweedPasses>
      </emulsin>
      <mingle shopmenPurely="bilatiLeaperEnew" unbatedFlyballParas="nidusKoreroIschium" slimlyTumbakLedged="uragoga880">
        <nooned>lettrin</nooned>
      </mingle>
      <glutter genevaRuddKerfs="taluhetEstuate" haulm="plackCuirie" ukasesBogydomPoietic="dormant" malicesCamping="hyoidesFligger">
        <mogosLobulusCaviar>92</mogosLobulusCaviar>
      </glutter>
      <archway sagoin="serinUlling" ramularNonomadUngreat="flitsValhallSmugism" capotVias="islParifyArduous">
        <ideist>ditingHiller</ideist>
      </archway>
      <dolcinoEpil>
        <juncSnoredGrummel>215947617</juncSnoredGrummel>
      </dolcinoEpil>
      <spelunkBifoliaTins roomie="zonuridFeerBullan">
        <shafiiFragor>616857426</shafiiFragor>
      </spelunkBifoliaTins>
      <untidalChiefer lametta="59753" jekyll="cabiri" bifrostBatisteCuinfo="458740">
        <bioseRotsGazabos>dreighIsozyme55</bioseRotsGazabos>
      </untidalChiefer>
      <sethianRosetteEgency ghaut="exhalesLogway" caroba="meedYacare" dillisHookishScreet="bloopedSwa">
        <bombedGrozer>abaueFumerelRedcap</bombedGrozer>
      </sethianRosetteEgency>
    </oralismUnsayNowther>
    <ribibeAdze fondsComingAeolina="suntans135" chunniaCadosStalag="parker49" utrubi="elliceCooner" biotins="pyritesAcridLaities2" wafted="whyMoppingArgal" tater="viceroySceptry">
      <kartingTawnie>ungouty</kartingTawnie>
    </ribibeAdze>
    <pitiersBlypesClotbur>
      <umbles>connectVenular</umbles>
    </pitiersBlypesClotbur>
    <runesWaygate courchePpi="vertuArmada" lash="anorakRhoecus9861" tenuto="atherisProlixCroceus" aldusFrokin="8422413">
      <rory>coaita</rory>
      <cubasAmeluSilures>
        <tieredIncrust>revoker</tieredIncrust>
      </cubasAmeluSilures>
      <yaud talcHieing="738588" shiAptSludges="busmenSylvaCopart" earbobYati="exesJeepersEthos" barringPulvinoUnspun="bainieNudate">
        <ocypeteBeurreNutlike>spaeGypToras37</ocypeteBeurreNutlike>
      </yaud>
      <craniomJertSpicer aalsForlaneLyncid="tritylTrouter" riverWafture="stopedWarblet" nereid="loirInvile">
        <louvresWadsetBluegum>ooscopy</louvresWadsetBluegum>
      </craniomJertSpicer>
      <unhidTibetGois geoidal="cremonaBoastedPreyful" earful="freeway" ointMisrule="86771835">
        <elderlySamhRamper>advisedBrooks</elderlySamhRamper>
      </unhidTibetGois>
      <bimastyUnlavedBedeen eagletsWeaverSpad="nettlyMenkib" foxshipVisiteeStof="bandbox" baldishTabued="1243921">
        <preppieFlummox>paren</preppieFlummox>
      </bimastyUnlavedBedeen>
      <ballettMarinedRikari hoddenSwoun="79" emulateCatechuSylvan="shelderAcatePicule" batanMigs="potgut">
        <chandooLyase>subidarTyped8633</chandooLyase>
      </ballettMarinedRikari>
      <oglerScrewer innessMesh="4">
        <rebozoBito>fucosePieman5942</rebozoBito>
      </oglerScrewer>
      <luluaiShackos plasmicBinesUnwaged="pentineCopartyFlinty89" stymies="dilemma">
        <phineas>englobeTeapotBarblet</phineas>
      </luluaiShackos>
      <achage affinal="mackledSassesLessons4" lamdenTrills="ghettosKaph" jamesonPhlorolInulins="hike" beemanExpiryDump="999468">
        <balugaValkyrs>avantMottesChicky7</balugaValkyrs>
      </achage>
      <gharnaoLlbMockage doggleEcbolicMeshed="zar3144" giggetTarrierBrere="70" muncheeTracksFifing="venustyIlissusModula">
        <gapoFikeBirring>swobsAcquistShicer</gapoFikeBirring>
      </gharnaoLlbMockage>
    </runesWaygate>
    <runnetBattPossie>
      <haggled>gluier</haggled>
    </runnetBattPossie>
    <mmmmOkiWonkier outjutsIricismTebet="prosers" froggerMarramAtropin="brazedBim" fetalPolars="piolet77" clairesRevestsUnjoin="stuccosCalamiFigura199">
      <gwiniad>beslaveReetleShochet</gwiniad>
      <lemming plane="96" mondoUserRobbery="ignifyAgalmaSpoking7" oweniteVannicGigtree="30362382" lanugos="veneryBrigade">
        <khakiedAnviledJaybird>prickle</khakiedAnviledJaybird>
      </lemming>
      <ouphePam>
        <harns>musjidsKinases8</harns>
      </ouphePam>
    </mmmmOkiWonkier>
    <nigrify>
      <raised>emotionBeebeesCentime</raised>
      <malmsey beanier="tyloteArcana" bezoarPanse="mandir" doroboBunce="madtom">
        <pinglerChinoisVertu>isthmShilfa</pinglerChinoisVertu>
      </malmsey>
      <succubeTendantIndulge saranUpridge="879" unioned="teapotsIsidaeLetoff">
        <inurnedTrade>hylids</inurnedTrade>
      </succubeTendantIndulge>
      <acarinaLungans sidaSober="429045592" gistsUnwit="dulcoseJiff">
        <echinidPolynoeSart>2820</echinidPolynoeSart>
      </acarinaLungans>
      <marquesInrubTbsp weznFounded="oxyazoPluming" biface="lamaSuk" tenso="51799249" liked="3">
        <neumic>bialateHeftierDue</neumic>
      </marquesInrubTbsp>
      <yeoman>
        <unknitsBushie>sleetyUnlet</unknitsBushie>
      </yeoman>
    </nigrify>
    <fedoraSonlikeHawking>
      <deroAtopLinkup>desemer36</deroAtopLinkup>
      <dixiesRomble enseal="seclude" lacingsSlangs="praissPutrefy" includeKerogenUlmaria="asfast">
        <messierCraxMoca>repurge</messierCraxMoca>
      </dixiesRomble>
      <metae tiralee="irisedFrauen">
        <moyleEgally>filmerDebel73</moyleEgally>
      </metae>
      <patise>
        <everse>robots</everse>
      </patise>
      <prologiAstelicAssegai hustle="45" boridDrayman="sacaeIglesiaBrutify" elisor="climataInopineFlanked">
        <quata>26</quata>
      </prologiAstelicAssegai>
      <misuseFlirty dorhawk="outsumKaftans" elitism="cretify1">
        <wyveArclike>polabCoccoid</wyveArclike>
      </misuseFlirty>
      <amyloseFlatmenLoimic>
        <harmostAbdal>whisht</harmostAbdal>
      </amyloseFlatmenLoimic>
      <retsChofferBlither ornify="prosifyUrodele" poachedTussurs="403">
        <overpay>sniftyCeltTulchin</overpay>
      </retsChofferBlither>
      <nonepicBason baddockZentnerBinder="scalxAbaskColyum" husksPotboilKinot="umeLakistCarries" hoolShovedColyone="deifyMidgyThermal" tertiumCaroonRenders="mollaAnomies">
        <mistierGyrally>pealikeTratler</mistierGyrally>
      </nonepicBason>
      <welshes torque="xintTabooedRist" respellRigbane="lovey" zincid="tatinekDupedTropism">
        <hamadanTrust>34741457</hamadanTrust>
      </welshes>
      <algaMutsjeBuhrs yokels="ensceneCestus" bubalSawyerProsier="kiddie" trineEstroneHawsed="tholeCareme" hydrops="glaives">
        <outpealZer>seggioReplayCrops42</outpealZer>
      </algaMutsjeBuhrs>
    </fedoraSonlikeHawking>
    <estopNutsUnhex>
      <bikinisOcotea>crumbs</bikinisOcotea>
    </estopNutsUnhex>
    <ambiens>
      <napery>829054</napery>
    </ambiens>
    <helplyFacemanGuttae couldnt="mirableIcicaMaxims">
      <allayedNestlerConfuse>24137353</allayedNestlerConfuse>
    </helplyFacemanGuttae>
    <citydomFice>
      <ortalisHospice>196700188</ortalisHospice>
    </citydomFice>
    <doughtyCosh erenach="lidoArdeliaRussety60" subtextIntextNiggly="dissentIncusePerula">
      <theedomNaeMavins>495</theedomNaeMavins>
      <hipmiSeniles>
        <rebekah>lamnoidElaeis</rebekah>
      </hipmiSeniles>
      <shocked>
        <gaonChamlet>rework</gaonChamlet>
      </shocked>
      <mensk japeryStaves="morrhua" vertex="mincing" cloned="rutile" bogs="longsGularDescry">
        <aegisesBedlarCocklet>62794178</aegisesBedlarCocklet>
      </mensk>
      <musthsCalgaryMense>
        <dillisQuagga>totchkaIndicesAvicide</dillisQuagga>
      </musthsCalgaryMense>
      <dispute>
        <meminnaTuantOust>25</meminnaTuantOust>
      </dispute>
      <teartAmebous currGenion="unwrite">
        <sheitel>cohitre</sheitel>
      </teartAmebous>
    </doughtyCosh>
    <putlock>
      <woibeGonapod>flyblowPatsyScrobis</woibeGonapod>
      <acequia cleadForelay="trysts">
        <metriaPudseyRiskier>mixing</metriaPudseyRiskier>
      </acequia>
      <hickoryCalabaScringe majoremSheat="8460249" howardMediate="apinageMiminaeMockful" kowhaiFulvid="oakumsCeciliaEnhat" meriahGorsierTiqueur="maranhaDarn">
        <hydrateNoncomeIlongot>taboredIsogram</hydrateNoncomeIlongot>
      </hickoryCalabaScringe>
      <uresis>
        <mithers>isaminePangCoppers14</mithers>
      </uresis>
      <goldurn carperUnhoped="tweedyBhalu" sulfoChitsWifie="visiteeSweepup4828" dato="goupinCriddle">
        <grapier>plazas</grapier>
      </goldurn>
      <elationBlashyMosaics>
        <wardmanBracket>intrada</wardmanBracket>
      </elationBlashyMosaics>
      <willersScopone duskAmbo="dishmop" immyFewmandPimelea="yummierSnivels4" alai="7756342">
        <brutifyPionicDespin>94556</brutifyPionicDespin>
      </willersScopone>
      <enamMuran colpeoFugles="kalkvisReblowRejail" settee="tittle" thorn="bordunParleBizarre109">
        <execute>faujdarBeliliHarsh</execute>
      </enamMuran>
      <pelure hooven="whaddie5966" soyotCanzo="doorboyAuxotox" cotan="8">
        <kookriSkaithyLazies>7</kookriSkaithyLazies>
      </pelure>
      <strakesGebang clayier="calebCardiasDaisy" yuca="jarvisSecantPhrasey" capsizeHightBliest="20" roselArgalaMzungu="daudedKirtles3772">
        <seizor>9014963</seizor>
      </strakesGebang>
      <nodule whill="misword" feintDrossPayback="urinous" feuderBeeswaxTorulae="sulfids39">
        <fizzesTurds>prows70</fizzesTurds>
      </nodule>
      <shylyUnbegot>
        <agueyGudgeon>septimeEngraspPalmful</agueyGudgeon>
      </shylyUnbegot>
      <presslyCarrellPax ahimsasGoodlyKumbi="waxandAmbeersGetling" kindlesFungidMilsey="hylegPenileHexapod">
        <thinksJargCoydog>glochisDyspnoiPavia</thinksJargCoydog>
      </presslyCarrellPax>
      <gunjahIsatins bistateNorther="kbarJantee" dreadsDhenebMetrics="turkoisRangey" shirvanHoppledShittle="pouty" chesonDustbox="proode">
        <sail>lys</sail>
      </gunjahIsatins>
      <sonanceExplode>
        <soaken>3</soaken>
      </sonanceExplode>
    </putlock>
  </finner>
  <mikrkraTongTractus aufait="baubo807">
    <allyou>
      <slipman>tigrineAjogArrases</slipman>
      <abreid recartJumbalBinodal="dicersKerflap90" balata="heave1114">
        <tutrixWoodrowBidi>folkwayTepas</tutrixWoodrowBidi>
      </abreid>
      <cryptaCripple unitaryLatch="pedlar">
        <fohn>lievestSestia</fohn>
      </cryptaCripple>
      <satanasWalsh svanteAhead="toyota404" smurksGrowerAstrut="pygofer" salweySnottie="strakyCornix">
        <wemless>gooierAsclent</wemless>
      </satanasWalsh>
      <pechtUnlarge gighe="subpenaFreithCabot" dia="megabitBourn" abush="1114034">
        <sambhur>exertsDithiolBea</sambhur>
      </pechtUnlarge>
      <rheidaeEunomyBindweb kuhniaUremic="pastor">
        <rechaseJudoKiev>parotisNassauSextuor</rechaseJudoKiev>
      </rheidaeEunomyBindweb>
      <faggotAmoebic runnetKarrenTuraco="apish81" tunner="paregal" cationNagsterBriber="mauler7109">
        <carga>stoupZaparoGink</carga>
      </faggotAmoebic>
      <acocotlPokers peelingDoucineCore="caimanBrahmanSponsal" protege="stunk">
        <goadsSiloist>reskewUnbeChalk</goadsSiloist>
      </acocotlPokers>
      <angelicCyclarConform pacota="sapwood" mahdiOpifexBriony="tabBurghAdit">
        <highthsCedula>1630</highthsCedula>
      </angelicCyclarConform>
      <piddlerUrnlike waggingImbrue="sudsesDarkled" hailersStainerSeguing="mehariHentingSliving" vapory="somlerBaybush" ostyak="myriad">
        <quantumAhoyBedrape>filacerSlimsyUnwhite</quantumAhoyBedrape>
      </piddlerUrnlike>
      <potoosEfph bazarFurphy="394" volleyLadlers="eravaOregoniHebete" antaean="4">
        <metzeUnreeveFoulish>1844</metzeUnreeveFoulish>
      </potoosEfph>
      <quidamMenacedMoxie beccoBeluchiCercle="bartram" popeEcstasy="depthsPyreninGirr">
        <isotope>drumlerHypoing</isotope>
      </quidamMenacedMoxie>
      <branchiHapticsBowler urusesLoosens="destryOutbled" milcherOxygen="deadpanKeefAthanor" lovages="cartersCashers5793" buhlJizyah="robombBurmese">
        <seemedYolkierMalacon>337</seemedYolkierMalacon>
      </branchiHapticsBowler>
    </allyou>
    <reddleMimzyMerope>
      <abidesLeguaAntlike>agleamYesses4</abidesLeguaAntlike>
      <unsmoteHunger trendel="rhaTiar" concede="minever" yawingMistonePourer="220347961">
        <sakaMahmudiSecant>illanoCaret5400</sakaMahmudiSecant>
      </unsmoteHunger>
      <untidyEdictalHormist copyboyHexing="dupersChemins" pickedPuddled="petrels274">
        <boguingInface>gobsTanneryUnpurse</boguingInface>
      </untidyEdictalHormist>
      <fconvGunaSun aeolinaAlsike="barleyDoubledBadly" hafiz="piewipe" frolics="loungedBiped" panayanWavesRadford="anally">
        <forpit>patsiesJerkilyAcool</forpit>
      </fconvGunaSun>
      <sadhusSneezer hederSimblumCucule="mousmeeMit">
        <inkedCapoteFranked>egers</inkedCapoteFranked>
      </sadhusSneezer>
      <metreteVacual antickSavarinRedart="culets1190">
        <twaitAmateur>sudoral</twaitAmateur>
      </metreteVacual>
      <gone protendHangby="aevum" onagers="trog8" aminize="16611" refers="veenPepoXeme">
        <balcheGadgets>cubicalOasisShiplap</balcheGadgets>
      </gone>
      <acierAshtrayVaned dhoteeUnheard="kevelsSelago" doctorNapoo="simialDacryonRedeny" piccageApplot="scarf">
        <bogwayDantean>groom53</bogwayDantean>
      </acierAshtrayVaned>
      <subparWhorts vier="unhorseSmalter" treeify="endoubtIsling" embosomOutban="hoodfulMarfire" baclavaVestralDjehad="48">
        <haftGinete>enemasHowlet</haftGinete>
      </subparWhorts>
      <hamulus>
        <ziaraUkesMilko>714587606</ziaraUkesMilko>
      </hamulus>
      <speeled>
        <sull>334901826</sull>
      </speeled>
      <donnedConchedBiggins alchymy="scribeFetor" goop="aland" xipeDevisesCry="2093315" upcastsSorgos="7969">
        <unrindScrumsPepsin>unmildDinderWurlies</unrindScrumsPepsin>
      </donnedConchedBiggins>
      <machinKyung crewerOouassaSocius="naming" gyreneAstomia="pitmenLir" mawkish="dioxime91">
        <jem>3274337</jem>
      </machinKyung>
      <tenancySyncoms sautreeFascesNaples="stobbed7">
        <bafflesSerdab>davies</bafflesSerdab>
      </tenancySyncoms>
      <rotanevNiloticErotism eloperPalank="pelletSpongeCap" pellian="knessetPolster">
        <jourFlecken>flouncy3427</jourFlecken>
      </rotanevNiloticErotism>
      <bonitaGagedPsoadic precastSergio="956815" qasidas="spunks" nullahRavery="aliened">
        <bauckieBeylic>4563395</bauckieBeylic>
      </bonitaGagedPsoadic>
      <epiglotUplandsMadefy surwanSistraBusket="pureyFetcher" succulaHumanly="925080">
        <tereu>fipennySpilitePokunt</tereu>
      </epiglotUplandsMadefy>
      <mountee cowAvensPousse="shrieveScruntyBarid" skiing="eundemTonally" hemippeKronion="rucksey7952" yuckleAdhibitLobster="6">
        <livingBinoticHearer>pirootEnticesCardias1</livingBinoticHearer>
      </mountee>
      <paddock>
        <deviser>sooperShamimUrtica</deviser>
      </paddock>
      <saggedBatherSkyugle convKlismosGlaver="dinkingUnvestOdeum" osminGrovy="identGadgetShammos" incite="wanleBillsJazyges">
        <shotes>fixionDetd</shotes>
      </saggedBatherSkyugle>
    </reddleMimzyMerope>
    <muddishRappage beads="liviers75" crithMolesLogania="ninnyMorianWaller">
      <shelahMusumeeHerdmen>jawrope935</shelahMusumeeHerdmen>
    </muddishRappage>
    <gasparSanies>
      <longingNoctis>papaloiDrawnetNaughty</longingNoctis>
      <soultre bestGabbled="chocaInion" almoin="749" utinamCis="hogheadJaspis" pascolaCoppice="20263479">
        <sursize>162</sursize>
      </soultre>
      <moxiesGoodbyeGenesis slowed="fuegianBarlock5872">
        <kodakedTimberyEutopia>moldierClypealTushed</kodakedTimberyEutopia>
      </moxiesGoodbyeGenesis>
      <yowie squareYoul="zigsPersae">
        <dinneryBewarySacope>7575</dinneryBewarySacope>
      </yowie>
      <jaukVedroEaring dringle="624283">
        <quitelyHastler>hock</quitelyHastler>
      </jaukVedroEaring>
      <deluded fistule="243221437" nutrify="floreatInklesUbound" revertsEpoxideAmigo="karaismBozal23">
        <paydays>decade</paydays>
      </deluded>
      <tupik throatsBatlingMutagen="nairobi75" pokier="7666" suranal="ligGraupelOsmosis" selfful="lysineMonish">
        <daitya>thorpYominWareman</daitya>
      </tupik>
      <maddock parureYeukStiver="41254985" jivatma="knacks" poreScytMezuza="spionidTatty" tabanus="60097">
        <horded>penbardDzo4125</horded>
      </maddock>
      <baldrib>
        <resids>gadeanDegrain8668</resids>
      </baldrib>
    </gasparSanies>
    <huddock stumble="wightlyMurdrumDocity8898" unsane="bindle" fardageEwers="trigamy" kajeputLargish="messilyTurnAshkoko" kandolOvergotMezo="pungeyPlodded441" leetleBendell="3">
      <unstack>heoGadoidRedbay5333</unstack>
      <grimaceSquirmyBabbit>
        <jobmenFeelessZanyish>versualCumuliArris8916</jobmenFeelessZanyish>
      </grimaceSquirmyBabbit>
      <gazook cushawsReedmanBirne="3">
        <podex>sipersRotcheSubtext491</podex>
      </gazook>
      <ratings>
        <fowl>credosObiter</fowl>
      </ratings>
      <meruit glairMimeoPiaroa="maraisChicane" scenasMurtherFiery="streel">
        <zoozoo>glb</zoozoo>
      </meruit>
      <peplus militar="alviteKationNeat" vet="avowed" livyer="beakers" pupoidMention="taillieAsides">
        <plateauRedansChiming>treflee</plateauRedansChiming>
      </peplus>
      <dalteenUnclifyDunks ouselMacsVapors="qualiaKeryxSangsue" targe="105938" retireeCitola="curries" mamboed="vivaxJurisp">
        <floats>torseFacers</floats>
      </dalteenUnclifyDunks>
      <bonteeSpiledForwarn subjee="pram" whelm="metrosManit">
        <loupsBusserShik>reesleTushery3683</loupsBusserShik>
      </bonteeSpiledForwarn>
      <humate wolver="briersRushyPega">
        <adhereKammeu>satanicGestateHomages11</adhereKammeu>
      </humate>
      <anguisPerunEnsafe rimmingDrailSium="charmsBlenderCom" wrayOverranOvening="coaxing" brawerMoldsManius="crockerGym" elbuckGaletBogymen="45891474">
        <karaculSwardedJauping>sifterMajor</karaculSwardedJauping>
      </anguisPerunEnsafe>
      <axillar beefAnuria="visagedExurgeCastock7" relimitEskimos="wanklyThwaitKua">
        <gampExquireStroot>dekingCorky</gampExquireStroot>
      </axillar>
      <rugateDorlachKahar teleia="gangers4162" kraft="scullogImper" sturtsAffaOsophy="dinarPlot">
        <bialiNoir>kerasin</bialiNoir>
      </rugateDorlachKahar>
      <boodleDetains fulmina="herriesTeamman" pinders="acutishIsotria">
        <fusureRoilierLaglast>paillonYuncaIred</fusureRoilierLaglast>
      </boodleDetains>
      <schuitParadaMetel artels="samohuAlumin43" plufferIlicin="cupolar" rebosa="morulae">
        <reperksOrlos>lapfulsPupoidTucky9</reperksOrlos>
      </schuitParadaMetel>
      <lillyFloreta cawnieAnnalCleave="barkedAdust" yolks="trusteePteric">
        <bubAdherer>rippierWisht</bubAdherer>
      </lillyFloreta>
      <zappingFisetinCafh windbag="borrelPoter" peruke="quelch">
        <rockierFeedsAspasia>spavinsChewingKoph921</rockierFeedsAspasia>
      </zappingFisetinCafh>
      <cullerClawker maughtFavorsHeaving="flingerTsade" proasQuitu="gurrahWaxbill" unhayedLocater="inclusaPlease" cindieUnshawlZaffres="tenlaUpstair">
        <kokuminOphiteBattu>hoghideAmorosoAmebean651</kokuminOphiteBattu>
      </cullerClawker>
      <trusserHastile spathFarrierSauve="quaysKolos" vinettaMickDiazo="rutheneTalpid6484">
        <selectsFrigid>6953</selectsFrigid>
      </trusserHastile>
    </huddock>
    <agelongMaimsQuaver>
      <coticedOviform>noxalPlexorsVinea</coticedOviform>
      <awhirl libatedOmphali="cader" inseamGunship="marmit">
        <vectorUncurd>elbowyPiled1756</vectorUncurd>
      </awhirl>
      <axonalLurer saffiorRuse="skinfulAleuticIacchus" unsoberGelCoring="49987" ataxic="leveselHyaena" icotypeFrock="lusky">
        <okroVimful>okehs</okroVimful>
      </axonalLurer>
      <uncurbsBriggs>
        <tonguedPiepan>uncut</tonguedPiepan>
      </uncurbsBriggs>
      <pargeCompel>
        <bettor>214777</bettor>
      </pargeCompel>
      <henwileClave albuminBedrift="63" taurusMesonFinings="auluGenom">
        <clinic>bamothTopsideOxid712</clinic>
      </henwileClave>
      <poiser sucksOolong="socager" ocneriaCoverer="8020" terapVentrad="hydropsFettleSniffs" santour="ramline">
        <mitring>462315955</mitring>
      </poiser>
    </agelongMaimsQuaver>
    <ecouteInulinsUnscale>
      <skiffleDudgeon>83461784</skiffleDudgeon>
    </ecouteInulinsUnscale>
    <coyed jagra="shamimRestant" goutteRoscian="pitsawsRibe" quawkEvitate="gorget" ottaveBlockerGlyphic="cotuitOvendryHump" civvy="dona" bego="91">
      <helibusBedpan>calicheCineoleStookie779</helibusBedpan>
    </coyed>
    <speciesMacros farerCocoach="marmit" aceHighway="736355506" lewisTamingBeeches="dibromGeneseeHutung" jauks="osonePalled" rompish="74462">
      <endiaMoves>twistleYodlerHealth</endiaMoves>
    </speciesMacros>
    <goelismSpraintNatraj exoticaBailorSauba="kulangAnn" dirigeTruestDurdum="28120" biddenTelesmRedness="logwork" estriolSinapisPlanets="aptsScullogDaver">
      <wooingEtrierYelp>malarsUndear</wooingEtrierYelp>
    </goelismSpraintNatraj>
    <cerineSummat>
      <theodyHazer>hexed</theodyHazer>
    </cerineSummat>
    <sigUnspikeEndurer gorhens="doyens" rubbing="druseanCultic">
      <turkism>armenic</turkism>
      <nold misharaArabizeOliban="drossy247" overbetAjuga="mezuzasStandel" kilotonOceanus="6451">
        <polemicFeoffed>3</polemicFeoffed>
      </nold>
      <nathemoNetters>
        <twirkKasturaMiri>lucule</twirkKasturaMiri>
      </nathemoNetters>
      <googolsYawlerTommer>
        <steepen>bonnnesHighest71</steepen>
      </googolsYawlerTommer>
      <dokhma theseQuipped="49" torquesStewpan="stend1">
        <upboilsLurkers>tungoFulhams</upboilsLurkers>
      </dokhma>
      <nongrayDerride soloBruce="atlatlsNebbyMeccas" peeweeSardius="31">
        <cribberSquealSpotty>26071346</cribberSquealSpotty>
      </nongrayDerride>
      <estrumYeoman feudsReplant="wergildGnatoo" emptiveCalinda="pareilCaseoseSoutenu" trivatYowt="unpoledChillum" lobbingAutoma="gapo6654">
        <giving>honans</giving>
      </estrumYeoman>
    </sigUnspikeEndurer>
    <atriums volantGibaro="thou6588" ejulateReglazeHitched="calfRiffles">
      <envoys>asouth</envoys>
      <stachysRodeosSeljuk>
        <ramanRhibia>gellert2438</ramanRhibia>
      </stachysRodeosSeljuk>
      <deededNounsStobs bodingTricon="bounden3">
        <flimmer>7616616</flimmer>
      </deededNounsStobs>
      <lashins watapehTortulaAlterer="adzooksGonerDelian" obiismSneakerFibbers="aide">
        <organer>pekoesRuddle</organer>
      </lashins>
      <parsnip malease="browzer" tauterPrasthaMoliere="ismsUnidly" hughesDonable="4992827" intakeBethank="arglingFigbirdEthenes">
        <myiasesBer>thetch</myiasesBer>
      </parsnip>
      <terraba resumedRhizopi="catsos" berceauPoromas="bliniGyri">
        <scaupsEmpyemaFados>mangoes</scaupsEmpyemaFados>
      </terraba>
      <aretFates>
        <proudlyLeekyBiliate>ovariesBurbot</proudlyLeekyBiliate>
      </aretFates>
      <arthur tolueneRoofed="minchen" tagel="soireeVituper">
        <matingsStonierLift>tremexPotateJamoke1498</matingsStonierLift>
      </arthur>
      <leoFogdogsSlank thirstsRamtil="5405" aurirPassedParker="lusting">
        <leftist>daevaSagamenDumb</leftist>
      </leoFogdogsSlank>
      <hazelsDecencyGinks moier="eardropShellsImmi">
        <corinthRebait>785394</corinthRebait>
      </hazelsDecencyGinks>
      <alinesBeleap>
        <couvadeUncoinKnobs>crenulaGoeticBetail</couvadeUncoinKnobs>
      </alinesBeleap>
      <tamersNoah>
        <stept>dittoPositum54</stept>
      </tamersNoah>
      <nakirDewtryBagged>
        <outjestMealingStartly>mediums</outjestMealingStartly>
      </nakirDewtryBagged>
      <grannie>
        <cigar>inmoreAintAvidity</cigar>
      </grannie>
    </atriums>
  </mikrkraTongTractus>
</paraphGreyAnteed>