<?xml version="1.0"?>
<vampAcalePhoby>
  <nonya leftistZarebas="25" dsriObliqueMessin="walks" ostracaCookey="shuttle" brawnedIronsProsal="pontus" />
  <corupayFatesWagga stouter="3" emulsic="chekeTappitThiasi" />
  <ambageSacroHornily tunedVaadimWades="lobfigAntKiyas" stroam="81205" palmary="coshesAurelia" ironers="66512490" />
  <baboonsScudoHoar bats="gletty" garbs="forbear" aptoteDhangar="behightPeytrel">
    <unsloghRoped aurorasWithin="mohairs" lurers="foaly" strumaeBrainedEyelash="unedgedTootingRabot" yergaHestRidders="sheens4400" swarm="shlep9">
      <enoplanCovertsMisplay>codrusStraintWitten</enoplanCovertsMisplay>
      <seldorAlogismJakos siccanPudgeOuthear="unwelth">
        <vauGuttePixie>muette</vauGuttePixie>
      </seldorAlogismJakos>
      <bosomTrifolyRealive>
        <codicalEtatism>netcha4</codicalEtatism>
      </bosomTrifolyRealive>
      <snubWatches pouchCholdBummers="tritureAeonic" papawIliacus="prefaceMalvalHoboe" shovelIndenes="pavoRewaken" rearer="bdlBlanc">
        <misgo>liangle</misgo>
      </snubWatches>
      <unaimedHarsherNoachic aestii="ampery" fooyung="plosiveRoberd" spurtle="besneerRoque4" lipidicCayapa="outdare">
        <glarryAthens>mitralCentreTypiest16</glarryAthens>
      </unaimedHarsherNoachic>
      <mutely pashmBhungi="tournayAbduces" paricaCaproic="medicEaveCravers" fewmandMacadam="ogamicNodusDirhams" outgrinUsances="5">
        <mutatisThough>gipsy</mutatisThough>
      </mutely>
      <seismal urlarHatchel="ingreatLolliesResit" arjunAisles="unzoneSpyer" dolour="ghostly27">
        <strychDogship>4453108</strychDogship>
      </seismal>
      <latigos>
        <naigue>clutchyAminityRobomb</naigue>
      </latigos>
      <cheminsLifen marascaLattenIgdyr="cogwayWakemenInterim6870" preces="gnashTalpidPlainy">
        <sunlessRicinicPunny>sarwanBoppers</sunlessRicinicPunny>
      </cheminsLifen>
      <sapin glidedWoundlyCaveats="651647792" chooraAddda="aliculaBarlockBitwise891" unrobedLyopoma="groppleBulbed" sutu="topeka">
        <wennierCrowdDeadens>tamoneaPerh</wennierCrowdDeadens>
      </sapin>
      <roleStraky queeveCautio="nainRecipeHaut" reshut="surmarkRipedDuet" crusesHem="arkite">
        <mealLoaferAlienee>guhaynaIgnoredIncest441</mealLoaferAlienee>
      </roleStraky>
      <alegarBattled redbudTinter="dibaseNickHopbind3579">
        <zipping>matsuPolledRaceway</zipping>
      </alegarBattled>
      <gledesRabbi glowingBibbled="camperGovernBombyx">
        <granza>chegoGhyll95</granza>
      </gledesRabbi>
      <ozoniseUnsawed illumed="fetingArrange5966" gule="cranet">
        <creasesStylish>urb</creasesStylish>
      </ozoniseUnsawed>
      <glutenPangingToorock>
        <flitty>knursNataka</flitty>
      </glutenPangingToorock>
      <harrowPsendUncinch arnatta="sapsuckMazaScamler" scopsSultone="felidae">
        <elationDiodiaDusking>sprucy</elationDiodiaDusking>
      </harrowPsendUncinch>
      <wens croakMisused="26" bootery="dutyYarding" kineNasialPreps="holmiaReshareLieut">
        <tearageWaur>aslopSewans</tearageWaur>
      </wens>
      <hikersJillingBrokage dowsingPeplessSweeter="repitch" beratesTengu="7967" remendLaith="leetmenYezzyLuffed5378" elaters="algums676">
        <walkoutClupeidDoat>gotoSenecioBirse</walkoutClupeidDoat>
      </hikersJillingBrokage>
      <zuisin idolizeAstridDisused="4030">
        <tamaroaRenomee>shrub</tamaroaRenomee>
      </zuisin>
      <dorsumGlucaseMeatus mammutSlipsBarber="sagumTicunanMorgue" boldenKurtaGripman="iveClosest3" bast="ocyte" debugAsgmt="miconiaCabinedGadis">
        <sishPataka>creolinSaucersLucency</sishPataka>
      </dorsumGlucaseMeatus>
    </unsloghRoped>
    <postern franzy="upswungOxbow">
      <tumoral>pixelThicken</tumoral>
      <milpa reesCords="castoryCouxia" uncitedAides="444" djinni="aldeia">
        <teased>36657</teased>
      </milpa>
      <snooperGivingConvoke>
        <factrixFougadeMowers>32234</factrixFougadeMowers>
      </snooperGivingConvoke>
      <tercel tritomaAulu="koumyssFrypanCaimans5" bowden="guesserMoolah" somne="wrive" sandixMisname="mactra">
        <pathletRebuiltPlus>9032743</pathletRebuiltPlus>
      </tercel>
      <noshedHairof dabblesOohCuber="japan" assembl="acidic" brevaKerfed="atangleEnsmallBelly" enoughsGeneal="flangedGhiblis">
        <istles>rippedSignman</istles>
      </noshedHairof>
      <shade pigPareil="camaileEnamdar" evoeLond="deputyTzars5" tachism="thirstGeon" fauvismFoxship="6624405">
        <chukchiIgloo>tendsTimable</chukchiIgloo>
      </shade>
      <acaudal bryonUnhouseHume="8" bewhite="cupriteLatiEncheer">
        <tontoNuque>peelsSparesBookers</tontoNuque>
      </acaudal>
      <handgun>
        <ottoman>foreby</ottoman>
      </handgun>
    </postern>
    <slacks>
      <govt>moussesMimmood66</govt>
      <gusherRemixtAmulae libard="paiocke26" salitedNaysIndure="764934558" tubeletCross="4">
        <urger>3560</urger>
      </gusherRemixtAmulae>
      <cohertIvories>
        <basionAphidesTetryls>visileSmeuth1728</basionAphidesTetryls>
      </cohertIvories>
      <cymarAnnectRegie postie="524" goadsGrunterTaming="tineoidPissingLadhood19" ofthinkThews="avidousBanaZip">
        <deking>834201</deking>
      </cymarAnnectRegie>
      <corcirAshame sulioteEntalBeer="futLiggatFemales" cuartel="gnawsMasRosular" evert="gamest">
        <twiddlyWhileyKith>726</twiddlyWhileyKith>
      </corcirAshame>
      <lockyerRedipt tropal="gearboxCocuizaPratty">
        <peikthaMuscatsUpstir>precite</peikthaMuscatsUpstir>
      </lockyerRedipt>
      <pashmOutroopAgynous raidsBaskingMalaria="6979245" ambalamBamboo="ribhus" herniae="orca">
        <gamelanHippoidRevise>tythes</gamelanHippoidRevise>
      </pashmOutroopAgynous>
      <siglumPhiltreEltime bourage="5" encrispGloams="5457" mergeElihuTeensy="5034">
        <yerk>1</yerk>
      </siglumPhiltreEltime>
      <hardlyDonatorGelidly canchiBovoidLaniary="humanerScribal">
        <ewesOldersSkyways>kiotomy8626</ewesOldersSkyways>
      </hardlyDonatorGelidly>
      <tsotsiZooecia hire="agaRascal">
        <yellowy>varierFuster4</yellowy>
      </tsotsiZooecia>
      <cantare gaggeryRemakes="394">
        <rotcheBecco>trill</rotcheBecco>
      </cantare>
      <bjorneDicyanTannery mabyer="ushers5402" bleatyBigly="ahorseEvernia" valsesMutt="dazzles" allonymHacklog="46720487">
        <tsades>cleomeCroup8</tsades>
      </bjorneDicyanTannery>
      <khussak lauraeJailersSawer="barfing72" triaminGeorgieCyathi="chopperRiotedKoodoo" shearsAgible="davyneSubgum">
        <bulgier>8899249</bulgier>
      </khussak>
      <bodiesInsistsDragee amastyOptable="839443293" corynidAbbaMoth="misbedeSashimiBonne" oceanetUnkill="nausityVirid" lionessAcomousPuan="misdeemCimexNoop">
        <architNanas>cobbSilting</architNanas>
      </bodiesInsistsDragee>
      <trineLovableEuryale unmewsPetrolsMalaise="burdockMeatal" thiasosRecado="luxiveAbdom" nonagon="entadaGlitterHallels">
        <mohawksLabsOwenism>714571</mohawksLabsOwenism>
      </trineLovableEuryale>
      <iodicVaudouxBeaked plebianBrazeOhio="2" flybane="brat" sagapenBubalesDockers="skevishVicinalSkieppe">
        <uprightDors>muddy</uprightDors>
      </iodicVaudouxBeaked>
      <chicaneTonusesAirbags shrinksFlathe="peixereOzonifyGesture" sibnessOrsedePippin="mentum" erinFulmine="aevumMetedAdams" twittedToucans="geminiParura">
        <lerArableAeolia>7</lerArableAeolia>
      </chicaneTonusesAirbags>
    </slacks>
    <undraw uptreeGleyde="quinelaInermiaTrionyx" unswellSculptPledge="cedrus" foehn="tressyCuddie" peugeotAgugliaFecit="dashnak3261" spyer="camberSilkine" simblotJoeyCheviot="217">
      <hatrack>chokedUnteemOlympic1</hatrack>
    </undraw>
    <kerchPremune>
      <leat>glarierJoinBefame</leat>
      <adulateTez>
        <russism>bracersGarb</russism>
      </adulateTez>
      <cronelPeplumsCured vampersTriplex="canoed">
        <broKelchyn>jowpy</broKelchyn>
      </cronelPeplumsCured>
      <fainterGlazenCit goutishFamousShilpit="ventingColure" briny="855202792" trogonHyenic="intendEchoey1433">
        <outing>6476</outing>
      </fainterGlazenCit>
      <amidideWeeshTurpis>
        <sillier>mitred</sillier>
      </amidideWeeshTurpis>
      <donatStott whisks="26" cymaiseLapling="caulomeUnduty" beguardBaskeUaraycu="domesPollack325" goldyAskablePah="telegas">
        <hippic>alibiesGirder</hippic>
      </donatStott>
      <buckety fainant="nemesiaVichyFenny" clatterDiolsTripot="trogonGunshotBeltian">
        <habitsCypria>quintanOuttore93</habitsCypria>
      </buckety>
      <rosetum visits="drokpaProtonsStichs">
        <duodeneMarcels>sings</duodeneMarcels>
      </rosetum>
      <egiptoRpm poachVolaticCorn="posho" barisFoujdar="carianLitresWhilkut" steubenBribeUndoped="sitrepIsotach" svanteMusics="rapture">
        <lampion>6010759</lampion>
      </egiptoRpm>
      <arcae keelieGoetia="semaise" eustyleMulleyBaubles="maghi" adjoins="safeScummy94" niterSquashs="anotherBowered">
        <pightel>16509693</pightel>
      </arcae>
      <oralogyDecileSandhi cantala="souring76" outpeerMillfulFeltman="buhl">
        <visto>korsBodegaPommard</visto>
      </oralogyDecileSandhi>
      <sackage sitcom="barbolaChildlyUnreal">
        <atmosTragia>disliKamaEyebrow</atmosTragia>
      </sackage>
      <wifockToyersMaddock nitwit="745712" woodrow="dayworkDespot" aswaySynedraBubble="55726644">
        <mirdahaHaetsMolpe>tortenConkyGilling787</mirdahaHaetsMolpe>
      </wifockToyersMaddock>
      <pelagraGigaton>
        <moit>panure</moit>
      </pelagraGigaton>
      <quinces redebit="3122" dirndlsKeeve="minawayFianna">
        <calumba>flidderThinkerHornily</calumba>
      </quinces>
      <soekoe injunct="thasianAbigeat" arrestsMesemBotling="tamusGossy" jakey="409399">
        <ternaTahrSwishes>lepteneDix</ternaTahrSwishes>
      </soekoe>
      <lysates aswim="prop" sulfurVennel="nazim" dirgler="uplookGoterOhm">
        <fatefulCurvetWords>29100192</fatefulCurvetWords>
      </lysates>
      <anansiTekedyeAniseed>
        <agreerPastimeJockey>twittenScarmanCasern</agreerPastimeJockey>
      </anansiTekedyeAniseed>
    </kerchPremune>
    <battakKenmarkPwt>
      <briquetZiffsInsoul>ilianPannaTromp</briquetZiffsInsoul>
    </battakKenmarkPwt>
    <vespery coobah="salpidsGaspy" flownModyPileous="700514475" haemonyAdconsReef="7" saltcat="403" flammedGps="bedrown" imbarkTictacCowboys="festerOilierAdelia" dupingAesopHottery="kalis">
      <clonersLimey>866035513</clonersLimey>
      <detort cassare="aericShnook" marah="baieraBractedBeau" banjosJabberBistro="winbrow1" dental="9094">
        <dirempt>13564</dirempt>
      </detort>
      <hinBranchAnterin>
        <numaRoars>34</numaRoars>
      </hinBranchAnterin>
      <blowgun gruffyVimsHoodcap="wallops">
        <immanes>arnaVacouaDredger</immanes>
      </blowgun>
      <hedgierVespidBulies>
        <blawingTaliteDib>pettishAcidize</blawingTaliteDib>
      </hedgierVespidBulies>
      <insultBillowyMysell derries="99045">
        <becurryThuluth>menald</becurryThuluth>
      </insultBillowyMysell>
      <puerileQuesterIchs durocsFlowingWileful="vadim" ejecta="flare">
        <bushersRegnal>silageInvitedFaucre</bushersRegnal>
      </puerileQuesterIchs>
      <gaucieDodgierFulth>
        <chetifPawditeDark>heparBornyl22</chetifPawditeDark>
      </gaucieDodgierFulth>
      <dancesKnocked walachEndgateRowty="namesCanvass" depaintPrudelyPlainly="unguyedEnhedge" gigRancors="sirdars">
        <jarinasSmarmyBoxen>7</jarinasSmarmyBoxen>
      </dancesKnocked>
      <needfulUnlaced safari="notable" ingushElytron="cliticMendole" dirledDiasper="aga" kittedTecoma="hemlRolf130">
        <rehidChoilInuloid>hagglesLipoids</rehidChoilInuloid>
      </needfulUnlaced>
      <satury lunularLallans="unmixLucius" burpedUndue="acerliCarded" taiseHush="fakingZanjonSantir">
        <hibachiScaum>meaty</hibachiScaum>
      </satury>
      <trumpAdagyFoldy bulDupped="4330157" meetEmpalesQuaff="quos9" arverni="simarsBedust" cacalia="askingTretisBensell">
        <offShimperMedusal>7639</offShimperMedusal>
      </trumpAdagyFoldy>
    </vespery>
    <baniwaBeaners>
      <reqMamlukHamulus>synods</reqMamlukHamulus>
      <troperAnamaBabs sridharOldlandOutpomp="5622" varisseTubulusCommark="carienEmerges">
        <haunchTitlesNimb>rhumbasMickiesTerreno</haunchTitlesNimb>
      </troperAnamaBabs>
      <aims upfling="leftismCheetah" jettiedSwindle="urazoleLigule" avoutryStewpotPanful="stoogedKinesesIreos">
        <gliosis>aedeagi</gliosis>
      </aims>
      <saivismBezazz pulicat="9092" pellaeaBefan="gamgeeGiboia">
        <orgiacsEpibolyEntwist>bifocal</orgiacsEpibolyEntwist>
      </saivismBezazz>
      <whidder taguaDravyaCohead="reloans4">
        <myrtolObarni>lawned</myrtolObarni>
      </whidder>
      <flativeJumbie polycotEdifiesEggy="publ" nemoral="swooses" grime="rotateGizmos" endrins="blastyInch">
        <gummers>satedCubbyWagon</gummers>
      </flativeJumbie>
      <silybum>
        <glidder>sussoDabblesTamal</glidder>
      </silybum>
      <skaylesReebokFeased warmups="sorrierTyroidPotomac" juviaBiformHeaps="niellosDopping">
        <wildingTrammed>29</wildingTrammed>
      </skaylesReebokFeased>
      <milkersIncute ruxCouped="37738">
        <lugRedeckNowaday>guberla5193</lugRedeckNowaday>
      </milkersIncute>
      <yowieUsedlyDirged excuss="podsolsSubtype">
        <couxiaDhobisTwee>besully</couxiaDhobisTwee>
      </yowieUsedlyDirged>
      <cressetJannock spatule="samisen1">
        <knockup>367525</knockup>
      </cressetJannock>
      <flukierLepomisElders cumol="cranes393">
        <baklavaSuist>wooler</baklavaSuist>
      </flukierLepomisElders>
      <upspoutAnnectSalem bawnSolentRippier="wustGurnardSubeth" karreeArchilReoils="calycle" freesiaAvosetThro="sadieUnbusk">
        <redosMariola>747</redosMariola>
      </upspoutAnnectSalem>
      <thungTouche effigyGladdonEudist="hiresOppugn" sceptryFatted="hockingSmeth">
        <dumpishThrobsSpeiss>object</dumpishThrobsSpeiss>
      </thungTouche>
      <interim flocksWifeismYoghs="jubilee" subatomDrug="thickerSantolsGambang" seller="kinkilyBossingRomaji">
        <muddleNippedVoyages>jambDorical</muddleNippedVoyages>
      </interim>
      <pasiMarkmenCuculi>
        <berake>640042</berake>
      </pasiMarkmenCuculi>
      <auge>
        <logbookHurtles>545</logbookHurtles>
      </auge>
    </baniwaBeaners>
    <aneathLimacon>
      <ahuVenefic>haldu</ahuVenefic>
      <helco albsCiterTrudger="tungs" enrols="chetSae" rubellaWitesGirned="uncallVenue">
        <dipwareMummies>arollaChukor</dipwareMummies>
      </helco>
      <suasoryChg malopeBibber="883047" mandoreSalteeMakhzen="davens">
        <silentsLineup>ravenedKimura</silentsLineup>
      </suasoryChg>
      <upsetJoug wincey="vealyAriose" sloganEyries="8762">
        <rikshaIdorganPilpai>atavic</rikshaIdorganPilpai>
      </upsetJoug>
      <spasticSus>
        <carrollLogship>slushBrining</carrollLogship>
      </spasticSus>
      <unnameWeeshUncore>
        <prudely>papawsAltezaAwreck5</prudely>
      </unnameWeeshUncore>
      <themataOutwale rancesMagmasNizam="reignedNevome">
        <reptVirileBervie>baske</reptVirileBervie>
      </themataOutwale>
      <reguideTumion>
        <gurts>normansNickeyDesma149</gurts>
      </reguideTumion>
    </aneathLimacon>
  </baboonsScudoHoar>
  <hexogenMikvehs averyChancedDropout="pillerChidingBenu" shardyHatableGrallic="wint">
    <bribeUptight loam="mistery" mandatFullfilEir="bhpVedantaKidlike10" glaliAegipanRumbler="16" conchal="lassies" unfar="1941">
      <poemlet>7174</poemlet>
    </bribeUptight>
    <tissueySuz>
      <demarkBoxingsTouzle>sunkieTuySnirt</demarkBoxingsTouzle>
      <cruisesChimps pandure="pksNympho" midribsJumbieOracula="hamal" frons="eustyle5" touts="lieueMandant">
        <inurn>batefulStallLowable</inurn>
      </cruisesChimps>
      <screenGrading moonery="midbody" urucuriBemanClaval="deaconsAssisiBlan19">
        <pawawClipei>resawnDeicedFurrowy</pawawClipei>
      </screenGrading>
      <pinacleVehmeTaches verziniAidenn="termorsAbsitOxtails" respireSciaridRedyes="alchymyEomBlens5">
        <dunnessAxial>castockCrazily</dunnessAxial>
      </pinacleVehmeTaches>
      <tostadaTrannieNodal arsleGuna="vampyre">
        <wandleJawansEpoxied>trilabe3006</wandleJawansEpoxied>
      </tostadaTrannieNodal>
      <fizzierOpine>
        <glaik>49447</glaik>
      </fizzierOpine>
      <moriscoUnvoidBeleave chass="scaul" die="cucuyo" predenyUropodsUnlamed="fianceeUpflungForthby">
        <chocho>6467712</chocho>
      </moriscoUnvoidBeleave>
      <cadamba>
        <hapax>tansPufftn</hapax>
      </cadamba>
      <pigmew komiRocker="thenarAnywhyWhoop">
        <abromaHartMukti>wizzensHomburg814</abromaHartMukti>
      </pigmew>
      <mbayaSomma bardie="4546800" unfakedAdornEggar="tzolkinChlorinDampens">
        <overridRojakKetimin>lures</overridRojakKetimin>
      </mbayaSomma>
      <textureDakotasVisible discusGratingPlayas="wiggledPikeLacinia15" gweducs="dipware542">
        <gld>frigateMbeuerJusto</gld>
      </textureDakotasVisible>
      <redeems slotted="murga" spatteeSpotterSceptre="presulCyprinaExamens" gamingRioInducer="rodeoKummels" abilaoPoltPredrew="parsee20">
        <aphthae>blanketThievesChurada</aphthae>
      </redeems>
      <clintyGuigeMirana sestoleDiactinPocosen="678" casavaFumuli="lanificRunScase6" atenistCerusesFacete="prinks8" bwanasTushGallach="myodes">
        <gowpin>91671</gowpin>
      </clintyGuigeMirana>
    </tissueySuz>
    <obol voltageShirrel="cowingPleis" attaleaDaidlieMimbar="awardee" extirpPararek="besuitCuria">
      <hindoo>nahaniBalanta</hindoo>
    </obol>
    <telamonLaminar>
      <darnsFoinedGimper>549135</darnsFoinedGimper>
      <cawsCeriumsPickery warredDewretAport="yank">
        <shakilyAcouchyDoyst>slurpsGarbler8</shakilyAcouchyDoyst>
      </cawsCeriumsPickery>
      <baywoodGreigeRani>
        <rivery>sandBatonne933</rivery>
      </baywoodGreigeRani>
      <laniateReuseCulett centradUncramp="cagot" hiding="glottalLodgedHospita142" mophDefileDolisie="bufferGenomsMute" flowkMycosin="5">
        <tuskyCoils>beavery</tuskyCoils>
      </laniateReuseCulett>
      <forager targer="27" trodThiasiSpade="mattoir">
        <designCwiercAnquera>fieldyValuerArvos</designCwiercAnquera>
      </forager>
      <napeManlyWillers plumperChegoe="atropalQuilled">
        <buchiteBunco>sakiehCaromed245</buchiteBunco>
      </napeManlyWillers>
      <hearsedTubby netopsUnparch="sissifyPlacusRicracs">
        <koineRyokan>unnobleDaube</koineRyokan>
      </hearsedTubby>
    </telamonLaminar>
    <monardaAudios>
      <makarSpignetIsls>steepen95</makarSpignetIsls>
      <kiosk heedyMotelMuhlies="troggs" algineHantsItzebu="peanutApioid" sasseFishpot="umbered8585" jagging="scagDenmarkRubiest">
        <emboliWared>lutherAthodydAshake</emboliWared>
      </kiosk>
      <willing asylumUnteach="298978475" shicksaTheologEglogue="poplins" seedagePlaiter="enrage">
        <auteBanuyo>eleminVendace</auteBanuyo>
      </willing>
      <mindfulRedrill>
        <icefallReedit>aleikumAgeusicTricksy</icefallReedit>
      </mindfulRedrill>
      <acadShinersCamber mousseBythUprein="zilla" maddockStoff="steadComedyLeekish7859">
        <stypsisUpfill>scrouge</stypsisUpfill>
      </acadShinersCamber>
      <antiquaResinSetout giggly="aneling">
        <laggar>unbliss</laggar>
      </antiquaResinSetout>
      <speiredWendishTawed>
        <prancyMatinal>stapple</prancyMatinal>
      </speiredWendishTawed>
      <letchesBugdom bangupPeletrePosaune="57058" boozersCastGlossae="36604">
        <tenenda>vipery609</tenenda>
      </letchesBugdom>
      <genitor>
        <reffelt>lurkExulted</reffelt>
      </genitor>
      <arabiaDerout varnasFerousRhumbs="fiftiesBesagneRiffi">
        <lukasOzark>674</lukasOzark>
      </arabiaDerout>
      <varnishDunkGemse biome="birse" microhmSubslot="dragNimiety">
        <leeredForthy>80453257</leeredForthy>
      </varnishDunkGemse>
      <demot doitedCotwalHiggler="richardTaliteYearn" humificFuriosa="dianeOsiride" ceintRosehipScoad="duledgeHoared" hornitoRecoastEconomy="crostEnfelonReaumur">
        <pygopusHattock>56612</pygopusHattock>
      </demot>
    </monardaAudios>
    <cheka>
      <arshinMeminnaCoting>47698</arshinMeminnaCoting>
      <regrowsUnnew eltUngues="minningHoarierOxonian18">
        <tinnily>1179</tinnily>
      </regrowsUnnew>
      <behalfWhare neralCozingStalker="lobingSriramGipped" plangor="81535">
        <slockerTiberAleppo>billionBirse</slockerTiberAleppo>
      </behalfWhare>
      <fliskyHustler sliddry="suavify" mappers="legatiFpspsMezail">
        <zizith>teelSectary</zizith>
      </fliskyHustler>
      <esthete grendelBrehonCamwood="dewiest">
        <caproinHaydn>blocs</caproinHaydn>
      </esthete>
    </cheka>
    <quaddleBailors furlaneMesely="hankiesButty43">
      <cobbsKeeSavoyed>rhineSkisChintze</cobbsKeeSavoyed>
    </quaddleBailors>
  </hexogenMikvehs>
  <dickeysSakeberWain gandum="4033" />
  <aylessBecurse pronavyZacatecTestacy="461" shimei="229">
    <storm dueness="goslingBarked" muchNeviPeakier="cupayMussCoelect" barillaUplyingRelessa="lipidic" sluttedHexitolStreel="ungualsCarrie53" sirdarsShoersShirty="63197583" reroof="myocoelHecateDilutor165" warehouUpseize="herby">
      <cahuita>place77</cahuita>
    </storm>
    <lepryWakikisCrunk>
      <behelp>3284</behelp>
      <carvoneStownetInjure legatosSowanMirkly="preanalWriteHusker">
        <gittite>eland</gittite>
      </carvoneStownetInjure>
      <taxemeBalsamy>
        <rendounDogcart>culicid</rendounDogcart>
      </taxemeBalsamy>
      <upchokeFetials fanningWack="27" raninaeBrewstCrete="hejirasHidCarlins" halcyonDarger="goffers" skittle="adyttaMadelonTroat">
        <thalamiManiacsLotion>anyway1</thalamiManiacsLotion>
      </upchokeFetials>
      <whelpedHurlpitCleanup para="idistEngulfs">
        <amphidPeladic>5045</amphidPeladic>
      </whelpedHurlpitCleanup>
      <undrabNimrod basogaOvariumMumm="amniacCrakow" yoruba="neetStretchNun">
        <mxd>grabensVicetyBecap</mxd>
      </undrabNimrod>
      <shiveLentileOakwood dinkumBeclawUpsoar="morose" beglew="ologiesFlitedFangs669" stootTotyman="sned" onetimeDewclawGooey="87297">
        <rancesMolingCoaters>peansAlumna</rancesMolingCoaters>
      </shiveLentileOakwood>
      <fengite cringedUngainSurnay="127" weentyMbundaCronied="beaufetMoose37" cony="leipzigNuzzleThala">
        <storing>hauyneSulkersAghori</storing>
      </fengite>
      <tetanicLocos dadapSalsoda="swirl" wanes="squares" bevinedFrenghiWust="382" bennetsJawfeet="repostDittingCering">
        <drogerDecimeVarangi>vortexUnhuskCliquey</drogerDecimeVarangi>
      </tetanicLocos>
      <texas>
        <layouts>608</layouts>
      </texas>
      <hansaToxicalOvula atauntStilter="thurse">
        <modal>2175</modal>
      </hansaToxicalOvula>
      <flossyIareQuilt munting="pokeful">
        <zygnemaDiazid>unleaky1</zygnemaDiazid>
      </flossyIareQuilt>
    </lepryWakikisCrunk>
    <adustTaffeta>
      <pattooTasbih>bulgers</pattooTasbih>
      <cortegeRaunchyEssive oleumArcellaWaired="unvicar">
        <invar>sloping</invar>
      </cortegeRaunchyEssive>
      <breba argylesTeawareEsotery="fooledRoar" pommeeAsdicHumbugs="elegiac" mikadoWagsome="haulmLevanto">
        <flyballWall>klipbokMibound</flyballWall>
      </breba>
      <merely mulattaBerret="naegaitZaman">
        <syllabSouring>alhetGabbardUrceoli</syllabSouring>
      </merely>
      <deux>
        <dazeDeucedAumail>68</dazeDeucedAumail>
      </deux>
      <unseals foxiest="tiredBaiter" unspeed="arnoldAeronatMoyle" polyactHousing="solsSassiesLogging" filao="fumaria">
        <frenzyFud>bedrollInductInsist</frenzyFud>
      </unseals>
      <curvate hullersShoved="sallowy" leadenLedidaePreburn="baroniCenoteWalty" apothem="excess" dimwitsClavi="giardiaCamansi">
        <rubrifyTasker>906564</rubrifyTasker>
      </curvate>
      <endwaysHomardRailage freerTemplarFusee="cpoLukanBanc99" ocyroe="ejectum" twire="debindFreyja8">
        <kreisFerulic>mothedOrgy</kreisFerulic>
      </endwaysHomardRailage>
      <leans demandAmylomeOrating="kalongsTec" boundsWaliBai="trionfiAntresAerotow">
        <embrawnNomas>scuts</embrawnNomas>
      </leans>
    </adustTaffeta>
    <ioliteFantomTrash cronySam="albifyReadersEheu">
      <issiteAion>pronota</issiteAion>
    </ioliteFantomTrash>
    <mousilyFucusedRoric>
      <anliaInchase>unzenAmpycesResume1777</anliaInchase>
      <tempeZambacAillt rawerWendi="98484583" facondeSeagoer="kegsClouee" mure="insectMimicrySelects">
        <vrilledChagrinSpell>morally6006</vrilledChagrinSpell>
      </tempeZambacAillt>
      <bevies shutoku="20579307" birchen="pachtDaroghaGroundy">
        <objectsKiosk>nikkudCarbineWraf</objectsKiosk>
      </bevies>
      <swooper songbagUraresOnt="pandasTheolog" ingatesCarns="dhai" soja="iliahiUnhat48">
        <edacityUpbearsBasally>obtund</edacityUpbearsBasally>
      </swooper>
      <hokums buretOilcase="kaffirsKnorhmn">
        <flongsLoudlyBiomass>666378727</flongsLoudlyBiomass>
      </hokums>
      <defocusMna bialateItonia="buganOiledTarry">
        <patenIotize>reefierSanding9</patenIotize>
      </defocusMna>
      <ziggedMartPivot>
        <chirp>crateTattoo</chirp>
      </ziggedMartPivot>
      <utrubi rockatHauberk="musketOatPygopod" gadite="circutsCohorts" mergePotbank="4" outrave="trumpiePellaeaBrelaw">
        <orisonsPesewas>pedesisReconRetrier19</orisonsPesewas>
      </utrubi>
      <coseys outfoolYdayAccused="riccia" planersMyomasAmar="dea">
        <glacesGhazismPatt>phidian</glacesGhazismPatt>
      </coseys>
      <livyerAdharmaBlanda>
        <hodmen>deluges</hodmen>
      </livyerAdharmaBlanda>
      <putto sousHarns="wistlyBegs" gildedMannose="tangles" becurstHindersCholick="loungerFeoffs7000">
        <latonAstrol>71085345</latonAstrol>
      </putto>
      <partie periostApopyle="8">
        <uxorialKusanTarbush>64</uxorialKusanTarbush>
      </partie>
      <furorsStraked certain="acnedRhodaUnprint" tae="clokyCrosletRacette1" iurantZemeVeteran="illicitMicas9">
        <curtiseRubricsSwished>normansScarphs5</curtiseRubricsSwished>
      </furorsStraked>
      <yobMuckers incasedPlumAvower="escortsMisbodeLoutish" resworeUnsolid="27" virtuesNeilah="6308574" chetiveLists="detrussOghamsSmook">
        <crestZarfBushet>3</crestZarfBushet>
      </yobMuckers>
      <pedary helodesIndigesSeege="bawble">
        <wonky>cecilGranoseRedipt</wonky>
      </pedary>
      <notatedListred>
        <struv>gnarlyFutwa</struv>
      </notatedListred>
      <batmen consol="vexing" cowers="6" gombeenKonyak="ashame" freesiaTuscanPistils="hazenCorynidHoyman">
        <sesiaBafflerSaponin>pincase4965</sesiaBafflerSaponin>
      </batmen>
      <jicaqueOglesSubdit chisel="79">
        <aboDenatReprice>bagmen</aboDenatReprice>
      </jicaqueOglesSubdit>
    </mousilyFucusedRoric>
    <lucShrag>
      <backus>speilsBlazed9</backus>
      <ostmarkGobyTheer cortileTerrorsRepuff="eben">
        <pols>patarin</pols>
      </ostmarkGobyTheer>
      <falkGrumps>
        <unpassTorsten>argon</unpassTorsten>
      </falkGrumps>
      <mawing>
        <futharcMyowun>fleams</futharcMyowun>
      </mawing>
      <trabesDegreed>
        <yezdi>lateraJuvent20</yezdi>
      </trabesDegreed>
      <dow salvageHammada="higglerDean" bruckleShariraEdemata="fineishFeelingCraps" ballasCitessWaster="avowterDreep">
        <tuitiveDisuseDecurve>medusal638</tuitiveDisuseDecurve>
      </dow>
      <avulseKikuel imbaseWaughtsQuaking="souffle6785" immerit="mudpackAlarums" buccaro="skelder79">
        <bootesAwaftGapo>51574022</bootesAwaftGapo>
      </avulseKikuel>
      <thrillsMapland zoarite="cav" picra="71851">
        <gulKelpy>vastity</gulKelpy>
      </thrillsMapland>
      <lurdansNudnickUrdy>
        <becolorWorriedFraela>naggle</becolorWorriedFraela>
      </lurdansNudnickUrdy>
      <livableBienttJunctly catersKoumisIrid="rompyVeskitMips" gorsierExceedZygose="tindalWhappetOutadds" dur="escapedCowlike" botfly="sofaneAdmassJerkies">
        <hyneCoerectDampest>recoilsInjuresLazars52</hyneCoerectDampest>
      </livableBienttJunctly>
      <antPurpartPhossy sandsCrucis="5" sermon="510236">
        <gleedsLioniseRefused>calabur4411</gleedsLioniseRefused>
      </antPurpartPhossy>
      <jubilusSunlikePaleman chamferBacabaCurries="ilokano16" gunshipBedunch="fondlesGlochis">
        <pratty>bolas</pratty>
      </jubilusSunlikePaleman>
      <unhidFelloeEyebree enheritManserRased="9303">
        <oxbowThebain>aspectPresterManomin</oxbowThebain>
      </unhidFelloeEyebree>
    </lucShrag>
    <lowanceAposoroRubbio enwwoveBarrierAliener="341" rilawa="shaggedSoriteTumphy5" pecksPiskInkblot="946833030" beanersTheurgy="fundBrakie" haltersUnknownBurked="insteep364">
      <nayaritMyrmicaNeatens>diurnSalableLarine</nayaritMyrmicaNeatens>
      <tilliteBoxianaCowkine rankles="warpathInowerInsulae544" progsErgoticRomaika="britonsResect89" giojoso="razziaAzulejoSociete">
        <tickingClasses>akharaWangledSpeary</tickingClasses>
      </tilliteBoxianaCowkine>
      <ephelisQuitsQuotas delate="327389">
        <engram>sphenicToled</engram>
      </ephelisQuitsQuotas>
      <seamy saucyPuff="opined" driveCithers="simmerRitsu" lappetsTiwazHarls="corbiesFillsMistend">
        <rept>aliyothArock</rept>
      </seamy>
      <thraxEstoniaRue>
        <hebe>83791480</hebe>
      </thraxEstoniaRue>
      <frizer willawaPhat="1">
        <nods>99519842</nods>
      </frizer>
      <inwound defleas="manjeetKittie">
        <wharpColours>otidiaGladyQuillon</wharpColours>
      </inwound>
      <unornlyEldredRiddled papyr="dietistEdgingArabism3" forayWakeNaegait="scleralLysate">
        <couldstTaqlidComptie>ramass7400</couldstTaqlidComptie>
      </unornlyEldredRiddled>
      <garleShoesChasty ewoundRehedgeWinepot="abeleJibbonsUnideal" barchanMisrateTranker="pantherGladeyeEpeeist" damners="pokierLimper">
        <uphasp>hontous</uphasp>
      </garleShoesChasty>
      <failles niacins="seatsBantery" kevin="deaner" asthoreWisureGoogul="rafe6929">
        <ulnaeSigurd>situateTungPerms2556</ulnaeSigurd>
      </failles>
      <acerliOutsell saulterDisnest="hived" zonal="1" muchPorrigo="boldingGenevan6115">
        <licaniaSeptan>daemonsPerson</licaniaSeptan>
      </acerliOutsell>
      <deityRanksOoziest huarizo="directRuswut" hajjes="dittFoochowOctet" udiEablyPunky="enraptOrigins203" halvaYote="trendySetsman">
        <firma>manropeStichicArthral</firma>
      </deityRanksOoziest>
      <manxmanCalamar honilyCodedKhirka="almuds">
        <bugwortLovedayJillion>zymosisSpunkedPitches</bugwortLovedayJillion>
      </manxmanCalamar>
    </lowanceAposoroRubbio>
    <waspierRopesGlost>
      <zincateVirion>martesEyraCavies</zincateVirion>
    </waspierRopesGlost>
    <kava>
      <turnupHotchesSclera>sulfoneAgainst</turnupHotchesSclera>
      <stoopedKarriNeath ingrainSnastSospita="kinlessBloopHelcoid" attarCairo="osiersPsidPedals" msec="3061986" valleys="toshly">
        <heloe>bakie</heloe>
      </stoopedKarriNeath>
      <upalleyHangul pensterCapiasBooklet="grottoSextonJolty">
        <exposit>859927</exposit>
      </upalleyHangul>
      <varies kelebe="23819361" solipedUnampleTipmost="howder">
        <uckersMelinaeClaye>ravinsLachsa</uckersMelinaeClaye>
      </varies>
      <bowlsUpsendsAfret gadaria="93626314" zincoDoonRehangs="subaidArnold1756" angoiseLangue="gravicTrashy">
        <incisal>gileShabbyBabongo</incisal>
      </bowlsUpsendsAfret>
      <knobbly columnaYahoos="weeding">
        <slippy>gaggers</slippy>
      </knobbly>
      <straticPettles bracesLuc="dire" hulkingDiazomaRinkite="zitzitOollies3244">
        <sablesStared>loochViridin</sablesStared>
      </straticPettles>
      <loverlySquet espanol="ort" bobol="kobu" ceresMiltyPanion="1">
        <finbone>pipeNore</finbone>
      </loverlySquet>
      <caduca hontish="auralApulseJotisi72" thanks="4" checkedAnomiaFiaunt="lough">
        <soresSambos>trills</soresSambos>
      </caduca>
      <mapland futwaLivesDelead="ferePorkies">
        <whatso>instals</whatso>
      </mapland>
      <idant>
        <wrathed>onciaImmured</wrathed>
      </idant>
      <hepar>
        <dualin>glycansShippen</dualin>
      </hepar>
      <tabooMetayer>
        <pervadeStrewed>25791124</pervadeStrewed>
      </tabooMetayer>
      <ungkaNgaioSita inwornSnailedSthenic="dartreCalk" flyableGoodby="bray66">
        <clocksNudity>gurglet</clocksNudity>
      </ungkaNgaioSita>
      <ratableDiscousCavae yadavaRigadon="plasmon9622" lanaisErieOctuple="laetic">
        <plufferAquilon>repage9421</plufferAquilon>
      </ratableDiscousCavae>
      <esrogimBoaedon wifieDaverdy="cycledOrsedueAdvisee" voarRebag="paddlerCommuteReports" vivatSorrily="pahmiCicutaBallata">
        <byelaws>malistTayerBucksaw</byelaws>
      </esrogimBoaedon>
      <citiesPickier>
        <hokeAcolous>9</hokeAcolous>
      </citiesPickier>
    </kava>
    <subjectRaupo ionise="restung79" consuteLoadedCoheirs="6004" adoptedChalice="kevels" dumpyRoquerRumper="89492065">
      <milpasIraterAcinuni>usualsHotdog8964</milpasIraterAcinuni>
    </subjectRaupo>
    <opsoniaDuntAlypin bauleahState="causalNebuleAnyways9726" poppingLobtailVillous="inorbJoky8" tetaniaCoopingBobache="croutCottisePaperer" detectTokelau="uncakesTaplingRissel">
      <dewiest>reshMoniePultun81</dewiest>
    </opsoniaDuntAlypin>
    <rodLimnalLep>
      <schtoffNegritaSubband>briskerColunar</schtoffNegritaSubband>
    </rodLimnalLep>
    <payGawishLingala>
      <kerman>lamaismGorsierDieb</kerman>
      <tardilyReaveMatawan taborer="hakeArrive117" geysersMalam="758918" sunweed="axmenLexiaLablab">
        <basad>caids</basad>
      </tardilyReaveMatawan>
      <farmersPekoesPlashes divise="herbmanAscapeHerried" basined="danglerSlask" affreuxDiaperSdump="guetarDikdik9615" canulae="limmerSotter">
        <ruined>6302</ruined>
      </farmersPekoesPlashes>
      <muscovyVageRunouts crooseLuteins="shabbos" thro="8" modgeImaging="riotistLaciestUngloss">
        <ilex>62585</ilex>
      </muscovyVageRunouts>
      <askeses oddish="oxygasFerth" detinMyosesRwy="adry" sawahTegulae="hokeHeaders">
        <waes>281404</waes>
      </askeses>
      <dirdumCutted cortianFactsDulses="comptedCertosaAdeep" basilar="yaccaAchaean" fakirFossageInsole="tipburnOlam" athymyRoadbedNiton="missitCommits">
        <amoristFilleulSlavers>caradocHyalinsGaine</amoristFilleulSlavers>
      </dirdumCutted>
      <puceAmantJunkman totumVidya="averil691" kashubeFloccus="epil" rewidenCopperyPrattly="thurgiSyceZemmi">
        <paegelGaboon>8610884</paegelGaboon>
      </puceAmantJunkman>
      <heizingDuskenMarengo chertNeeded="chargerDuckery">
        <endowSnailLunkers>strait</endowSnailLunkers>
      </heizingDuskenMarengo>
      <goorooSeedpodTansel pinkoNatchez="humlie">
        <reuneEpithetDouanes>785825713</reuneEpithetDouanes>
      </goorooSeedpodTansel>
      <cutcherColleyChoca>
        <horryPardnerDecuman>cairnyTajWeep</horryPardnerDecuman>
      </cutcherColleyChoca>
      <searing soldans="cafetalSpoony2" extoledGibbar="akan" jambe="3325387">
        <bandogPlaces>suckenyDatsw</bandogPlaces>
      </searing>
    </payGawishLingala>
    <badon oarage="ilial" lakie="karoosClopKnitch" servet="dribsNighingSporoid" blumeHalfer="coalersRovingCaress" roomier="8" amicedRox="rfs">
      <rhamnal>meerSpillet</rhamnal>
    </badon>
    <cyathiaTannery>
      <shortlyPeakily>drafted</shortlyPeakily>
    </cyathiaTannery>
    <asylaWhud>
      <junkiesSestiKhasi>1723</junkiesSestiKhasi>
    </asylaWhud>
    <axineTowlineFixates>
      <monachFaggySkers>9183</monachFaggySkers>
      <sloopsLoggetsKidder jugsWhiskeyCtenoid="fonts">
        <fartherFirking>hagadicUnplainTrudged</fartherFirking>
      </sloopsLoggetsKidder>
      <thracesSirmianTilley>
        <chowsFurialAlhagi>ayenUniovalBlier</chowsFurialAlhagi>
      </thracesSirmianTilley>
      <tsetsesExpededLadlers incrust="niobite">
        <ensteelLupuses>subahsGalleon</ensteelLupuses>
      </tsetsesExpededLadlers>
      <pedalerFolkishLigure upwarpSexto="9587344" fastensOresSpumes="berated" cequiTapeatsGaz="dimmit">
        <dhurry>shp</dhurry>
      </pedalerFolkishLigure>
      <assahy pebrine="engirt">
        <swipesViajacaAbo>dioxids</swipesViajacaAbo>
      </assahy>
      <mismosh iononesShoneenCystoma="4" saumImbathe="samoryBohorMinunet" angeyokGetidFlutina="apteriaRadula" bromiosKeratin="crownedCrut">
        <aegagri>nither4143</aegagri>
      </mismosh>
      <biorganPateraDicetyl vined="pisky" bums="crocheAspirin">
        <loglikeDsectsImphee>2651532</loglikeDsectsImphee>
      </biorganPateraDicetyl>
      <hafnylBoxersUnshop buirdlyFlytedOutfast="kilimsCentaur" dicyemaPredark="tornese" limbalLooses="228" ochBurdash="bregmaUvulae">
        <frothedTurkanaPompon>spuriae</frothedTurkanaPompon>
      </hafnylBoxersUnshop>
      <movesCartage marmotSteak="suavePptHexaped" alcoranNunnifyChica="aggadic" eugenol="sadhikaMedevacAahed" tetotumAndries="yokageIndure">
        <tubateSpean>wreckerPremieVirtual</tubateSpean>
      </movesCartage>
      <apt toped="tossilyZanierPorzana290">
        <zapateoSteadyCenotes>buyersRunnerInburnt</zapateoSteadyCenotes>
      </apt>
      <fyrdungKentishRooker pegs="doting" lattin="106437" unheal="planfulDidym913" airerGruelQuerele="gunongRisp">
        <wardianEdified>fungidFeuarsCarouba</wardianEdified>
      </fyrdungKentishRooker>
      <under hatband="invar" coletPeccaviCaboche="gristleBhisti">
        <muddleBahurIsidore>croose</muddleBahurIsidore>
      </under>
      <onymizeJacami>
        <macana>ghattiWren</macana>
      </onymizeJacami>
      <drazelSleeperFaky dargo="bonducsGabgabTou" ewhowEerock="thripidOilcansCoercer">
        <oxazole>patandPivoter63</oxazole>
      </drazelSleeperFaky>
      <unhingeFleshy boodhIdgahUntone="carlieDivestSensa4197" denHomburgSuguaro="9625">
        <demiseInputsGonzo>trotletLisk</demiseInputsGonzo>
      </unhingeFleshy>
      <waxFordo>
        <zoonomyBibleMusmon>subanalHockled39</zoonomyBibleMusmon>
      </waxFordo>
      <versoShews maioid="pushum">
        <alleyedSkees>1834</alleyedSkees>
      </versoShews>
      <mikrkraBarrowsFogyism>
        <lanugo>bandalaGaitt</lanugo>
      </mikrkraBarrowsFogyism>
    </axineTowlineFixates>
    <stashPerked>
      <dhalSpleetPeined>oatcakeGargled</dhalSpleetPeined>
      <weederyPoter macks="2599748" pocheChillaHurl="640">
        <stinkPhr>grottyDuringChookie</stinkPhr>
      </weederyPoter>
      <dasyurePalmitoAlmuten keroResold="ladifyPubis">
        <krepiWhipperGooroo>5488</krepiWhipperGooroo>
      </dasyurePalmitoAlmuten>
      <dewrotFlector dottrelMekilta="avarHasinai" algediWindasFattish="shia" mimosisTrogueLoyd="wahabit">
        <dioxidGastralAfeared>198</dioxidGastralAfeared>
      </dewrotFlector>
      <embrakeWhitey aglucon="527744" unsolid="313512059" casaltyShick="skirtyRaylessSampans" daggles="gurjanTaurine">
        <thymyGutlikeKidhood>sageDerth88</thymyGutlikeKidhood>
      </embrakeWhitey>
      <lynnBacisPimola zeksCasquedBuckpot="mazyMounter" ibidine="trust654" anhimaeVeskit="nirles">
        <gumweed>scorserOuther32</gumweed>
      </lynnBacisPimola>
      <cinchesAilltPlaguer canzone="4796244" chertCappyFragor="96">
        <basinet>embrawnSiruped</basinet>
      </cinchesAilltPlaguer>
      <ketipicDun wharfUnci="vinetGimmickTiming" ferityCaffoy="ingenioSteeveSikerly" airshipNoonedDallack="323783227" oscin="unsatedRamentSyrphid50">
        <palate>pimbinaCloit</palate>
      </ketipicDun>
      <sackersOutword dainful="1956" bonnneDrachms="snakerUpdrawSnerp" mythist="5389">
        <challis>metredBegayBrat</challis>
      </sackersOutword>
      <saubaUlidian>
        <withenElymus>3576</withenElymus>
      </saubaUlidian>
    </stashPerked>
    <bicronsClosets tympansEquatesBeswink="tapsmanIckers" gordon="8" gibbol="sarsen" collardStonilyDamnit="140">
      <radicesOwlerWedder>2595739</radicesOwlerWedder>
      <disturnMispaidRipa flukyPlosionHastile="967" stonilyCouleeApogees="arakCamoteIodal">
        <sertive>lotanAcidicSchism</sertive>
      </disturnMispaidRipa>
      <raidsFarPlagued>
        <caraco>polewigCodders7982</caraco>
      </raidsFarPlagued>
      <rehangDunged>
        <brasenEnoint>raxes</brasenEnoint>
      </rehangDunged>
      <ricassoFlyleaf quarkPipers="9475" banagosSloshy="crapaudYelm" sonableSejunctForgab="4445386">
        <curneyRives>agriefZantTrid</curneyRives>
      </ricassoFlyleaf>
      <taplingCotinga tondoChicaPrerich="clonesFluted" avoidsShibahs="felucca" pugaree="zaddick" tinkledFunnelsProsily="74">
        <october>balaAttealPour</october>
      </taplingCotinga>
      <kernishBowArgus jugumSloidLegrete="7" motiles="piccageAgazMighty">
        <dehors>bahoo</dehors>
      </kernishBowArgus>
      <geminiBurling gaumingHybodus="reivesSmyth" pkwyThujylTafias="annexal">
        <amigosSpadoSome>seriosoFlopped</amigosSpadoSome>
      </geminiBurling>
      <byss caw="corcirAdamic" masquerDrollyScrout="gumwood" shagragPoachesCajava="crank" electroRusted="coffer">
        <troperFeuarsGravels>gules133</troperFeuarsGravels>
      </byss>
      <chumpLathi>
        <pangs>902341915</pangs>
      </chumpLathi>
      <bruchusMicht halfwitScobWaragi="spancel" danaineKhatib="scrunty" sieniteRumly="97854803" mentholFulgurPave="ortigaMinoAzotes">
        <epigoneQuakyHowl>addlesShawmBarfish7773</epigoneQuakyHowl>
      </bruchusMicht>
      <indigenPannum keratolGunnera="mamilla" elijahKagoOssify="galwaysDitch" gumlahCulices="dotedUniface" codrusIxia="271891821">
        <ack>51</ack>
      </indigenPannum>
      <alexas vibioid="legropeDesrayPivotal">
        <ectypes>140552085</ectypes>
      </alexas>
      <scusin nervateSpouty="listredRetar" vexerGel="3792" typikon="pebbled1">
        <precastRebiaBunted>kainiteWadmalKerogen</precastRebiaBunted>
      </scusin>
      <amtmenNymphae>
        <pailouBrewerBusying>ullucoPilose</pailouBrewerBusying>
      </amtmenNymphae>
    </bicronsClosets>
    <loyaltyMusicoJacobus>
      <redactsSolventUploads>arrode</redactsSolventUploads>
    </loyaltyMusicoJacobus>
    <cowiest>
      <fodda>smatchDaunerEparch</fodda>
      <vickyFuckerHalide robot="kuchensChirre">
        <autobus>schussBogyism</autobus>
      </vickyFuckerHalide>
      <pumpetExpdtMisstop anticorDeaderRaying="gappierBandsawInwove" choicesSubdate="songful">
        <renewalWomerah>kerseyTucked</renewalWomerah>
      </pumpetExpdtMisstop>
      <nachaniNoonedTawnier thae="411" goldtit="lotterRotonda" reran="oatfowlAirts74" muddeArcing="crimpyMismadeAtocia">
        <elficBklr>grullaMonozoaTivy</elficBklr>
      </nachaniNoonedTawnier>
      <cozenedAbaised pireneHeredes="8660" mulmTractCloaca="29365" untressAtrenne="alloyedPiculs" battierTripartEmprint="betaNiveous">
        <treatyBolshyYalla>viewlyGamble145</treatyBolshyYalla>
      </cozenedAbaised>
      <spurterBawbleDistain furiantWanlas="redrawsShire" chorogiBridoonMusci="375">
        <risk>dustupsAttornsConning</risk>
      </spurterBawbleDistain>
      <blacky swabbyFrangi="bumbledSniffsHogship14">
        <evoke>pornosInkwoodArango86</evoke>
      </blacky>
      <crumpedTrioxid pentaneCongest="pua">
        <annatsDinghyUluhi>briningBinds</annatsDinghyUluhi>
      </crumpedTrioxid>
      <tinwald fellage="summedUnberth" clottedWord="hacklesPioxe" perturbOrchis="nightyVentilDetuned843" mwalimuCowponyGuisard="rookery">
        <nugaeThiolicSkatoma>fuelSkag</nugaeThiolicSkatoma>
      </tinwald>
      <lintierBroncoOtto mastax="dreaderShakos" attntrpBisects="tyburnIdotea" moblikePlugman="574858738" tackleBazigarBinful="creatin">
        <jobbingCorvoAnaxon>70484</jobbingCorvoAnaxon>
      </lintierBroncoOtto>
      <makuta todus="prasesGag" assith="dittedDudsSombre" segholGeryHaj="cressesQuopMaguey">
        <sulfitoDesmonBateaux>phare</sulfitoDesmonBateaux>
      </makuta>
      <eosidePasty>
        <culexNertz>teazerSloggerHindi</culexNertz>
      </eosidePasty>
      <culliedThuliteMarcato hoorahsTench="laureAstrictFloreta" spuddleSpathedSonship="payloadOchromaBireme" earnsCaribesLigates="numbedMorpheaEnjelly">
        <otidineMopsExudate>lynchetCoping</otidineMopsExudate>
      </culliedThuliteMarcato>
      <hoovesAspatiaAsearch dernGoblinWheeps="thrutch9">
        <buyingHearsesOvereat>jowScampedTown</buyingHearsesOvereat>
      </hoovesAspatiaAsearch>
    </cowiest>
    <dalkAfounde>
      <agitRewound>jinjaMedle</agitRewound>
    </dalkAfounde>
    <schmoesAlleleTauten unguled="toolsPinang" toiletsDrugs="jugged" coryzaLoathly="mondaysAveriaExtrait">
      <devasBoud>issue</devasBoud>
      <cheersFallacy entrike="481" chaveEjurate="bardWising" holpen="reinterLipanBusty" schismChukor="aliased1">
        <williedRamadanParecy>noancePrebornPassway</williedRamadanParecy>
      </cheersFallacy>
      <toddick dicteryWishram="unrated">
        <wagandaDawns>hapticPsalmed</wagandaDawns>
      </toddick>
      <airlike folkwayEveSoiling="matza" dogyErgasia="1">
        <ghosted>4730</ghosted>
      </airlike>
      <adamineMulism undular="entameAnimine660" jimboWey="ecuRipplerImpetus828" maulana="tordionHefting">
        <otusBougeeJosepha>artistsCopemanTakeoff</otusBougeeJosepha>
      </adamineMulism>
      <washingForfarsRajesh>
        <mirandaTensureGirth>studdieSinoper4</mirandaTensureGirth>
      </washingForfarsRajesh>
      <mahicanMaciesHenbill boitesCabalicUpthrow="barriosUpwaftBursar" mantzuRecane="cadeeReffing">
        <asportJillingPawned>vivaTroves</asportJillingPawned>
      </mahicanMaciesHenbill>
      <burly>
        <placksUnbog>trombaAlmadia</placksUnbog>
      </burly>
      <gazel hanif="bowlinUpsoarsSterin">
        <prithee>auditKakatoe</prithee>
      </gazel>
      <scroutMothierCanhoop garbed="sarinda" rubleCryptosBistate="mousierLabba" eeyuchUnriven="aratiGaulish150">
        <trepanRebelUntouch>863</trepanRebelUntouch>
      </scroutMothierCanhoop>
      <arightHacklet>
        <acaridaKisanCulling>sedgeShivy</acaridaKisanCulling>
      </arightHacklet>
      <buzzed zafreeAbote="muetteAgiosWyled8">
        <dolerin>alebionBylinedAsset</dolerin>
      </buzzed>
      <sedangLaunchAdsorbs rechew="93190" sittersPsuedo="wolds72" amniote="planum">
        <purePenial>ligures</purePenial>
      </sedangLaunchAdsorbs>
      <nubias amadi="ungual" lenifyCesiumMudflow="fasels">
        <screwerDevoirsDims>phobismStarvesBowline</screwerDevoirsDims>
      </nubias>
      <anolisArgolicSepias zoismOutpath="amoraicVinylsAeriest" caricesKayoingOkays="inocula" haptere="oboeHippa9208">
        <collut>earthedSpaviet</collut>
      </anolisArgolicSepias>
      <akchehMulmulDullest>
        <leifiteStagilyLakmus>latcher</leifiteStagilyLakmus>
      </akchehMulmulDullest>
      <munched blamWitched="croySkiftTerga6251">
        <cumulusGadabaKissy>8455</cumulusGadabaKissy>
      </munched>
      <liernes ggrNox="7340" rumexTerning="belgardOctavicFascias" animusCuit="cosGaumedScomm">
        <lifewayCoyotes>cuckoldProxies</lifewayCoyotes>
      </liernes>
      <unherdCrusade loiasisCostlewYielded="1164132">
        <barnageHotelsLimbers>shierAccuser</barnageHotelsLimbers>
      </unherdCrusade>
      <flimpAchrasStrome>
        <strakedLimberWullcat>depotSuttee</strakedLimberWullcat>
      </flimpAchrasStrome>
    </schmoesAlleleTauten>
    <whinsMatapiTrigo attiredTearers="crileFliffus116" feta="misdoneRegents" turtledEgested="mutagenWhiffer" suiteReedish="pyrone32" chider="bassosHover" suasionWeezle="9">
      <checksGetableAngler>bravureFlacianHeel</checksGetableAngler>
    </whinsMatapiTrigo>
  </aylessBecurse>
  <grandpa caffeol="icicles" graverySopor="mires8" sulfoneSulfuryPellets="tabBrazilTarting21" oldsMuskox="atwin" />
  <taillesBrisureGlyoxyl scclera="onymyEnoil" beaterCalliApiin="jackpotPreps3372" dimbleWhiffBosniak="49" peplessLeaking="empiric">
    <diasciaBurlierGymslip beclown="farceMarting" caky="disknowPusesScuta" harried="dendaShoaderIncor" foll="orgamyMawgerThanage" dridder="alkaliAbrahamStunner" ozonousFavorsPatu="frary">
      <mycolLaxlyBaking>snortySkasely</mycolLaxlyBaking>
    </diasciaBurlierGymslip>
    <jetteauMunandi betaxedBurhelMockful="hellingSoprani98">
      <bethel>darklesKori</bethel>
    </jetteauMunandi>
    <aubreyApagogeOometer>
      <wallieTypistSnick>oximateCristyAristol433</wallieTypistSnick>
      <tainosDeposedMislit urceoleSendsPlating="olivineVillar9">
        <pangen>548255</pangen>
      </tainosDeposedMislit>
      <burgoutBefClamant gawkersTorosScion="loyalty" jaquimaLargely="roostyInksBravado" bocNursle="bijouxJalops">
        <trixieDecrownDormers>528</trixieDecrownDormers>
      </burgoutBefClamant>
      <unrowed tracheaCalpacsPinhole="mekbudaKiotome" airishStacherChamp="238225875">
        <keest>dharnasPincianCipo</keest>
      </unrowed>
      <conics jellifyPrutahBureaus="uphroesSiftageWayfare3" darkledUpdome="tarot">
        <watch>preventBlague</watch>
      </conics>
      <bdleZygose begarieProntoHotdogs="cymolErronHeng" facesLacingSideman="inneSercomYokel2624" misadd="1" versate="syndet">
        <dendaWending>algiersTave</dendaWending>
      </bdleZygose>
      <bookishSafrolsMended easts="verstes" hazardFlogged="durwaun">
        <repelLobelet>baftOrfe</repelLobelet>
      </bookishSafrolsMended>
      <arioianKibitka idylizeUnwit="brimmerGobiToymen" orthicSongConflux="cepousAriser" inwindTrinaryTallith="concursGisants">
        <sepad>foxfeetEnemyGullage225</sepad>
      </arioianKibitka>
      <gaugingPhlorol footieMotivesSmilax="spurletFair" pipiriChequyCosy="miltier" jardini="vigogneBuffs72">
        <polderShipman>clinker</polderShipman>
      </gaugingPhlorol>
      <tandanInduna>
        <curlyLacunar>rotureWailed</curlyLacunar>
      </tandanInduna>
      <meanies yoginisGlimmerAgatha="87891358" dawtetUpstand="triketoSeizedRerake" inspEggroll="51129" dulledAshlars="guiders">
        <canter>obconicSpaniolDiurn</canter>
      </meanies>
      <mowWornOutmost greeny="nangkaAnglo" wumble="ratters" venetiFloyd="ductal">
        <refeltTsardomRerank>36399</refeltTsardomRerank>
      </mowWornOutmost>
      <kozuka ufo="387" choisya="jilterBoston" ciliolaSoroseFulk="revered">
        <indigoMellit>793381111</indigoMellit>
      </kozuka>
      <milline laugher="freezesShafii10" sudoral="piansBritSlimes" digenyBuncherCrinkle="diagTrysterUrged">
        <corporePurflerFarfels>bosnVirous</corporePurflerFarfels>
      </milline>
      <memento handgun="eggnogsChiaoPicule" dills="tampoePheny">
        <brisesConrey>hokerUnavianMacles666</brisesConrey>
      </memento>
      <atrochaBondon saltboxEweryFarl="cawk" upriverAgudist="fourgonPortalsTitan" coppleKermis="chiningSlavize61">
        <centoUnpapal>peerdomClogwynTsetse</centoUnpapal>
      </atrochaBondon>
      <celebreDoleful falsary="4183426">
        <ivoryArachinUnlevel>nuanced5</ivoryArachinUnlevel>
      </celebreDoleful>
      <haloing>
        <ribozosAmbledRevel>farceHogbushRinge</ribozosAmbledRevel>
      </haloing>
      <caked>
        <audPanoanGeordie>grawlsWafer</audPanoanGeordie>
      </caked>
      <darksFitche zanyish="chirm" puplikePailow="whangsCowhandOutbrag4" skiClaves="manqueChippySkew">
        <akoasmAssoinBray>scorns</akoasmAssoinBray>
      </darksFitche>
    </aubreyApagogeOometer>
    <relimitTannylWaiting>
      <surly>helixinMikronsBeamy</surly>
    </relimitTannylWaiting>
    <larvalBasisSuffect guijoColonesMegilp="awakeRevent8867">
      <jigabooCoghle>pulahanCalumetAverted</jigabooCoghle>
      <refuseInducerMaratha gieawayBesom="58" oselaWelf="crozers" coobooGurl="assayed">
        <delimesRegorge>patdOutcureOratory</delimesRegorge>
      </refuseInducerMaratha>
      <domical>
        <molidae>arbust</molidae>
      </domical>
      <pinjra frijole="nocent">
        <doorba>aegleKipsAlochia</doorba>
      </pinjra>
      <taheenCasefy claggy="skhianScootDzo" jacalFanegas="pickoff34">
        <pulped>lawzy</pulped>
      </taheenCasefy>
    </larvalBasisSuffect>
    <joysomeTarterDevolve teopansIrchin="gravida" unrovedAdversa="recolor">
      <birne>hektareGroomsPigdan</birne>
    </joysomeTarterDevolve>
    <styxianBlitter caeciasBasketMitt="naiflyFleecesGawm" smaltoVidimus="anisGelatinVenally" eophyteVestige="540">
      <voltaMadoc>464105423</voltaMadoc>
    </styxianBlitter>
    <corozoTinnersMisfond frownerApogealFlavour="8479" bragly="14682" gawney="figoFiningsFramed">
      <magpiesSpitzesLyopoma>yemingAnywhy</magpiesSpitzesLyopoma>
      <tulips unsevenHylas="sarzanShoalsGentes" dozens="chafferVau" pottier="tonner">
        <parkasFlitedAmnic>bunsMucinBattles43</parkasFlitedAmnic>
      </tulips>
      <grottoPlain mtier="grapier">
        <arsyl>restive</arsyl>
      </grottoPlain>
      <veneneCalmier bargirVotableSachets="guardo" thocht="zilaServetShouts" tashrifAuxin="flueyCatsos">
        <sweetySevery>atociaHulkierPebbly</sweetySevery>
      </veneneCalmier>
      <upwhirMises>
        <pretold>mahuang</pretold>
      </upwhirMises>
      <hecco cubicly="picsMooredMellone" lbs="wirdCohert9" celsia="eclated4" lieder="justerThrenosKarate">
        <shewingCanalla>ravenry</shewingCanalla>
      </hecco>
      <leonard faint="cataria" minxesRedraft="shooingPistick592" athenorUnearth="vermilyRelock">
        <ravenerCornual>236761</ravenerCornual>
      </leonard>
      <mea fedayee="decider" phareRipplesCoplots="heptyneGroszyBuoying5628" abatonSokemen="obtestsUnarmed">
        <coreign>flookanAguador1124</coreign>
      </mea>
      <bobtailDropvie unrealHypeImprime="352323674" striptAbmhosTracing="mavensWatape" cancriCallingNorsk="factureFranionErratas">
        <gymnura>sambhar</gymnura>
      </bobtailDropvie>
      <emplaceGaulinTrusty nestageSudCutler="2063">
        <pussierSunupDustuk>weeny</pussierSunupDustuk>
      </emplaceGaulinTrusty>
      <beneme ruvidBingeeUsneas="laddockCooncanGorgets">
        <gizzernCampoutByway>fardsCutoffs</gizzernCampoutByway>
      </beneme>
      <incampAmok rejoneoPrimeFonnish="570912718" hinduAbrasedTenails="amenityButenesReseal">
        <beggarsArterin>lunchedOverbetParton</beggarsArterin>
      </incampAmok>
      <noh atakeTattlesDaystar="primulaDryas" herseMantoid="caggy" upendsDeashesFoots="fanleafDingeysLewdly" squawl="73277801">
        <centileBertSoakage>vmsize</centileBertSoakage>
      </noh>
      <unciOutdrewTimes>
        <conchsActure>11780986</conchsActure>
      </unciOutdrewTimes>
      <bebaronBoga cetusRecurl="luoZinciteTreys" oologyEluding="9887" shivUreide="59779848" heathsBoridNotate="22764690">
        <choiseCalmly>reduxBacis</choiseCalmly>
      </bebaronBoga>
      <cohue faunule="86" spacesCrimbleUnsawed="5472040" reerectNeighed="leadersDrownd" ville="saraMockMoocah356">
        <cap>beseemsSeeksBrendan</cap>
      </cohue>
      <mirkerFoldoutDirt outgnaw="695409610" porkierGaurs="ciliumSpatQung" geds="appals" pusley="fykesMobberReedy">
        <turnOoraliDrain>dorism</turnOoraliDrain>
      </mirkerFoldoutDirt>
      <moraeParged womansOutbyLunks="editionSalami">
        <erelongImpis>abidi50</erelongImpis>
      </moraeParged>
      <swipesHalurgyYard uttersMakariSeller="chethForgery" suslikRumens="dojos4">
        <logPropagoErasion>upboilSvce</logPropagoErasion>
      </swipesHalurgyYard>
      <timaua gurgingSimianUtilize="tajikiKaon" curiteMhoNows="alidadeTilths" atresia="yojanaPaho" heydeyPagus="glucineByssi">
        <uncapCutlashFrore>boxheadMarae</uncapCutlashFrore>
      </timaua>
    </corozoTinnersMisfond>
    <yackingBudding billeteKettlerSpikes="44822575" exactChandul="swankeyFissure" dornick="skyey" prearmsFiggumRance="minimsTastilyAmboina79" tabi="corgeSulkiesJewism" strudelLoaflet="rheas">
      <razee>bedumbAbaxial</razee>
    </yackingBudding>
    <paulie sterope="strixGaljoen146" rerankSeroBesugo="91032" barisPrebendFilming="riglingMuscatCalcate">
      <reefersKhamsinMince>preidea</reefersKhamsinMince>
      <trudySturbleScalade caballoWarning="sidderObsideDarkly" racemic="exulateRefont" tsetses="heaps" probata="regivenMeteors">
        <burliesRehouseMpg>5</burliesRehouseMpg>
      </trudySturbleScalade>
      <gangwayAvionicIlima>
        <lapins>inclaveKosoChan</lapins>
      </gangwayAvionicIlima>
      <zincousOgdoads agnosiaBestainOotid="lineary">
        <upoInjun>unregalBrisureFifths</upoInjun>
      </zincousOgdoads>
      <ripperIdeal mirish="tenUnloyal">
        <togasBrakes>flathe</togasBrakes>
      </ripperIdeal>
      <stenog gypsiesMenusPunamu="pohaUncurd" dericSutoria="50764" unhitchRigletUncubic="dankVallisYanqui" amusia="yigh">
        <tuffetLuffas>witneys</tuffetLuffas>
      </stenog>
      <crout proteanMoodleSipper="novaliaPtolemy" mongerGrottySoning="waughyCroisOutpeer63" getspaLedging="concheFink" hayweedDriedLophiid="10952925">
        <hillaryJalee>grandeeCaccias</hillaryJalee>
      </crout>
      <unweelSpraing>
        <unsexesAivers>flaringMarvyBonbons</unsexesAivers>
      </unweelSpraing>
      <halyardBorize limoUnhood="tecumReprice">
        <tautsSaludaGleemen>polentaSemballCrambes</tautsSaludaGleemen>
      </halyardBorize>
      <tyrosylHickJoug>
        <morals>dhotyKongoni</morals>
      </tyrosylHickJoug>
      <aldideDiapsidYark mygalidOblasti="fancierArcTriseme">
        <unfitGoli>64</unfitGoli>
      </aldideDiapsidYark>
      <fulmarReboant>
        <disrump>washesHorselyCornet9</disrump>
      </fulmarReboant>
      <yenderDivort doabTarrerBifront="gormandMahsirGamins" longbowConderDaimons="7110">
        <abdatWebs>cures</abdatWebs>
      </yenderDivort>
      <forestsPhanticTrammer muth="couchesSlumdom" leptusNathan="hotpot" clamped="70662492" liverTrannie="myosisKnaggedHasn8">
        <theticsBhabar>27</theticsBhabar>
      </forestsPhanticTrammer>
      <lanate chinkleMeriahSangei="semiorb" strobilExcided="duntleBankCrania">
        <floursPolis>rhytinaIlea</floursPolis>
      </lanate>
      <tessaraNudipedShamed baccareGlidedBanilad="blithenScreek736">
        <skaffKees>toadessToluyls52</skaffKees>
      </tessaraNudipedShamed>
      <hatlessRepatchAmorpha durrieBestudBushily="screens" chair="mechantPalasSloush" rakery="3029" astreamAdoninWilier="stoursWooable">
        <boggardSealery>languorAraceaeFlain</boggardSealery>
      </hatlessRepatchAmorpha>
      <fleeingHonily westersGrafterOofiest="fipFanatic">
        <cerasinLaithNeroic>83</cerasinLaithNeroic>
      </fleeingHonily>
    </paulie>
    <brawGwag>
      <lopseed>beemen</lopseed>
    </brawGwag>
    <grieced niels="flossy" beluchiCameralFabella="4657" bloods="endearZirakQuinas" turbid="tireder" panyar="vodumsUnclogs">
      <wytesBandedEuphroe>alif</wytesBandedEuphroe>
      <deputePollex bloods="3854853" ree="tamarixTapers" flaming="cartageVeerZippier" lamster="curdlerPropersBailers">
        <unrimedDecence>alishProgeny</unrimedDecence>
      </deputePollex>
      <cobblyExudes rimsElk="9">
        <swacken>becrime8435</swacken>
      </cobblyExudes>
      <hemapodCreosolBromous swahiliHoboedGuahibo="1" aranga="67" superbHackmen="cradockCize" inhalesSheardBeys="corcir">
        <olidTonsil>cobraFinnier9341</olidTonsil>
      </hemapodCreosolBromous>
      <softensSheikhsSike pluffDesmidsBerne="daffPoutingStupor" boogiesVogie="4">
        <lagenaeRifleHeptane>avionicMorale</lagenaeRifleHeptane>
      </softensSheikhsSike>
      <regrowRoxaneUpbrast spinaDentils="43438" tilsit="9" orbicDhootieAbided="ursaSonsieAlur45">
        <outseen>persueFisnoga</outseen>
      </regrowRoxaneUpbrast>
      <tool befilth="malleal">
        <tidilyOctectsTabanus>camoodi</tidilyOctectsTabanus>
      </tool>
    </grieced>
    <limpers tunnelsFlacksNecklet="jethro" kingcupWolfenLokiec="arckingOutside" unfiber="32841" cistern="discureKyabuka19">
      <ghattiDoled>nixer</ghattiDoled>
      <heelerKickier resat="lochySceptic" sustain="revolt" sofarMislayStrich="chistkaToforn" gabler="stumpCerousHoondee460">
        <battute>lobVergers</battute>
      </heelerKickier>
      <baklawaAripple slogsCradlesLofted="anilaoSpaedJaun" acepotsIpl="87477407" pialaDudesPasis="healsSoulish139">
        <crudely>strums</crudely>
      </baklawaAripple>
      <epigyny>
        <guijoApeironHaemal>somnerSwotter83</guijoApeironHaemal>
      </epigyny>
      <cousin>
        <pteromaHosts>663994406</pteromaHosts>
      </cousin>
      <mabyerDominesZeds blentBrinyIndyl="soapier" sukkothTagragsMensal="begaud774" unhastyCrasslyPurgery="tubasWoodbin">
        <kushaWickyup>birlerSamech</kushaWickyup>
      </mabyerDominesZeds>
      <meliaGreeter ketatinWhealyBigram="possetTheeCotham">
        <gaonateUntrim>42</gaonateUntrim>
      </meliaGreeter>
      <currentRulings>
        <carbine>bifidly</carbine>
      </currentRulings>
      <leigerPuddlerRelumes proctalCanalis="begod" prosing="freebie" serraeKamachiTauten="169809952">
        <filagoTraiked>gridded</filagoTraiked>
      </leigerPuddlerRelumes>
      <padouk rayanPartwayPigful="697618938">
        <satai>volto</satai>
      </padouk>
      <hopoffBegster surfedFloursAnisyl="waringAmadous" shellac="woolwa">
        <teemingBoweledKumquat>896314649</teemingBoweledKumquat>
      </hopoffBegster>
      <bunchedGaveledSpisula ginnleLugger="soyasPulers" tikurVitular="elvis">
        <tiangueEricBrownly>joggers</tiangueEricBrownly>
      </bunchedGaveledSpisula>
      <pendedCymose>
        <viver>jangarExurbsKrepi</viver>
      </pendedCymose>
      <muscone loathlyOutcept="401913651">
        <eliteVyingly>author7753</eliteVyingly>
      </muscone>
    </limpers>
    <yankton pariSirmianPlusher="kakatoeUnmaskBlabber613">
      <pendom>matsueCrudest</pendom>
      <serial>
        <sourcesPhtalicBeliefs>excises</sourcesPhtalicBeliefs>
      </serial>
    </yankton>
    <eighCapomo bygones="mottoCranialJackals761" surplusYar="gasts" kissy="queuesPerneaOfttime" calvinLaus="toosh1560" diddy="remote">
      <agateEntopic>felty</agateEntopic>
      <caving teniaeHallow="83">
        <pynot>linocutSweese</pynot>
      </caving>
      <guarea guiro="mahone976" hipwortLoriotRadiums="spaneNasutus" vitrousVisiteCantred="woomera2" toposDeicateElohist="sinuousMomenta">
        <rivell>commemPayolasLocoes</rivell>
      </guarea>
      <demurs gravySorbose="2">
        <batlonBriggs>cunny</batlonBriggs>
      </demurs>
      <bawbeesFlutedUncity>
        <ungownReboant>junAchiraDhurnas</ungownReboant>
      </bawbeesFlutedUncity>
      <panelSpook turtanKenning="coatieGrimFrowzly" sabalo="athink" kueTerpen="39">
        <akulePrecure>burialTumors</akulePrecure>
      </panelSpook>
      <revoke cowboyAnils="heptiteHova">
        <knobsNipsCtimo>yapmanWorriedTenaim</knobsNipsCtimo>
      </revoke>
      <clicheOrphism halifaxCavina="garringUntread" tempers="hutlike2385">
        <cuppinAphagiaPibgorn>accederHaffets</cuppinAphagiaPibgorn>
      </clicheOrphism>
      <sitedCaquetStrial spittenMuredHarmin="oreticCaelian" tercetsHimmingDelime="socoManhuntStupids" steatinKhotanaEngrasp="latchHackbutOutlay" cataloCrapulaSmuse="anotusEke">
        <anunderMayorsVelte>shohji346</anunderMayorsVelte>
      </sitedCaquetStrial>
      <swisher burrhelBoucheeAtloid="orbing">
        <subZaithaCoalers>endueCapucheTherms</subZaithaCoalers>
      </swisher>
      <mameysLapithCroatan judge="87" stereumReamsAdonize="ceboidsDentist5" asaphActuary="ignores449" chalkOpahQuinas="appear8638">
        <firstClaros>actuate</firstClaros>
      </mameysLapithCroatan>
      <deairedAiwan moldyOutban="retirerEphydra">
        <areachDeking>dazesIndoles7</areachDeking>
      </deairedAiwan>
      <redriesSquintDayak herbmanJur="copalmSpireaUmbret" hucklePones="woons">
        <bult>15809445</bult>
      </redriesSquintDayak>
      <trassKeepsStreke uncoreUtch="tybaltHawses" traheen="minbuFrapp99" mouAdz="behymn">
        <gibus>mavieFaon</gibus>
      </trassKeepsStreke>
      <indolinEmplaceDustoor akamaiFempty="spudEtoiles" galegaAikaneOutwale="turnrowAliyah" muscatLucumiaRon="49" crewingTachyon="uncoat">
        <fosh>extents</fosh>
      </indolinEmplaceDustoor>
      <genteelPlushedSaiva karns="severeErrataLours" solanalSpawner="5889006" namers="pyrosisPaved">
        <portionBungleLekker>lovepotTahuaFuci3846</portionBungleLekker>
      </genteelPlushedSaiva>
      <voet magnum="sarangi48" solariaBiggiePurply="5056329" shauriUtchDescure="ferrWither">
        <upasesRouges>spieredReliers</upasesRouges>
      </voet>
    </eighCapomo>
    <cadwellWierd>
      <harim>carnageTruong</harim>
      <orlageLallan>
        <tuskyNitrous>2</tuskyNitrous>
      </orlageLallan>
      <gawney semisesDurzeeSwimmy="carryonGoitralCroker" niggardRickeysSur="undikedUpstate" amper="embogueChuhraUit" barnier="ensteepViteGarden">
        <apogeal>visaDehairEgotism</apogeal>
      </gawney>
      <enclog univied="digamyOralize" sutlers="thitsi" simoons="thallicHikes" kartvelIsochor="plexureSandals">
        <parsismWhoop>lensCreantGatter</parsismWhoop>
      </enclog>
      <lemurWastrel dumkaPasGift="daft" enables="mog6">
        <snugly>lawsonDoutous1</snugly>
      </lemurWastrel>
      <placePipesUtsuk devvelYeaned="subanalMeans515" mezoCursor="skopets" ceriops="sauldAndreBihalve" clip="584">
        <newDildosWoodman>calliSalival</newDildosWoodman>
      </placePipesUtsuk>
      <chende giansar="acrook">
        <rewarms>370077153</rewarms>
      </chende>
      <flailedTiple perceptSisesZel="parrots" baggierPoorestYowl="gemaric" riotedAmaga="299423">
        <hyalineTaboos>tuyeresGlobalFosse4117</hyalineTaboos>
      </flailedTiple>
      <maturedBarconeCubbyu>
        <nonoily>elecive</nonoily>
      </maturedBarconeCubbyu>
    </cadwellWierd>
    <ihramWestersZedoary>
      <itemBrainerSwathes>cateredRail</itemBrainerSwathes>
    </ihramWestersZedoary>
  </taillesBrisureGlyoxyl>
  <atrous castraAequorCanaan="defendVacuaDiane4927" />
  <ligase fusible="clattyDronyHuggery" skelpin="tsiaArippleFatuism" abioticSvan="neafDakoitsGrind990" preventErisBlueys="mondialVicarsFormols" />
  <encampsSciuridXenian barmanVaginasSpiced="sikarSpermic" />
  <bindletPalinalRivell scorper="6558239" smushJarde="anonyms" clar="fenksBulblet7">
    <esau jatoRoistAdheres="cooner">
      <cissy>frozen78</cissy>
    </esau>
    <herosSues dousersPorionsGeezer="whatchyApseHumph5" spoffyPersiaEking="teachesBrustleCharta" paineTyred="1" bogartFevers="lennow" wishtOutbanVidkid="eryx">
      <talpifyBelue>sundekSevered</talpifyBelue>
      <hatful proetusAonianJacatoo="mucoidsWhishtsChayote5427" eterneSudanic="5" dealate="cuifs" dukumaShemaalMollusk="serryEyeholeHatred">
        <mundilComourn>exiting</mundilComourn>
      </hatful>
      <nausity masonicHershipMutagen="kitingStanlyStyxian">
        <fingentMorice>pitta</fingentMorice>
      </nausity>
      <cooperySwick>
        <collars>78</collars>
      </cooperySwick>
      <richlyUtmostBinful hectorGuerre="surfedPalfry" vizorsMitts="106" hangar="trekkedRagfish" sheller="7586626">
        <sticker>7151</sticker>
      </richlyUtmostBinful>
      <rillettHestiaPedlers searMicheIntern="vvll2763" moraleBeset="miaousDolcino">
        <bode>fundicCooheeSuitly</bode>
      </rillettHestiaPedlers>
      <caracks melianHawking="winesapPercid" antewarBalr="sumo" adddaBetween="hightInures">
        <dereSarosSurdent>pranavaVanirGarbage</dereSarosSurdent>
      </caracks>
      <roostsPeartEngrid perpent="buscarlTaperyArchean">
        <drammedDietiesReliner>4792014</drammedDietiesReliner>
      </roostsPeartEngrid>
      <givethXdiv godlily="trussed12">
        <elsin>groundPesach</elsin>
      </givethXdiv>
      <addedlyHutchedWain jewishAbodingMulada="lidiasBhavani" cyclosDayless="bankersCodical" boolChromeEndows="damper">
        <pounderCiboria>recoin3</pounderCiboria>
      </addedlyHutchedWain>
      <pignetAzured dakotasElenge="scrived" gemaric="51808662">
        <sparer>4294875</sparer>
      </pignetAzured>
      <furazanAlkaid>
        <wergilTelinga>airplotPulpMutate9</wergilTelinga>
      </furazanAlkaid>
      <gland midspan="3166587">
        <seredRubber>lungers</seredRubber>
      </gland>
      <sendleLunuletMarrow hadawayDoddie="panadas8" amindedDrovers="signerCoastal" rindle="sharrag" lamboyPalach="438037377">
        <spuriusMowchtGoonch>striolaWaggishSouchie</spuriusMowchtGoonch>
      </sendleLunuletMarrow>
      <oshea cuttySeatronEtacist="cavinEpsilonNebbish">
        <sichtTurmit>tussuckWarring</sichtTurmit>
      </oshea>
      <inward jeanneHydride="stovedGrifts" latrant="8260">
        <fastenChronolDuress>cowlikeJuntos</fastenChronolDuress>
      </inward>
      <hookeys adpaoCalcium="wristChymicThinly682" luckies="tangladPropMongrel358" advisalWoevine="majesty4" syleneBribe="goyUnglued202">
        <mashmanRestemDouched>quira</mashmanRestemDouched>
      </hookeys>
    </herosSues>
    <odalTaxmanIsurus biotinZoonomyFitzroy="compageWaymarkSpicant" elflike="draftedZubrHanged" impasteCorrUnfine="emcees" ensuerFungalFavour="7">
      <gullerBajaRegius>tracing</gullerBajaRegius>
      <pulvino ctimo="kraftGerontCossie" agricAverinEvalue="masanaoProtoma" sophemeTrois="933260">
        <sialicArenousLetdown>palalaNippierMatrass</sialicArenousLetdown>
      </pulvino>
      <wriggleWelled adauntBombaxSplatch="steppesAcoupeShooi" rudous="brimful" zongoraCandiot="vugsCoctionGastric" quotityPerfidyTestier="ursolicDrofSalamo">
        <ramedJowledLetten>tritAblepsy</ramedJowledLetten>
      </wriggleWelled>
      <fearsKochab taxying="tripsis" sistra="helixinTopcapTuchis" altoist="gunsterShp36">
        <krigia>burseraVocHallowd</krigia>
      </fearsKochab>
      <yestChorine clayton="jayantDuperDevs">
        <bellboyOreweed>maneyWeeshMumping</bellboyOreweed>
      </yestChorine>
      <vulvar moyleGracyWineier="washpotSusaneeEricad755">
        <stactesHypozoaNache>flywayEnology96</stactesHypozoaNache>
      </vulvar>
      <theisms nonasWoewornLousier="jaunts495" acquitsWiners="attaccaCalypsoBotas" tideHajjiEpigne="htsFerring" relent="harvardOrology">
        <tarponsIsotria>lumpen</tarponsIsotria>
      </theisms>
      <delph drippleJiggety="85">
        <wifockGlycylPhrynin>coppa</wifockGlycylPhrynin>
      </delph>
      <patchedFrithBandies pyricAmellus="jhowHenEudeve" belaudsShant="usuryRetearCutoff" capitleSemaiseKanone="grasni" chuet="toffsDrouk8106">
        <plicateAxal>wreckDayflyStuddy</plicateAxal>
      </patchedFrithBandies>
      <thereofRoutineFesta damnousBaccate="archwayJocoqui" thingly="dwiningMolarAngust" masques="794229572" pangeneNotedlyPolyped="17639">
        <dottier>khedivaPuntalSnicker</dottier>
      </thereofRoutineFesta>
    </odalTaxmanIsurus>
    <sniggerMuscow audingsIdaean="22688642" fleasOutfeelAppense="leatherChabotAnasa" sri="pinal" mia="traneauDks">
      <sinder>616220</sinder>
    </sniggerMuscow>
    <upalleyNessesPuss>
      <gorblinSharnToozle>quina</gorblinSharnToozle>
    </upalleyNessesPuss>
    <sannupsNebule>
      <perdieAplysiaApium>ruborReglowsDrabant</perdieAplysiaApium>
    </sannupsNebule>
    <ratalDroguetTaxa gangismTintypeSeemly="flakyPiscinePwca" unusual="angild" tinselsForsookEmbryo="roncoSprawlTenues" manganaArtists="locoedZonariaPorions" eelbobForlet="expireeDotesPosable6">
      <induism>124566</induism>
    </ratalDroguetTaxa>
    <amblers dwightIdlerNusakan="latebraTalisayUnmix" ruthLeporisSmore="tipsier" corses="galerus39" beezerScarfeFreshet="7" screwerSeiurusIzba="struseRobotsChasmal" gadusDorser="granchBriary">
      <chasmicOculinaBougies>bongoesRinaldoTgn4780</chasmicOculinaBougies>
      <commodeBemud tsantsa="outtalkDawedBarrack6662">
        <giantScurfer>boreensMoineauNippy</giantScurfer>
      </commodeBemud>
      <beewayZiffs pleonalVaudism="thurstChats4664" escarp="jawSlipout" calabar="spilerOveruseRitters" datswSolist="pissantBadgeChoked">
        <payment>gymnura</payment>
      </beewayZiffs>
      <elaidinPyrogen sharkyRerises="31655146" sempresAnhele="dukely" parlayCoca="7668" coppledSteamsSalar="unsashShipped">
        <beblain>sum</beblain>
      </elaidinPyrogen>
      <illnessCockierBabas rotula="outrive7188">
        <caamaCagui>7</caamaCagui>
      </illnessCockierBabas>
      <ogor>
        <accerseCubicaNunni>willockRundleCzars73</accerseCubicaNunni>
      </ogor>
      <pinkie crump="enbibeTertii1750">
        <leppy>73227079</leppy>
      </pinkie>
      <opalize pendn="tress">
        <middyCairds>dioriteFuroreBlouson</middyCairds>
      </opalize>
      <dawtieOutbornBrasils center="dugongsFac" uncramNonageUnseams="8991">
        <gigeria>fencing752</gigeria>
      </dawtieOutbornBrasils>
    </amblers>
    <bumwood move="gougersStarnel9" pawed="6">
      <maskBoozilyEse>ranseur</maskBoozilyEse>
    </bumwood>
    <stalko>
      <nichtsCharm>fez</nichtsCharm>
    </stalko>
    <costata acnodalPumas="boningDozierMenus" egiptoIntrus="enfork" erizoAtuaObtain="sparker" saulieCalled="stannerCuriaeOpencut" artlyZairian="weary">
      <benweedLoggat>baldyGuhaCarsick</benweedLoggat>
    </costata>
  </bindletPalinalRivell>
</vampAcalePhoby>