<?xml version="1.0"?>
<yawpingLioncel>
  <septetPuppetJubili flavors="egriot" polyact="shanty" swiftlyQuakyOxidase="woolled1">
    <consul>
      <casbahsBegashRegiven>761002990</casbahsBegashRegiven>
    </consul>
    <noahGarranLittler>
      <dynam>559502559</dynam>
    </noahGarranLittler>
    <clock>
      <suppedPallone>unfussy</suppedPallone>
      <pintosAbort dinette="cestasPelvisVaidic">
        <garialAffable>armariaJuliett672</garialAffable>
      </pintosAbort>
      <runtedEquusDunlop vernantLarinae="vaidic" dayingDespumeReweld="maffick">
        <singed>emprise</singed>
      </runtedEquusDunlop>
      <dehornsDairt fertilGon="loathyTheologOwlhead" kirantiBrowst="voyageFerns" fantKhaUnhad="lathingRecoke">
        <sculsh>uncuthSyncoms</sculsh>
      </dehornsDairt>
      <leviteHunts buzukiChorismMoulin="etweesTwillsBenthal567" glides="duelloSphericTalpid" enrankUncos="yang">
        <maticoBelyThawers>arouses</maticoBelyThawers>
      </leviteHunts>
      <meanSorty>
        <setupLavasCarful>rechainBooleanTeague</setupLavasCarful>
      </meanSorty>
      <scoliteNodulesPholido roles="vervesLofters" chesoun="rimmed">
        <ramta>dibatagThanked</ramta>
      </scoliteNodulesPholido>
      <shebatGrisselSlut teindAnisate="fincasBeseeRoche2857" oozeBelisMessan="orbitCantyEydent240">
        <minunetMazel>natrajRooflet66</minunetMazel>
      </shebatGrisselSlut>
      <hailedPhrynin netting="386004849" ironism="gunwaleCarcake" impugns="brutingStowpEcotype" alphaCodhead="kieyePeda">
        <galiot>aliener</galiot>
      </hailedPhrynin>
      <paly>
        <drevel>76</drevel>
      </paly>
      <reclose cachous="beefilyBerede" patefy="dizoicHedonic424">
        <mug>cattaloLatinsCagey</mug>
      </reclose>
      <argosCloggy enceint="buicks" legendaKames="piddles" armorCowyardThysel="wooledRheic">
        <yillsQuartzyWringle>zoistic</yillsQuartzyWringle>
      </argosCloggy>
      <anconeiStalls prossBeweepsCaphite="crumbumAles">
        <respeltAmritasDackers>foliousDrawees5149</respeltAmritasDackers>
      </anconeiStalls>
      <qintar degrain="55625222">
        <whickenHageenBagel>dioxanCoculloFeminin</whickenHageenBagel>
      </qintar>
      <dhoolyFeatish fegs="stogeysFyrd1" puddock="aoliCantosFerther" tenneLitiopa="foundrySooner">
        <kirkmanKronerMantoid>cumylSpor</kirkmanKronerMantoid>
      </dhoolyFeatish>
      <raupo elaMezuzot="scabbed" untripeBreastPesewas="gadaria" dindledDumpers="7896" moory="luxiveFungoseHour">
        <thane>loriAlferesCaked9382</thane>
      </raupo>
    </clock>
    <baggingWashery>
      <chugChides>odelJointed</chugChides>
    </baggingWashery>
    <taweryGeology raphaeBryonyMob="severalBottlerLazying" glided="gableAlulae">
      <oilcanRotsQuean>373</oilcanRotsQuean>
    </taweryGeology>
    <sorbishChytroiUpbrast wearer="asimmerFuzzilyBiali" idoist="flashetSeacockDispulp" wolfingEcbatic="levulin" anayWychBeadrow="60547924" oozed="nuzzer" wellatChicUppish="cupseed">
      <xanthylUpstandScfm>crowed</xanthylUpstandScfm>
      <wowserAkkadLansa>
        <farlesIdant>pindyAbdal</farlesIdant>
      </wowserAkkadLansa>
      <scatoma>
        <advoyerParseMant>9603495</advoyerParseMant>
      </scatoma>
      <speller buzukiaDksMorgen="guhayna" menacesCarabus="siouxAdawnPelvis" cowweed="abamaAribinDoum">
        <fonding>galeenyAvertsJigaboo</fonding>
      </speller>
      <spikersAgoneHoggin barnardWidowed="masses" simity="turbanCacajaoOvicyst" gemless="trigosBeckAccept">
        <combineRagtag>mavinPoldavy</combineRagtag>
      </spikersAgoneHoggin>
    </sorbishChytroiUpbrast>
    <limpidSuppStrafes>
      <rabbetsTacksLenos>keeks</rabbetsTacksLenos>
    </limpidSuppStrafes>
    <grilseReseeksPettish>
      <caprylScreens>safestTainos</caprylScreens>
      <bumaree throbsRinging="16148333">
        <talcer>dualsCurrSerges</talcer>
      </bumaree>
      <tsotsi conrad="entwineAttiresArguer">
        <pacinkoPrytany>clepWissleBulge</pacinkoPrytany>
      </tsotsi>
      <shulwarMucusesSheeney topplyNovenas="2" anatifaClarainWarrau="sweepupLowery" ekerite="rimas">
        <hewingTacetHobbit>inchGumby5</hewingTacetHobbit>
      </shulwarMucusesSheeney>
      <sparryPightel twinierWelfic="nigglerDecisisSammy">
        <homodoxSeif>elshinChorePanna</homodoxSeif>
      </sparryPightel>
      <harmost cruelFlitty="slummer" soakageNubbleWhabby="pilersForsook">
        <spandy>dibholeKappieDisring37</spandy>
      </harmost>
      <outbeamTriclad fasher="hodmenLassiesBraza" touring="fuckerStrindIkebana" piranasEsprits="degu2" lipins="gemeledReadl">
        <auspex>71798956</auspex>
      </outbeamTriclad>
      <intuentTergite cockshyAzraelCoves="beviesAver">
        <gauzyEdison>eviratoMelanin</gauzyEdison>
      </intuentTergite>
      <wisedTinkersKanari pibroch="rigletEmmBrucite" makoRecit="helder" obtectPeptic="firk" shulerNorthsLettic="5">
        <wolfkin>skycap</wolfkin>
      </wisedTinkersKanari>
      <choraleErotismIrrupt benes="ramonaGipserBrawlys4" misters="kloochUnfitsKoft" goffAbromaTuism="9510" cirusesKonFundic="51">
        <lacmoid>jockeys920</lacmoid>
      </choraleErotismIrrupt>
      <yakmanTelleeRegimes combedTrevet="courseyHazySomever">
        <psocidMikes>hechtOxids</psocidMikes>
      </yakmanTelleeRegimes>
      <belamyChasterGaged lueticsHattedSlumgum="guckEquinusTronk" pacinko="bebedGrays">
        <aeolicLireNothal>bahoo</aeolicLireNothal>
      </belamyChasterGaged>
      <rejoneoElbertaTampa souseAstrideSchema="elainsGroaned" talitolSimia="mezzosSnorkelGunlock140">
        <fatigueRegressStringy>plinthTattleArghel</fatigueRegressStringy>
      </rejoneoElbertaTampa>
      <smalm dotage="rotang4345" zonularRemopPipes="728445199" plessorAmidideUncord="riskedMiscHipwort" cubistsTagel="keta">
        <machosClypeusMandala>hyperon</machosClypeusMandala>
      </smalm>
      <jamboneCandorXosa>
        <verse>bistresGytlingGodet</verse>
      </jamboneCandorXosa>
      <pippy makouaDentale="loiasisPitworkHogship">
        <termenScrubs>sigAquaferFucks</termenScrubs>
      </pippy>
    </grilseReseeksPettish>
    <depot>
      <alumnalHaglin>dearerSeamyOptably</alumnalHaglin>
      <snickedBawbeesOlios bradoonCarders="anormalMatanza">
        <estradaAbatingCalgon>systyle</estradaAbatingCalgon>
      </snickedBawbeesOlios>
      <gulpers barcanSuaver="colentLitvakUremic" detrudeSuzanGoolah="leesome" stoterWarrandLulled="angulaTarish" fadeGemini="misborn">
        <anne>reeving6940</anne>
      </gulpers>
      <toledosCeiler labored="pipit" cuspBrickleProtone="86366344" hei="116455" zygnemaTickle="snaith">
        <aneathCabin>simcon</aneathCabin>
      </toledosCeiler>
      <saucersKruAbv ambaree="surbase" scarersMolucheChoux="iricismBalkyHorla">
        <arabism>fascetPoppetBellis</arabism>
      </saucersKruAbv>
      <polyadVepseLawish quinize="comatesMacaque" biaural="2" krone="swankBiduous">
        <eskarsTwitter>79204433</eskarsTwitter>
      </polyadVepseLawish>
      <pettleFormeeLithite aseptic="aquoseRohan">
        <cashboyProvideLotte>minable</cashboyProvideLotte>
      </pettleFormeeLithite>
      <untaken>
        <rudesby>gedacktPredraw</rudesby>
      </untaken>
      <caslon daidleNonasDjins="thymineHelming" caphtorElevatoRanket="boorishCorbeau" sloteBunchCourty="stomaAnergiaCogging2496" kuku="spinalsSelfedUnlimb">
        <corosifTruller>basesUnlawed</corosifTruller>
      </caslon>
      <sibness favored="626023029">
        <getling>rubine</getling>
      </sibness>
      <broiledPrimes marageStupe="depayseSaltpan2" triglyFumantStean="hewt">
        <crawlyIllegalMosey>tranterTubfulUndrest</crawlyIllegalMosey>
      </broiledPrimes>
      <plain>
        <retails>324</retails>
      </plain>
      <sectary lakiestFermeryShotter="potmanYummierLegated" legatoVarioleObiisms="twittyTarsias" ornaOrderlyIrrupts="kianganGarbler81">
        <creaksGemmeryNutmeg>baningAmimideBemask</creaksGemmeryNutmeg>
      </sectary>
      <mealmanDits pipingsMaguariSturoch="mahori90" cabful="sudsedVistal7604">
        <mudderAlinBelili>zombiMimi</mudderAlinBelili>
      </mealmanDits>
      <torquerLops>
        <tughra>45</tughra>
      </torquerLops>
      <dwarfs patia="upcoverSuccise3">
        <recageMistic>tuyeresRaninae</recageMistic>
      </dwarfs>
      <handbag syzygyDuitPutti="spoony766" pierced="legiferDriversScorkle" yesses="ectal3" aionialOblige="2608">
        <enodateLicheesBanged>clambAbutsZander</enodateLicheesBanged>
      </handbag>
      <vestletKibbler cherish="waive" closterDiasLucrify="52625526" desmanTowneesEstall="spavinAscian" wadis="jark7337">
        <dhoorasBelone>pandureFermate309</dhoorasBelone>
      </vestletKibbler>
    </depot>
    <angkhak>
      <soneriWeezeHandsaw>yelpedWoomera2</soneriWeezeHandsaw>
    </angkhak>
    <lede cuttiesLoungerStand="upwaysGrasper" dawkinHockdayAtypy="agynous" bahuts="guanase" mashlinOutsizeGumhar="5060089" camTrankKnapped="yenningNullarySnecker" biodyneSpinyUnmet="aisles2" baalize="towlikeSwagsTriones8189">
      <stroyFivish>45873479</stroyFivish>
      <spawnedRaspier welfareWonkyUltimo="doke" brasilLynxesBelili="vatsStomateTeniae">
        <emperilAftabaAsaddle>padlike</emperilAftabaAsaddle>
      </spawnedRaspier>
    </lede>
  </septetPuppetJubili>
  <lumpers oscinisFardel="basaleBeglucPlanker">
    <fettled accruerPandoorFloes="howlsPiquetWatapes" frithyChapote="panfry8" learoydCottus="estafaLevi" bahHemesUpleap="prying" montreThorter="96">
      <gulonicDurain>rivageAmble</gulonicDurain>
    </fettled>
    <dugout>
      <nunry>cloveryBoots</nunry>
    </dugout>
    <tabretChewet>
      <modiste>mulled</modiste>
    </tabretChewet>
    <batzMeany aerifyPosting="burezTrymaLanes23" bizonalAnilau="mesillaSkitsUredium" balkersGhatsObeyers="hyli">
      <refeteSilver>higueroBushels</refeteSilver>
      <hamsaChumuluPlud fatlingThenneDecrew="abscindSignetRykes" creaghtJus="roupyCageInjunct" altrosePlasmasKola="unchainAright">
        <hearsayReshoot>59473</hearsayReshoot>
      </hamsaChumuluPlud>
      <dauting lorariiVague="435922">
        <begunHiphape>meaking</begunHiphape>
      </dauting>
    </batzMeany>
    <knittieLeafing>
      <averredQuarionApulian>rimaPraham</averredQuarionApulian>
    </knittieLeafing>
    <emirate>
      <hereroScribal>prefineKiloradFleecy</hereroScribal>
    </emirate>
    <paten moilerLensesSlewth="lumpingAvocets" bucculaGuaribaArusha="gros44">
      <fondueDaemonyOrantes>3752</fondueDaemonyOrantes>
      <astrolEnragedLycosid scrolarAssail="zanonia">
        <agravic>arenoid39</agravic>
      </astrolEnragedLycosid>
      <scarsTemplumDrape>
        <reboteOusting>gudokRecluse</reboteOusting>
      </scarsTemplumDrape>
    </paten>
    <hamzah sicCockup="barium" cribleDredge="vagusCareen" punkerPropylAzumbre="lammie" sops="optiveMutate" encrown="cubhood" gurian="bozalTilapiaSkaldic" reissueStirpesHessian="croisadShuntsAnconei">
      <greeksHassingBoddagh>211</greeksHassingBoddagh>
      <matinal swiwetOutlainSursize="cuspid">
        <detroit>8426</detroit>
      </matinal>
      <peacockAirmenEffet cinuraThrimpDuddie="tskingPouting">
        <bandaidCoysAroeira>34896455</bandaidCoysAroeira>
      </peacockAirmenEffet>
      <excisedConsole>
        <liddingLadersEaux>adytaMenial</liddingLadersEaux>
      </excisedConsole>
      <serosaeVised kepisGlummerCott="murks164" ghaut="clashySlogan" bugling="2" zebulunUnlarge="shemiteWattle">
        <lambs>uncurl</lambs>
      </serosaeVised>
      <halfmanNighishOpahs chimar="hallowd6489" intinct="trinolOmikron520" kenFungia="menzieTopman" goalaReturns="comfier">
        <prexesTotemy>swaggiPerdrixDoze</prexesTotemy>
      </halfmanNighishOpahs>
      <sconced uncoylyEugonicBourdis="fusulaOrdos">
        <preampRupeeToluid>plumCompos65</preampRupeeToluid>
      </sconced>
      <scudoIntuitsFlatcar venerosVepsish="arrozFoosterEntach1" operons="geoidMotiveVanity" equaled="chgWickiupYowlers">
        <yawpedPromsAob>emporteAcouchi</yawpedPromsAob>
      </scudoIntuitsFlatcar>
    </hamzah>
    <shahinAkimPidgin>
      <trypaFulgide>girrockRegilds</trypaFulgide>
    </shahinAkimPidgin>
    <yogoiteCanonry>
      <muffish>spoolEjusdemNegro</muffish>
      <ridings vingtLabrets="mochudiCrabit" kamichiCacicusAnkles="anthela9483" desandScaldraGrisons="urateSculps" pupil="canroySokokiEutexia">
        <wordageTegumen>hancesFinner</wordageTegumen>
      </ridings>
      <pfuiHouri measledRejoiceWherret="jumblerImplateCottons" weanocTaxmenCommon="aikona">
        <gunlineVelaricGink>389966137</gunlineVelaricGink>
      </pfuiHouri>
      <hit backetTorteau="cadencyLoges" fretteCalesasChiefry="137217959">
        <unmakeCepousWasegua>viridinPyinsArabist</unmakeCepousWasegua>
      </hit>
      <weeJaspisAtebrin bashingCathineTalio="vagallyRincon717" lasi="1">
        <ionizerAlcaid>illanoKerat</ionizerAlcaid>
      </weeJaspisAtebrin>
      <debi redressMegaera="cadmicCumPelf">
        <knetWoful>41594435</knetWoful>
      </debi>
      <biles foullyTapulEssang="ananiasAlupag" whileDolliaPraam="908201589">
        <sneaked>pacotaUbussu234</sneaked>
      </biles>
      <dudeen smuggle="pickierFalashaPlayful">
        <jugerUnbareCrease>8625563</jugerUnbareCrease>
      </dudeen>
      <camaronCerfoilBerth bleederAurousTickey="aracana">
        <iridine>6492350</iridine>
      </camaronCerfoilBerth>
      <delaine enrichMewerPrayer="jumby" barkenWoevineRaggy="anapsidOctavoScyphae709" ramistGhurryDudaim="wagwag" lessiveUnnoble="targeCrambus">
        <wrungKyloe>kalisDeacon</wrungKyloe>
      </delaine>
      <gasserHowelClyers sunroseFlagmenMorions="bonedIkra" needsly="463" delfUnsteck="byplays">
        <mayHayrackStepway>poddedUnagingUnstiff</mayHayrackStepway>
      </gasserHowelClyers>
      <hisTrumpedPitched armil="nibs" yerbalNoctuid="onkerRehone">
        <ashramPavins>dearthShoval</ashramPavins>
      </hisTrumpedPitched>
      <arcadeDinklySurged>
        <hexagonWoodie>uncus</hexagonWoodie>
      </arcadeDinklySurged>
      <ferrite>
        <furylQuasses>34968</furylQuasses>
      </ferrite>
      <grunPirlieHamous contrPackmen="peaced">
        <wiggles>mnageHammerAmulet</wiggles>
      </grunPirlieHamous>
      <recooksJozy chorda="35129971">
        <reffeltWalt>95</reffeltWalt>
      </recooksJozy>
      <gash mamoLupusWhample="enseGoshen" sluggerChimerPottah="eirenicSoubiseMadmen" errantChaver="bunionGalanyOrceins">
        <schuheMarshsMee>85722780</schuheMarshsMee>
      </gash>
      <gemsesOutlookNylon swampedTimeliaRondos="gnomeUsehold">
        <redeal>buzzes</redeal>
      </gemsesOutlookNylon>
    </yogoiteCanonry>
    <unsuitSulcateIroned>
      <powanPlacula>116</powanPlacula>
    </unsuitSulcateIroned>
    <lilacs bebump="sillerBlesse" meaner="koorg31" nutcake="elkwood" larvalMurrey="jirga">
      <zingel>849161</zingel>
    </lilacs>
    <soggingSyssel antenna="26141" soxhletAttryAcne="reborn7316" doumasPianino="loaf">
      <mediantUshabti>botherTapistCols</mediantUshabti>
    </soggingSyssel>
    <genesesFaki zirak="1" mispageSpirantRamekin="919128345" nigoriFactishPartie="relendTopeePonders" jinkleSneaky="simurghAcrasinBestove">
      <seatPyreninInship>alkydFoeshipDhaks</seatPyreninInship>
    </genesesFaki>
    <alkoxidVisita>
      <unfancy>saponul</unfancy>
    </alkoxidVisita>
    <plateau detergeTostonWalter="609855481" hoistedAdeonaExogyra="392435763" bannets="trounceAwlessUpsuck" obvertsEthylicForlorn="luringDarkedDarbha">
      <lashornShawls>goliad</lashornShawls>
    </plateau>
    <hulkilyGambesFlakily ogrismSmilersWonner="sichtPassadoElfwife" lobolos="coryzaChoreeObex" farcied="mandiDimoutKmel">
      <boilers>57715</boilers>
    </hulkilyGambesFlakily>
    <upcoils>
      <marmarFetisYelmer>goony</marmarFetisYelmer>
    </upcoils>
    <biggityArabismTownman bashCeduous="godsentAmunamGear" vidette="621144" shivooBaetuli="4" incantSiwashBabion="unquoteDetteWaddles">
      <suttenAwald>dashed</suttenAwald>
    </biggityArabismTownman>
    <fadedlyRehaleWhute zestsNebiimSahh="hired" grownupProphet="oilcupsInbitsBrinjal" cupules="ruly" outwent="5448">
      <serfdomSantolModist>233936937</serfdomSantolModist>
    </fadedlyRehaleWhute>
    <woevineLaquais catharThushiCrushes="lorica" sannup="bemaimRehone6247">
      <kibbehZootaxyFagotto>regracy</kibbehZootaxyFagotto>
    </woevineLaquais>
    <cantata>
      <gauchoLobulusVittles>rampish</gauchoLobulusVittles>
    </cantata>
    <rebring imbondoWiremanDoges="testier" ballerKerseysSpraich="knutCollar" emigresDoffersPeewee="aural" stomate="crucheDolinaPrasine" forseeBazookaChillo="35225148" sumoWhincowScrams="sealyDiscinaErrhine7" beigeKurvey="glbPhlegmy">
      <bridalRoundedMyases>supariRunny9</bridalRoundedMyases>
      <tennisy bowersParah="spudMongerGarotes" chafingMaltese="lobefinSternadGabgab">
        <rushier>puistWaker</rushier>
      </tennisy>
      <frantic fetis="endsealAbusiveGrommet">
        <jigglesNocten>gingers</jigglesNocten>
      </frantic>
      <laridaeBuriedPappi idrosisPoppled="quinyieHeptineHilaria" auguralScandia="wicopy">
        <shatanBummestSunback>emetineHothead</shatanBummestSunback>
      </laridaeBuriedPappi>
      <abscond>
        <vatmanUswards>grapsus</vatmanUswards>
      </abscond>
      <berskin aitionTipsilyVolpane="hornadaStrathDully" lustra="inchaseLucianaAugment" cockerBistredLatomia="pleonPopjoy" bohorJunksCuspate="cubbyuDebagHav">
        <jammersMelanin>neoned</jammersMelanin>
      </berskin>
      <tractorEnstoolZymome>
        <ahmedYoupFoyboat>jeopardPaulaTippers85</ahmedYoupFoyboat>
      </tractorEnstoolZymome>
      <ethinylKpuesi chinnedAreg="suintsSabakha">
        <iricism>fierceCafes</iricism>
      </ethinylKpuesi>
      <agueNyala myopia="gipsireAlmain">
        <bolding>nubblesWhishtHaffits</bolding>
      </agueNyala>
      <scomfitKhot affixes="boxianaFaints" poke="8338809" conkerBowwoodParde="exploitExsurgeNarks">
        <moony>obviateSliping</moony>
      </scomfitKhot>
      <grapeTerner girslePintano="restersCaroidCodding">
        <adalatBeared>logesSlanterKabars</adalatBeared>
      </grapeTerner>
      <altoistDeemie porrigo="burker" tataupaBaraka="corach6">
        <ralfHilloasMna>ferliesIsohels</ralfHilloasMna>
      </altoistDeemie>
      <larBecket>
        <abram>abacZaggingZaire821</abram>
      </larBecket>
      <tribade barchan="5438">
        <inmeat>517</inmeat>
      </tribade>
      <glazierSteidCajoled darshan="ohioanGonagia" coppras="358" stemmasPisang="imposed23">
        <unspun>coignesSaharanQatar2514</unspun>
      </glazierSteidCajoled>
      <tachina bermeScruftFlavius="98" bellboy="triremeRealsMock" photogScenaRetain="osagePhloemsUllages7018">
        <dromon>resider</dromon>
      </tachina>
      <outyelpMatapanRoxane bookman="fucoid" ataghanGriphusSlabman="lidiasFaisanRebinds" peppinHeartsVinalia="76409" antiquaSaxtenPagador="slutherKorhmnRequiem">
        <firingEomObolary>frieseBilobedPietas</firingEomObolary>
      </outyelpMatapanRoxane>
      <dilatesMananas smashed="casketsUppingsBututs" renterCambers="clumpstJivaran" squirmyMuntzSuity="impedorMuskegEos">
        <uveous>geraeraCauline</uveous>
      </dilatesMananas>
      <nous warmedSall="arisesDonnickBleeds" lucidae="frankZinganiFlushed" absentNiggerSebate="5" juslikWrister="burgess">
        <braxiesAcaleph>3762062</braxiesAcaleph>
      </nous>
    </rebring>
  </lumpers>
</yawpingLioncel>