<?xml version="1.0"?>
<wolfmanDrudges>
  <chalah bemoleNeotype="ribbonsGrudgedDefile1" geniesSmaltosBirota="margery">
    <floosyBuboedByth>
      <guffyVisto>dhoneyCurvleVer9</guffyVisto>
      <hokedLipoid otidae="gajLastageAryan47" sheltySiccaNettly="weedage" raspiteVendisBingle="563830">
        <brazier>arabanRightedIleon</brazier>
      </hokedLipoid>
      <tritoloPushup nevi="toxiferBizenOxalis" citherObelion="mousoni" arcus="5891451" reofferSueyPagnes="6615">
        <kelownaOkoume>debars</kelownaOkoume>
      </tritoloPushup>
      <yonkersRevving>
        <untimedAedilic>rectaAwink</untimedAedilic>
      </yonkersRevving>
    </floosyBuboedByth>
    <appulse>
      <resteel>24475</resteel>
    </appulse>
    <unaddedCharacGigsmen>
      <kalongsSpermGravest>clumsy</kalongsSpermGravest>
      <haitian slimeFfaKansan="gobberMslLiqueur" lucite="gymmalBabkaDun" fumaria="enlistsLounge8">
        <forhowAwabi>655245</forhowAwabi>
      </haitian>
      <datchSubductMozette>
        <income>84</income>
      </datchSubductMozette>
      <rettoryKaftan rubblerAnjan="comedoMichaelEntada" mastyBenthalKudus="8798890">
        <argyricDredgerTors>tripodIllbred</argyricDredgerTors>
      </rettoryKaftan>
      <shawmsBaboosTurfed mushaGrottosTickled="8371" jaggsNitride="larunda" eeyuckGristlyRunman="effluveUpgraveNoreast">
        <pulesSextonsMutisms>carper</pulesSextonsMutisms>
      </shawmsBaboosTurfed>
      <talabon dewormSaltman="hypnone" somiteQtr="gelly">
        <dofferSchnoz>browseAwaldKolis</dofferSchnoz>
      </talabon>
      <zapupe ilpirra="outhymnMobula" bileveAlogian="clarosDainty">
        <townet>coastMeanBedway</townet>
      </zapupe>
      <ducting mererCytaseSplotch="941">
        <roastedBarringYabbers>lunchedSquall198</roastedBarringYabbers>
      </ducting>
      <buazeDelilah strave="megarad" rhyme="obeseOnshore">
        <devourUnwitCongaed>muniteBulkSaults</devourUnwitCongaed>
      </buazeDelilah>
      <withdaw thecaeJehuVrouws="basksAgralDudley" stubbedLevade="wagaunFerrashCrinet" cephusTactiveTamure="confirm">
        <deburse>617933049</deburse>
      </withdaw>
      <bromal rangler="propaleGorsedd">
        <buffets>849556</buffets>
      </bromal>
      <corver anopsiaKelima="irelandAraireArion8" unkept="6493" scabFlymen="419628">
        <vadium>eavedCoakBimboes</vadium>
      </corver>
      <mithraKosoUptower basanAtones="faffleJicaque57" binniteWoofedXctl="thoriaPalpate" theaOmahas="69507" theists="96">
        <chemickIsogoneJosses>minyanNemasDroplet</chemickIsogoneJosses>
      </mithraKosoUptower>
      <aproposJangadaRevive cestas="scrutoCantiga" slater="taffiasSpakGhis10">
        <caulDough>cardiumSqueege</caulDough>
      </aproposJangadaRevive>
      <gambs>
        <troicRapersByssus>95973420</troicRapersByssus>
      </gambs>
      <ductedBashlyk ducallyQuira="hipplePhymas" orante="roscoesGleglyTaluto6373" tangile="gispin">
        <peopleLunel>1171</peopleLunel>
      </ductedBashlyk>
    </unaddedCharacGigsmen>
    <gonneBasuralUncram>
      <lairmanThorina>loopfulAhtIse</lairmanThorina>
      <realterRudistaCoigne rearray="hoodlumBalian" porosis="6389958" pamhy="9754371" feak="miserlyXis">
        <clackerAgamist>26873363</clackerAgamist>
      </realterRudistaCoigne>
      <pairle bipolarAlgieba="muffy" yowlsPrewar="arderGirlie" lentIoliteHandel="sprawlyPapricaBassing">
        <birodo>rheinicRunways</birodo>
      </pairle>
      <wanlyTempi sleazyKeyless="aleyard521">
        <frizedScraighCausse>1</frizedScraighCausse>
      </wanlyTempi>
      <divetUpstartCrimble manors="pasted" inswellAhabGreable="artamusDodger" chrisNydiaOporto="gratiaMilitarLevy1" flettonVenusty="7469022">
        <funariaSwertia>803602</funariaSwertia>
      </divetUpstartCrimble>
      <setback chainesRooming="helideJantyUnicell" poofJanuary="mazdaRascalPlaning4571" apogamyTriglidForesey="70">
        <whetJowed>206840764</whetJowed>
      </setback>
      <unsightDuffel rehonor="emesaRagwort151" wirerWedge="racierShahdom2">
        <screeAbohm>sideBatwing</screeAbohm>
      </unsightDuffel>
      <albinoTrickyExact noncome="brulotOutfall8591" assuredCanto="smockedTootles" searer="thwaitTreader3951">
        <alarmedRaches>radiousNunki506</alarmedRaches>
      </albinoTrickyExact>
      <etymicRuseFadaise piskun="dreader" cloughsHawsWingman="postfixWittomeEophyte17" hooksDhobyMyoid="plumetMat42">
        <lawyery>duplonCoercerJorram</lawyery>
      </etymicRuseFadaise>
      <lych mormalBenzine="safineBellic25" fogeLikely="328485" berseem="179525">
        <kicky>feoff</kicky>
      </lych>
      <soleus>
        <babassuNasab>153176576</babassuNasab>
      </soleus>
      <bibbons ittria="inkosiCushilyNurture" yaffingWrawlerFigwort="kluckerBacchii" pegadorSurfuseSumbul="78" zacate="327">
        <usurper>pipileBitts4326</usurper>
      </bibbons>
      <ectasisGhafirTreppe>
        <catnapPenniBurrel>ragweed</catnapPenniBurrel>
      </ectasisGhafirTreppe>
      <acremenNucule epervaFest="koumyssPissant" hasslesSyncarpDecimal="piaculaFuseau2" freendZlotyTerai="36" teicher="lunataPalaic">
        <dassyGloutedTopi>791392</dassyGloutedTopi>
      </acremenNucule>
    </gonneBasuralUncram>
    <shaft>
      <tzuris>3298888</tzuris>
    </shaft>
    <haggishIdoteaUsenet tyt="4" benemeUleticUptoss="venger92" fawe="ganguesArbelaKuge2444" eunicid="pimolaChequy777">
      <alginicCoroaCinches>sweetieMorroIodol</alginicCoroaCinches>
      <hellVomiterStoking rimulaFrailsBedsick="redsThroaty">
        <venged>goosier6</venged>
      </hellVomiterStoking>
      <topeesBabkas>
        <bivialQuomodoRouens>pusher</bivialQuomodoRouens>
      </topeesBabkas>
    </haggishIdoteaUsenet>
    <noggingTue diptera="ries" taroFraghanMales="77153" wasir="gnatty" gomari="ombers" aperySipper="knifeRusky">
      <kipskinViriliaWavably>blowflyPolemicTerrine</kipskinViriliaWavably>
    </noggingTue>
    <sated jerks="solicitNawabAwnless">
      <arils>unendlyAshrams3748</arils>
      <tweedyAdriftBattish roughy="8213" fylfotPhotoed="razzedCrannelEtude" leadoffUnimped="osaminCarlosUrbaner887">
        <irpeJianyunPiwut>slidersGhrush86</irpeJianyunPiwut>
      </tweedyAdriftBattish>
      <brooms araseOnca="214350107" deodars="voidly15">
        <serapicRootPairle>forslowHederic64</serapicRootPairle>
      </brooms>
      <laurentKhaiki>
        <risiblyColes>733377</risiblyColes>
      </laurentKhaiki>
      <dicierFordidKenai apepticInmatesLegis="inscapeRibbonyMam76" isologySeld="unmatedCathari" bonnie="leggedEvil" dadasBeatnik="slaterHanif">
        <arctoid>temptPokeCumenyl</arctoid>
      </dicierFordidKenai>
      <argeers jeffiePartitaCaranga="azofy" mandsCededHulky="pbxes" beta="spinelsFroughyFordam">
        <vagallyWringed>779476</vagallyWringed>
      </argeers>
      <wicketSiffle>
        <tabletDinosGleamed>trouvPremise</tabletDinosGleamed>
      </wicketSiffle>
      <fuffPitting pallas="6355" urticaLogiaSetwork="yavaFurlaneSquishy" wohlacImparksCougars="spelledPohJoch3264" ejamCulpaChamm="fuidhirPithsDimpled">
        <rabbish>gangsa</rabbish>
      </fuffPitting>
      <chordBearAglow cobbly="tuckedNurser9277" pelorus="miaotseMinuteMitotic" aflowerPrankedCartes="804426234" rester="eyersScary">
        <ragerySkippetLogjam>winsYuckel</ragerySkippetLogjam>
      </chordBearAglow>
      <rheChoutHoove disturnExtends="32333" ejurateErgonPlook="updartLepidPilaued">
        <bodrageMuffins>kibbler8</bodrageMuffins>
      </rheChoutHoove>
      <stanedPoetdomBldg kinsmanGhoulieFuder="109">
        <toy>ranulas</toy>
      </stanedPoetdomBldg>
      <cutifyRottedFuel knellsCasimirFigo="21">
        <mannifyLuceres>1665</mannifyLuceres>
      </cutifyRottedFuel>
    </sated>
    <adopter euryonDaggedLinaloe="arcate" trevetsCoto="busings" essexDentist="ficoidQuarmen" ropilyUngraspRithe="614" amomumPeltElusory="ernHotelRafale8233" bourkhaChumped="9949">
      <demarksMusha>noctuleBoursesSprings</demarksMusha>
    </adopter>
    <premiaJere>
      <reeled>remail</reeled>
    </premiaJere>
    <mee>
      <rechateMoppets>almsfulEnemied</rechateMoppets>
    </mee>
    <pigeons>
      <hyloid>totter</hyloid>
    </pigeons>
    <feedersAnnexaTushing quiapoCollareTasbih="traysSlopers" gulgulWagtail="affiedMere9">
      <titheJud>capoteDildoCongery</titheJud>
      <turgidMachair peltaeLockets="variac">
        <treflePavans>airman</treflePavans>
      </turgidMachair>
      <flashOpacus>
        <raviRuboutPino>marmitAbramis</raviRuboutPino>
      </flashOpacus>
      <buxomer echoes="42905947" wined="5326">
        <boobooPelt>35597</boobooPelt>
      </buxomer>
    </feedersAnnexaTushing>
    <liftboyPursily musaeusCoshesAliipoe="hershipWenethBeakers692" tsuresSchnapsWoak="courage" zizzles="sway926">
      <loomingFidgingUncheck>liangSfm</loomingFidgingUncheck>
    </liftboyPursily>
    <husking>
      <kahunaEnsile>punishToxylonSessile8</kahunaEnsile>
    </husking>
    <punasStandi>
      <corbans>520</corbans>
    </punasStandi>
    <jmsAmenderIntends feere="pahSeraingStepped" nonagesZoniteHoleman="aislingBleeps" gadidBirri="unheed" illuded="sniffedSexuousFooted" roupySangerCojuror="1384293" pardy="blobs">
      <ukrainePositLophura>saynete</ukrainePositLophura>
      <freezedYeukedCrownet>
        <rockoonGluteusOleron>souushySpecky</rockoonGluteusOleron>
      </freezedYeukedCrownet>
      <mslChested rowdies="958709" alularNorth="savorySouther3654" sendalYogurtsBed="ingots7861">
        <statueClaimedScarrow>summageTacesOutfame4935</statueClaimedScarrow>
      </mslChested>
      <craal>
        <boobookApieceMood>weanelCoomyDemode</boobookApieceMood>
      </craal>
      <rampedRodericOzena geology="baliMegafog5480" spaningBundtNicker="5144" incestsAeolisStadias="argoan6630" whilock="2960">
        <screaksUnbosom>hirudo</screaksUnbosom>
      </rampedRodericOzena>
      <comityUrgineaUntown quashedPylons="puisnesExtacie254" mention="immure" tarheel="medeaCilice" niggraGigant="outfoxCalfPungies">
        <hydeStarfulMacigno>lunaClootiePitmans</hydeStarfulMacigno>
      </comityUrgineaUntown>
      <ripsackLamming>
        <flasketWaltzerOsseous>humateBurion47</flasketWaltzerOsseous>
      </ripsackLamming>
      <scrawl vagantPleases="nazify">
        <scummed>mullahFlyer</scummed>
      </scrawl>
      <romanaFeringi excudRenamedAumbry="teindsScionChantry" fraisedHeehawEelback="3915">
        <bowwowPharian>pepsins</bowwowPharian>
      </romanaFeringi>
      <pimpla kingly="impalerEmbolyJewship4016" trendedCyathiAnabong="receded" ardeaeTrinol="150" tabetic="sentiSickingMedian5494">
        <thongsSuppedIndn>megohm</thongsSuppedIndn>
      </pimpla>
    </jmsAmenderIntends>
    <verneuk agalmaKoellia="smeth" bawty="tall" lopping="rasaCamion58" indexer="409" costula="calpac" piqued="gileUncowl">
      <genealSinhsRaveled>calebClassGophers</genealSinhsRaveled>
      <enhauntBasters trills="belaAzalea" soorawnManulWebelos="banjoesRypeckIbycter" peatierEtape="muetteGateway" arapaho="hotchesPhyllinUnrocky">
        <barishTempreSloke>cyrano</barishTempreSloke>
      </enhauntBasters>
      <michaelRhemishAskari zooids="bagne">
        <sestetsRedialMaungy>1955</sestetsRedialMaungy>
      </michaelRhemishAskari>
      <tomines>
        <pedalsJennetFummel>nicety2</pedalsJennetFummel>
      </tomines>
      <telferFeriaJujuist>
        <taoism>startsyBirnBaccate</taoism>
      </telferFeriaJujuist>
      <diascia scorifyOdz="5931999" talwegSitzTankers="5">
        <plato>cleatsWordedPorkolt</plato>
      </diascia>
      <rubbled aulicalSolentPadge="poachyMosgu">
        <coffeeDurzeeSextus>42435</coffeeDurzeeSextus>
      </rubbled>
      <fifed arachePondo="easting">
        <revvingCorbies>reifGripmenCosmism</revvingCorbies>
      </fifed>
      <kantist buskingConvex="dewaxOutplod">
        <nothingChekist>druidsDingeyUneyed</nothingChekist>
      </kantist>
      <parchesCoresIodite>
        <higherBecharmAiluro>tumbril</higherBecharmAiluro>
      </parchesCoresIodite>
      <laganHooyeGushed lathersLiefestPhonet="kulmLordkinSwashy" illing="fulmenMoraleUnhale" aposoroParsonyChabot="291091">
        <jennetsClichedScops>marillaAqueousFlagmen</jennetsClichedScops>
      </laganHooyeGushed>
    </verneuk>
    <gouraStamper aliundeHeyrat="bemouth" viandenGraving="1" ingulfGervais="scious16" ejacula="spangRainbow" nidingTabbingDeburr="sail9481">
      <taig>tennuRifart</taig>
    </gouraStamper>
    <septicIndwellGolfs>
      <enflame>ariste</enflame>
    </septicIndwellGolfs>
  </chalah>
  <stalkedWac kinoneLuteal="bassaraTropeicAbout696" />
  <rahulCordelSleezy>
    <gaspedNympha>
      <palesWinksRykes>miskyLekane3726</palesWinksRykes>
    </gaspedNympha>
  </rahulCordelSleezy>
  <korhmnSiak>
    <tennis psychalMiriTakable="palauMettlesPrlate" handyStepsonCuish="gifRebootPawk" megmhoSaltily="aget332">
      <attribChiffre>661507797</attribChiffre>
      <roanokeTheresRotator compage="araujia8" kapeikaRavagesHading="civillyAmins">
        <wusMenkarSuffice>boobishNowsLalls687</wusMenkarSuffice>
      </roanokeTheresRotator>
      <clauberBlite jasmone="coburgBoot6" levana="morbleuSarge" joweryDominos="doblaDecampPunners" boridesAbdiel="135">
        <ivylike>shallalSaic</ivylike>
      </clauberBlite>
      <ophismRegnum>
        <mukadeThyrse>upboostBlick</mukadeThyrse>
      </ophismRegnum>
      <kilting cammedSwagsEnzooty="zoogenyDivider" arnattoRoose="incense">
        <audreyClarify>56570</audreyClarify>
      </kilting>
      <shikaraHaulmAftward>
        <hawkishHamatum>epopJocularBegobs</hawkishHamatum>
      </shikaraHaulmAftward>
      <signifyPraxean deign="blattedMouseMelch" orisonAmine="53">
        <hircinLechosaChubbed>ticketOping9</hircinLechosaChubbed>
      </signifyPraxean>
      <farleGracer hybrid="aymaran">
        <hessiteForamsMalval>behearsLagly</hessiteForamsMalval>
      </farleGracer>
      <bultey brahmaFusulaeWoodwax="validDidym" rummersCondone="sheikhHexadicClinton">
        <unwonHelperFlipper>stats</unwonHelperFlipper>
      </bultey>
      <sirenicShaupBowhead oestrin="shane">
        <oxreim>petards</oxreim>
      </sirenicShaupBowhead>
      <pasoRupiah idaeanWambled="frees" apicianEnglad="neighsXyliaSepium">
        <halalahRoleNandow>canterLutistBeblood393</halalahRoleNandow>
      </pasoRupiah>
      <snapoutNihal derrisBurbark="balorHarries">
        <merakVilliLambly>annexalInqilabEyah</merakVilliLambly>
      </snapoutNihal>
      <busyInhalerPlenism acronChampySetiger="kernWormHayer" stan="hokerer">
        <zabaeanShotUnthank>personaOneness4</zabaeanShotUnthank>
      </busyInhalerPlenism>
    </tennis>
    <eerierCedaredEnfree>
      <maskoidSalivas>300</maskoidSalivas>
      <talkersSits smeeked="916" droplet="shodden5854" delawnMawk="realtyBowerly27">
        <divideMusily>rhoticTheoricAjangle</divideMusily>
      </talkersSits>
      <apician fighterBardingBackhoe="pointsTrotylsMinding778" middestSeshat="ellasarKiekieMootch78">
        <polypodMarlingLenient>554735960</polypodMarlingLenient>
      </apician>
      <lagenaGamaheRevigor tubbyCastled="corpses" sleided="701" hastateCokeyLutelet="ontal" sarods="490124">
        <seasickKurumba>9</seasickKurumba>
      </lagenaGamaheRevigor>
      <kakasWarray>
        <victimsPipetsMainan>frizing</victimsPipetsMainan>
      </kakasWarray>
      <presiftSithenArista yucatec="quelmeSavingsZetas">
        <butyrylWong>moirTarring5071</butyrylWong>
      </presiftSithenArista>
      <knabDialledCruses drawcutAccurCastory="phiomia">
        <ulnasRovenXxiii>165619987</ulnasRovenXxiii>
      </knabDialledCruses>
      <weekwamHurlies flooderGripy="kizil">
        <phytyl>fattilyLuausSkalds</phytyl>
      </weekwamHurlies>
    </eerierCedaredEnfree>
    <ditsForbite kamiCainguaUnacted="edamScruff" chimblyUpgale="aralie93" obeyHoit="shikimiYawling" furmint="2073391" glaiks="mayhemPuberty" unstickAquabib="cuckArow" kuliObtectBirkies="bromicUnprop2">
      <affineQui>caumTrochal97</affineQui>
      <shebeenFascCamoca witted="hagsTeenfulLiefest" gushetBadmanEmender="bilkisGulchPollent" wersteExordia="sturtinCaplets" inswingStylusTestis="darweshRoomful">
        <fusileUnfight>terrierScirpus</fusileUnfight>
      </shebeenFascCamoca>
      <relic>
        <koloGaleasStripes>sotnikChobie</koloGaleasStripes>
      </relic>
      <wisseSutras hissesFluxed="klaudiaGalletNisnas9389">
        <musumeeFilchedPotion>senti</musumeeFilchedPotion>
      </wisseSutras>
      <hazersScouse zeekoeConeJeery="askos">
        <upbeatCarum>malichoAccessSneaker</upbeatCarum>
      </hazersScouse>
      <chiel brahmaGrilseStomion="gleetySawflyShrew28">
        <torahQuery>meminnaHokeGraysby613</torahQuery>
      </chiel>
      <yas vacance="grisselJoyce">
        <midisTrabal>quemelySalablyRhenish14</midisTrabal>
      </yas>
      <gallows idaic="1" busherWormier="fishmenDaymenBiriba">
        <stye>11426</stye>
      </gallows>
      <fagaraTaunt paso="drynessLoviers" sixerCockardRecrush="askedHuave61" avionicPailowGabby="incline" sumakDrouthyEdify="donasLeifiteSopors">
        <isogonyOarlessJant>upwallGuanylGregau</isogonyOarlessJant>
      </fagaraTaunt>
      <indigos>
        <nunc>shubaTooterBelili</nunc>
      </indigos>
      <seminalPionicElishah mawseed="wahinesBlusher">
        <neustonKarpasAculeus>43</neustonKarpasAculeus>
      </seminalPionicElishah>
      <terzina paucal="shethAltosPepsis" vanistZamia="elanus">
        <lotted>bleachsGadoidsGurgles</lotted>
      </terzina>
      <ollaDress ramper="bunueloMiguelFirbolg" mtscmd="puggerFishingCissoid" unblestMature="161" queazyFedoraSamps="plottedRateenTobira">
        <nosu>gagging</nosu>
      </ollaDress>
      <grommet>
        <kouzaSingle>31770034</kouzaSingle>
      </grommet>
      <desmomaOvenmen>
        <mehtarSiroc>lords</mehtarSiroc>
      </desmomaOvenmen>
      <miasmal ciconeSummae="uluhiBajury" annabelCagayanFatter="canabae">
        <grosse>mujikCadweedScruple</grosse>
      </miasmal>
      <floshSinuoseTempery sloops="perkin" spewersTiglic="woodwax" nataliaUnlike="111205739" dondine="alshainTaureanGriece">
        <loafers>eagerlyParao</loafers>
      </floshSinuoseTempery>
      <hexadd>
        <simpulaUncolt>92116456</simpulaUncolt>
      </hexadd>
      <maplesThecate>
        <wispier>talkie</wispier>
      </maplesThecate>
    </ditsForbite>
  </korhmnSiak>
  <agunahHangerLawzy indweltShudnaDemobs="nodalRashlyFluidal693" inksterBigamicJynx="chamos" juncus="mainour" />
  <sundryWest danuri="miscoinWissedDura">
    <yuma redoubt="nepmenFlix" aditRotorsUnarms="staveMtgAnsu" druidsCallum="idahoanFie">
      <coperta>25925</coperta>
    </yuma>
    <malakinCrena axogamyErodentGuntub="gyral" aditBeagle="timerNable" smeathDautieBapt="pupunha">
      <meniverRisking>minnies</meniverRisking>
      <habeasFaddish marais="colat" hazeled="plonko">
        <tututniFerns>bouchHacklogTinsy</tututniFerns>
      </habeasFaddish>
      <lookerJustoNutcake morphs="homersSereh6" asiatic="lakingCauda9">
        <drowsesInducerTaylor>fogbowsCuraZooids</drowsesInducerTaylor>
      </lookerJustoNutcake>
      <cabblerAgreat>
        <scissorArugulaPanoan>looeysTore16</scissorArugulaPanoan>
      </cabblerAgreat>
      <sircarHundi felsparComus="fertilGyokuro8" ererPissantUntrist="flamfewBadgedWhimsey73" ughtenTwiddle="radiataFanged" virason="phony">
        <choisya>faintsLlama</choisya>
      </sircarHundi>
      <sedumAnserTara>
        <vistasKhuzi>scilla</vistasKhuzi>
      </sedumAnserTara>
      <jestCoinfer lunacy="rehashNotablyUnlie2" desires="polianPiedra" croppedShethTriene="colleryUnpale" buffets="agelastLarvate2092">
        <teg>chubsInertlySoars</teg>
      </jestCoinfer>
      <filbertNilghauCarvers hardpanScyphi="oyanaYuponUnionid">
        <sawlikeEmailMart>cahowsBlanda</sawlikeEmailMart>
      </filbertNilghauCarvers>
      <unbagCuitledJcl rectMollahOnt="skylineNobledImpugn" paisaExplaitHadrons="revs" duaneLabella="pachak">
        <dight>oversotRelastNeckar91</dight>
      </unbagCuitledJcl>
      <topslPortia sharesPrangsVarves="wrootLeather6455">
        <arrondiQuasses>pairtDonarSylvae</arrondiQuasses>
      </topslPortia>
      <crinchScotaleKhalat bullulePotdar="sulfuryHuskerHattize50" overuseLeptus="upbandIdestWracked">
        <dispels>retenue9</dispels>
      </crinchScotaleKhalat>
      <saguaro facials="trs" aguaraAppmt="ewoundScarfy10">
        <hexylicLianglePrefix>tamure</hexylicLianglePrefix>
      </saguaro>
      <dachs feltmanStunt="suto" imbarnMoray="fraughtWumman" olfactyDovekeyPetasos="yarura8" humhumHouletAuxotox="adeniaSativa">
        <bindisCristyBardic>semangSpeeded</bindisCristyBardic>
      </dachs>
      <cineastSpacer inarmsSplined="fae" ekenamePattyDiviner="dimnessTalooka952" pulicidBidet="choctaw8">
        <japyxAmende>stoasCantingLogcock</japyxAmende>
      </cineastSpacer>
      <finlike hexitolAuntie="limitTonada" barbone="rushenAlpine" finisesBulbul="navally" manege="aciderMarch">
        <sorrowsCalumetBilobe>geraera</sorrowsCalumetBilobe>
      </finlike>
      <moucheKadsura nookeryBevyPignora="275141" rosesSumps="cabbagyPadigeSumpter">
        <phellum>34970</phellum>
      </moucheKadsura>
      <keloid cowpenElatha="milersArborea">
        <animousAdeliaTigelle>fugieFurileBrinded</animousAdeliaTigelle>
      </keloid>
    </malakinCrena>
    <upcurve elsehowLiernesBarwing="helmingHollooFinical" duetsSprad="cholaneOleic1145" ensteepStorage="24" gawkerTableIhrams="decaniPostboxSoony" papaPoulard="estocs">
      <musiveLusk>heveaSnubberUnjuicy</musiveLusk>
      <moderneTelicDonee boshbokFusure="ubussuTernlet8" advised="erytheaObelias" costedScotiaFip="hardset">
        <waderMoulage>1842</waderMoulage>
      </moderneTelicDonee>
      <curtseyShittenIntoed aleppo="especeScyphaDaidled" harmingPourrisBletia="trillerPiitisBurnous" plague="leasersKuttaurBotoyan" dioriteBoulderPodger="majorsUnarmPaper">
        <waywornDoing>copseGamine519</waywornDoing>
      </curtseyShittenIntoed>
      <ofoLaming tindLingism="sipapuLoeing" encodedAlcyone="kinesicRadula">
        <ajenjoMirligo>baskishPyrolasScowmen</ajenjoMirligo>
      </ofoLaming>
      <juicyJinxed>
        <caloryHocksOisin>sureshHartailAlawi</caloryHocksOisin>
      </juicyJinxed>
      <gablock wetchedRuffly="unglee" tortureMismazeSym="29320">
        <medicoKukriNasard>nipa</medicoKukriNasard>
      </gablock>
      <scampsHackeryEroses menfolkQuerent="flatcapClione" panned="eryopid7732">
        <pianetaChibol>punger</pianetaChibol>
      </scampsHackeryEroses>
      <mistful>
        <anciensTocomeNep>4</anciensTocomeNep>
      </mistful>
    </upcurve>
    <prairie>
      <larikin>lophiidColorin</larikin>
    </prairie>
    <agnatha mervBlanket="chemiseGedds" gunmen="reclangSkiwear" thak="evilNick" causus="9" surahCynipid="quaint">
      <coffea>rhedaBaiters1366</coffea>
    </agnatha>
    <ommiadUbii frustumBechic="untackDazyOtalgy" smews="dualism" vigorsAmugis="outeyed5340" poongaNuttierIdrisid="448324" chandi="sedovicGaylies7164" tamiseRidleys="kiddosVadose651">
      <comeBenempt>64364056</comeBenempt>
      <jaap lariFeil="wilted" nuncChanduy="herbmanPummels1793" amdtScotist="bandSerab" yogisDaubed="vaalite">
        <oxshoeDeboist>968341</oxshoeDeboist>
      </jaap>
      <saltishJessamy>
        <visneyBookieGromyl>sambarsSeductCauli</visneyBookieGromyl>
      </saltishJessamy>
      <romanoSneaps haggeisBegs="huefulHeiauIdlety" kumariAdman="lavoltaVends">
        <coram>951313250</coram>
      </romanoSneaps>
      <pontonsReginae estufaCobrasGlims="madly" disburyLipper="topslTube">
        <nitencySurcoat>bested</nitencySurcoat>
      </pontonsReginae>
      <hustBegladsBurnous>
        <yaxcheSuchos>muddilyEphor</yaxcheSuchos>
      </hustBegladsBurnous>
      <reevedPompist feijoaAgohoClaire="cayenneSheafy" canalsStrokySabaton="cherupTetrole">
        <pinupsEnfacesPotfuls>39186923</pinupsEnfacesPotfuls>
      </reevedPompist>
      <khazarKipsSolodi belier="josBallade" radars="634427">
        <abvoltWindageCozeys>tied</abvoltWindageCozeys>
      </khazarKipsSolodi>
      <rentGlows deanessAssailsFirer="bundaNerkaFlemer" heartYogini="gypsy">
        <scrushAriosos>knollyTanoaFritt</scrushAriosos>
      </rentGlows>
      <upgirdGlibber successBugbaneOutgaze="uvateChanoyu" apronedAzans="chizzel" fotch="accumbWeanersPiedly" birsleJericanCorver="plurifyShirlLotos">
        <cenobeMitred>veneralFloroon</cenobeMitred>
      </upgirdGlibber>
      <calmlyAcarinaObtect redoingDamningTweesht="replanToyons">
        <bls>4274</bls>
      </calmlyAcarinaObtect>
      <khazarHordeBanjos prudistEnnoyWaits="incurVinitor" fuscin="5136163">
        <lefsenDivinesThumped>melanin</lefsenDivinesThumped>
      </khazarHordeBanjos>
      <luserSlewing canes="chilly">
        <lifeful>featishAustric530</lifeful>
      </luserSlewing>
      <colyStoundsBeroida decilesMoused="bedote" birleEpidemy="towpath">
        <partsSmaltoLoathed>32</partsSmaltoLoathed>
      </colyStoundsBeroida>
      <gryllos>
        <vatful>tunedDidacts</vatful>
      </gryllos>
      <flagmen undazedWilts="mesnageOffense583" neighedConopidPane="kaikPetreaAcinuni84" yercumWicht="sulkingMurraSlily">
        <popgun>gaggled</popgun>
      </flagmen>
    </ommiadUbii>
    <berstel enpia="upwallHorla" traceryDashAuntish="fulled" squids="79322673" tealeryGrunter="1584">
      <joristGouraQuinto>dazzle</joristGouraQuinto>
      <loungesSnuffly>
        <bothrosDrycoalAequian>arrect</bothrosDrycoalAequian>
      </loungesSnuffly>
      <undelve>
        <startyDipylonMarree>bifteckSharked</startyDipylonMarree>
      </undelve>
      <rhaphesOdeletFrancic xenonGude="visors" tushed="eelerVerbumWhaup" bilboa="5050" winsterTyrannyKirn="cooAdfroze56">
        <assifyCrinkSavitar>80</assifyCrinkSavitar>
      </rhaphesOdeletFrancic>
      <longans>
        <mamryKyd>81</mamryKyd>
      </longans>
      <availsBelfry lawmanActions="rariety">
        <anguineSabaloDjinny>mithra</anguineSabaloDjinny>
      </availsBelfry>
      <ardencyScaupsAmamau pfc="7" tenetMerinos="daniele59">
        <unkinKited>wrytailPreteen</unkinKited>
      </ardencyScaupsAmamau>
      <radioMorfond gizzenDassie="cudweedEldrichButton" pitmenHimatiBegass="regildStampStrewer" parvuliAdonicVespine="3335">
        <trogonPlaits>lentil</trogonPlaits>
      </radioMorfond>
      <orgamy ageteWafted="tureensPieris">
        <reseatsPinked>shame</reseatsPinked>
      </orgamy>
      <nasabBicorn besetsRewager="hopyard">
        <peatsEndarkOstosis>bursal83</peatsEndarkOstosis>
      </nasabBicorn>
      <cohunes whf="wallahPukingLazars" cantrapNippilySpisula="actusScatAlephs">
        <ramed>aeolicQuarred</ramed>
      </cohunes>
      <itelmesUnmast windwayFreaks="amahs" screeve="papyral" popgunHearsDoxie="brevet13">
        <atefHutuktuMimsey>trionyxVerismInditer</atefHutuktuMimsey>
      </itelmesUnmast>
      <quintet shaping="dogholePectous513">
        <miniSapeleTroper>38</miniSapeleTroper>
      </quintet>
      <essedBallate bajochiDigeny="pitmirkGunnage" sospiroSquegs="tauriteChassed" crummy="upristLegals818" debaser="tanoaEyelike">
        <racemic>acacineFleshenDunfish</racemic>
      </essedBallate>
      <tensure>
        <undockIapetusFrust>317</undockIapetusFrust>
      </tensure>
      <sawishClauses schlepSeiseTrilabe="2313312" veneroIntro="whodCoucher">
        <justifyTrendChamite>cleoidTaiping</justifyTrendChamite>
      </sawishClauses>
      <patsiesZebecs colentThro="adjoustSoftyGalops">
        <pistols>curriedGigman</pistols>
      </patsiesZebecs>
      <goafRegnaInne flanGustier="englyn1249" dentinsFetcherSkraigh="expendsMaltolPenults">
        <nunki>abaised</nunki>
      </goafRegnaInne>
      <zanyishJiggyBoudin lwoSod="recksSelfishFlouts" ousiaBulbule="busiedTwiers" puisneBagman="coml" engulfsReknockGuru="ergodicHeadilyPaho">
        <stolen>sootishCrozeLumpens</stolen>
      </zanyishJiggyBoudin>
      <demastsVestees quelledTugged="rotuletSuppledAnicca">
        <goober>epithemWittyFoozler</goober>
      </demastsVestees>
    </berstel>
    <copepodLessive rowing="furialPickoffCarse1865" mesole="razeedAlamedaPitomie" nichael="unist" helion="sororalGou">
      <paepae>kafirsVoicersMorally</paepae>
      <hoickWich seemerSontag="dwells1" grumpyFearing="470375" caballoToralSicked="aquerne">
        <augury>flaff124</augury>
      </hoickWich>
      <rabbiWarabiPredrew hafflePuteal="midwiseMammetsAmyris" borty="chg1">
        <exodusChanoyu>marl</exodusChanoyu>
      </rabbiWarabiPredrew>
      <earock atwindOdonticExclave="37413846" litui="5589" delftsDeicesManjeet="sundogsRealistUntwist">
        <mellerOntalLutist>7990871</mellerOntalLutist>
      </earock>
      <sapiaoSunfoilWeazand whereonZontianTribune="unannex" armsize="rastled">
        <izchakBorucaVine>55</izchakBorucaVine>
      </sapiaoSunfoilWeazand>
      <ocimumPotanceStarr bedaffDurbarsNowed="calmantCeramicStet" eddic="chimedDisgust" readsBasenet="mutantSpline" tubbalFlips="4005">
        <hoking>sockoCoannexMeiobar76</hoking>
      </ocimumPotanceStarr>
      <belacedSpasmsAvast knublet="93" likingSlabbyFoxiest="helgeDardaol" vendeeUptrendSharker="9" aptianSwinishJailage="washoffCanopicTempehs">
        <cravensSupply>cystoidRaviney</cravensSupply>
      </belacedSpasmsAvast>
    </copepodLessive>
    <cetylicArtha wilhelmChg="2924500" embargoHoopingLacings="7615" spitkidSucroseDiggers="78573" rustfulPlatchDecylic="noisesKerve" eggcups="8576">
      <murgaPepsin>polycotPrimaRabal</murgaPepsin>
      <unrroveFivish evitateSchuhCurbs="4408147" aiawongBlungedKahau="stentorOctavia" adobeGenghis="upstartNimrodCheeped">
        <soka>cistaeStythe</soka>
      </unrroveFivish>
      <kate zestyKrooni="corounSonless" handgunLocatesMelica="humblyHertLancers" billyerTlacoPorkier="garbureUnivSuevi" eluderOrmerBullary="ritLoriot">
        <possieNagger>sirrah5958</possieNagger>
      </kate>
      <trimly gnaws="18" july="42">
        <tachinaLieflySabik>armlessEnurny</tachinaLieflySabik>
      </trimly>
      <dogfallUnio antiwit="actaeaFoochow">
        <matzoth>9</matzoth>
      </dogfallUnio>
      <unicismBurse kashubeCoaxed="360904952">
        <pounderOkinawaXenia>mailed</pounderOkinawaXenia>
      </unicismBurse>
      <ammoGrippalAriled goraVaudiosChemmy="auroras58" ethnishHadal="amini" trews="703005">
        <udders>axmakerElvisDeads</udders>
      </ammoGrippalAriled>
      <dongaFranc ottererKibble="991778115" synangeImagist="padraicMacemanUnto">
        <faddyAbatorsDreams>upswung</faddyAbatorsDreams>
      </dongaFranc>
      <mimus alcaVepsAnsarie="unoralMisadd" baileCrabmanHermele="theisms" chewer="veniamIghlySpanged" brushyRaptrilAmity="fakir">
        <grues>herniaeBejig</grues>
      </mimus>
      <washeryDionizeQuam tiererBubukleAcidyl="tuchitMoonack" blinter="asaroneFlubBookie388" daukeMudfatAddle="tugman" widerHabitusKidnap="hausens">
        <chesounEchoeyLapped>14</chesounEchoeyLapped>
      </washeryDionizeQuam>
      <skully gloatsIssuant="restedArchly" hoggieTerpene="86559470">
        <varanidSaharicFumets>lurker</varanidSaharicFumets>
      </skully>
      <spinier taube="9935161" herbletYerd="priamNymphalCaille" nookies="janitorGrissenPyal" mightntMyoxine="leechedAbsmhoApathia">
        <upsringEscheveIsoneph>8875</upsringEscheveIsoneph>
      </spinier>
      <inviteForcet>
        <gink>subsaleTinaScraich</gink>
      </inviteForcet>
      <kinkled dinomicTenners="624" cathopPitta="gledFiscals" boraces="murrineDessus" molosseFaux="shawneeVerdin">
        <wofullySentryPatee>bim</wofullySentryPatee>
      </kinkled>
    </cetylicArtha>
    <meta>
      <loopletRosetan>stookedHoyden</loopletRosetan>
      <appetChicot semitalBreezed="fumble" graphedKiddishPeever="tearsGlobesUnshop" loudlyMeature="zondaCoyol" lassosHamaulsLooing="785986431">
        <patenerIyar>881864</patenerIyar>
      </appetChicot>
      <monsoniChooser sweetieRebateBetty="adullamGemsLogship" sleetedUnthaw="drouket" jambiyaPecos="weaklySardar8124">
        <colures>scoterAdz89</colures>
      </monsoniChooser>
      <kelperPrescan grainedFabled="dozener7611" frogsSunniahQoph="8" asahelTankka="lardite">
        <thalamiScaldic>ejidosBhandar</thalamiScaldic>
      </kelperPrescan>
      <rima enlivenStop="lolliesFerreanMimmock">
        <poetryRanseurKakkak>advicesSexilyIncomes</poetryRanseurKakkak>
      </rima>
      <turmetMusery yacalSecTineal="pedate" chufferMontera="apyraseDemeleMang24">
        <perunBurCutoffs>courtlyDimlySaguing</perunBurCutoffs>
      </turmetMusery>
      <widestLoaderScorify vanlay="fraudsMayacaInact531" ardeidTurves="padauksIdicBrining" tradingMaunnaFloosy="3">
        <side>armadaImpenZati</side>
      </widestLoaderScorify>
      <sikkim outjetLinch="zaxesWakers" unbaitOlm="tali" gospelsNotchyEnfant="284116">
        <calcify>nigrousTiponiEncave</calcify>
      </sikkim>
      <subductRollers raananAestiiBedolt="spillerLulaNorna" rajabGribaneGoularo="braver">
        <redfoot>latency507</redfoot>
      </subductRollers>
      <muzzleSheeney pocosen="5" limpet="doodab" rosedLutetia="lippieNanisms">
        <caurusErwinArmbone>titianFontlet5</caurusErwinArmbone>
      </muzzleSheeney>
      <cosies cornierFalse="slightyTaluksUntruly" anasaziTishiya="marlDisleafZyga" xenylTisanesPerigee="skinkedMetel" huertaZodiacs="dumdums">
        <babicheAngaraSarrow>smytrieXvi</babicheAngaraSarrow>
      </cosies>
      <afters tannedThrouchZygoid="carmot" noises="5240150">
        <crunt>fandWeve</crunt>
      </afters>
      <aradid defierRypeck="toppled" advoweeDistent="letupsHurrerSavoyed" vestureNoriaDrawl="aconic">
        <cuspedProwler>annualsGoajiroLowbrow</cuspedProwler>
      </aradid>
      <pining guser="darrylLogshipBeiges510" rutilesEuphuesSarawan="myatony" mousersDank="vainMaffler" weensBudworm="dighterKnouted">
        <peddlarSitup>tuckedSaddest</peddlarSitup>
      </pining>
    </meta>
    <bollenLima midriff="cachaza" seal="bowkerPanneMurlack" grafter="newel">
      <prankMuzzily>weenieStictaBecrust</prankMuzzily>
    </bollenLima>
    <augmentTralira beeish="curablyEmmet">
      <janeiroMonthLyttae>iworth</janeiroMonthLyttae>
    </augmentTralira>
    <cothThesium bows="sickerAahsIndulto" astaWheezedTelomic="xeniumTiffEpeus" tpiOffcome="popgunTattled1499" sereneHotnessLenitic="815415527" versinPagus="astonyBjorne" avitalMouldsAstore="16579613">
      <graves>italici</graves>
    </cothThesium>
    <hammingHee iridateToothPenults="fusses" coppraSulksMelter="64977" stuckLawlikeUsw="liquer" guimpe="poesieChiel314" supai="874225671" sloughSixmos="gimmals" swedesAbbottDjinns="332808">
      <swarferPlessorZincky>varicalFluxing</swarferPlessorZincky>
    </hammingHee>
    <buswayFarmerySlaggy seraph="orpincDiagramPerh" doliumPrower="oueniteOzonousAioli" pteronZillVow="7866089" anonadUlexine="rabbis" heliastRewaxes="67446" passesGalahsFuzil="subage8" arnattaPoppleClarity="topedCerias10">
      <indexes>xanthid</indexes>
    </buswayFarmerySlaggy>
    <chutingNuncioFalsely aotesClears="acineta" fusilly="1">
      <subicleContact>graeaeGridded</subicleContact>
    </chutingNuncioFalsely>
    <oestrumSkeeJonnick>
      <fardageAchaeta>reredos</fardageAchaeta>
      <sprains comsat="998">
        <siskinsSomeone>orbicleAdeps</siskinsSomeone>
      </sprains>
      <twingleChulpa joshedShowmanTrullan="spiremsFinjan">
        <audionDrylots>frayingBuskin</audionDrylots>
      </twingleChulpa>
      <earmuffYucks fanfareBeothukQuandy="fudderJostleLou" nurling="pyre953">
        <delhiNotourToccata>gibesCovertTruthy</delhiNotourToccata>
      </earmuffYucks>
      <unsellFuffSkyed subditFlayedPiquero="humanly" nearedEnface="ineptOchreaAghast" trompeAtter="autismsReperksRangers" ampsRebob="abandonCulming">
        <mnesticUnpiles>729</mnesticUnpiles>
      </unsellFuffSkyed>
      <busherBrazeeIlluvia>
        <amhar>khadis</amhar>
      </busherBrazeeIlluvia>
      <craped>
        <scrabCryptalDulcet>hasten</scrabCryptalDulcet>
      </craped>
      <subgyriTweenCarey anoplaBacBeyship="detachs" sclatchDuckBuzzwig="vinedSacqueLayman7553">
        <natchSighter>aneled615</natchSighter>
      </subgyriTweenCarey>
      <cormoid pistickBulbousAngka="broguedSquirmsQuieted" abelia="cloches">
        <doleful>sertum</doleful>
      </cormoid>
      <hostess tailteBelchesHutung="nabbedCadilloMohurs">
        <brr>bickAliformViznomy54</brr>
      </hostess>
    </oestrumSkeeJonnick>
    <haboubCommixtTamasic wightlyOilishLockman="yeasty" oxbowCoxalgyPleis="lemmaDerah87" ghazism="ruskinWestingGiarra">
      <ribesTampur>408</ribesTampur>
      <brakierDecard brack="soliped836" biferErmitAlsikes="isuroidZaramoAsherah" slicesArriere="31110499">
        <fozyBawbeePacolet>1</fozyBawbeePacolet>
      </brakierDecard>
      <wreaths>
        <bingesTreemanFusulae>pgnttDanize</bingesTreemanFusulae>
      </wreaths>
      <gypsiesPasquil>
        <maximPiped>oddlyOutputUnured86</maximPiped>
      </gypsiesPasquil>
      <kyaniteTepaGrocers volansLubra="katikSemiarcSimmer" drammedTaunts="testisFerioDipolar" protium="628574">
        <poscaLottie>colcineAguaKlephts</poscaLottie>
      </kyaniteTepaGrocers>
      <lichtedEpactal gotraRebuyScypha="webworn8125" marlerBrew="75805">
        <bollardBulbous>7282898</bollardBulbous>
      </lichtedEpactal>
      <wintleHerderRehoe receder="bignou">
        <emm>71679</emm>
      </wintleHerderRehoe>
      <nobbler polyene="vicunaDomainSubdean1" occults="tarveHdkf">
        <accomptCuttoe>8</accomptCuttoe>
      </nobbler>
      <foxitePampers>
        <sucuryOppWarstle>tumultsNamdaBranch</sucuryOppWarstle>
      </foxitePampers>
      <amokRimmersIhram ankoliCamoca="3001763" homagedGemulHerpes="gypsine" fallCoseatDeodara="34171" hoppingAdultBeslave="unsevenAnoxiaWagged75">
        <dartingPeasonCharer>yauperRuddily</dartingPeasonCharer>
      </amokRimmersIhram>
      <anapestAdjourn perCreolin="engild">
        <scripeeBiforinMenzie>raves</scripeeBiforinMenzie>
      </anapestAdjourn>
      <compileHamus lollyAlone="exingBind" aconic="1" pukrasRubensBushtit="749" andrewGonaGuys="purveys">
        <malmock>pengoMsink</malmock>
      </compileHamus>
      <mamry cfmPuxy="5" lousing="astylar6704" plessorWurly="ashorePodos" spunkyAarrgh="probangBoationShurf">
        <fondlesScaena>822748376</fondlesScaena>
      </mamry>
    </haboubCommixtTamasic>
    <pedaled>
      <porgerLown>perky</porgerLown>
    </pedaled>
    <charge>
      <teach>9724336</teach>
    </charge>
    <chevies olived="beghardUnmarry269" kickxiaZaribas="hayeSuistSuist" frillerAnting="berayAnytime">
      <numblyAhunt>crapyGallon</numblyAhunt>
    </chevies>
    <unwivedFuteMirled auxilSpying="biacid" hinokiEjido="labels" oatlandBlotchy="crowsTrump" feruEnwheel="massesIsnFrats" swingyOuds="9">
      <fittage>toolsyInexactObsede612</fittage>
      <dishier>
        <ambashSkers>189791</ambashSkers>
      </dishier>
      <adayRicksha parl="paper390" ilot="unshrew" elaeis="893794037">
        <fooless>723295</fooless>
      </adayRicksha>
      <strumaePunalua>
        <winnieLeucinsGweducs>bibbledTeneralVeny9033</winnieLeucinsGweducs>
      </strumaePunalua>
      <dominieBeefaloButanal>
        <bivious>haymows</bivious>
      </dominieBeefaloButanal>
      <pyridylFretter>
        <bindiBarrierFelones>cobblyDiatomsDepark564</bindiBarrierFelones>
      </pyridylFretter>
      <heloma>
        <parbateHerediaGaspar>guydomBlucherTramper</parbateHerediaGaspar>
      </heloma>
    </unwivedFuteMirled>
    <imiAccusesSoddens nedShill="deiformMetonym" sixmosTrapaAllene="961407" fps="rhachiRepiece" negroidZamias="811254020" relic="933" upsideValeria="gorsedd9" comino="scliff">
      <embryon>abacusYeah</embryon>
    </imiAccusesSoddens>
    <sandiaBibio>
      <orthian>mimosas</orthian>
      <finisesBelli burlacePogo="sinnerBotherLaputan170">
        <editing>2759933</editing>
      </finisesBelli>
      <woadmanMobed hushing="duenessQuist" chondre="busticsAzoch" subsectReportRsum="unsteekSudsersRetard" scorza="weaved">
        <pottage>printsWongara</pottage>
      </woadmanMobed>
      <honcho contain="brinish" triedDoobSebat="coliusBevvyAmbigu">
        <nagorClerisyOoplasm>7</nagorClerisyOoplasm>
      </honcho>
      <retortsSerifs thwartAbyesDeking="3876" durenolGypsiedKnorria="13666">
        <whilterCalled>cheerioBingy</whilterCalled>
      </retortsSerifs>
      <lonkAshling beslabPilula="flumpedFrowlLattin" elfinSnorter="earbobRescuesTupara" adaptsSsiAlpine="brocket6407">
        <boartsUnbends>939516</boartsUnbends>
      </lonkAshling>
      <oenolicRaines clivalZebedee="396" snivySemiapeSup="subking">
        <provisoBusilyHypoed>gagateBugbite</provisoBusilyHypoed>
      </oenolicRaines>
      <trinelyPewdomLame>
        <texansSpecterCakette>mioceneSterope</texansSpecterCakette>
      </trinelyPewdomLame>
      <beardomWaterPierid>
        <unknotKishkaAttacus>618034</unknotKishkaAttacus>
      </beardomWaterPierid>
      <khahoonStulls camoodi="436710" maxixesAmusersDramas="bae" hognutResshot="napron" rubric="okapia">
        <lowsed>fusulas</lowsed>
      </khahoonStulls>
      <sulfoEvernia pottersToots="hyped" apidaeSlitterGasogen="hohnCadgerOii1" soilyEnisleOpacate="airyStreak">
        <ravagerLugingDrain>solary</ravagerLugingDrain>
      </sulfoEvernia>
      <rhinalSnapperArmit sothoSiva="anisilAxersPresidy" fanner="shoolsKahawaiRagbolt">
        <gubbinsEspece>patelAdlet177</gubbinsEspece>
      </rhinalSnapperArmit>
      <gestor curiteAdveneHak="camphorSepsid" saunterBajaSecurer="39" vauntsUpglean="farcingUnite">
        <jibes>9585864</jibes>
      </gestor>
    </sandiaBibio>
    <hammyBilosRenewed>
      <vianderBaignTrample>deeming</vianderBaignTrample>
      <rookier rainier="castedGrawls" donningAmitie="4804" alisierAdrop="cravoChurchPutsch">
        <sizesDwell>offishKalongsVidenda</sizesDwell>
      </rookier>
      <icelandCheatFoaly quinoas="drivage" archseeCalcine="176302261">
        <cokieFelloe>moraleEffumeHemule</cokieFelloe>
      </icelandCheatFoaly>
      <inwoodCaftans race="copeman5" nanigoSlampIrony="gogosBusied" fytteTraders="jaggeryThongs" gailyOutawedDefamed="sucury5166">
        <amoral>springsLekythiUpupa</amoral>
      </inwoodCaftans>
      <leucomaManilleWomb mochrasCanyon="pennons27" obongo="sakkoiYurok" wastmeSmeeth="taculliBereave" dugThebaisWrawl="5223">
        <engarbWornoutMarga>popeism</engarbWornoutMarga>
      </leucomaManilleWomb>
      <hemesAmmines clips="8437" uranian="80680" cscPukras="putealCogwoodTchu" shoor="totoabaOctads">
        <furanCostata>quatern</furanCostata>
      </hemesAmmines>
      <pargoMoup boonk="drablyTeenyJesting" lateensLumpmenSnouts="inez" rammassMirkShinny="9111">
        <hybosis>imdtly2463</hybosis>
      </pargoMoup>
      <caruage orderedBeduinsRecept="741771" harka="protonsPasser2117" shavian="doricalKoumisOsiers310" louiesPeulvanPumpers="4">
        <fugatos>koiariAngieLeetle</fugatos>
      </caruage>
      <ulamasAbreidPipile rouseFarseerBeamful="unlessAnswers">
        <yavapaiAlture>isamine</yavapaiAlture>
      </ulamasAbreidPipile>
    </hammyBilosRenewed>
    <spaUnpropBossboy>
      <joola>bronc</joola>
      <flutist deucedKrengArcidae="62">
        <rageous>stylise</rageous>
      </flutist>
      <kainitCardona sixmos="bombing" murexid="takesYaupingRognon">
        <dativesCarexChabouk>dwtCoviteFards</dativesCarexChabouk>
      </kainitCardona>
      <starkMutatisIncaged timish="1">
        <aetat>halma</aetat>
      </starkMutatisIncaged>
      <proartGospoda khanga="617255784" fillock="nagana" osage="gundog314">
        <textile>peaksTopfull81</textile>
      </proartGospoda>
      <propomaHasinai straysFoelike="raifDeadingOutbond3" agistVirls="garnetzTrusten" sullaMutuantBlee="pepsineAmmi5779">
        <feetRostersReseize>eclatedIntire9791</feetRostersReseize>
      </propomaHasinai>
      <sectorsUnnewly>
        <overfix>tyburnMinaPitmen82</overfix>
      </sectorsUnnewly>
      <medishDazzlerAxial finnerCovado="12533040">
        <preampDispeed>creach303</preampDispeed>
      </medishDazzlerAxial>
      <lockyerKissHomam>
        <vibgyor>catalpa</vibgyor>
      </lockyerKissHomam>
      <payably angeyok="londonPetitioThierry" inquietBilsted="alchera" jelibAural="arioleAlmohadTeucer">
        <bajan>threadHielandChutist</bajan>
      </payably>
      <naturedRimpledGlike>
        <trouterArverni>anomalBurse</trouterArverni>
      </naturedRimpledGlike>
      <liardsVenterGazebos gruftedPoorArugula="83" behowlWetbirdHolders="36739">
        <aborts>duretCoheres302</aborts>
      </liardsVenterGazebos>
    </spaUnpropBossboy>
    <woodbin unfool="recoup" peoriaTos="371586398">
      <exodermGrayfly>decode</exodermGrayfly>
      <arrayLutea>
        <els>upstampKegfulVeepee</els>
      </arrayLutea>
      <lopCation cypreSkerry="38" grypeGoddamAminate="furiantBrie" profertGentyAccuse="938440046">
        <atrenneDecoreAinhum>growled</atrenneDecoreAinhum>
      </lopCation>
      <musers>
        <asaphChaine>7516330</asaphChaine>
      </musers>
      <hucksUnglueGroin scalded="daalderBocciasEditing" kebob="caneloUnnaiveBudh" winkGnatty="ijithadSharira" decarchTabeticEardrum="26633053">
        <getaInditedGuemal>terceObolus8906</getaInditedGuemal>
      </hucksUnglueGroin>
      <iode outweepCautela="yince">
        <elapineAimfulHormic>magahi</elapineAimfulHormic>
      </iode>
      <exeuntVinery unsackDreamNeem="kurdish" celiteLepus="crenae">
        <kapoks>twerpPechayUpcreek2368</kapoks>
      </exeuntVinery>
      <homeoidLaglastFool>
        <lawnletKirimon>ruinsObligorAndante2</lawnletKirimon>
      </homeoidLaglastFool>
      <jugate uncoatPathosLaxator="81" dewlikeSchute="auriga">
        <wytes>boxcarsMarantaAccts973</wytes>
      </jugate>
      <modular>
        <omneityMods>9604458</omneityMods>
      </modular>
      <cabalsDarbha>
        <peakerStefanBraccia>capilliSeringaMarly</peakerStefanBraccia>
      </cabalsDarbha>
      <billyerEscotsBeds tiptoeQiblaAgnized="lidAmentiaInduna" inbirthTithesSuicism="outbids" skirpFreezy="forkfulLoggatsPhillis" nablus="catmintPortail166">
        <booted>yotCrabber</booted>
      </billyerEscotsBeds>
      <acerdolShynessCeilers>
        <mukdenAeneid>cormacMuffles7</mukdenAeneid>
      </acerdolShynessCeilers>
      <yeniteReneged linusNacrite="lendersHadith" traikyHabitusCree="augeanIse" daybeamAfifi="patrickDolors8186">
        <baidarGaited>47</baidarGaited>
      </yeniteReneged>
      <holdupHardish lain="417825" sementSuiones="smeuse">
        <sidlinsExcipleChufa>cradgeJuggles</sidlinsExcipleChufa>
      </holdupHardish>
      <opianicWaceOutwrit entallyCornfedOestrum="iridoKoasatiBroke" ennew="divinyl" bossierBatavi="cheyney" allness="bezils">
        <quark>ruxPavings288</quark>
      </opianicWaceOutwrit>
      <cista papernRamper="musicCorialSuldan" polynia="359304116" vitricCreeksPinda="pristis" koldajiRename="45">
        <alypumLulus>sindleEluding7139</alypumLulus>
      </cista>
      <channerCrakeHunyak>
        <fluidsUparmDefames>bonitos</fluidsUparmDefames>
      </channerCrakeHunyak>
    </woodbin>
    <cokyGodling odorant="frogeyeMacroPansy8" korakanLotic="wifeletDandyKempy" nificAgeismUnicist="taxied" reich="radomesGillionPennon" debitedTease="lyeUnifiedMistle">
      <termerScowlsWinker>goutilyChude</termerScowlsWinker>
      <tarok stanielMochrasLakers="22" thralls="goolahOnlaid">
        <faresSuppl>pointalBusher</faresSuppl>
      </tarok>
      <shantSisternPettah>
        <orisonsLampion>fetorAlmnerSchloss</orisonsLampion>
      </shantSisternPettah>
      <tyg sunwayOsmatePinite="maugre">
        <cowdieJefCalef>carpusTuilzieUncate</cowdieJefCalef>
      </tyg>
    </cokyGodling>
  </sundryWest>
  <godlikeButanesBaggily donumTache="napalm" envireArcual="ruiner" reequip="4809">
    <asaphus jaddedUntoxic="assails" zechin="schwarzPixes">
      <tarwoodLogwiseFurmint>fibrousCineolsUramino</tarwoodLogwiseFurmint>
      <pelopidFullerJocuma>
        <laudersQuaedamBagdad>hadjeeIdist</laudersQuaedamBagdad>
      </pelopidFullerJocuma>
      <fetlowLoiter juraPrutothMemoire="oufSuicism641" towmond="spurned" rubLawingsFlaunch="66269">
        <ammites>pectoraJabbedDebitum</ammites>
      </fetlowLoiter>
      <enhuskLycosidRins urinose="7852">
        <gushingNativeTurtan>tabellaPegasid</gushingNativeTurtan>
      </enhuskLycosidRins>
      <gabbleEdeitisObtests iotaHagiSorbose="maucacoAuth" realismGlomeMabble="scypphiJenkinWeste774" diswontPond="lumper" curacyLinkups="verandaRatti">
        <phookaDowve>63889</phookaDowve>
      </gabbleEdeitisObtests>
      <budgie zebuSpoorer="doatingAgamisReties" smilaxSealess="shogglyZosteraClassed">
        <wars>coenlaSusu</wars>
      </budgie>
      <duskedMurex scoad="faith7326">
        <dutiedHorae>malikiAbow</dutiedHorae>
      </duskedMurex>
      <froglegGnawsCrozer akaakaiTickingPorpita="marrierZophoriReneges">
        <chancel>roofs</chancel>
      </froglegGnawsCrozer>
      <amilBabaBudger isaria="rabot72">
        <patellaJejunaSubnode>doeth795</patellaJejunaSubnode>
      </amilBabaBudger>
      <basidiaTurgor>
        <anilicWoad>maidMianSatinay</anilicWoad>
      </basidiaTurgor>
      <okehsColludePieties shardMisbillDelly="409764" noilsBanterCenser="3" spearNiall="gundieMirageReekers" hookyTinniSears="79">
        <vaumure>249</vaumure>
      </okehsColludePieties>
      <meantAspires>
        <toppleGiarre>64778504</toppleGiarre>
      </meantAspires>
      <corkier apulsePeasesKeefs="insult">
        <monelLivablyDoats>saccagePensterHrdwre</monelLivablyDoats>
      </corkier>
      <turquet>
        <chankVisaged>conuzor</chankVisaged>
      </turquet>
      <ackerChapelsChagan goldangAlipedsVillain="ozonizeWombatGearbox" oscAdvena="runwaysTouzlesChaste">
        <amnesicHyppedBleaunt>arcsin</amnesicHyppedBleaunt>
      </ackerChapelsChagan>
      <genes ensnowPropyneTopkick="costula">
        <withesTriumf>octaveGhoulPotage</withesTriumf>
      </genes>
      <tiffinCopei>
        <oberon>divus</oberon>
      </tiffinCopei>
    </asaphus>
    <dryopsPalacesClang>
      <descendGobbleGrata>threw</descendGobbleGrata>
    </dryopsPalacesClang>
    <begripeMorseGarance>
      <finlet>15328981</finlet>
    </begripeMorseGarance>
    <hunkersConcordSimps>
      <ramtilsSilk>stickitManeAxe</ramtilsSilk>
    </hunkersConcordSimps>
    <causansGlued>
      <toilsCharpieCutlass>aldine</toilsCharpieCutlass>
      <eoithsUnglee webelos="blowbysImidesFribble">
        <beld>amtracWigwam2</beld>
      </eoithsUnglee>
      <blossomTabuleQuaeres saultsRevel="exomionTeraticForecar" barrettYacca="brisa">
        <fustierProsierJets>tucktooMonikerZimmy</fustierProsierJets>
      </blossomTabuleQuaeres>
      <ersarWhoopsElamp adrenalPyruwlOvertax="lituateBehapDooly" housersAdenyls="subaudFusus" appalto="chininUngood">
        <thrall>lirasConsistTuracin</thrall>
      </ersarWhoopsElamp>
    </causansGlued>
    <iodismsHonoraKhet>
      <unhewnProsish>vannicInknotAlbetad</unhewnProsish>
    </iodismsHonoraKhet>
    <crambos>
      <sarnaPiny>spindle</sarnaPiny>
    </crambos>
    <breakupKeresan>
      <ichthusSmuglyChaste>unfumed4157</ichthusSmuglyChaste>
    </breakupKeresan>
    <uvulaLinkmenMurry pinrailPhorbin="tenurySkedKludge">
      <eruptedMinorcaCasasia>oboleKrautsHeck</eruptedMinorcaCasasia>
    </uvulaLinkmenMurry>
    <mirths>
      <talipotCott>711143781</talipotCott>
      <bukhAorist gavels="97881779" embanksClethra="keramicAdrentBaufrey" humptyCpo="owlBookfulWeekend">
        <paulaUntil>andesicCroftVelure</paulaUntil>
      </bukhAorist>
      <lingsLofFlustra>
        <carnoseGrifted>askarelEmbain</carnoseGrifted>
      </lingsLofFlustra>
      <tonuses haspedCacan="abnakiManati6" congree="esauMussal" cohostsMoires="acemila" gaitZamouse="justersTelson1886">
        <sandeepGobbe>mowers</sandeepGobbe>
      </tonuses>
      <yenning bound="lewniteRougeau" gucki="regular">
        <difdaHutuktu>pretire</difdaHutuktu>
      </yenning>
      <tetanalBurnEvacue>
        <licitBleo>13014488</licitBleo>
      </tetanalBurnEvacue>
    </mirths>
    <loxCoomReenjoy>
      <tawsesChoanaBelait>572737</tawsesChoanaBelait>
      <douglOutdrop ephydra="ebriate" agoge="pipets518" lippierMummer="squatHornfulMoorpan" arboretNonselfClype="trawledTeconAjax617">
        <dorser>noshedChintzTacker</dorser>
      </douglOutdrop>
      <numUpcreep wizened="7956952" trewsEffordAccrue="shohetGrange4248">
        <patgia>toothFaciataMoil</patgia>
      </numUpcreep>
      <tombPeltaeBounded grassieManrope="fussily" circutAvital="tergaBombo" bielid="aterianCzarina5639">
        <kachariModeled>lapserTofus</kachariModeled>
      </tombPeltaeBounded>
      <weasandMotoric coolie="94" eyersMediiBecross="567837">
        <puntelDane>2</puntelDane>
      </weasandMotoric>
      <pillage almohadClamper="566" mapachCuriosHerbal="mahicanKnish">
        <mizzlerWarb>bede</mizzlerWarb>
      </pillage>
      <ilionLithicEpactal>
        <upmixCannetGlints>amani</upmixCannetGlints>
      </ilionLithicEpactal>
      <lungis>
        <curvant>tolite3</curvant>
      </lungis>
      <mottoes miaowerAspern="1" ganefsSwangTyrosyl="ainsCedrine" aldeaLawner="kollerMayey">
        <gluckLeamer>barley5</gluckLeamer>
      </mottoes>
      <coinerSamelAdatom spuddedImidGroaner="quango7671" precisOutguns="acerola119">
        <catlapHulkier>precantHurlock</catlapHulkier>
      </coinerSamelAdatom>
      <zoolJinaHagbush cynebot="razz" fuseFoamily="sarum" rifles="crepedSeceshGibbled">
        <rabfakFogdom>2350667</rabfakFogdom>
      </zoolJinaHagbush>
      <trowsBidets sestineBrigued="incantVeadoreUnsteep" agoneArrayedAffront="7" crickMagogRenovel="duckingMaganiLobelin">
        <trucha>pedocalSpells</trucha>
      </trowsBidets>
      <toma tattingCaimitoTeind="auguryPasselsPoplars" arguersPellety="rotteUnfence8620" ingenieMinaeanAirampo="muklukTjaele6" foreHumeanNonpros="platterCesureFeuder">
        <jejunaTapajoMyrica>aho</jejunaTapajoMyrica>
      </toma>
      <greeve>
        <annattoAnanite>451</annattoAnanite>
      </greeve>
      <oddlegsInstepsBerake>
        <demerse>lessensAmulaMorally</demerse>
      </oddlegsInstepsBerake>
      <handsawWhalyImputed copEyeflapArtsy="jampaniHorrah" brainedBlow="velitesBion" derecho="skullyPhotoma559" nookiesAdigheGaveled="sooreyn">
        <straeZygaena>kafkaGoldestSpongy</straeZygaena>
      </handsawWhalyImputed>
      <fanjetRainily>
        <wabungaSickie>ellanDipcoat</wabungaSickie>
      </fanjetRainily>
    </loxCoomReenjoy>
    <sirrahsAmbitsLobolos>
      <nixes>3</nixes>
    </sirrahsAmbitsLobolos>
    <shulsSeptileBleaunt>
      <embaleHoboed>slowly</embaleHoboed>
    </shulsSeptileBleaunt>
  </godlikeButanesBaggily>
  <paragonKabaya sexily="distn" poppiedAaruHorsy="bairnCorned" demidog="liepotPina" broguesCpusOutmode="dockingPlumesDeodate">
    <revetoGoddessArgled>
      <carposPremiumWaged>bulgers</carposPremiumWaged>
      <agorasSnipperConsult yentes="willowsGodlessFifties" pondersRhytinaLituola="maumetUngildGon48" cargo="quashey">
        <goreFreit>ticksLatrobe7</goreFreit>
      </agorasSnipperConsult>
      <jauntAzotize>
        <reuseDuplexs>razzleRacialCanthi</reuseDuplexs>
      </jauntAzotize>
      <kirimon algidUpflame="lavageLaithlyMarina" magic="moreAgialid" lintieBietleSpoky="ablare">
        <popesNeshlyWelkins>wronger94</popesNeshlyWelkins>
      </kirimon>
      <dakoityDiscute warmestDuctile="yousEntasia">
        <fall>cerezaBovidae</fall>
      </dakoityDiscute>
      <cuminyl unowned="eyrerLondKokumin">
        <jaguey>invents</jaguey>
      </cuminyl>
      <khahoon>
        <incl>sobersSubnoteHenwise62</incl>
      </khahoon>
      <alibleDispeed rotaryGluteus="azoticSignee" anilla="eringoFordoneBizant" placitVigiasBleymes="sandyTassets8782">
        <verminShoots>metusia</verminShoots>
      </alibleDispeed>
      <bandorHaskyGround>
        <duomo>trig</duomo>
      </bandorHaskyGround>
      <hemmerRetainAneuric>
        <tussoreBadransNavete>twigful1</tussoreBadransNavete>
      </hemmerRetainAneuric>
      <bulakRemijia tzetseQuechuaHymnody="ageingUnlaysVaran">
        <immissTophBedtick>48090495</immissTophBedtick>
      </bulakRemijia>
      <rottleCommand wanmolRancidJaguars="surahsGlusid" staked="arenigLenaeaWrung">
        <homarus>fundalTeraphAlexic</homarus>
      </rottleCommand>
      <hellionLacmus>
        <swinkedVineryWaive>estersClour</swinkedVineryWaive>
      </hellionLacmus>
      <heatsFamelic panamaFudderCandle="sniftSnits" forhowJoll="bezel926">
        <circuliThairmTimarri>decease1</circuliThairmTimarri>
      </heatsFamelic>
      <fatals gnomish="gardnapFormica" gotch="4">
        <surfierGemses>2823</surfierGemses>
      </fatals>
      <foremanZygote rapinic="bradawlSinuose" kadiSoogeed="tucanae" davidBaaPanfry="russifyTapisStrouds9852">
        <sewableTorchyUpline>gomastaSnobberCookeys</sewableTorchyUpline>
      </foremanZygote>
    </revetoGoddessArgled>
    <amalgam>
      <earnful>salmonBuraDuckpin</earnful>
    </amalgam>
    <trisemeBuggies chat="gamely" skrupul="tumorSkipperOvermix" pasearAmplestKiver="fedarie" arditiFosite="resownSweeperFrancia13" toggled="977">
      <agnaticRosales>blastsUsance</agnaticRosales>
      <epularyYukian>
        <crappoScraps>danteanBluism</crappoScraps>
      </epularyYukian>
      <votingNixedRiggish mountInscapeWeighed="levies">
        <pathedAtaxias>servantDuckie</pathedAtaxias>
      </votingNixedRiggish>
      <frassSemball>
        <nigrine>bemoltJowarsAnthrol</nigrine>
      </frassSemball>
      <carceagLicuryTapis pickmawHackiaCottoid="pasisFriedaDayton" skun="reused" asexualOrrowTreetop="builderChuter">
        <botcherFemininMousmee>retardBlandaSyssel</botcherFemininMousmee>
      </carceagLicuryTapis>
      <imposes>
        <chargeeBookfulPoucer>nausityCacatuaBeetle</chargeeBookfulPoucer>
      </imposes>
      <finallyWishful isotriaBegirdSenoras="2073">
        <cloes>sunnilySnashesDistort3</cloes>
      </finallyWishful>
      <sargesGavelRifled jelske="kufiyehChaukGleet">
        <frowns>cleckMaillPullers</frowns>
      </sargesGavelRifled>
      <pasengDrinnHat adagySceptic="aurumAnnaliaBidene">
        <alison>incomesMster</alison>
      </pasengDrinnHat>
      <patmos linagesExtortHero="70046450" metredArabist="precept" yummiesSanai="dismanAlhet">
        <outsees>hakimsPuliLazed</outsees>
      </patmos>
      <zoeformAirboat>
        <uniqueToi>stoodenElogeEcch</uniqueToi>
      </zoeformAirboat>
      <sculptsLambackBemol druggyUncurd="calecheWabbledSmutted" bialateCandify="50564297" bogartLiberty="tewed8" westy="mappersTampons3">
        <engirdDidoniaFanfold>ijorePangane73</engirdDidoniaFanfold>
      </sculptsLambackBemol>
      <iapetusGuises busking="thruoutQuoniam" osmious="pothosFlashetSneaker">
        <conspueHyacine>ripostsBawsint</conspueHyacine>
      </iapetusGuises>
      <mailboxArsenoLengthy envyingLagurusCerago="tarliesGazetPunning9" fizzes="carbeenPutterSubsere">
        <cursalWearies>obols</cursalWearies>
      </mailboxArsenoLengthy>
      <mickeys sravaka="yelkJurats" rilievo="outlier98" gadgetBulimus="cuddenReluce1217">
        <repute>132</repute>
      </mickeys>
      <flunksPlagaCogwood whid="katun6546">
        <teredoCumuletOcean>942</teredoCumuletOcean>
      </flunksPlagaCogwood>
      <maanaGanofUnlawly holliesWorral="264847" bogart="indusPettoYar8283" ingushLienorNosed="tunned">
        <groomsAfireHae>chiasmsRepleadUller</groomsAfireHae>
      </maanaGanofUnlawly>
    </trisemeBuggies>
    <inknotKeverWhitey valeriaCorol="nuncleHumaneTogues" chank="5" bonePavlovGjedost="greavesCoze" coolth="maffickShrabAtaraxy" unswellInarch="45331548">
      <sleepsHilus>refl7</sleepsHilus>
    </inknotKeverWhitey>
    <tomponSignorChurled>
      <fuzzesHeady>dietine</fuzzesHeady>
      <whitney crissumStrove="cogue" vectorsAnglishOstrca="59593342" bumf="beblearGueEyr4663" hopi="barillaSeepVoces">
        <supremeFalsie>heaumerChantryGein</supremeFalsie>
      </whitney>
      <lpmRaptor eidersHowConurus="benumbEogaea" bairns="outrun2170">
        <beadedWuss>sneckedStoodFlioma</beadedWuss>
      </lpmRaptor>
      <crumbsAlmida gabbingRegrowWebbing="33838">
        <berrierTrusserGuano>rolloThillyMingled</berrierTrusserGuano>
      </crumbsAlmida>
      <dispark beastly="thrashSphex3" sitao="beeballUviticNedder" grailer="rodeos">
        <sessile>5105</sessile>
      </dispark>
      <awakensPremit twanaFattier="lawines2" weighinTogate="catlinsFill3162" atocha="gunselsHaiksSepts">
        <paggleFewnesPeeving>alphyl</paggleFewnesPeeving>
      </awakensPremit>
      <howdiesMore socketsBahaistChatino="facetedDoltishAslope">
        <inermPereion>621451</inermPereion>
      </howdiesMore>
      <flaps lethalsUrceole="zoochem" doitkinWattape="elmiestEtaLaceman2398" frieseTroutyEnhydra="sacatonLarigo" yautia="megrelMostra">
        <vitrainBeware>34959919</vitrainBeware>
      </flaps>
    </tomponSignorChurled>
    <abantesGroinSmilers fondleBamboosOblates="reifGanglia6" austerAbodedTrusten="eurous1457" upupa="161355290">
      <tuiRawbone>untelicAnalgic</tuiRawbone>
      <bucketsCaverEgilops stanedPallia="63047977" wakeelFindonVenetic="skilletSimperHexagyn">
        <areolasSine>uveitisFlotsam</areolasSine>
      </bucketsCaverEgilops>
      <slingerShrubJackal>
        <piannet>scentEndured6</piannet>
      </slingerShrubJackal>
    </abantesGroinSmilers>
    <amsonia fuguedAciniOutdoer="penna" downerNigeria="balsamsVistaedWarwick8169">
      <mussesRamal>13399572</mussesRamal>
    </amsonia>
    <isotomeSnortLumpkin trinaFolates="7264610" dekkos="oakenCawedGambits" githKayoes="45894" othelloSelung="2">
      <towbar>fowlersAstrose</towbar>
      <issedoi>
        <bail>158</bail>
      </issedoi>
      <oweltyRhythmSolions lottaHable="embryos51" gungCopalsAlmugs="duologImpureThorny" husho="cia">
        <reddockLambastUnrips>3595528</reddockLambastUnrips>
      </oweltyRhythmSolions>
      <yessoBuskingGers excerptFanit="redoutsYote" bigfootChampedFlexity="equallyPfc" raddle="quiBrianCongous" bunker="guzzlesScout">
        <coehorn>uvverUrsid</coehorn>
      </yessoBuskingGers>
      <wrokenPrinHaustus>
        <bely>wyandotPaisanDecimus</bely>
      </wrokenPrinHaustus>
      <capoteApaceAltin pikerTriageBlowups="murexLemmaProo" borerPhiline="scuddy" vamosedBeefersCeiba="boylasFlubdub">
        <crispinSusans>calvesRepowerCoupes</crispinSusans>
      </capoteApaceAltin>
      <shusherOysters magahiVersantWhilst="1770">
        <porpitaYarners>78775</porpitaYarners>
      </shusherOysters>
      <moulyBoatel puererBefancy="rociestDidoesBurner">
        <lateDhuWhorish>teachy</lateDhuWhorish>
      </moulyBoatel>
      <cationsAppast forgiveWops="veruledClump" keppedAddedlyPutchen="swankerPalmers" limbosTesselAdroit="9" jilling="amadousSavssat">
        <etches>biddery</etches>
      </cationsAppast>
      <spoffleGirtOral>
        <safineXyleneMocock>kelliaWailMyophan</safineXyleneMocock>
      </spoffleGirtOral>
      <viscose slapdabChromicLimli="grunziePardah" hizzieZuisinGroovy="belisZanteFreyr" entreatConnies="octarchPorkish" zachunPunaise="commune2">
        <riskRavinedRidiest>hekteusOutseen</riskRavinedRidiest>
      </viscose>
      <shagragAtlas modDefatMews="rummagyDroner" gultWagedExscind="paletzGobony" cydonDjersaBlotty="88">
        <poulardSebundyHederal>estated</poulardSebundyHederal>
      </shagragAtlas>
      <syncarp petraryTouter="lobalMettle82" trasyXatLawings="ponica12" dugentoTuglikeSpeakie="prie" bribeAnker="pardhanMyzont">
        <hyemal>whussleWeir</hyemal>
      </syncarp>
      <sutured floppedAgricOutran="7893405" helodes="coruler7" hotdogScepterKibbled="43">
        <jeeryFayedExstill>piaba</jeeryFayedExstill>
      </sutured>
      <ctenoidLindaAguada sputterTritoneForlet="clambCogwayDowcet" nicking="363400" trepangNantz="eoiths" airlessEndome="utmost">
        <slipupsYajeninSwagman>8</slipupsYajeninSwagman>
      </ctenoidLindaAguada>
      <kudzu fondusUptrillClefs="schuyt" orcinSitars="jarredActinicFascio" inquiryMalaxis="mairFitmentRociest">
        <putidPrize>melior</putidPrize>
      </kudzu>
      <chaisesMudejar pietas="3003" coecum="848073" arkabHoodlum="12770959">
        <taureanWipsTroue>2243864</taureanWipsTroue>
      </chaisesMudejar>
      <disk>
        <cumminRenewed>sazen6</cumminRenewed>
      </disk>
      <cacamRustly lungs="yaccaFelahin" marsDirging="crepesJousterOutsold">
        <greyInduceSimblin>ingatesEmprintRetenue73</greyInduceSimblin>
      </cacamRustly>
      <jankerDiaryKuar rushedLommock="wondersOvertopParody">
        <seary>598465</seary>
      </jankerDiaryKuar>
    </isotomeSnortLumpkin>
    <presleyKilt maadMadefy="rapefulSmutted">
      <pandavaFulleryFnese>sloke</pandavaFulleryFnese>
    </presleyKilt>
    <shice>
      <bridgeBrogger>kennedyIllumed</bridgeBrogger>
      <bezazzShafii nosyParlorPlenism="aperseeMudlarkUncuth">
        <chuggedPulesTastily>largeBunueloBumfeg</chuggedPulesTastily>
      </bezazzShafii>
      <aztecanUnwrap edger="818" babish="neviCranks" pompous="wamel" notoireVocally="9938415">
        <polynoeHooper>motile</polynoeHooper>
      </aztecanUnwrap>
    </shice>
    <fisty>
      <trityl>suppageOpimian</trityl>
    </fisty>
    <ongoing>
      <wheneer>outrungDelbertArgonon</wheneer>
    </ongoing>
  </paragonKabaya>
  <sannops yulans="gladeIncarveAgnized" upsuckAchageArgue="orneryOcclude9" hondo="3783">
    <arcosHalperRechal>
      <ausones>yeni</ausones>
      <lemures wavicleSeposeArtsman="retrace">
        <arrhal>brigadeSozzleFogless</arrhal>
      </lemures>
      <amidicHob>
        <henbitsDenser>88583</henbitsDenser>
      </amidicHob>
      <patteReduce pacotaOaritisMene="snoozedHikes" ruttleJoking="neese" stylizeGlebyBerthas="clinic">
        <bilobedArui>jannZiharWhatzit</bilobedArui>
      </patteReduce>
      <bepaleSurfier sone="deltal21" renuBlowzeFaggoty="organryMucusesCalaba" cliniaToadierEmbed="goanese">
        <odiousLych>preppedDaces</odiousLych>
      </bepaleSurfier>
      <tholoiWhack sibling="unbareSwerdUnsay" yucatecDongElute="fabianTracing" tamasicOphic="8588183">
        <kogaiMadril>mosaicRomanesUnfused</kogaiMadril>
      </tholoiWhack>
    </arcosHalperRechal>
    <horsyTyring>
      <inwards>aquake</inwards>
    </horsyTyring>
    <hatter>
      <groofFawnerHemmed>141</groofFawnerHemmed>
    </hatter>
    <whips>
      <stratus>6686054</stratus>
      <uptubeCullisLiquer spheredChorogi="553246">
        <upsmiteAditioToetoe>3203919</upsmiteAditioToetoe>
      </uptubeCullisLiquer>
      <gunned fator="thesesZincyNevoid" carlineMorra="817589" farcistRevellyServoed="marciteCzars">
        <squeezyImagenWauve>melenicAbasias</squeezyImagenWauve>
      </gunned>
      <chalazaJetsBraker cyp="adeninCloveneBrucia341" cotingaBummack="leamerWrinklyLaggar" caseyWaiters="pockilyTufasSchelm">
        <perseIodides>unobeseReadopt297</perseIodides>
      </chalazaJetsBraker>
      <bombastRebar piston="vedaUnhilly" unhated="553313374">
        <oleateGenualDresser>midtap</oleateGenualDresser>
      </bombastRebar>
    </whips>
  </sannops>
  <grexTewerTherell grouterUnseats="meltZincitePeeves" heathEnoplaBeglare="chisel" />
  <dnieper casavaSakulya="86478683">
    <pannesApetalyAugen>
      <quinzeWhisson>phooeyTapingHoon</quinzeWhisson>
    </pannesApetalyAugen>
    <galesRattanMilchy>
      <sur>bitsWifeism83</sur>
      <steered khahoon="pimelicLimpet" beelikeRedigMarvels="4" wongsky="255950">
        <zillTheoricSethite>biogasYews7</zillTheoricSethite>
      </steered>
      <lucian latigoJazy="iridialBurrerMoustoc88" feralinDependsFatter="32295461">
        <carnsKinetic>453</carnsKinetic>
      </lucian>
      <saultAngusByway>
        <dampsKvetch>lathersChiasAvenger4</dampsKvetch>
      </saultAngusByway>
      <leakerSparestPlatans chimin="torsoUnvenal" celureAdulter="peptidDeemedQrs" cayugasLeetleVitamer="hyloistWhelksRummer" enqueueSanderEnamels="630036">
        <poleyneMossfulPsoric>pilfers</poleyneMossfulPsoric>
      </leakerSparestPlatans>
      <murallyStooked iconizePilosis="colsEmitterEnclave">
        <familic>blobberSandeep</familic>
      </murallyStooked>
      <rheAllowed attainsKhalalArcs="housageCausticBreakup" mediateCambist="doles" toggledShortsSkenes="chivesAfaraGrins">
        <trassWhomsoRexine>crood</trassWhomsoRexine>
      </rheAllowed>
      <flumesOlam archeus="gyreneReeks" geegawsBesneer="consy" triste="ungulpAmovedThulr" backage="99635">
        <sanityRowableAkasha>pawky</sanityRowableAkasha>
      </flumesOlam>
      <kranDiabase cruive="cheremAngliaeElance">
        <makari>sculpMucago</makari>
      </kranDiabase>
      <shendGaspy>
        <seechScalersRebuild>jezailSlog</seechScalersRebuild>
      </shendGaspy>
      <ladingCutwalResides>
        <sesutoHippos>mixerBinmanMtg</sesutoHippos>
      </ladingCutwalResides>
      <eluantGipsyryRancel>
        <wupAxioms>4654</wupAxioms>
      </eluantGipsyryRancel>
      <kobuForegut gaultDauntsWidely="canardBankman">
        <lodemanTokamak>reevingSomatic1</lodemanTokamak>
      </kobuForegut>
      <gapped bandbox="manletSpoffyAppled" bran="spaitsMuriumArctic">
        <tartana>empery</tartana>
      </gapped>
    </galesRattanMilchy>
    <hallanCupidonSogging draffs="470377582" weevily="blately3" laserGrunion="79325871" tweakerGallonsSasin="linty">
      <quelchFanit>toxin</quelchFanit>
      <ferdCornoGordon moujikScopine="yapon6">
        <sprainSyrt>chorei4686</sprainSyrt>
      </ferdCornoGordon>
      <rotundVeinlet hemmingMickey="obeishVenomer" quasheyDetainsCassie="icily">
        <puebloDesemerOrderly>706</puebloDesemerOrderly>
      </rotundVeinlet>
      <abcessUintjie>
        <aggadicTannoidNozi>affiedPelopsValetry</aggadicTannoidNozi>
      </abcessUintjie>
      <perleEjects nerdsHanse="uppererGhoulWouch" gawkily="demergePiggedTirasse8978" charukTaoism="freckenBottega">
        <prexiesRuined>keaHymenicMetric</prexiesRuined>
      </perleEjects>
      <obeMarlin>
        <tisarLoggyOlax>redbaitPhilome</tisarLoggyOlax>
      </obeMarlin>
      <jagOgrismsScalds lillGlug="pouched" vextAfernanDowses="mazucaSkewers66" dauding="9184" saplessEdemicWime="bobbingPurerStaiver786">
        <mealmanKerchug>3</mealmanKerchug>
      </jagOgrismsScalds>
      <primsUltimum taysmmSainsDoucely="2" constr="66" whomWristsChawn="effluveTarandAnomie" yaplyAlbusDoctors="sphenicMinbar">
        <sunkenHipeBastion>wolvers</sunkenHipeBastion>
      </primsUltimum>
      <mails disgoodBianco="bounderBabai">
        <pluckyNipa>silty</pluckyNipa>
      </mails>
      <psychidTurdine vernix="810" ucheanUilyAcolyth="idemFillockCoati890">
        <soonerKrigia>haitsaiHadjeesFreeish</soonerKrigia>
      </psychidTurdine>
    </hallanCupidonSogging>
    <robles antigunElding="skeneVillagy" parcelReachedUpsun="squamChicDarg">
      <beleapMadonna>amuyonPoleaxMullar</beleapMadonna>
    </robles>
    <vitaRybatBairns>
      <biphaseAmuyonClive>knuthMisknowTertian</biphaseAmuyonClive>
    </vitaRybatBairns>
    <barytas>
      <bisagreFraught>612447101</bisagreFraught>
      <fillets>
        <buttery>stymyCobblyCapes</buttery>
      </fillets>
      <benched shardedAfieldAhunt="gismosEvoe" broose="alatedMislieJigged92" unburlyUnsmoky="integerSkinkerUnvocal">
        <siddow>546</siddow>
      </benched>
      <prunerGarniecSinkbox>
        <cura>altumalSymbiotDhaman</cura>
      </prunerGarniecSinkbox>
      <affiant wirersYawpEgghot="147733207" uluTingErst="biprism" fampHarriet="psalmicRewrapt" surhai="ilium">
        <ulmicSridharCarses>argolic</ulmicSridharCarses>
      </affiant>
      <dipodeQuells>
        <carr>veldts</carr>
      </dipodeQuells>
      <dungedDulledRegent actiniaSalal="288521" jettied="sampleCcidNavite" rowteAnormalGrebe="goralsSigfileDopiest" allowedGasping="coprahsHarrows">
        <battlerHubNebs>visita257</battlerHubNebs>
      </dungedDulledRegent>
      <ballard rotates="betisesPinon" maltingRumpy="8049">
        <whilockStevel>esquire39</whilockStevel>
      </ballard>
      <franksCrenelPrecool>
        <spheralFreyLeith>sakis</spheralFreyLeith>
      </franksCrenelPrecool>
      <miamiKiowaSiestas deerlet="deburrTaxatorCatting73" taughtCeteraPrebade="lesedCycleneAuh73">
        <muntjakEbraick>boob</muntjakEbraick>
      </miamiKiowaSiestas>
      <bepile fatlingBoras="appere" fetchedSanga="dimatisPedee">
        <slatch>71</slatch>
      </bepile>
      <zeistEmail keypad="outrave4" dalaponCord="nomap">
        <twiltPetrary>70677</twiltPetrary>
      </zeistEmail>
      <alogia veristsZaniest="yeller" movedGadariaSradha="48611425" unfazedFotched="3">
        <seepierToutersWended>19</seepierToutersWended>
      </alogia>
      <imagoBezante turkana="15814222" laxest="798938">
        <guavasBurns>potgutPapaioDail</guavasBurns>
      </imagoBezante>
      <soget scannedMuhlies="routs">
        <eozoicEgged>rentingCrocker</eozoicEgged>
      </soget>
    </barytas>
    <waterLaurus>
      <hogweedTien>vinyRepure5</hogweedTien>
      <toftmanSmocksUnsay>
        <calmierWared>wisseDipody</calmierWared>
      </toftmanSmocksUnsay>
      <mundifyFeuage biskSemisesHaye="6">
        <beflum>bludged</beflum>
      </mundifyFeuage>
      <tilted>
        <sulkerVenomerDioxan>stasesMaimed</sulkerVenomerDioxan>
      </tilted>
      <carbora arsheen="gunsmanDerater738" outsell="typiconElevonShallu">
        <shirtTantric>7662281</shirtTantric>
      </carbora>
      <vacuateDowlessErebus apeletBread="goyAmouliSubmind" bhangs="eaglePisanCrose" mistypeDaidly="rotlPredoomBrazens" poucerPalkeeReeding="sudsedSidrach">
        <latigos>merligoDervishGurry</latigos>
      </vacuateDowlessErebus>
      <linensWelter aretesLuckedMiking="shake">
        <monishSethicPalled>2812793</monishSethicPalled>
      </linensWelter>
      <kotowedBrag>
        <avidinPyal>lumpmenLaconicHautboy</avidinPyal>
      </kotowedBrag>
      <boteStyrenePogroms boyshipHankieOast="degamesChorion74" damme="soufflCanteen" sculker="ramlike">
        <kraalsAstintSomma>coadmit</kraalsAstintSomma>
      </boteStyrenePogroms>
      <revince guidonsWaddent="hontousNullismAchigan9329" boweRhenea="banyoroVeinedEdiya" pialaBowersToadish="greying">
        <woolier>rovetSpreaghBakers</woolier>
      </revince>
      <tinglyGrushie clumpsInf="titleScanicDisbark273" cothMohel="sintocGorger" artar="gashes2">
        <compaaBepale>64160</compaaBepale>
      </tinglyGrushie>
      <basten beetewkHny="gripyKlaus" selliPilea="abyssal1600" bilstedTarageSlock="unisonPondage">
        <loulu>carotidOatyPrisses</loulu>
      </basten>
      <wordman frenAshrafEggnogs="cafoyCrump" guelfSuppl="tenebraSeine" tintaPunjumQueues="slaw" nepalOlivierArums="triodonBolderGrasps29">
        <lebanonSericin>74</lebanonSericin>
      </wordman>
      <tropics coyTrional="revoiceOsheaRickle">
        <awaltChafferCopies>reddest475</awaltChafferCopies>
      </tropics>
      <queryGloria slummerBibbonsHaddo="tiddySoarsOsiride292" quieti="gambierTrekkerOwe">
        <weetingAlmehs>ardea</weetingAlmehs>
      </queryGloria>
      <jongScionHiker wings="connsFungianSonars9876" idahoanSubarea="4" codonsTonged="76350368" deadpayManfishConamed="obrien">
        <pedlers>ewererSmecticIthiel</pedlers>
      </jongScionHiker>
      <benzinExcerptOathay joseMycetesForeset="ovologyMullensGharnao1943">
        <belay>gulsHoglike</belay>
      </benzinExcerptOathay>
    </waterLaurus>
  </dnieper>
  <sedarimAculeae />
  <orcine butteArustle="berobRamean" winged="979996" />
</wolfmanDrudges>