<?xml version="1.0"?>
<lutaoPrerich>
  <backenWindasTarrack laxAbac="85144" />
  <apiole tees="gearman" emceingIngOpah="894">
    <unclip flocksEnserf="langcaNiches">
      <pedicleMaunche>piltockSaladsTunnels868</pedicleMaunche>
      <fridgeUngirth exempli="leath" gameSnuggle="coos" colyPoetics="luffingGlutoidLanders">
        <dupableAndrias>tinnedPiscisThuggee</dupableAndrias>
      </fridgeUngirth>
      <trabuPaktong chokeyBeauishAimer="fear" oisinGigant="bongarPhiroze" yawsTriplyZirak="scagsLese" unliveFlutedSleck="28293633">
        <vocatTintsVibrio>chackAmpyxesStuds</vocatTintsVibrio>
      </trabuPaktong>
      <sigmateBewaterEquine ccesser="windrow" trixyTriose="23" pliancyHommage="batwingCoach">
        <sinksTalusCoevals>pissedAboded</sinksTalusCoevals>
      </sigmateBewaterEquine>
      <kowtowsMisuserZamia>
        <fosseUnfunny>prahusBirddomJingle</fosseUnfunny>
      </kowtowsMisuserZamia>
      <blowerAfdecho vocatEmpowerDeas="veers" comdrKotal="donnardFlatter" unplug="bucklumRagtag">
        <outfitDidler>uvulars</outfitDidler>
      </blowerAfdecho>
      <ric chirrs="delimit" duodialOutadd="writtenPricklePerdure">
        <lockmanSwarmed>tautPredUrgency</lockmanSwarmed>
      </ric>
      <checkedCarhopsTaborer fairishSkirrehBuilder="668610983" fumado="unraced" towropeParelle="cuckoo1">
        <comoxParao>toitedSolertVernix</comoxParao>
      </checkedCarhopsTaborer>
    </unclip>
    <pygmeanCascromIcod>
      <doodlerMalleusPleated>celluleMatadorUnholy</doodlerMalleusPleated>
      <hyoidsCoy cofferTay="utilizePopples7708" ascend="9">
        <ricketOutsung>37335877</ricketOutsung>
      </hyoidsCoy>
    </pygmeanCascromIcod>
  </apiole>
</lutaoPrerich>