<?xml version="1.0"?>
<mussesShaltContr>
  <boracesDistill />
  <blattaCoiturePemphix redragFerine="767185975" rampickLimeade="samghaSouth" csardasNabberAgin="maunNewtsQuacks" noshedSteg="rococo">
    <ibsenic>
      <galootKeelieMango>ononisFreshes</galootKeelieMango>
    </ibsenic>
    <poonceGingiva sothApodiaStaig="tonsils1776">
      <arcesSlacks>smerkComamieAnnates810</arcesSlacks>
      <duco tamein="692016785" preGlossaeAnisado="972453" dern="finites">
        <histonVicugnaPatin>14175872</histonVicugnaPatin>
      </duco>
      <reaversPretan environGobbinAmpyxes="gunung" nohow="unidealHemineeRiposte" titoistCorf="176" coupledLazesJuniata="expedeViruelaPinball">
        <refunds>acology</refunds>
      </reaversPretan>
      <deeAvahiProcne>
        <skieyToro>regnalCheersLauding67</skieyToro>
      </deeAvahiProcne>
      <jocunoChis equityRanulaAlerse="waylaysHuspil" incomerLumpersVaw="forerib" actlessRompsRatfish="44836150" commers="80249">
        <unably>bifteck</unably>
      </jocunoChis>
      <shibar pfcBuzz="phoca" decarchOxalyl="jarveyDroukan">
        <hvy>bjorneCoacts</hvy>
      </shibar>
      <argyricConteckBegreen biblikeDeputy="bugMossingGomutis" zuni="clatty" kneedGrinnieAtry="dakoitXylolsHexs" upcardAutumn="bancPouchyMoluche">
        <didalCobaea>661924</didalCobaea>
      </argyricConteckBegreen>
      <troueLamda>
        <howea>mitchAflatAtomism</howea>
      </troueLamda>
      <sequels hause="outpace87" pimaric="amuckTehueco8103" bangupEfforce="203824237">
        <feveret>theorbo42</feveret>
      </sequels>
      <cloacae>
        <oronokoMenacer>8420</oronokoMenacer>
      </cloacae>
      <korrelFledgyCrept lamprey="quippy" oleinThingum="saburra" becrown="invitalBirkyGruine981">
        <deota>alkylolGessoes</deota>
      </korrelFledgyCrept>
    </poonceGingiva>
    <reslashUpgush tunnaHectar="kurmi" convito="acidityHonour" spudderFacieElicits="sachetLysol" tenutosWurzelDendra="761057" gracileJericanSauna="greaten" circuit="unspoilIngulfs" samoansEnfireMool="techy98">
      <intenseGarrotReenge>chicoteMasonry</intenseGarrotReenge>
    </reslashUpgush>
    <sicaniFosterMeered>
      <lowest>7</lowest>
    </sicaniFosterMeered>
    <pruhIncivicCevian deposedBlob="septaveMakutaCorbels" nootkaRems="1" toadsNatural="564446790" asgRestab="facings" hypos="glomeliWagglesWidower6" tannide="tollToon">
      <byworkTriquet>20540199</byworkTriquet>
      <coaxer macies="whittawJinguRookie" chiaoAped="1270582" endivesVallotaCyclist="vitreumKilties">
        <gushersSoursopBoarder>maumeeSusans914</gushersSoursopBoarder>
      </coaxer>
      <asramas tenuisExtima="flyblew" exhortsVaws="94" avenaryRuledomPouffes="estevinTinkleGirly" unvenomOuphesJazz="sendleAbriSessile">
        <mozart>timaua</mozart>
      </asramas>
      <inblowTromped raananLeases="zymiteGuberla">
        <moud>osmaticGauging73</moud>
      </inblowTromped>
      <enaticOvulumStaph luriUnhoop="meny" goelismHindoo="epilobe" agility="tugless2859" tripods="friskerNaggyUaraycu">
        <aristasMakutas>westersTanner</aristasMakutas>
      </enaticOvulumStaph>
      <mappenHaomaTombak campyCnida="agamistDat" shinyOinkingArtefac="bald88">
        <partieLowdownPlumula>7</partieLowdownPlumula>
      </mappenHaomaTombak>
      <cerite>
        <yaoort>drummer</yaoort>
      </cerite>
      <kanaraFewest>
        <alodUnsly>koyanNovena</alodUnsly>
      </kanaraFewest>
      <serayaKoels gawnGyveWhid="racedRisperKevyn" pangsSkelpit="yoniNagariScoffed">
        <aislingStatingBurring>atwinAlumin</aislingStatingBurring>
      </serayaKoels>
      <heavedLazed mysticKickups="unamiWezenJanapa">
        <botonnTarokUparna>foreday</botonnTarokUparna>
      </heavedLazed>
      <agentsDang>
        <rinsingTabsSci>221692</rinsingTabsSci>
      </agentsDang>
    </pruhIncivicCevian>
    <acarusSkrikeKnoxian>
      <gesning>mingle</gesning>
      <iguania haresOndatra="adience" anguis="hamite" spicoseLavantPoleis="tamonea4222">
        <mixupsAmniosSeemer>pelitesMewlOutsole5</mixupsAmniosSeemer>
      </iguania>
      <ogressEduct warmthsEasterTobe="buggessPlasticDoctor" roosedCocus="5631">
        <unbowelDeliesTrailed>skuse</unbowelDeliesTrailed>
      </ogressEduct>
      <winnerSludgedKnived toronjaSenate="toilerVeily" depeterCereza="bombesSkelf">
        <provine>wandleSculkTimid</provine>
      </winnerSludgedKnived>
      <twiceLegiblyScarce pillet="gerres" mandirStogeys="serinusCremes33" idiom="nothalPeulVergery">
        <salaamDevcharWafting>jurally</salaamDevcharWafting>
      </twiceLegiblyScarce>
      <dioniseCoenactMsg>
        <succumb>346908542</succumb>
      </dioniseCoenactMsg>
      <missit mazelRadula="metretaPlacque" reforce="riddel" coysCabret="fixedlySkidlidJuvent" canchiHauledFifes="townlyQuicksOffered9947">
        <outblew>279974</outblew>
      </missit>
      <arion>
        <vellumsChatino>toits</vellumsChatino>
      </arion>
      <topepo blither="eraDishesGaviae">
        <marageAnywaysFelt>unhoed5690</marageAnywaysFelt>
      </topepo>
      <creantBratty unedge="rabannaGalusha" aidmanGudrunFagoter="embind5" ferrateWaffsDoper="hearsDispels">
        <liccaAskers>reicing</liccaAskers>
      </creantBratty>
      <bordel>
        <sanggau>barkaryKifLogways</sanggau>
      </bordel>
    </acarusSkrikeKnoxian>
    <currachWyethiaAnkle patache="dankest" doncyIkePropale="tamablyGayalsRepoll4703" pranktArtery="fankleKyathoiRigel" reckon="bugbane" grilseAgama="visierRoebuck6369">
      <boronsSubway>upgazes</boronsSubway>
    </currachWyethiaAnkle>
    <rhamnalMeggy opusesPundits="dullySwonkAdlumia821" mormyrFaceoff="riffedHickoryAssewer4">
      <espials>10214</espials>
      <babusUnlessSheen pacayAtriumsSiphac="valvingFlemer">
        <nitons>lanewayEphorHawky46</nitons>
      </babusUnlessSheen>
      <biggins updelveBowls="inflect">
        <unbowTwitterAlumina>bicorne53</unbowTwitterAlumina>
      </biggins>
      <megilph>
        <tickingShiceMonies>rendedPundits</tickingShiceMonies>
      </megilph>
      <prisedOtterer>
        <cymblinMeratia>huggeryEsrog</cymblinMeratia>
      </prisedOtterer>
      <bureauxTinoScorns>
        <hypogeaFaqirs>iodizerOnoDeota</hypogeaFaqirs>
      </bureauxTinoScorns>
      <fanleafUlvales unfittyConvoys="pulsion" dellsGuttySumps="gorseHonUptruss" dogeySiphons="brouzeVibrion">
        <impedeAcquiet>norimonSpoffleUnwares</impedeAcquiet>
      </fanleafUlvales>
      <treppeWairVedaic>
        <puffsBezan>tinkCienega</puffsBezan>
      </treppeWairVedaic>
      <dancer abwattSnathes="49" trebletMushyJaneiro="shirvanUnwill" ethyne="sacope45">
        <bodicedKodaked>prudent</bodicedKodaked>
      </dancer>
      <upsup>
        <nipped>faradic</nipped>
      </upsup>
      <gauging carolusAftergo="mairie" loessic="crupGaneNaker" awasteDreadly="bvt" tertia="forbZamorinInferno">
        <averyBallate>gogganDayroom758</averyBallate>
      </gauging>
    </rhamnalMeggy>
    <justedBolesGambled adieus="921" clysmic="iodatesGules" paintTibetan="inquiryLambeauVolage" gagglerActualsSheerly="yawped" dmarchePrebakeAbaue="rathLost" jenGoaliesLensed="dozes1" avaunt="unrightWickapeBhindi4">
      <stealNonsuit>sidles1586</stealNonsuit>
    </justedBolesGambled>
    <damoneChirpsMirkly>
      <tomtateAin>overbarMorgues</tomtateAin>
    </damoneChirpsMirkly>
    <sutta>
      <morphinAjivasHebrews>casbahsEnapt</morphinAjivasHebrews>
      <fetch canoingJubhah="goofsHoaxer" belch="shakes" pearlyBafflesTopnet="refilesInsectAouad">
        <fichat>lituSpouterSwarmer</fichat>
      </fetch>
    </sutta>
    <svan xylylicNoes="gigaDerayScuffs" disloveDatesLithi="59" jaiRhizoidBipack="39">
      <gunungBarrasDieri>slammedUnduly</gunungBarrasDieri>
    </svan>
    <bosser socle="duali" patrons="derthJustled594" potent="1258" hagden="48" astelPliantGrouses="hanoAhungryPagedom">
      <vugs>588</vugs>
      <priori honing="farcesKvinterOxer">
        <caudaePentylBarium>naggarTisane</caudaePentylBarium>
      </priori>
      <nebsCrocardOveruse anjan="idantDolmenNovcic" hans="unlaceCoxcombEnlay" hoddleRubasseWooers="vicedTinwaldLaccol" traductCabezonUlmate="pinnaceBhangsSlop">
        <slivingPositedSeaway>588</slivingPositedSeaway>
      </nebsCrocardOveruse>
      <quechua chigoeKentish="unclifyParulisZoster">
        <cultiGaby>snaresBurrEremian</cultiGaby>
      </quechua>
      <daytonRuinersBlocage hollongSinopicMea="basquedBimas" soleinBarotse="30230031" akhlameBhuts="scrout">
        <wettingKnower>hautboyMarillaFriends</wettingKnower>
      </daytonRuinersBlocage>
      <quaderAlbify irksomeGraving="boreBlams" thrope="mopJeux28" besides="cohibit">
        <foxly>bestrowDambrod</foxly>
      </quaderAlbify>
      <headpinCommute>
        <jussiveSirih>gastralKrausenSafine</jussiveSirih>
      </headpinCommute>
      <amini ebrious="pipiest" souters="110635" busesBucayoIonised="4038" runnierPayorGrainy="13604">
        <yowlsBetes>skiffArent</yowlsBetes>
      </amini>
      <alkoxyBloutAnseis>
        <aglets>spriedBaals3751</aglets>
      </alkoxyBloutAnseis>
      <voleKilterDimple biblusChaloneSotnik="atrialDooring" caciqueWernardTentigo="520" extundPolarisNiggery="62931" hominy="38">
        <pratingSquinchJunking>guigeFurmetyGuanche</pratingSquinchJunking>
      </voleKilterDimple>
      <buckoes spinaeDrury="wendell" cymric="1091">
        <preppyGabionSmyrna>tulipOnagriRefence</preppyGabionSmyrna>
      </buckoes>
      <thymene qasidaAmeba="400981" ailettePalmitePegasid="6943">
        <binning>swedeSicklesAbreact</binning>
      </thymene>
    </bosser>
    <bionZoarium>
      <stendAnomura>3662</stendAnomura>
    </bionZoarium>
    <wurzel>
      <stromeAmoleClysmic>tupeloWingers</stromeAmoleClysmic>
      <hookies aljamaOsmanie="kermessShwa90" whitlow="1907" leecher="waucht">
        <offencePouringAndrias>5859</offencePouringAndrias>
      </hookies>
    </wurzel>
    <lavrockForpass fiqueTsp="bougarVerge2" eyesomeEdeaNavarho="lxxAlert" afreteJuristsAdj="outcrop" desmaLanistaLanital="mutter" fountsWetter="preideaCreplyTrionfo">
      <pateraRiver>spacersThackKephir</pateraRiver>
      <trapper topepoPerperaDeriver="futOdour">
        <noxiousAlphynCounsel>414</noxiousAlphynCounsel>
      </trapper>
      <manzanaNajaPenalty sepone="vermilyAirerDryer" shrinkUnogledOutcull="halloa" anapsidCopoutsAnticum="biplaneViolousShouts5" densatePeroral="zippers">
        <culetsMorsureWafter>9</culetsMorsureWafter>
      </manzanaNajaPenalty>
      <beewareDjeribLoral dyspnoi="swatow">
        <liar>hectareCankersSettle</liar>
      </beewareDjeribLoral>
      <warstle>
        <jubilusAmomumImprevu>carperWagwit</jubilusAmomumImprevu>
      </warstle>
      <tenthsUaupeBrail shitherPhenate="stylist" hircine="778247503" dilutedTirurai="warierPledged">
        <sacrist>limax</sacrist>
      </tenthsUaupeBrail>
      <scrollDrivel>
        <madnessEvadeMulvel>mahoundImbrown</madnessEvadeMulvel>
      </scrollDrivel>
      <coignsGraddanGondola carletDinaric="hoodies" outformHankulSalchow="rebute" plinthRispKazoo="derivRiatasTiens" alezanShuffStg="accableEvangKedger304">
        <murras>9</murras>
      </coignsGraddanGondola>
      <beamily heuch="993">
        <boglesLucresHinner>idlingJajmanHawing</boglesLucresHinner>
      </beamily>
      <nidusWickyMadrih aspishRuspone="tilliteCololaLorien33" octoylStangsFloral="provolaHoyaHalp" karakulSymmoryRebuilt="234810" vuggs="forlorn">
        <midgets>bodingRawbone</midgets>
      </nidusWickyMadrih>
      <tripoli crepes="3994" sutaioFerrer="subnoteMbundaBehn">
        <syncopeQuadded>anthill231</syncopeQuadded>
      </tripoli>
      <jackalAlvelosMineral>
        <diacleMendeeMatchy>11007935</diacleMendeeMatchy>
      </jackalAlvelosMineral>
      <laugheeSheel hyaenaVair="3">
        <orewood>26528647</orewood>
      </laugheeSheel>
      <shannonNogging cherishBugsha="fermi3">
        <toaster>deicateNatatorDadoed</toaster>
      </shannonNogging>
      <hawokAmoruaDrownd conor="haaf" dermisGuarderNobler="atrophy" frizingMegaerg="veruledSyrens">
        <ledgetHoicks>recants</ledgetHoicks>
      </hawokAmoruaDrownd>
    </lavrockForpass>
    <plombUterusVotress unboxedRefects="muletasSearce" mucuna="990482322" bowetEngoldTalpoid="gandumPopping" talon="425" opaStarikBodegas="oieHypogee" waivodAcritanZakuska="reseal" refreitBlotchyOch="flawedHarpistUniter2358">
      <gillotPoebirdPaces>887996097</gillotPoebirdPaces>
    </plombUterusVotress>
    <aweingImpart mulched="87" freshesPreyedSubzone="warship" chumpTinges="widowsAbsorbsLodens" ramonaSanand="slewsLampernDauw" akepiroVenue="lizardsAinalehGoalie9088" opinedSwim="querreStulty" sakaiAdjoint="swertiaEjooSuppnea">
      <bemadSowtSwither>hollowNgaio749</bemadSowtSwither>
    </aweingImpart>
    <novatorPigdanBulgy maxPunilyEchea="antitax">
      <nutriasGrowly>choree</nutriasGrowly>
      <duendes>
        <exitureElapidsReviser>hattiGuarrauTushing</exitureElapidsReviser>
      </duendes>
      <lupaninNitter bratsBeaners="taniaSkersLeviter871" swift="bigmittCell">
        <mongoes>succes</mongoes>
      </lupaninNitter>
      <meny beknaveChunBaidak="exam" kipInspire="autoSafelyCiphers" manlilyShafii="nutantCorchat" dollingGaffkya="chalinaSpinoid">
        <tamanacGibbetMarrot>breezy</tamanacGibbetMarrot>
      </meny>
      <burgauOrgBaggies finspot="pignusFluxesVates" matcherPinlock="ethanes" infectKhassFeus="iwbells9">
        <alazorRedbirdGiddies>wobJinkedBerrier</alazorRedbirdGiddies>
      </burgauOrgBaggies>
    </novatorPigdanBulgy>
    <vapours djebelScoffsReopen="bens" rapersVangsUlemas="297519925" scramUpcurveTugui="57" cidaridFlooderAvers="4269216" brassey="piafferUnmolds" oxymelHippicInfolds="ornith">
      <bipedThworlFelt>codeins</bipedThworlFelt>
      <filosa jibbehPrizesMailes="3312" tanzebMyrickCuchia="aullayOxidHocused" sleevesUmbraeSpalls="tonusMerisesBywords" afoul="bedims4835">
        <vetsEquinoxRelucts>therapFaxing3</vetsEquinoxRelucts>
      </filosa>
      <hexed flockedDislimn="dowcoteReetamMinnow" sofars="specs">
        <briza>pantoumTaigas</briza>
      </hexed>
    </vapours>
    <retrustBoobishBath>
      <kefirsTroaked>whatnot</kefirsTroaked>
      <karoos>
        <acrisyWarranZamia>coction6</acrisyWarranZamia>
      </karoos>
      <basella sabra="allayScabia" shellacAruacNasch="dishmopDecanalKiss1958" marmotaJerviaOvoids="ungildVolutesBibiru">
        <shrilly>ongoing</shrilly>
      </basella>
    </retrustBoobishBath>
    <hymnFoghorn>
      <peaky>peavey3</peaky>
      <crecheMoutheAstrict>
        <whaler>rampishBywardWarnage</whaler>
      </crecheMoutheAstrict>
      <dardaniBawsuntLumpily aquo="709657">
        <batchFrizingHye>cutbankLiniestQuirks4</batchFrizingHye>
      </dardaniBawsuntLumpily>
      <zoolithFavoredLarries rindBoaster="inbredEnchairDuplify" picurisSpinierLusted="houstyHorahGlyoxyl" swizInwoveChigoe="nakeJolliedLameds57" sestiadYirredDemoded="86101059">
        <asaphus>vidianMnemeMkt</asaphus>
      </zoolithFavoredLarries>
      <tuneup sennitsLibeleeCequi="bokark6">
        <lupoidAsnortRauque>immunol603</lupoidAsnortRauque>
      </tuneup>
      <bangerKaroStagery jaman="jauncesCirques" bookie="chalahArugula" odistOctroiTarocs="lowish">
        <pollsHadean>molidaeHonour739</pollsHadean>
      </bangerKaroStagery>
      <addnlSciurusAzha stickit="culetSkycapNash" hassles="ousting" silurusDefuzed="omissus">
        <sipers>761933707</sipers>
      </addnlSciurusAzha>
      <toluolsCurtalApiator>
        <surcrueTsimmes>gramps</surcrueTsimmes>
      </toluolsCurtalApiator>
      <paolaNoonishSquet oversea="chutney">
        <mucateLawzyPanel>6</mucateLawzyPanel>
      </paolaNoonishSquet>
      <melosJewlikeAurore glickAntickt="yvonneDinmont" hoghoodFrouze="yookLilialAberia" geisaDumkyBoiler="9127758" requin="distrix">
        <vagalUnn>30</vagalUnn>
      </melosJewlikeAurore>
      <bustles ragees="trailsWhoppedAzole" ziganSoloing="8059183" prewarnSalvesSucrier="313045" huffyRawhead="botonnySynaxesRupiah">
        <plewStartorPub>gildedBority36</plewStartorPub>
      </bustles>
      <furandiMolls leadoff="chocardGilts">
        <frounceYachan>bara</frounceYachan>
      </furandiMolls>
      <cutitis chewierAnionic="favusesBronzy" mazda="calmatoTawpy" isoamylSibling="socmanUniped">
        <rimrockBuzzsaw>jewels</rimrockBuzzsaw>
      </cutitis>
      <izzard telliesLippers="hominidGowlan">
        <roustsDimmock>disrank1</roustsDimmock>
      </izzard>
      <proke subsoil="tradersAbsisUnmarry3402" rawish="sylphon" aquariaChecky="60361652">
        <twank>schemes</twank>
      </proke>
      <blarinaCharms voidedFloey="thai" temptedBenacus="962" motelBranlesForgave="discus">
        <eelskinKiyas>bluntly</eelskinKiyas>
      </blarinaCharms>
      <cavalry>
        <okiaSesuto>topsoilFilters</okiaSesuto>
      </cavalry>
    </hymnFoghorn>
    <bilbosRhetorsUsw>
      <exulted>yuncan</exulted>
      <bemud ratchesOutfort="pandureRacketUzan" talabonTrollyInjure="ensued" snoodsFalcesAerose="ergotPayenIncher" filasseChukorGutsy="stoning">
        <bedpadWeakUnfile>tingly</bedpadWeakUnfile>
      </bemud>
      <kanganyCognacs>
        <comatesKayasth>friezesTrymaSynod</comatesKayasth>
      </kanganyCognacs>
    </bilbosRhetorsUsw>
    <jussiBabbly>
      <vampingPighead>setous</vampingPighead>
    </jussiBabbly>
    <coaita>
      <brights>hoardedYupDarshan</brights>
      <attabalCompts>
        <unarkSwareTortis>arcusesFloozie</unarkSwareTortis>
      </attabalCompts>
      <burnerWlatful reshoeMort="abioticBaraunaPhonate" hoxSkyful="2" dinned="glopsPand">
        <comas>gruelsHogni</comas>
      </burnerWlatful>
    </coaita>
    <katrina>
      <chaoUnhold>1</chaoUnhold>
    </katrina>
  </blattaCoiturePemphix>
</mussesShaltContr>