<?xml version="1.0"?>
<gripeyCoffinsTansies>
  <valvule scythic="mumeSthene" woolmenSoviets="645">
    <howledRandell tailzieBooberyDewal="matchyKyurinIngoing9" morosisFannyAcilius="lyon">
      <groszyDiarianAlmuces>545</groszyDiarianAlmuces>
    </howledRandell>
    <tamp dewal="spinodeNuaduParson" smoodgePickierJinglet="shigramFlinder" caring="dockenSubashiKnaster" chloridNattilyArcsine="dolciFrocked" mottosZibet="eadiThrenos" ecorcheTushesStalace="cocus">
      <amusiasTuque>caszielRebateRepanel</amusiasTuque>
    </tamp>
    <tulaWantersNetleaf bedwaysInvigorJuiced="tansySatienoAbsis" minaeUntame="becurst">
      <shmaltz>rebankCheddarLeeward</shmaltz>
      <lyssa>
        <dugongsFictileReined>couchedGeomalyBurnet</dugongsFictileReined>
      </lyssa>
      <sipe loamed="yellowyMopeShamoys821" occas="fleetAphemia" mithras="chit" prongy="outgive4">
        <uncoverDagos>filaze</uncoverDagos>
      </sipe>
    </tulaWantersNetleaf>
    <euclidCyamidWhiteys sobful="shankedIxiama" oodlesDertrum="leukoma" talpa="naelParvisCrowder" winchedFraenaTubage="86">
      <sweltyUnrein>malteseSkimps</sweltyUnrein>
      <dmarche>
        <punned>enteteOffered</punned>
      </dmarche>
      <vacuateAmicPodgier>
        <neelaUploadsDarwan>smirkly2611</neelaUploadsDarwan>
      </vacuateAmicPodgier>
    </euclidCyamidWhiteys>
    <shott>
      <unnoblyAquifer>61087937</unnoblyAquifer>
      <onerateBepatCrores>
        <gobioidAbaser>claughtCaffPuke</gobioidAbaser>
      </onerateBepatCrores>
      <carbeen batlikeOakum="hamlets" yerdSwives="azafran" urutuDachaBoos="51494813">
        <dawtie>41024</dawtie>
      </carbeen>
      <isolexChirredUnnear borazonBushes="557124839" soleus="gliblyDeenerTubule" kotalCabobsRostral="tectumHyponea" sagesOva="orrhoidWeason">
        <unlofty>reweldsNonegosAdonean</unlofty>
      </isolexChirredUnnear>
      <vitrousAtwind yinsRecited="percentAyapana" quirtsStepsonEos="747646" spacingSouled="bakongo">
        <ahirManners>hylism1919</ahirManners>
      </vitrousAtwind>
      <lividMusarCrony>
        <tho>dachsWhifferTaxin</tho>
      </lividMusarCrony>
      <dominosCobiaAilanto mediaeBlereTeleut="8319">
        <winceyEnstore>quinaEmprizeUmbraid</winceyEnstore>
      </dominosCobiaAilanto>
      <flubdubPuniest whauk="vinic" pipsAtavistHain="soupy" xylogenShoots="thirtBeggingMighted">
        <uncrispAbeigh>joinWainer</uncrispAbeigh>
      </flubdubPuniest>
      <pertestTourer atmasBeflag="2336" tillerFuran="typicumWappingUnbrand">
        <sabinSaiteDyspnea>touscheTaxinePelu</sabinSaiteDyspnea>
      </pertestTourer>
      <concursAgasp>
        <rummishClew>semangPlansAboral</rummishClew>
      </concursAgasp>
    </shott>
    <boozilyGuatuso>
      <acoela>lactantKentleGlaked2</acoela>
    </boozilyGuatuso>
    <sacrifyRebesetReassay depotsRhetSorosis="954597649" madrid="neems" nuchal="tamals" acutesWhombleOxeye="finitySootyAtypic336" birders="pastsInnyard1152" dunlopFloccusKrama="yillAllasch82">
      <shiverAccise>lantanaXylonicBepity</shiverAccise>
      <bichosApulseFluffer stiflesVowers="1" osprey="salta">
        <thrimsa>farragoElmiestRadiary</thrimsa>
      </bichosApulseFluffer>
      <enduesHovererYorkist agudistThunnusPetal="plagaNutmeg" bvt="risottoUnsame" ethnics="inmew" bernoo="forthyBosnRabbins">
        <snowman>100</snowman>
      </enduesHovererYorkist>
      <wart stiposCamb="rustCatalo6" upheave="dawdled" piing="swollenDippersQuartes" bean="gobansJharal">
        <bewidowLilacsMyonema>effrontRgenVelcro17</bewidowLilacsMyonema>
      </wart>
      <begohmBettingSniper vagancy="dibhole" boreas="comptieNegara" cosieAplace="808" airsome="clavisChiffonLond">
        <doped>bemocks</doped>
      </begohmBettingSniper>
      <lapcockAjangleTreat corrup="27850" opacityColiticGoofer="wondie">
        <snicket>upbeatsPickaxJagheer</snicket>
      </lapcockAjangleTreat>
      <subnetsKinkhab fideles="dulledAlcoran">
        <atrophyFlapsFortune>62990</atrophyFlapsFortune>
      </subnetsKinkhab>
      <shalomLabarum caduacCuretsGift="diluentLither">
        <obi>rodhamIgiturBarms</obi>
      </shalomLabarum>
      <comfily penful="douce">
        <rudous>passay</rudous>
      </comfily>
      <ninepinTinemenWhims forehew="lemans" compagePrimsie="46" rede="kashiraCusecsHires" watfivNourish="signors">
        <wizesBassonNaga>risen4259</wizesBassonNaga>
      </ninepinTinemenWhims>
      <rousingPatella hewtTanagra="ahem8828">
        <piersSwarf>sepgReflet</piersSwarf>
      </rousingPatella>
      <geneat pulkKammeu="curlewsNeonsInhiate" embowCuletsSacrify="swage" thisbeClotheEnsweep="toluolsLachesFrays" buskingKerrieMolochs="7329512">
        <denningBetookFrusta>armiedPeen</denningBetookFrusta>
      </geneat>
      <fasolaProteus grivnaPlotted="carposLambastCorey84">
        <limemanTrias>isopagJosephLemanry</limemanTrias>
      </fasolaProteus>
      <jaziesSkeipp curacoaSafen="accingeDaker" caprockMoormenKalif="puggyCovisitGirted" mopesBeglozeEclogic="clichedCowardCracowe">
        <oddlegsAdazzle>ajiva845</oddlegsAdazzle>
      </jaziesSkeipp>
      <silicyl squeaky="bespawlPensees">
        <swooperNankeen>ritzilyDieting6252</swooperNankeen>
      </silicyl>
      <inanestKyaungGreing djersaBushman="shamoisFlopped" hahs="rococos" tubbeck="sepdEnlace">
        <bywaysNettDarryl>salviaGrappasGurges</bywaysNettDarryl>
      </inanestKyaungGreing>
      <idlesse birdeen="mulierPledIridate">
        <emilBaas>shrewdShoverPerpet</emilBaas>
      </idlesse>
      <doodledForrard>
        <befTwinerClosish>striate</befTwinerClosish>
      </doodledForrard>
    </sacrifyRebesetReassay>
    <brindleTagaloPotteen>
      <sebacic>sookieTintedKabars</sebacic>
    </brindleTagaloPotteen>
    <fretFawnierTigers alleger="rubabooImput" inmost="4190173" unwistBerogue="seaxEclogic" grandam="crayerEnrageRichen" adornosRecour="feedboxWarning">
      <tautens>sapsapOstryaArcades</tautens>
    </fretFawnierTigers>
    <cholersStoiterChariot>
      <zenu>neffyPhonilySilex</zenu>
    </cholersStoiterChariot>
    <coloveSketchSatchel hastula="cheaposSchnaps" bambubaRoralAmenity="notum">
      <bowsmanRepen>49469</bowsmanRepen>
    </coloveSketchSatchel>
    <hisser>
      <lecamaMbirasButlers>sheriaSopsPalch</lecamaMbirasButlers>
    </hisser>
    <scupsPomatumEnglyns>
      <verdugoExacts>estafaTracy43</verdugoExacts>
    </scupsPomatumEnglyns>
    <tavernShimmy chiclesCure="onto" gametesTerseWarlike="69" aheightPuppied="blast" reputes="whaupRevokesHaters8608">
      <leonite>entelamWhoops</leonite>
    </tavernShimmy>
    <ablautRecluseGerent>
      <anatCerebraEmperil>saggyUnurged</anatCerebraEmperil>
    </ablautRecluseGerent>
    <emicKnottyRodsman lunar="herald" mochyOpinant="embrown" biseGramsGuarana="epitriaSnarksClotbur" culbutAtwoSleeps="patrolCocksy" leveled="3990" dird="gulchesGawky" barging="3770799">
      <boiiBannets>halloos15</boiiBannets>
    </emicKnottyRodsman>
    <stacte gularisAffix="foppedSamsonPlasson" kalonParoleeCoquet="63302951">
      <wasp>galateaAptal18</wasp>
    </stacte>
    <bawtyPyxesPropane>
      <wishfulZizzleGynics>5</wishfulZizzleGynics>
      <slaeStrafed assay="armbone" surviseBrowses="finis" teethyEpee="revisorLobiSagitta">
        <miniateJotter>lawsonNitonFalsest</miniateJotter>
      </slaeStrafed>
      <costardCoiling acnemiaDealBuyable="hespelTrouvreOutset" neededRowportFungal="sinapisLadrone1" tuyeresGalantDantist="gladysTiltedPrivata4" alexinRaspyMutely="anakes48">
        <leakersBoastedElaeis>fesses</leakersBoastedElaeis>
      </costardCoiling>
      <capcaseBrocheThames>
        <abronia>pagadorTiddlerSkills</abronia>
      </capcaseBrocheThames>
      <salads pygmyAionRecedes="biasLawmen">
        <enjoins>773887</enjoins>
      </salads>
      <coenact audreyArider="becrawlMulletsBroads" krebsTrowth="aculeiThievesTrah">
        <wagger>thoricLyddite6395</wagger>
      </coenact>
      <twigs slawsDblCambalo="isazoxyTelesiaSieva">
        <azolesQuisbyThermae>refl</azolesQuisbyThermae>
      </twigs>
      <diatomaKussoBuxine hallockEyres="loamier" bromidNahua="tropal711" ftncmdSignons="18" abyssaCruel="mauleyMobbers61">
        <coastalAnnulliNakong>premold</coastalAnnulliNakong>
      </diatomaKussoBuxine>
      <macumbaTrefa>
        <onymityLatomy>71</onymityLatomy>
      </macumbaTrefa>
      <pileate acing="flamZootomyRivet" gemotSinsSnirt="pastingGuildPotbank" skibobsSelfdom="recrateVidry">
        <lacks>pitman2856</lacks>
      </pileate>
      <amyrisUnitersArums douperLeetle="probateErinizeStilb">
        <elating>trysteTarEnterer</elating>
      </amyrisUnitersArums>
      <faginsMalouah turnupsScollopBufo="allegerMurgeon" pownieElbuck="reinferDurzeeTantle" giansar="pinierToroOxgate">
        <astacusBrag>forbite</astacusBrag>
      </faginsMalouah>
      <dhotisFiords tautingTampans="5363" loatherSpicierMoonset="comakerMoonman95" anthood="meaderThirstWarwick234">
        <sastean>kids</sastean>
      </dhotisFiords>
      <hotchaJinni nannieInrub="belamyArmlessOutway" sortesSpissy="cannach" specialFashingWifing="folkseyForebow" smichStoureFourth="2371">
        <cassheRocket>mineConchaeSquid392</cassheRocket>
      </hotchaJinni>
      <almain reletHeild="sponsalKelpingCivitan" suresbyAdvenaPropine="596732243">
        <copeiStarnLankest>schemas</copeiStarnLankest>
      </almain>
      <spurtle>
        <flit>dronelJustled60</flit>
      </spurtle>
      <tacitlyVastity telfersUsentAkaroa="63" gowferDiaxial="3383193" dapsUnhoop="avionic5" halersHonerSomler="19">
        <pyxSiccarFuzils>adream</pyxSiccarFuzils>
      </tacitlyVastity>
    </bawtyPyxesPropane>
  </valvule>
  <minkopiTripodyDyphone turkic="stylarJugale" outbadeTautog="acaenaBadaga" gashy="oversupBalaicSnirt9249" nuphar="555">
    <larkingRatfink inbdRiyalLoviers="inkos" lacunae="rewrote" espinosClanger="23815" ocneriaShamalo="9280" chnKnittie="8120" laylandUnbeardTurtle="jalor">
      <uracil>ceders</uracil>
      <abrazo>
        <revokeMyomaUppings>trottie8</revokeMyomaUppings>
      </abrazo>
      <shintyOatGrumose skeaneAcadieOrthant="viruela" elapsedInfo="toeshoeVinylic" reblockCretins="975" lupulicNanaimo="candifyDippers">
        <unknowConflux>spatha</unknowConflux>
      </shintyOatGrumose>
      <cowfishSaviourSpeered>
        <spar>discoidHepar4</spar>
      </cowfishSaviourSpeered>
      <coliesPatin refitsStaggedMarfik="empusa" mooreCental="badiagaUnvoidAlltud">
        <thibetRevvingKalinga>quabirdLurchCatmint</thibetRevvingKalinga>
      </coliesPatin>
      <creadDiehardJive forra="chyles93">
        <sigmasRucky>impeachTurbits</sigmasRucky>
      </creadDiehardJive>
      <buffetsTagel coniaCarafe="rewovenAdornerAlpid" cyrillaBisson="sibWoozy" britainConsign="omniumBlanc7">
        <commaesObduce>lirellaMimi</commaesObduce>
      </buffetsTagel>
      <pulpersGloutedNulled glaik="aides">
        <dwell>amastiaGothish</dwell>
      </pulpersGloutedNulled>
      <inlayPandore opes="penseesMosette">
        <spiel>droolsPiertOuroub</spiel>
      </inlayPandore>
      <agamistThrimsaDaimiel bawtiesChetrumClunks="cotteChesset8" greingPerca="aiglet" feveretJaquimaWaukit="galban" grunterGranma="semee">
        <burgusScrivesRewove>850075</burgusScrivesRewove>
      </agamistThrimsaDaimiel>
      <pigskinNogginsFitchew ginglmiEnwove="upboostJerquer" weigherBawdies="stuffsLexemePenup">
        <fawning>excess103</fawning>
      </pigskinNogginsFitchew>
      <hotpotAddulce caecias="skatomaOutoven6259" candidMostly="focusedTrusted" magueyCarices="nefas" zachCantyPlacage="bubonicDesCollum">
        <trashedLeaps>tither3253</trashedLeaps>
      </hotpotAddulce>
      <harmLiegely>
        <aesir>64</aesir>
      </harmLiegely>
      <phytomaBearedExotism micklesPalulusForums="regards" dashierDeer="linchetElitesPenk">
        <tonto>euros</tonto>
      </phytomaBearedExotism>
      <titania oater="4" gutteeRubberyFungi="leucine" idest="41095" segolForedidVorhand="68">
        <failleSwather>jasonToorock</failleSwather>
      </titania>
      <aquate fetialGrike="ravaged" unbiasWhapuka="outbarkViatorUrachus" appledShoran="yabbiBrevets">
        <unworth>nektonBemuckOutbade</unworth>
      </aquate>
      <elec>
        <normalsCoquina>anjanLarvalRoll</normalsCoquina>
      </elec>
    </larkingRatfink>
    <gladesKarpas robbins="despairFloats" flyableWhit="rimierOration" oneillGteau="chkalikMousingFussers" cankers="outfitsPoiseSmectis6104" slagJambes="96094806" besing="frascoMutestSubman" russety="9992">
      <sekerPrepays>556130377</sekerPrepays>
      <catnep drainedPervYarkee="birdersManhole" specie="1975577" excessSudPhyteus="mohaveHeptiteAlroot">
        <addieSpirals>635</addieSpirals>
      </catnep>
    </gladesKarpas>
    <bulboseDetents>
      <imidicGregale>34782238</imidicGregale>
    </bulboseDetents>
    <siccSwaysPeeve impartsLibri="333" bulgierAlmost="4" flnerie="anear" hombre="7312962" whuther="luella6" hadBeadmenIran="75">
      <ascendsSarcousOutbeam>hamiltLoomsVendues</ascendsSarcousOutbeam>
      <derriEuryon marianAlongst="girba">
        <gyve>shuGyrate</gyve>
      </derriEuryon>
      <pistrix bettyDispend="wardedDarnel" churadaTympani="hazierLuperciFuturo">
        <gabbrosPreaverCathar>metonic</gabbrosPreaverCathar>
      </pistrix>
      <bedumbsUnwinkInchest prahamSnubbee="gritEringoTernery">
        <flownEphoral>osesMuchelReposit3247</flownEphoral>
      </bedumbsUnwinkInchest>
      <kedgyVoder cabobPhenyl="havent">
        <dredgerQuangoMudland>goolahJells</dredgerQuangoMudland>
      </kedgyVoder>
    </siccSwaysPeeve>
    <dsectsImportSeaman montreSfm="625527130" slopersEmbruesQuintar="nurseryReown" ruttingThitsiSteamed="winkedGramsSchmelz5" mina="piggy">
      <sufferCremoneYarding>belongsSetaeMyxoid</sufferCremoneYarding>
    </dsectsImportSeaman>
    <tyromas>
      <arderFragor>marinasBanyaiStubby</arderFragor>
    </tyromas>
    <sangasHassingVexing>
      <jakoVoilier>niantic678</jakoVoilier>
    </sangasHassingVexing>
    <daboyaSpang daybedUrunday="lianasQiana3072" acaridaPruningGlisky="idaliaHopyardCapivi" gargledFerkinSlapper="fulkAnimism" tipmost="557823630" courlanPencil="wattageEntheanHone" navvy="embase" untreadMayfair="pretilUnhoned">
      <swaged>58302</swaged>
    </daboyaSpang>
    <citronCataian lesionDoweralMotel="guebucu" sphenicAmbroidEduced="tohunga" laudesWardmenIffier="nudishChaconaMoulvi">
      <nothusMuonium>vagousGothic9</nothusMuonium>
    </citronCataian>
    <quashyEparchsBakepan myonema="eyassPepla9519" elksSlimy="crayletZoogeny" kroonJunky="ring" upspin="clasherErriteArupa" creantRacierHak="uncinct" casticeDucky="rebale" sibilusVotallySpak="undug">
      <propyla>insteepTowableMaxixes</propyla>
      <gotrajaFlytrap tinamouSuntans="typeSabinAuhuhu7361" adeptlySauted="unhidHotlineWratack">
        <unhardy>metron6781</unhardy>
      </gotrajaFlytrap>
      <dumpledItelmes rokelayMoulviGracile="keelman">
        <classis>ionize</classis>
      </dumpledItelmes>
      <sevensCaffle>
        <pressorGross>629683</pressorGross>
      </sevensCaffle>
      <carpent swami="unlealQuemelyDoddart">
        <detroit>217826502</detroit>
      </carpent>
      <vivdaUndon anilinoPern="1434" getsKiblaBedims="spurryHaulingWilhelm">
        <kryptonDingier>snouch</kryptonDingier>
      </vivdaUndon>
      <oozingNearest vitreumStadion="inionMealies182">
        <darkfulNeter>onkerCongoesDaybeam28</darkfulNeter>
      </oozingNearest>
      <punicaNarcismRomansh kerseys="erer">
        <eloinedReelersBlart>guergalCappieEtoile</eloinedReelersBlart>
      </punicaNarcismRomansh>
      <ficinShogaol>
        <jollTrentonTerais>1960</jollTrentonTerais>
      </ficinShogaol>
    </quashyEparchsBakepan>
    <sadiron latinTobiasLupines="fratery" typySalines="shiveyHypoxiaToil" uriaDharmas="173431" protype="bulbelVibrionMucors" arionEnhaloNesokia="sendsDarogha" uranic="myelomaSweatyTambour133" smilyPippierTentie="skaffEstated">
      <pawaw>buoyageMoffle</pawaw>
      <comlComoid drugged="dixainPunkiesBeprank" simara="monicWyvernSiding">
        <trowed>goxesKapote626</trowed>
      </comlComoid>
      <camisesPeaking donsGogglesMushy="yupon" johannCharkCytula="swings" koleaMuskies="wowserTanica" lymWhapuka="19">
        <outmans>7</outmans>
      </camisesPeaking>
    </sadiron>
    <peever>
      <isnBabbitt>codicesTorsade</isnBabbitt>
    </peever>
    <gentlesHainMissary>
      <shawny>6</shawny>
      <pagumaHadronJuno loobiesKhellin="40846415" nielsenCondomDoree="ospreysStocked" waney="dannock" babkaComity="roof">
        <oratorsDogvane>forradPrisageUnhasp</oratorsDogvane>
      </pagumaHadronJuno>
      <bawnCuteysLeonard romano="amiraySpouted" pitpitBerlins="aefaldEvovae">
        <pochoirTabefy>cipangoBosquesAblepsy</pochoirTabefy>
      </bawnCuteysLeonard>
      <blufterRubles>
        <ardishUnfamed>anticaCinclis</ardishUnfamed>
      </blufterRubles>
      <bawdVivosLuffas oversayBirthyFacies="3" ninetedEvejar="pobScathes" retiredKeupCouther="opsyProlanBraata">
        <tattlesEnvayeEviller>funkers2</tattlesEnvayeEviller>
      </bawdVivosLuffas>
      <ghaziesFastensVulgus angriteColletFlexile="5643927" spouty="9">
        <fomentsSatrapEplot>58</fomentsSatrapEplot>
      </ghaziesFastensVulgus>
      <denimUprest>
        <barker>empiricBrumbySherpa</barker>
      </denimUprest>
      <waivery>
        <anabong>4556</anabong>
      </waivery>
      <nilgaiForvayBlaasop subbassSiftage="ocqueGinsPoiana">
        <skene>pater</skene>
      </nilgaiForvayBlaasop>
      <claqueLibera daystar="frameaeBaryticGyrocar" hormismSixthUnparty="agoraeFurialKiutle">
        <deashedIntendShebean>azotateCurverOttars627</deashedIntendShebean>
      </claqueLibera>
      <paularBeanoBasyl nornTreator="maconneLeadwayRastle">
        <floggerWaag>vitaeStruck</floggerWaag>
      </paularBeanoBasyl>
      <catdomGiarre hutcher="fayence">
        <barchanFinnan>valois</barchanFinnan>
      </catdomGiarre>
      <grekingDoncy>
        <staid>13102</staid>
      </grekingDoncy>
      <barouniNagGastrin isletaGamebagSciapod="helices" juddersQuechua="hordeTarred" dorsumPhizes="motifsMousee60">
        <colinsHeatingPuckrel>sankSpied</colinsHeatingPuckrel>
      </barouniNagGastrin>
      <seamy ropeMantuan="sungarTurbeth321" vamfontBefire="theticUnsnowCymbals" nidderRiggaldHorning="81">
        <unswellHutted>loadingFishful</unswellHutted>
      </seamy>
      <somewayGeomant payrollArgylesToryfy="mabelaBerwick" tonged="13362" blad="brutal" aratory="velariaCrl">
        <glam>malonic3330</glam>
      </somewayGeomant>
      <missitLunate seconalAwnlessOribis="cabombaJennetRumage">
        <benzinsTrammanSinamay>namableMattaro2</benzinsTrammanSinamay>
      </missitLunate>
    </gentlesHainMissary>
    <grateRove amalakaPathic="urdeeSintersTetric" sirkyRemeets="bugiExceed" degameInduce="spontonCometic" jailorsLoungesHeeler="seacockTallows" bigheadMilvine="chaloneBradShrieks" tyroneIchoSeatang="rickingTimaniPanela">
      <reverbSludger>halling</reverbSludger>
    </grateRove>
    <unhusk>
      <alliumsMousyMyomere>yechyTyphoseCaprin</alliumsMousyMyomere>
      <gowlan glirineBilders="coreCrimPewit632">
        <harked>mopsAiding</harked>
      </gowlan>
      <boily dingoesAblesse="388602767" erraticSwippleSexts="nautic" ribands="laved95" themis="43807055">
        <mihrabThreneWalach>divataEcce</mihrabThreneWalach>
      </boily>
      <cottToreros sarcousMelody="adders" mohelsPeeversNags="drabantReed" gynecolEntrailLocate="boojumDuddy">
        <touchedTackersSida>gems</touchedTackersSida>
      </cottToreros>
      <unsoberCoigne gotEarnStrop="361222" werfTrillil="frig">
        <dirtiesInnlessFumier>altusBontee9</dirtiesInnlessFumier>
      </unsoberCoigne>
      <genoa sublong="13">
        <resters>mobableFungiteOrcinol</resters>
      </genoa>
      <whopsModemContact kophGhoulie="excludeOrbicle" ceroticEpocheFisty="415471973" clops="british" fructus="she62">
        <urogramKusan>tattler</urogramKusan>
      </whopsModemContact>
      <rapportLen quarta="avarianManist439" sialoidLichee="outsendInuresMiddled9389">
        <remassCranch>conrailCedrela</remassCranch>
      </rapportLen>
      <neetup melaniaPhoneysWoidre="twerpsAcmite" nulloSanford="anlagen" akreFlowed="relent">
        <spited>slare6407</spited>
      </neetup>
      <sheavesSyrt>
        <terFoalingAnnum>courterRamadan</terFoalingAnnum>
      </sheavesSyrt>
      <uparnaCooeesSparks>
        <grushieDigoxinReallow>deposesWhatchy</grushieDigoxinReallow>
      </uparnaCooeesSparks>
      <extends folialScarifyTercet="joyhop" bring="byrladyDentileOssea" rooty="waygateFrisker">
        <deputesIschuryRatoons>soricid</deputesIschuryRatoons>
      </extends>
      <outawedNovelry outlainNitwits="435594242" sillers="hexapod" flakersTenaces="cleeky" bick="staia">
        <sorbing>drank479</sorbing>
      </outawedNovelry>
    </unhusk>
    <recageLimbate>
      <transePardahsObeyed>auditDoffed</transePardahsObeyed>
    </recageLimbate>
    <viveur esoteryDiquatValinch="outlineWashy">
      <swiggedKitedDeg>getawayChermes73</swiggedKitedDeg>
    </viveur>
    <mustees samielsPugsLammock="xylylUpsilon" dumpledInfeftStyrene="rakishAdmrxKauch" sovStrowsVened="7912">
      <humpingElapids>muonsHewsTeleg</humpingElapids>
    </mustees>
    <stentorWheesht oleic="gromylRotulaOutsift88">
      <eggedOrfSimpers>croaker5</eggedOrfSimpers>
    </stentorWheesht>
    <behindsMonture drillet="raphide" velvetPianicAbo="364" stupedBainingThaler="upbred" pliantBarrenOogonia="73358306" flegmCururos="kliegYoruba">
      <cytulaeAbv>74</cytulaeAbv>
      <victorUreideKaifs kevel="dubbin">
        <served>sclimbPeladoRuglike</served>
      </victorUreideKaifs>
      <seechStudiosShoo edithAtaman="peasenTarwood" exxon="bromiosRuttedBudget" iraqPussies="palma">
        <clamer>258676</clamer>
      </seechStudiosShoo>
      <walahee>
        <pyjamasTiltyStimied>4979369</pyjamasTiltyStimied>
      </walahee>
      <lernaeaAffableAtrocha>
        <cuitleCroisadCital>cruderCoueism</cuitleCroisadCital>
      </lernaeaAffableAtrocha>
      <turgoidDipsosStandel plutei="agynic">
        <woolertEnjailOblata>epeiraKona</woolertEnjailOblata>
      </turgoidDipsosStandel>
      <kalasieOrthite vanessa="kibbledOviductArrayan996" cyamusHypoingRewwove="hery" zioniteExtrasBurka="taxonEagresStabbed">
        <madroa>grassesAudits</madroa>
      </kalasieOrthite>
      <laminalCornule amrita="xatRenoir" bilkedBandog="unadept" flawySwilled="zodiacsSeamsMellit">
        <grazedPestleDubbins>seisins</grazedPestleDubbins>
      </laminalCornule>
      <pinerScorpiiNears>
        <hootingTilyerPaloma>68012</hootingTilyerPaloma>
      </pinerScorpiiNears>
      <castor rippit="feraeLoutedRixy" smackerMonica="40" latooka="hoveLoveyPinang">
        <dustpanSuds>erotica785</dustpanSuds>
      </castor>
      <anatoxAration pandour="jazzierWite2" uranist="grudgedAntica" valises="26254445">
        <gopher>maioliGogoBundh</gopher>
      </anatoxAration>
      <buffeHdweDroits pudgeWeli="paulistDidnDebrief" netcha="74" seitCumUmiac="stroupEumenesRebribe26" edemataPoterGermen="54">
        <hazellyPanting>leaned</hazellyPanting>
      </buffeHdweDroits>
      <untawedCacan talcher="nibsomeBawd8124" octroiUtopianPangaea="rewinsWadmoll3">
        <indulin>225315</indulin>
      </untawedCacan>
      <apinage puckle="31122594">
        <floroun>97</floroun>
      </apinage>
      <prosectUnsunny abatersVibices="telexed" diddlerFockleAnted="826450">
        <fulsomeTroaksRollbar>773</fulsomeTroaksRollbar>
      </prosectUnsunny>
      <busto>
        <cowshutDarkeyBekah>orderedMake</cowshutDarkeyBekah>
      </busto>
      <mobil corset="deserve" corsac="mustees793" rehiresImproofBagnut="gong" gibier="dikaKegelerChrysis">
        <plangiBusser>acetlaYarth2722</plangiBusser>
      </mobil>
      <syceesBelickAlexic pedesTenino="versuteKustiToffs">
        <bedizenBuggingVizier>taxwax</bedizenBuggingVizier>
      </syceesBelickAlexic>
      <loyaler>
        <whartHandbowEquated>3861678</whartHandbowEquated>
      </loyaler>
    </behindsMonture>
    <munj>
      <hobbianSoupfinJackdaw>ericiusPelerinTheeker</hobbianSoupfinJackdaw>
      <credosDucalJails poother="monelEschelFaxing">
        <monepicApoious>chera</monepicApoious>
      </credosDucalJails>
      <opticFack>
        <furify>trieneQueuerPeplos7</furify>
      </opticFack>
      <griftsInsert>
        <hamoseUnbosom>299</hamoseUnbosom>
      </griftsInsert>
      <meckCockly ram="806775335">
        <shoring>rashfulKersey57</shoring>
      </meckCockly>
      <okinawaEogaeanSatanic>
        <termYokuts>8</termYokuts>
      </okinawaEogaeanSatanic>
    </munj>
    <caderNitride unsappy="patteSandals" joewoodEpicureVialing="overlieRennetsFeels">
      <oddsideIreland>4448904</oddsideIreland>
    </caderNitride>
    <aonianTenth nebularMocmain="lungees" biblessFustin="wingate" bagged="pilpay" shaheePottosDuppies="zermaAnconaSephira" buriatAclydesComboy="dextralAlcae" resinsCebilBasing="oversawBilletsNailbin">
      <bitchesFribbyCottony>spoolerBabuina</bitchesFribbyCottony>
    </aonianTenth>
    <magism skelly="lukanUresisIndicts" dumbest="lucrifyDribbleEvoe7" tilliteSozzly="bibiruOurarisRafik" cloisonEnlistBantay="rapicSpeckle" patron="woleaiGlebyWhangs" bircherMannify="tanzine21">
      <siluresKorunDracin>78</siluresKorunDracin>
    </magism>
    <neuriteAdreamtEarthen erbiaBallowCosign="782670538">
      <rookingTowghtPrefers>wakwafiFllUpcheer</rookingTowghtPrefers>
    </neuriteAdreamtEarthen>
    <corylPrion velaria="pudsy1" reccheBrokeMapping="chetUnhiveAwaste" sialoidAtingleAgrafes="entrust2" tenon="restealMassigCystous3">
      <randoriRechuck>residsCarpal</randoriRechuck>
      <lamdanMoonlet attaleaCuisine="28">
        <eruptedThymeleEnright>lanierBicetylGegg</eruptedThymeleEnright>
      </lamdanMoonlet>
      <perhaps caraipiDrysneCornu="stoutsWindas" symbion="8873" bakerlyCervine="glycin">
        <ura>divusMagnetsPoints4</ura>
      </perhaps>
      <serphidLaocoonPogies sniffer="245" goncaloBedOnicolo="uluYest" flareFeltedPuzzler="screamy">
        <brynza>brandsCrab</brynza>
      </serphidLaocoonPogies>
      <torsaloMerlin biddie="sugamoAute" febresAppals="nookedYameo" chesounAspirer="strue3">
        <moliesTotonacTaiyal>hahaCopier1</moliesTotonacTaiyal>
      </torsaloMerlin>
      <dumberXylinid beslow="8260121" wakedDekingMouses="rifled" tendrelSteep="3427218" berghTalas="toppleBeddedMowing">
        <vocable>zonta</vocable>
      </dumberXylinid>
      <tostadaBobooti libidos="84623" deploysDsects="18405">
        <oocytes>mabbleRacemes</oocytes>
      </tostadaBobooti>
      <recencyKinasesBuyer rims="chupon" shewShottedDioecy="423653260">
        <briber>8055</briber>
      </recencyKinasesBuyer>
      <temptThigger inverseCoth="naysayEardrop" dklPorcPuss="creweCriss371">
        <taperlyGallousStymie>74703</taperlyGallousStymie>
      </temptThigger>
      <augusti branles="bromidBastant" bruiserJinnee="calkedBryum">
        <seminarBesmutsToponym>sumacUterineSired</seminarBesmutsToponym>
      </augusti>
      <prom wordy="wakwafiCurtisPenalty" partiedOutrapCourses="racquet" brantaChases="kuskusMoky">
        <duskier>6815209</duskier>
      </prom>
      <ass chisCallerFrecked="suevianPellets" bopPectinsFuegian="ridleysRomper" poleynStarnie="reflingRefr" rastikChiurm="venomed">
        <leaning>kubankaTextPruta</leaning>
      </ass>
      <carleUplandsBinder algesiaMarasca="50" greableHoondeeErminee="speelIssuedChilla849" gothiteRaddledDactyl="6353562">
        <gladeye>ginnelHopsOrpheus872</gladeye>
      </carleUplandsBinder>
      <annotVolenteInfest pulahan="stupp" paramos="trudgedOboletUller" kiel="narduGalanga" gainful="etape">
        <muonicLores>unwillDiagram</muonicLores>
      </annotVolenteInfest>
      <ripostJalop argyleVeily="mildful" helmMoolveeBlake="putrid" golfersFlavius="maioli152" squushy="ruanaCrustedKinless7">
        <inyalaTylosesThacker>kabalaRatlinsMunches</inyalaTylosesThacker>
      </ripostJalop>
      <crusterCasing piniteGushy="4089887" cortMegbote="culrage">
        <coolenBeeve>soccerFauveScrike</coolenBeeve>
      </crusterCasing>
    </corylPrion>
    <wharfed flogs="soonishTrefah623">
      <noonsZoboEurous>epilogs582</noonsZoboEurous>
      <quinovaChoushPhenix>
        <goreUntaut>spirtClaucht</goreUntaut>
      </quinovaChoushPhenix>
      <turdoid coelomaLaridRepin="dodmanKoodoosSoldi" tangentAshing="respan" yarnBreadth="tabandPompeiiGeejee" searce="20804166">
        <sudoricPundumMignon>santy</sudoricPundumMignon>
      </turdoid>
      <remask tahgookDacoits="5206" hydrate="joon" chiroJann="circa" tallishPuno="9095935">
        <bekahSalting>184</bekahSalting>
      </remask>
      <rpmAdret>
        <ladensKeltGaller>cornierOvercupPortor3077</ladensKeltGaller>
      </rpmAdret>
      <riderMyricaPainted rumpyGedact="malmsAurify">
        <ankylosHeddle>teazelDhootiYouths</ankylosHeddle>
      </riderMyricaPainted>
      <outrateMolasseFlavor>
        <luggar>frittsUraei</luggar>
      </outrateMolasseFlavor>
      <myoidCesural amphibZealedUnstops="245601698" hammedWagsome="rankDebase" smites="autarkyVilli">
        <ectasis>tamaraoLowsinUnboxed</ectasis>
      </myoidCesural>
      <dwellerPunkest>
        <doggeryReboilRouche>ephodTertia</doggeryReboilRouche>
      </dwellerPunkest>
      <ionises poogye="sutteesScibile" tarsMysid="parianBemottoHala" hitterMaughtPennill="52405" pouffsYeelins="grinterEbcasc">
        <widowAmunam>undiesBrool</widowAmunam>
      </ionises>
      <spewy tobyFoujdar="794359821">
        <thwack>795196</thwack>
      </spewy>
      <pinonicDecedeLegroom speosUnscarb="mazing" muntjak="abraidZer" waenessHelvine="96130">
        <toysomeNegundoLynched>3370</toysomeNegundoLynched>
      </pinonicDecedeLegroom>
      <baxtoneRaash unslipSpreeSalta="shojis" cadmeanBrainyYaguas="meisjeYodsScorse" asb="unsadly">
        <pickeryCowersBakshi>selfism441</pickeryCowersBakshi>
      </baxtoneRaash>
      <dinghee vivaceOnagers="477081272" siccarParts="caryaSaints">
        <flightOsphereWaughy>ploys</flightOsphereWaughy>
      </dinghee>
      <maleo doolyBartreeUrheen="patmosPizazz7263" trilletStaplf="amarinAgy255" analgenBathyl="gipser" stuppRidger="rubrifyWriest">
        <diffideCangan>kittoolGamoneGuze9537</diffideCangan>
      </maleo>
      <perp saberKittie="locoism3445" bilatiCotansHaiku="617">
        <strobic>shakha</strobic>
      </perp>
      <etymDarky acaciinLadkinMetier="2">
        <risersOaksSiring>delftsWhaly</risersOaksSiring>
      </etymDarky>
    </wharfed>
    <prutDrawn jissomKosongCamwood="tannaicOrbing" wrawlerBeroida="sellsSaning" bawneenGazeful="outspedRammi281" coneSamkaraArsheen="clar" arugola="diamidoFratsPridy" slurbsConvoke="james">
      <termedBryon>6</termedBryon>
    </prutDrawn>
    <unbraveCoddersApiole>
      <migaleFrozeStaning>krelos</migaleFrozeStaning>
    </unbraveCoddersApiole>
  </minkopiTripodyDyphone>
  <exertsPiala>
    <ilokanoFedn>
      <waubleBullish>titer</waubleBullish>
      <stupesCiceroExuded yenning="quahaugBainieBourns">
        <atriaBlubbed>dawsInbond8068</atriaBlubbed>
      </stupesCiceroExuded>
      <hiantRepave>
        <dirgieFlasque>shardSetwiseInmore</dirgieFlasque>
      </hiantRepave>
      <skinkerNonet liepotCommitLevees="418721971" frizes="81929" fellowArchspy="tebeldiZananasDetects" chandooTougher="chiasmLaves">
        <goarLiftmanReboke>257744862</goarLiftmanReboke>
      </skinkerNonet>
      <upshootSudsingKelps ceps="pulquesBawlsLibget" uncurse="hairedAbusesDecard">
        <wildishCerciConusor>hoptoad</wildishCerciConusor>
      </upshootSudsingKelps>
      <parisisNeons>
        <tendoorPoss>slays711</tendoorPoss>
      </parisisNeons>
      <mimirIniomi kvarner="pptnTriole627" maut="ciliaNepheleNanes" umiaqPlucks="carideaEnflame" ihsSynusia="livestFarcist">
        <shrogFlauntsSlarth>wallop99</shrogFlauntsSlarth>
      </mimirIniomi>
      <leggerGaultWidows herausPatens="leaversUpupaChigoe" wenchContoLiggat="trishnaUpwall">
        <undoped>untakenUnpiles</undoped>
      </leggerGaultWidows>
      <empowerAntiqAuf ringmanVentric="upriseBeerish">
        <gelidlyCriollo>36792259</gelidlyCriollo>
      </empowerAntiqAuf>
      <ricks poditesBezils="ghattiSweaty" tientoJolty="sayyid" cares="swertiaPorcate">
        <unseatsMammy>almagraRamulusFrowsy</unseatsMammy>
      </ricks>
      <busti cpusGleys="dowserMuletaDryfarm" meuLigyda="linums" sesbanJabiru="othmanElated">
        <halides>upsilonChooraRechal</halides>
      </busti>
      <complotTetrolePulpers>
        <happerColombo>bombs</happerColombo>
      </complotTetrolePulpers>
      <alfur ligulaePsykterFrusla="dolcinoGambFifers" staticsBulak="colanCoriausWhitlow" flemeTafiaHwt="figgierRimeMuns899" haeres="burlap">
        <carreau>galjoenJahvehMaghi</carreau>
      </alfur>
      <skrikeGlossas>
        <medal>bywords</medal>
      </skrikeGlossas>
      <puckLocketsYachter>
        <helleryThrimp>bifold</helleryThrimp>
      </puckLocketsYachter>
    </ilokanoFedn>
    <unplant bayedPantry="touserOrbicJism" duppaMycosinAlbian="pedro" sodden="nearishTweezesDelist" cloddedNecator="syconusBulse9149">
      <abyOarmanDatchas>canali</abyOarmanDatchas>
    </unplant>
    <misfit owenize="stageseKobanCopers" biosisUnakite="alnus" godhoodGrewGanging="6" cranic="4995" chappinDudley="75349" shooflyRuinedVagary="750" nereidSublidTwines="bahoeBlae720">
      <souther>59</souther>
      <havFreshedVasal>
        <hexaddCatpipe>towmast</hexaddCatpipe>
      </havFreshedVasal>
      <skylineKerritePosnet sabatonThinScummed="aristEmbus" cowgirlDamager="3" bewweptOddmanManatus="chukchiFortiesKwela" floshIncavo="4">
        <quintaGlaux>rueAsemBonnie</quintaGlaux>
      </skylineKerritePosnet>
      <benwardDrivers busticPaleron="luteway8906" calloo="milesMesquin916" forams="ceralViolerMaugre">
        <ursidaeDinnerCafard>viewers</ursidaeDinnerCafard>
      </benwardDrivers>
      <jamiAntling>
        <elkhornUnguled>gaussesKonini</elkhornUnguled>
      </jamiAntling>
      <curlyLazary flitesTopsmanTurgy="rajaFohatVenero" sanseiMeanersMoliere="956431" prote="doublet" caldenQueensTroops="8">
        <poschay>32</poschay>
      </curlyLazary>
    </misfit>
    <sbirro gorgingWetchet="goidelYawlerUppowoc" drunksHuipil="4563">
      <liangJambulTutelar>876058</liangJambulTutelar>
      <trueing>
        <ecart>warderFriller</ecart>
      </trueing>
      <soyasBrulee foetureUnspeed="daoKylin">
        <siddhaRuddyCloddy>tolidinHuaca</siddhaRuddyCloddy>
      </soyasBrulee>
      <bilboa csardasKinkerBear="655020" decareSprungStilb="invile" ashfallDesmids="argolsTutusGisel">
        <tochCodableGraddan>rebill</tochCodableGraddan>
      </bilboa>
      <chaponAsper>
        <tulareCleomes>blisses</tulareCleomes>
      </chaponAsper>
      <perilsLottosFitches fives="cultivePosing" genealEtalageStrych="malkinsTrillet" yesoEdgeman="nounsVista5501" unrazed="50">
        <maytime>coplotWorkerJaggary</maytime>
      </perilsLottosFitches>
    </sbirro>
    <brittVolga>
      <mentionCensorVassos>rhinionSaft</mentionCensorVassos>
    </brittVolga>
    <knitterUdalmanHairen arerola="croakerDubbahIceless" yaffingPuplike="manorsSulea" tapsLanguor="2414092" tiddleEyneOxcheek="leghornSkaldsGunship2" leashedArdrigh="rangaleMelenicArmless" spicasUproarBijous="surviseTearcat" ozenaBetake="ambuliaLeafsKreatic">
      <angulaGabbardBeround>donuts63</angulaGabbardBeround>
      <shinesTroakedDiva yojuaneProheimOmegas="slurpSaggerKisaeng" filmdomLappersAgnosy="debagFrate" malam="firersHamadaPavanne6270" sunwayNidge="hewers59">
        <dona>crohCamisa</dona>
      </shinesTroakedDiva>
    </knitterUdalmanHairen>
    <stanzoMotile bitingPyropus="goldbugRash" hirudinRecocks="flouter">
      <rubs>avantPoemet</rubs>
      <kuliVenuePapists squirlFlagon="761446065" oblatedMulmulArgonon="anuryVoguesWampish8937">
        <commyHellos>lyssasWetly</commyHellos>
      </kuliVenuePapists>
      <alohaTmh santarAntiars="7633436" forcyAgisms="pickySpireme" pandalPaeans="76532261">
        <juwise>zachSibbed2</juwise>
      </alohaTmh>
      <ultTopiaNoint>
        <antonioPeeryGantang>43955</antonioPeeryGantang>
      </ultTopiaNoint>
      <avarsComasSummas bizoneTyroid="slobbyEnmity">
        <olenidSpeedCramps>817</olenidSpeedCramps>
      </avarsComasSummas>
      <hurtedAcate cropsNewsfulWitjar="venulaYukkel">
        <cabaAgistor>enspell</cabaAgistor>
      </hurtedAcate>
      <marcanIodids>
        <patoGowlRends>flumesVistaEnglut</patoGowlRends>
      </marcanIodids>
      <gussieClump hizzieTsades="monauliCochLoe" rosinsStair="nattCosmete">
        <wardedLabraProxysm>25</wardedLabraProxysm>
      </gussieClump>
      <apiolTravisFuscous antenna="amididMura">
        <verdantDyeings>677147495</verdantDyeings>
      </apiolTravisFuscous>
      <woadyPlateCastoff heilsReserveHipless="7">
        <fallaceAnthus>optsDeviantEthoxy</fallaceAnthus>
      </woadyPlateCastoff>
      <amir deadman="129458" fusumaDaciticJibboom="toorock2">
        <enleafAntibug>subduer</enleafAntibug>
      </amir>
      <traikedVarvedDillis datumLug="pitpropPuerileDaft" upsteal="9979409" lush="gandaMarlenaJacate">
        <critterEurope>screetBurling</critterEurope>
      </traikedVarvedDillis>
      <pipping livetinFlypastRisque="640369192">
        <ribose>glubBoleite</ribose>
      </pipping>
      <irpe bustardCougarsRerise="upleanHuffler" droners="lowryStigmalAbated" paukyGlucide="erinysSmewBougee6">
        <juniusFolksay>tonletsBoozes</juniusFolksay>
      </irpe>
    </stanzoMotile>
    <blankit>
      <slurpApinageAslant>blellumViremiaTanjib</slurpApinageAslant>
    </blankit>
    <deltas>
      <arsenyl>128</arsenyl>
      <origanTarfa>
        <obtainsGelidEulytin>pulvicWhatmanHiera</obtainsGelidEulytin>
      </origanTarfa>
      <metisApilary blesseSources="whalersPetro" gelilahTroubleSenaite="silvernGrenadeMeals" turkenOffererPrigman="happenVeilers" writeePugrees="52">
        <natronsClerid>tipoffBrukeFilch</natronsClerid>
      </metisApilary>
      <oraleInurnChorion antigen="triazo1">
        <upyokeRosalie>bacca</upyokeRosalie>
      </oraleInurnChorion>
      <shadkanRanking crenaeJones="average" sycosesVarnish="savssatTiao">
        <oarageGeranin>thwartsAvenousUrinant</oarageGeranin>
      </shadkanRanking>
      <cytulaCotys pirate="65" sods="ladhoodCassiusTreille" curiam="masoner" sherifs="79962150">
        <ginmillCicerosBodies>fittingHayingsProso46</ginmillCicerosBodies>
      </cytulaCotys>
      <butylicPanics goblinCrust="siuslawVirgin" gadslidSpumeCardo="109508" cypresShrinky="fozierBlickeyCadouk" vallAimore="hirling4418">
        <sozin>77082272</sozin>
      </butylicPanics>
      <sune blini="gun" affies="992454">
        <abjunctChanterFauvism>942749566</abjunctChanterFauvism>
      </sune>
      <meuni awanyuWarming="grotsOriel" asterBetsyAlumish="gruft" softieOuvert="camailRageousRubs">
        <thurls>9142</thurls>
      </meuni>
      <losings keesterHygiene="sangei" shachly="seneginRecantsPomeria6246" octects="quotidTaxless">
        <renegueJudices>defaces</renegueJudices>
      </losings>
      <leiger tenchesDeils="doubler" crocketRigourSkasely="meekly">
        <scillaShauled>stadeGuising514</scillaShauled>
      </leiger>
      <enrobesFootle unsunkResets="eiffelRepique">
        <helixin>hasanIndazinReally</helixin>
      </enrobesFootle>
      <schlumpPinnas>
        <nations>mariNayarit</nations>
      </schlumpPinnas>
      <evermoSuperi hoseCadgingPalmo="trialPietismSpewing" sacella="tinpotEmbayKhatti" wall="bonnyGrumium">
        <plockTitmice>sepadSigmate</plockTitmice>
      </evermoSuperi>
      <colickySlantly cequiAqua="stankPranksBoarder" tipsterPikeThorter="overdyeTickler" tamilicKaleegePeccant="shalako795" ardure="slates">
        <gasconAntient>galei</gasconAntient>
      </colickySlantly>
      <topnetEildAgasp mutuelRaiyat="littler">
        <valsoid>retrialWaymarkTephras</valsoid>
      </topnetEildAgasp>
      <governArclike facades="626" rubiedEmfDft="miltVandas">
        <goboneeQuitoAngaria>laddiesTamlung79</goboneeQuitoAngaria>
      </governArclike>
      <gunlockVicar>
        <cattySummate>leadier</cattySummate>
      </gunlockVicar>
    </deltas>
  </exertsPiala>
  <governMusing bemolt="hoaxed" kibyInarmGums="usun" tentoryParter="wolvesPatapatStrolls" darkleCellars="assisanHelloes" />
  <treyNorit yaupsPukingThewier="damasksSoraIvorine" dreamed="sidderPercoid">
    <oraon leproma="arctics6261" budgieFowellsJabiru="319699" provola="6">
      <gaunch>arisaidUnnear</gaunch>
    </oraon>
    <testedAglet noupJabot="fanteeHadit6228">
      <cobblesBridie>86</cobblesBridie>
      <muscowQueuers tenurePraysHelvine="spirtAmidinsInlayer" etwas="seekerHedgers" babblesImbalmPerrons="univiedToityLevet945" commandMismateWitship="mincopiGarconIsthmia1504">
        <beduinPapagay>elector8312</beduinPapagay>
      </muscowQueuers>
      <vain dixies="nandin1">
        <gularRulers>capronNighest</gularRulers>
      </vain>
      <tokaysStraint hardier="benzoid" macular="hicks309">
        <reswageInfinReknow>cereFps</reswageInfinReknow>
      </tokaysStraint>
      <shaggyAidant satinet="sanesRompuAreolas" hurl="corner">
        <atoneClogs>abasiaEsterMatax</atoneClogs>
      </shaggyAidant>
      <nagorGidjee distillEvviva="balkerCuttler" fluoric="610630379" pistic="rad" curves="knackerTungAgudist">
        <banquetCulverNouns>trudgedFrisesDeckie</banquetCulverNouns>
      </nagorGidjee>
      <askipTumular unblessPhenix="replDefocusTikis603" sulkyOrarion="iminesGapper" poutier="kentLipidFoodful" wheresoSicana="alkanesCharcia3">
        <mararieNaivelySimmons>orogenAntraImpeyan</mararieNaivelySimmons>
      </askipTumular>
      <yacata humates="lususNomnemOpacus">
        <soupier>frazilRefool</soupier>
      </yacata>
    </testedAglet>
    <kouros huzzaClyssus="echidnaLeapingCoax">
      <priesMuphrid>5162882</priesMuphrid>
    </kouros>
    <lixiviaPalolo crinch="asperlySexistOutbeg" tritaphGowkMortis="tirretCoosChaster" teiidae="frs458">
      <vita>weatherAnglerRuined</vita>
    </lixiviaPalolo>
    <weccheResidFolksy>
      <lumbagoPlimsolLatrant>pickmenMulmTitian</lumbagoPlimsolLatrant>
    </weccheResidFolksy>
    <destrerPushpin>
      <daemonyBranky>pitayaCurches136</daemonyBranky>
    </destrerPushpin>
  </treyNorit>
  <assumerForetopSabaton conableKiswahHoppy="7681139" launchQuedlyTiptop="remixtMoujik" extinctSaltily="luaus" gyring="picusMiddlesNonfat" />
  <venie />
  <chaws meruitThomanDural="compert">
    <reeject>
      <tantivyHareburPickel>weaker17</tantivyHareburPickel>
      <knaveCreaserPaniolo fizRouky="negate">
        <catgutsDispand>tackierPlan</catgutsDispand>
      </knaveCreaserPaniolo>
      <comic lesser="polygonCongery" cubbyPlotx="queechyDustup">
        <fraikCsmp>338</fraikCsmp>
      </comic>
      <hiss>
        <coxalRestock>recodeExolete</coxalRestock>
      </hiss>
      <gibe mossAbabdehBini="91" mohar="562860">
        <pasulGhoster>voguishJarliteDeticks</pasulGhoster>
      </gibe>
      <cipherOutbulkAhey vidualGravata="costae">
        <croppiePinnaeDorad>epistWhekiMuscoid</croppiePinnaeDorad>
      </cipherOutbulkAhey>
      <lumper scyphoiRubigos="ellopsDicemanRefence" uretal="47294303" klingDickeys="vouch" mucinsReekBeleaf="radiacBombeBact">
        <haenPhotEvisite>7740</haenPhotEvisite>
      </lumper>
      <hoghideTomeful wimick="523066143" svc="vitreal" footsie="rondel">
        <sapient>monkeysComartInswept</sapient>
      </hoghideTomeful>
      <hathiBowyers spakedSpigot="chandoo" simconCheapen="rozzers">
        <startsy>7</startsy>
      </hathiBowyers>
      <answers>
        <labores>feere</labores>
      </answers>
      <hoho moorKukeri="anesone" sorcerAditalTowlike="mediary" areitoProsist="amyloid" dewaxes="bagonetDrupesAldern55">
        <amotionTargetsSpece>pithosPagurus</amotionTargetsSpece>
      </hoho>
      <sycite woolyRaccoon="scolb3452">
        <outplot>46</outplot>
      </sycite>
      <shales>
        <unyokedNaiveteCashers>tubersTraduce5</unyokedNaiveteCashers>
      </shales>
      <gedacktSmudge whingCleadRancour="balanta" gamariTutly="upcarry775" scrotumDujanAnoil="710551">
        <sparusMittens>85318528</sparusMittens>
      </gedacktSmudge>
      <bungo fleming="inwraptMullerFrape" outputOtariesTembeta="chinchy">
        <robRelever>curvesBasesEsbay</robRelever>
      </bungo>
      <tsking prevue="lookedAtlatlsCeltium" blaubokNeedierSlake="bunyas">
        <perdy>pinaxVeeriesPotmen656</perdy>
      </tsking>
      <enjellyNylon>
        <idyller>6215839</idyller>
      </enjellyNylon>
      <flabelPrawnyCocher emaniumChambre="maugerDiscoReties" tignonPoloi="fubsy" geltDebited="pomsterWacago">
        <sosoishKnolls>besmile55</sosoishKnolls>
      </flabelPrawnyCocher>
      <quiescePileusFrailty godward="marais84" scapulaAcetifyMoleism="reshear">
        <irrideKerryMakran>shudderCaesura</irrideKerryMakran>
      </quiescePileusFrailty>
    </reeject>
    <eightyMokumMoop>
      <shikken>hubb</shikken>
    </eightyMokumMoop>
    <sheathyNakulaMohave>
      <ascelliCaskingAgent>tenterApionolColius</ascelliCaskingAgent>
    </sheathyNakulaMohave>
    <dunst>
      <gilliedSamuelGunsman>loppedLstKadine</gilliedSamuelGunsman>
    </dunst>
    <obeah>
      <enatant>supp</enatant>
      <sbloodFourrag haumArabanaPassout="unlikeMentionLakmus" sacral="dikersCornifySueve" peelismBedumbsExplat="winsRasaKabyle">
        <klvaForcing>gleanAureneFresh</klvaForcing>
      </sbloodFourrag>
      <euskaraPocky dwarves="2461128" ethions="termlyAckton">
        <debonerPontin>preface</debonerPontin>
      </euskaraPocky>
      <barbels amidinChiselsUndock="willerBeasts">
        <hartailCrimean>fab9</hartailCrimean>
      </barbels>
      <hydrase>
        <wonnedGliosaPalinal>924</wonnedGliosaPalinal>
      </hydrase>
      <noiseUpbuoy unison="regrewCohol" yaffSperage="kameelFogydom" danubeBizeSarlyk="jemmilyAtedAppay" trunked="fusses">
        <nunlikeDeilJuggler>pulmentMismake78</nunlikeDeilJuggler>
      </noiseUpbuoy>
    </obeah>
    <damiaReemitKoff>
      <invitalDrovingMitoses>shri</invitalDrovingMitoses>
      <elbuck pantry="bokeUnboot">
        <dartoicSchwarzSantee>32216</dartoicSchwarzSantee>
      </elbuck>
      <emblaze>
        <iniomiDebugs>quafferSestetsPoter</iniomiDebugs>
      </emblaze>
      <jotisiEscotElkhorn layne="ibex" truismLifting="6611" weeversBrince="ozoneMiamia">
        <overs>garotes</overs>
      </jotisiEscotElkhorn>
      <charlieChaetaUnsiege why="pumasExpurgeAmigos">
        <smritiPintoes>ooidal</smritiPintoes>
      </charlieChaetaUnsiege>
      <dewlaps dogging="helderWholeTentory" kunai="sotol868" pedateFlocky="briton">
        <arlingFavela>99407382</arlingFavela>
      </dewlaps>
      <sollerVandas>
        <embanksFeedsDbrn>sermonsRuthConged</embanksFeedsDbrn>
      </sollerVandas>
      <mufasal vavasor="5" unshaky="jigget" upworkLambies="3457" shanti="50">
        <koodooGibbarReviver>drummyGathaConcavo</koodooGibbarReviver>
      </mufasal>
      <hiaCypridQuaking baboolsSalvos="sissuCotedRad">
        <waspPipy>argalaTeflonPrecise</waspPipy>
      </hiaCypridQuaking>
      <capletScreamyOnto tinmen="tphRecoatCetacea">
        <glostsWhomped>tuffetRepourVelunge</glostsWhomped>
      </capletScreamyOnto>
      <diker alimony="lewder" fenetre="atangleLoopy" mereSoaredTummy="whalingEyehookReesty" steinAldane="dryopesExla">
        <enhuileHowdahBella>ghazal2336</enhuileHowdahBella>
      </diker>
      <pushrod complot="cadbote" tzetseLoransEduct="kor">
        <russudPlutusBemixed>sarodeBael</russudPlutusBemixed>
      </pushrod>
      <pho consomm="sternnaRebbes">
        <vanadicDipylonUnshell>reeskZyzzyva</vanadicDipylonUnshell>
      </pho>
      <adeptlyArbela fallaKlutzySpock="shadkanFunnels" foresinNupeBicorn="22986" moanedTshiNgapi="racemeEnecate">
        <bhava>198267</bhava>
      </adeptlyArbela>
      <aliquot sperketDishingInwind="pttsGuffawPennant" libeleeJaggedAgonal="4997489">
        <anahitaCheezit>certisSnath</anahitaCheezit>
      </aliquot>
    </damiaReemitKoff>
    <zinzarSahibsFlocci>
      <baklavaBilicCheero>letternSiever</baklavaBilicCheero>
    </zinzarSahibsFlocci>
    <jagirPrivado granteeCankerAgon="sornerWriedRadish">
      <majoremGestateUntop>388325</majoremGestateUntop>
      <cleftedBonds>
        <bedfastPellageEpa>quemadoUnhaspBezante</bedfastPellageEpa>
      </cleftedBonds>
      <novenas lalangMyoxine="torgotPagefulOnym" affaite="pereia" kumniUnnear="guloseIllicitUxorial" coactsEngarde="basoidLaichsPiffles214">
        <gytrashPosherProcbal>childes</gytrashPosherProcbal>
      </novenas>
      <palabraImbowerShaves jiminyLobbish="slinksUnitedCaged" jagheerPiston="sahme" decardShovalProrsal="briersRegaleEsau">
        <phloeum>quipper</phloeum>
      </palabraImbowerShaves>
    </jagirPrivado>
    <spina>
      <cottarLyinglySafe>soccersSpaniel</cottarLyinglySafe>
    </spina>
    <tactUndusty eyewort="agaspCoequal" mootman="gustoso">
      <yirthsUnmaker>6175892</yirthsUnmaker>
      <driddleNilOdible>
        <blasonVineae>9380211</blasonVineae>
      </driddleNilOdible>
      <haiksAttacus satangsWafflyPasture="69586776" markebMammaDosain="annicutDislipQuintet" bldrWir="834">
        <chininEburna>abvoltsAthlete</chininEburna>
      </haiksAttacus>
      <foderSilkingMobbers orl="cupfulOilyish">
        <howeverRoseousProst>rainyDarby</howeverRoseousProst>
      </foderSilkingMobbers>
      <swishedRodDioxan bayonet="583959" trollopSuling="skillet" syedDoebird="trullan5252" coilersArglingObject="3523467">
        <rostralTgn>maungyStoit</rostralTgn>
      </swishedRodDioxan>
      <baizaMussack jellico="rept">
        <bayedParityZizz>exhortTaigleQuaere</bayedParityZizz>
      </baizaMussack>
    </tactUndusty>
    <warhead>
      <mimingLankestOxgoad>paroledAwaitThaler6</mimingLankestOxgoad>
      <salud indictsTeenty="parlingSabeing" ludoHumet="reserve" khakham="reedily">
        <unmightHarre>814</unmightHarre>
      </salud>
      <seaward tidioseZemstvoTurkic="oudCitrusSperse5587">
        <labrum>paxwax</labrum>
      </seaward>
      <italicsEnthral apasote="kleshaSubsectBiuret577" burgoutCraniad="unchain">
        <tapetta>heinousGadgerGrivet</tapetta>
      </italicsEnthral>
      <moaningTromp dravida="basutoLovey">
        <rabFageLassoer>nunnifyEntered</rabFageLassoer>
      </moaningTromp>
      <almacenUnvyingLustful distantPostage="wadisProvola">
        <hockerBengalRelaced>stikine</hockerBengalRelaced>
      </almacenUnvyingLustful>
      <costedSalting languetUntruckGlumose="35337">
        <scuft>yachtBanbury</scuft>
      </costedSalting>
      <aviary suaharoVariola="inflateLinterEschel">
        <mudcat>35767752</mudcat>
      </aviary>
      <belloot>
        <bedirtyAumakua>goody</bedirtyAumakua>
      </belloot>
      <mastics agones="sommiteGelledMandate" abieElian="neatensTelfers494">
        <saxtenLampf>rotatorCooWinker</saxtenLampf>
      </mastics>
      <radiodeLiveth vernixAlmondy="dircaGradely">
        <boeing>begoGenets</boeing>
      </radiodeLiveth>
      <roughtRepinsBlowups oathful="ceilersJosieFolily">
        <araneidChilledEcderon>prewire</araneidChilledEcderon>
      </roughtRepinsBlowups>
      <ovariesCling rongeurBubas="yemselMansion3444" sherriBibbersHugo="taffety" jim="16" gaffer="toozooAccrete">
        <wittomeCalyon>burnsBuckyHefting187</wittomeCalyon>
      </ovariesCling>
      <uttered zoonule="eboniteHykeKobolds">
        <spary>426</spary>
      </uttered>
      <vanSeeker bebayIsletaOpcode="68627">
        <spokanShyer>fiacreModge</spokanShyer>
      </vanSeeker>
    </warhead>
    <printOililyHylodes>
      <tuneboSensusUnfelon>designs</tuneboSensusUnfelon>
      <copyingKidsBadgers bodword="zoundsCoostMullid" ecdysonWraptWinful="kingrowInertWhapper">
        <thirDuncesRecarve>pachons</thirDuncesRecarve>
      </copyingKidsBadgers>
      <veldtsFlayer coelderAvogramGrivna="killigArabica">
        <brinersBuckraWatson>63411</brinersBuckraWatson>
      </veldtsFlayer>
      <comptsFarcist fouterQuestsGuessed="parseOleaTinnier" gyassaMinawayEnerve="formeltDownyTonikan" fiannaGrovesMouflon="chimers">
        <loupesZoeae>manx</loupesZoeae>
      </comptsFarcist>
      <dansant limulusLungieRequit="pontee" heuchFeeze="trickyModeled" bedlamSmittleSkee="335757555" prosper="potline">
        <likable>ashiver5</likable>
      </dansant>
      <sailerGlad apostil="oleg256">
        <neutralDaijoTitman>nutlets90</neutralDaijoTitman>
      </sailerGlad>
      <linnsMeteor ergoism="273612">
        <enifSundew>curvate9965</enifSundew>
      </linnsMeteor>
      <crickle cesuras="and551" pimpingInwornUpswept="sloughy" dealersOrganaRackway="521998" yawledFlatletFuck="benty">
        <nimbose>64</nimbose>
      </crickle>
      <whapukaDispHatches bixinCadilloBarlock="outrailTonantPatacas" herbarStores="elaborTipoff">
        <judexAlkoranVerdugo>49690</judexAlkoranVerdugo>
      </whapukaDispHatches>
      <lexisPulper dasturNoting="derobeChurelPinnet" pining="midironShoughCussing">
        <foxFollerXint>flagmanRantanAppere</foxFollerXint>
      </lexisPulper>
      <sicariiDubbyDialist>
        <ilialSouchy>tattherOrtalisCattier5654</ilialSouchy>
      </sicariiDubbyDialist>
      <megassInfamedZinc xanthylWills="cowpoxKnees" turbitMothedTonuses="bigotry">
        <urgedPooveRockets>patrixNookery6709</urgedPooveRockets>
      </megassInfamedZinc>
      <chlorin>
        <daduWaisted>46316210</daduWaisted>
      </chlorin>
    </printOililyHylodes>
    <nanosecAswirl sojournBlotttoChurm="titien">
      <abo>terpeneRonyonsAnglian33</abo>
      <skaw suistUnpent="2055316">
        <benthicLasagne>38</benthicLasagne>
      </skaw>
      <shoedTittups>
        <woilie>71166</woilie>
      </shoedTittups>
      <saucierAlachaEntices cooty="crispySepultPerigee625" scabbedEndeVacuome="intrapDebunksAutocue" mutinesProsode="abri">
        <bearess>tsurugi</bearess>
      </saucierAlachaEntices>
      <anywayNarkedEpigene quotumNellyReshift="primly">
        <merchScotalCraws>vistaRebaledJotted8042</merchScotalCraws>
      </anywayNarkedEpigene>
      <robinia behavBaghdad="hayey" yeelinsAudaean="3653481" verona="sameAsonantChadors" oxeateFlittedCineole="korzecCrista">
        <cotice>chigoeAttire</cotice>
      </robinia>
      <virgoRoarers huffingSarcura="25">
        <alkalisKra>sylphAgra432</alkalisKra>
      </virgoRoarers>
      <frore reduxChiasmTinders="877" pokuntLeste="toliteSmashupChields" rilled="gutsy">
        <navelLuiOutread>respoke</navelLuiOutread>
      </frore>
      <bescurf jabbleTussive="agugliaSubwinkCalumet" exhedraPeroxylSmall="pilluleKoosinCantor" gippyFonded="botchesGearsOzophen2">
        <fellahs>ragedDaleths</fellahs>
      </bescurf>
      <crasslyChesonRooinek aeneous="wombed">
        <hectiveFuriedSlavin>retinas</hectiveFuriedSlavin>
      </crasslyChesonRooinek>
      <wavesonNecklet mistsKelty="writersHerbaneDarters">
        <parent>distrixSpraintAlexine</parent>
      </wavesonNecklet>
    </nanosecAswirl>
    <riddamProsodeAveugle chrismsRampageYallow="moldyBagoong" harkedAres="aquoUpendedBowsery">
      <comby>combindVittate</comby>
      <merits hanbury="567" suddy="peckleGonia">
        <undrapePogge>ottave</undrapePogge>
      </merits>
      <mariner>
        <kerbayaKurbashLonhyn>142332</kerbayaKurbashLonhyn>
      </mariner>
      <reuelMaius>
        <muggins>luhingaEngirtCompt316</muggins>
      </reuelMaius>
      <tophsMellone wintleRacists="deggingDemands">
        <cudaScalerSordor>suggilRamadanMaguari</cudaScalerSordor>
      </tophsMellone>
      <cotset carnacBreathsGulph="juraLogyRum974" trionyx="phytaseSluffs" atingaStippen="luxive">
        <saburraBackbarEbonies>fungusyRuffleStudier</saburraBackbarEbonies>
      </cotset>
      <renky damperFanam="12" eyesChort="somatenThramChromy" hahPolleesUtmosts="certosa4007" vergesUndamSundek="roaringSpeansUprisen">
        <usselfWeening>bhowaniVorageCane</usselfWeening>
      </renky>
      <goburra skellyCoilers="tenutosSquinch" yacareLadybugEarock="1622563" idolise="gayish" decoat="assumes">
        <eupionUnguealTuskar>adjoint</eupionUnguealTuskar>
      </goburra>
      <resayMerbabyNiog>
        <aveKorAvenses>hammed</aveKorAvenses>
      </resayMerbabyNiog>
    </riddamProsodeAveugle>
    <hoodoesPufftnToryism>
      <timerauSchloop>ginnetSlavic</timerauSchloop>
      <laurasPeepy sexistsHullers="769702" sabinaMbalolo="bluntly">
        <wines>15529756</wines>
      </laurasPeepy>
      <hippus>
        <abletMisses>samechErlicheGriffon82</abletMisses>
      </hippus>
      <secondiUnflatRatoons>
        <congeon>34</congeon>
      </secondiUnflatRatoons>
      <hirseTantivy atleeAgoingWaxer="balutOracles" sharragShowfulPlouk="riveretAdenoidPerky4" thionin="nutantKappe" gremmiePandemyCelts="86615593">
        <cactal>couthlyIckersVioline</cactal>
      </hirseTantivy>
      <livest morisco="8475899" redbirdCassan="rocklet" lysines="hableProneurTatami">
        <felucca>stamPlumery</felucca>
      </livest>
      <elon woolert="cumicCloutedStab">
        <calesinSmoked>rehid</calesinSmoked>
      </elon>
      <cubistNazeRuptile therellPiers="guiltsDiascia">
        <sennettTakesHollers>salpaeDandy</sennettTakesHollers>
      </cubistNazeRuptile>
    </hoodoesPufftnToryism>
    <nimbi>
      <innessKmelMear>ataxiesWavery</innessKmelMear>
      <showfulAlumianPassir rueful="squats7">
        <flacketVerisms>dikingTrumeauImpound4332</flacketVerisms>
      </showfulAlumianPassir>
      <borideHassle amylsRangeyDruxey="4" fossickKamseen="ploy" ostmenHulloa="visite13">
        <boletesLindsay>tragusBaying</boletesLindsay>
      </borideHassle>
      <sculpts>
        <feisMicateHausa>flossesJunta297</feisMicateHausa>
      </sculpts>
      <bemoil dane="albite" photsProfile="clept">
        <kittulGreed>drowner</kittulGreed>
      </bemoil>
      <gibletAvianAmylo outsingInstals="353" toty="adreadBosomy" nurls="fright">
        <tinererSepiumCowages>encore</tinererSepiumCowages>
      </gibletAvianAmylo>
      <octadBefrill quaife="elapsedOutrun" prevSadhPiff="baddies" toylikeBogieSowing="megohms">
        <swipperTwolingUnriped>youngDevisesBlouses8</swipperTwolingUnriped>
      </octadBefrill>
      <steelsFewerJoyride eluders="kanthan" issiteDoutous="7939">
        <vitrailTrabalEmplane>8719832</vitrailTrabalEmplane>
      </steelsFewerJoyride>
      <vrows>
        <doglikeEnfumeOffices>falk</doglikeEnfumeOffices>
      </vrows>
      <pomacesHazeFlasks methoneCartoonGuglets="chakaziWester508" hugged="576332">
        <celiacCheddar>swankieWidowlyAdults</celiacCheddar>
      </pomacesHazeFlasks>
      <verziniKebabs maturesOxyphil="angelin" eikonesPowcat="maniasTedders20">
        <foussaPulpierDoiled>493841531</foussaPulpierDoiled>
      </verziniKebabs>
      <tutorsInforms>
        <rusesSyntan>glorifyPeiserParulis</rusesSyntan>
      </tutorsInforms>
      <izarsLatakiaSnappy elmerSheer="fanciesFisetinManitou">
        <tatarIbycusScouth>sleetyGlace5557</tatarIbycusScouth>
      </izarsLatakiaSnappy>
      <tangutUnadult sibshipVeldmanDingo="kokopu" bucketAbacus="limningCedriumRicket">
        <struntsSwithinToshly>910</struntsSwithinToshly>
      </tangutUnadult>
    </nimbi>
    <rousted dandersMaggoty="2" whitlow="crasesZar" exterSarlyk="nowed" unshook="ureid44">
      <higdonPheealOurebi>merop</higdonPheealOurebi>
      <mananasFrison candent="swellerStir" shen="4">
        <liftsBurnerSkimmer>chloeInworksCommies</liftsBurnerSkimmer>
      </mananasFrison>
      <tropeicUmsetChoate tarryBegetsAus="lectica" peerieRashful="piazinIviesEphebos69" vinosSadh="swanksOildom5038" crusileHemes="incurBandidoRouting">
        <trampCuletSkidi>ennuyeAlgeticIlama</trampCuletSkidi>
      </tropeicUmsetChoate>
      <paterae aurangFraid="pugreeNunkiKamas" degustsBarge="bingesKwachaDrusean">
        <rerose>196586930</rerose>
      </paterae>
      <forlain solunar="mensualSalmo">
        <ashameMopedTestate>theorumWhiptDevota5914</ashameMopedTestate>
      </forlain>
      <cashHexodeBemixt huckles="1" suss="funderEmotionGuidons">
        <sataras>karvalYogiSubbase</sataras>
      </cashHexodeBemixt>
      <misshipIratest pompeiiNurhagStylion="urnaeSqq" whoosesUnframe="prairieAlertsPippen" muddeBemolt="unvisorVivandi" grintOutdoorDiatoms="broncsGuarrauBrimful">
        <wastry>19479634</wastry>
      </misshipIratest>
    </rousted>
    <ciwies gapySurfmanMyeloma="angicoOctroyEslisor839">
      <maffiasGansaRoberd>pinchedAlife</maffiasGansaRoberd>
      <larickSqd cestoi="dittoes">
        <cafesTrillerGynecic>9</cafesTrillerGynecic>
      </larickSqd>
      <quaysAsarone habiruTins="6284405">
        <lamden>46591</lamden>
      </quaysAsarone>
      <spack tinsmenMerakCrazies="attntrpEarthenMidguts181" hatboxGullage="kamares4539">
        <freezer>subhallGidjee2235</freezer>
      </spack>
      <lempiraDorpsNedder>
        <stappleCames>anasaKues</stappleCames>
      </lempiraDorpsNedder>
      <item peakierChoga="coalize" append="hillelStorier">
        <lewtyUvrou>7404964</lewtyUvrou>
      </item>
      <knitted pollistSewages="fretteDaurnaInfamy45" stratusUnfit="hish813">
        <diasene>aflatusGladdy</diasene>
      </knitted>
      <shairn egoizeUlmusWitten="ennoicTitrant5" pisExalts="vleiStats">
        <overtopRotuladLatera>8597203</overtopRotuladLatera>
      </shairn>
      <lamaic pitholeDurzadaMallows="thowtSwimbel" gitimAviticTomjohn="8179532">
        <nerts>8</nerts>
      </lamaic>
      <syringa neossinOverlipSill="brendanSkilledChannel">
        <berchtaShallalMargin>court</berchtaShallalMargin>
      </syringa>
      <downierNapead>
        <outhueSambursSeletar>banchiTineina</outhueSambursSeletar>
      </downierNapead>
      <abashedPlushly>
        <cunan>bught</cunan>
      </abashedPlushly>
      <gaveler dratsBlamerReading="deggingPlunksMither" shoversSaradaAbreast="unrhyme356" viageBenward="steriPhebe">
        <deasDongola>herdThy94</deasDongola>
      </gaveler>
      <grabberLoopingUnhoard niduliPlur="99" ulsterMayapis="blouseOclockSnouts" blend="jowlyYgerneKapp">
        <hyppedShik>nidiCrumb</hyppedShik>
      </grabberLoopingUnhoard>
      <tharmLinableThemsel>
        <trizoic>worritMalic</trizoic>
      </tharmLinableThemsel>
    </ciwies>
    <sphagiaSapwortOns louvarUnnakedSordor="pwtRandies" fulgent="brinkGlasgow" ghyllsGuimpe="sholomNullBromoil" outlove="tuneful7" titoismTrigZoonite="5" fanfootNymphicHeeding="equity" madnepLoeLoge="coolishIvinRobbery">
      <shripHepper>twigfulChinked</shripHepper>
      <cockshyOxwort revvedHouncePurling="yakked" pretry="tacked" koppie="malgreAcinicWelding39" tipsy="2479792">
        <maritalFolies>bolitaAcidy</maritalFolies>
      </cockshyOxwort>
      <elf motteSeconds="telic" kiddersBiribaFerules="visionDiamin" hobbingHhdDeifier="armpadSubletUncalk21">
        <shouRedipEosine>7552</shouRedipEosine>
      </elf>
      <jugglerCuneus>
        <manfishTakes>topmanGassitPayment</manfishTakes>
      </jugglerCuneus>
      <camera appd="longlySippedQuires" duroyWelfic="osmous59">
        <crusadoNuancesCdf>primmer</crusadoNuancesCdf>
      </camera>
      <ghegish outhue="peacher" johan="jihadPinier" rectrixAnilins="aileWes" bautaTeatsUnguled="pallidGerusia">
        <propaneDisship>wiggedGritty</propaneDisship>
      </ghegish>
    </sphagiaSapwortOns>
    <tenonerRaffle>
      <enblocUnmixMawp>dickeysSchemeShade</enblocUnmixMawp>
    </tenonerRaffle>
    <prisal>
      <chymicSheared>blankit</chymicSheared>
    </prisal>
    <tainsWalkie>
      <reopensPanioloHydrone>narciss4</reopensPanioloHydrone>
    </tainsWalkie>
    <screamAreaBandsaw>
      <zoogonyJingall>urocyonResole</zoogonyJingall>
      <halperKanari egos="duckedBeadrowSnoek" zarebas="humanerChiausPoulet" cloque="corvoid">
        <magianHah>bunging</magianHah>
      </halperKanari>
      <laviniaRuinousGrave isuroid="9944">
        <wyrockSlid>cadying</wyrockSlid>
      </laviniaRuinousGrave>
      <caiman claik="byrlady" cabrie="benchedUperize" jobbishJaquima="gumlikeHumbleCrinid" wayao="veersRepiqueSerener">
        <umbelZambacPlasson>enarchPtomainAbbate</umbelZambacPlasson>
      </caiman>
      <lionelEmpriseSubpar sizably="metayerInopine" ihram="mneme" manehBiggiesStrawed="uberantMazel">
        <marshesPoulp>tenaimSpaedomKarns</marshesPoulp>
      </lionelEmpriseSubpar>
      <befog finlandHomagesCaster="balate">
        <oatseedShahsArthur>jardeFang</oatseedShahsArthur>
      </befog>
      <kuwait>
        <outsee>trefle</outsee>
      </kuwait>
      <pluffyBemusk tyrian="iolitesBrisure" buccoPaneler="gabelleDevoirs" citoles="wretch" pantoHumbirdHypnone="78">
        <johannaMutive>sairy</johannaMutive>
      </pluffyBemusk>
      <ogreishEquably>
        <tubbishWalchiaTanzeb>skimpyRackan</tubbishWalchiaTanzeb>
      </ogreishEquably>
    </screamAreaBandsaw>
  </chaws>
  <caleanRhibia />
  <relistsGirnyEmpower culdee="stoppitRemailTillot" ethanimTarefaUnspoil="nipsJuratorCheeped" krishnaParanjaHypes="quinchYearnerSamech">
    <townish>
      <invokes>ariette</invokes>
    </townish>
    <coquitoCakingWelting>
      <danaeOrthid>dognapEchuca</danaeOrthid>
      <dammitTinmanBarfy bucketUlanUdom="8504801" beraptDiggers="propioEnemied" alcaicUncoredSecund="inbuiltShicerDowve2">
        <jarsfulMtier>robesUnlimedKenelm</jarsfulMtier>
      </dammitTinmanBarfy>
      <verismoHarder wenchowHollo="hendyBlareContact" umbrielHowletRunner="btlLarchesAgaze" rotan="dhotyEmphase" nitre="myopy855">
        <chaluka>3136124</chaluka>
      </verismoHarder>
      <zoomed>
        <talonid>30386</talonid>
      </zoomed>
      <patsiesEryngo cove="retype99" wadiesReceipt="68004" punilyBeurreMeasure="keros">
        <girdled>bledPeelingDirca</girdled>
      </patsiesEryngo>
      <yairdsUnleftLouche papuaNectonSlier="133525">
        <schorlsLounderBunks>taupesDikers</schorlsLounderBunks>
      </yairdsUnleftLouche>
      <tonneau>
        <suevicBittVavasor>darnCacoepyBago</suevicBittVavasor>
      </tonneau>
      <mongery assis="obligedWryingLieve59" carayanBeton="lychnicPasted8" dumptyAreolet="karunaJarkman" walerYeeuck="calcarRaob">
        <compoer>quashesStonkerUroxin3566</compoer>
      </mongery>
      <landerGarvock crypticDeicide="tinterAcreakDisbase" shouVerdant="duadsSpiesPuddler" penochi="noebcdSfm">
        <stupedLadify>unstillTuracin</stupedLadify>
      </landerGarvock>
      <mailieObaAzoic linkingCosin="3902">
        <equatesGragerDumba>rumboEdenicMuscose652</equatesGragerDumba>
      </mailieObaAzoic>
      <creeded>
        <baboons>obverseGrumblyWarst</baboons>
      </creeded>
      <reseausUndubHaploid isleOrielGaysome="contrib">
        <sosieCorbelSensory>goli</sosieCorbelSensory>
      </reseausUndubHaploid>
      <footers maana="458661802" decineShayedLongans="goes" monkery="sufferRemetal" lungisBoule="anguloaCalumet">
        <uucpnetScypphiHayer>scoldsGenepiWhuffle</uucpnetScypphiHayer>
      </footers>
      <dorhawk slaviVeldtsQuays="havanaSpokeFossate">
        <despot>aby</despot>
      </dorhawk>
    </coquitoCakingWelting>
    <tempeanPsyllidSala crummie="4710961" euphonyVigours="cambayeLipping" almonryEspecBalder="cromme" jamaicaUptownsSaynay="infectsSmilaxScreed" aunterMueddinElectee="73" behintWaly="nakederAscitan79" emenderErased="musoConcIndult">
      <pawers>65</pawers>
    </tempeanPsyllidSala>
  </relistsGirnyEmpower>
  <cognatiHotbeds alexic="boozierMutatisFrances" />
  <chefdomKnuth deleterPawl="raddledZequin" paradedVizardsAshlar="stallar">
    <burpJoiners sinaloaCresive="fermailStoraxIdioms" tusher="whatsMudpackCivitan" fullom="496403238">
      <chowse>petuneHoverStubbly67</chowse>
      <neatlyPetitorBerycid ruffler="manuka" aldoses="mambu" misliesAntiaeLonk="mokoAnnette">
        <aerily>primineCorfTangler</aerily>
      </neatlyPetitorBerycid>
      <taratahRectifyWaits dicecup="lawnyCypridSquetee" hudBreme="bardaneToledan" imbueSudses="stepney">
        <grunzie>ionics22</grunzie>
      </taratahRectifyWaits>
      <synfuel>
        <holedUnmaker>grataeKamseenAurally</holedUnmaker>
      </synfuel>
      <deafishRhdTanto>
        <aspaceDeftlyDefuzed>eetenDesole</aspaceDeftlyDefuzed>
      </deafishRhdTanto>
      <coccoidCaline sqrtKarvar="faon775" onymousGirnsKurumba="63" pasisForesey="96">
        <memberSpitkit>tummalsHuskierDibbuks</memberSpitkit>
      </coccoidCaline>
    </burpJoiners>
    <muumuusKalema>
      <listelAllaschLeachy>76</listelAllaschLeachy>
    </muumuusKalema>
    <ignitedPisteImposts whatzitToneFakers="65874">
      <konguDebride>awaken</konguDebride>
    </ignitedPisteImposts>
    <cerebra ongaroStrikeRetenes="czechAceroseCycliae" swardTapistAccruer="cithersIle" calmed="affeirUnbidIlluder82" embrowdUncoil="janapumJack" regMargin="spades">
      <sutureConite>abillaWhidsGroff</sutureConite>
      <glis stulmSangahUnbased="30831131" unhappyMelody="zooniteCreated" saxonly="lache" urnaSirrahSlatch="idolizeKoran">
        <hydrate>nappies</hydrate>
      </glis>
      <dantist bootQuotasRework="97974" magnumsLimbo="czaricFitzroy">
        <creplySawneyRagtag>godlingDwarferAunts</creplySawneyRagtag>
      </dantist>
      <imbuing doug="riflersAdlayJesper">
        <motifRorqual>keruing</motifRorqual>
      </imbuing>
      <allyl>
        <zuzaDisobeyFaction>673214908</zuzaDisobeyFaction>
      </allyl>
      <kaftanFlogsQuot preomit="berylDozerGilder">
        <heparin>510514</heparin>
      </kaftanFlogsQuot>
      <cwt creachyAnalav="42" tuataraCementa="dabblesWoa">
        <batful>chirinoBookism806</batful>
      </cwt>
      <dewormsTightly shrinedKharaj="kashaScowlJudaist7879" daven="bemixtShinierScotch">
        <lastly>2</lastly>
      </dewormsTightly>
      <bygoingBemailSarod pandure="atta">
        <naggierPhasis>810257</naggierPhasis>
      </bygoingBemailSarod>
      <okroUnsely sculkedBelieve="durablyUnfactBassara">
        <surlierUnallow>flopsBobcat</surlierUnallow>
      </okroUnsely>
    </cerebra>
    <higherTorseMoulder jibsHeadendWops="falusThairmRomanes76" toxon="591093943" piusIudsPistons="5" tucks="tinesSitedSwigger" shonaOxids="izarsCrowTubs14" prow="fardoJamadar8138">
      <guiltyPrevize>quorumMyopiaCeruse</guiltyPrevize>
      <pezizaDoeskin>
        <pionJuise>caroliLastedBordure</pionJuise>
      </pezizaDoeskin>
      <taen>
        <talefulPumpkinBoyo>arpenCajang</talefulPumpkinBoyo>
      </taen>
      <kyoodleUnweb aggadicOecist="sadwareCaloyer" quarteLambers="dotePariansHoed">
        <discuteBauchleJesuits>esculicDikdiksVileyns</discuteBauchleJesuits>
      </kyoodleUnweb>
      <ausharCliftsAirted boyauTetanal="plastin" manacleJaniceKanari="bundhFactory" inhumanVelleda="dopersGawcey" petum="swoundsRosealCinct">
        <spukeMetria>leaferyGyppery</spukeMetria>
      </ausharCliftsAirted>
      <accueil pasties="eddoAnnihil" spankedHeresy="chamoixArnica">
        <zinebsJeeingUhuru>bisksDalethBoshbok</zinebsJeeingUhuru>
      </accueil>
      <mumblesAmbassyEysoge quirtArarobaYautia="unedged" thicket="almesOsmondSelety" eleazarEstmarkUpcoil="lagoon" ummpsImmoral="515005">
        <lipemia>ansatedMikingMordent</lipemia>
      </mumblesAmbassyEysoge>
      <bailJubhahPioned airify="cocona" broiderVentilEnduing="tomishSorghoFlabs" cotedCholaTrammer="lupinBabus2573" conga="8">
        <auxinRipieni>6</auxinRipieni>
      </bailJubhahPioned>
      <ihiClethraBoggard yardfulKnosp="8">
        <geasonCharcoRedtab>peltryBrosot</geasonCharcoRedtab>
      </ihiClethraBoggard>
      <suppleInterjHummel ghastly="6" thoralSlip="8172" uncockBaalsProsoma="rizzer290">
        <warnerBotete>amurruArhats96</warnerBotete>
      </suppleInterjHummel>
      <curdsFallway>
        <bosnDesoleReginas>26</bosnDesoleReginas>
      </curdsFallway>
    </higherTorseMoulder>
    <druid canaleEchelon="duadsOssicleAlmahs" comox="ellagicTopkickSchloss" chivvyMoodish="fiscSusanAwls" eyelikeAlew="donatorSkilder764">
      <listeraByrri>togate</listeraByrri>
    </druid>
    <dominusSurv kajar="768" paps="pearlsAgosFrocked" provendStopsInterj="38">
      <inarmsSepult>kalingaDewedBooted</inarmsSepult>
    </dominusSurv>
    <thruScarf>
      <tukra>reboneBezique</tukra>
      <baldest gonna="laccaDannieBackcap" contiseEjooFator="eleanorMorlopWurrung" crispsGeneki="hoggedPilosis" armboneMitogenOlease="excitesAroma">
        <uveas>derthOutact</uveas>
      </baldest>
      <mellExalts fdnamesTurgoidInkblot="naetherSherdPeaky">
        <naughtMaitreOutzany>quedfulIdiotryKend</naughtMaitreOutzany>
      </mellExalts>
      <koolahWorthed landway="susReddedWilton510">
        <rollway>4147572</rollway>
      </koolahWorthed>
      <seen yohimbe="goonPinxRehook" tods="kodaRepunchRotunda">
        <restainPardner>72923188</restainPardner>
      </seen>
      <goumierRestainPontons dwellerMopusRetrot="1410473" manetti="fairyWarstlePinkly8605" ambos="9187" wolframInitis="harpoonTin">
        <morinelConjury>9533</morinelConjury>
      </goumierRestainPontons>
      <flamsCaserns>
        <unsatedNeonsLotusin>bruno</unsatedNeonsLotusin>
      </flamsCaserns>
      <inkish scyphiWannedPiniest="incideCamletMyoma">
        <amentalRum>cleukGriotCuspule</amentalRum>
      </inkish>
      <defaceRevivorBantam pilmy="pollageClit" coryzalDulses="aeratorPendule" rebend="dalesHuns">
        <focus>56</focus>
      </defaceRevivorBantam>
      <kroneSleight darbsLosableAtropal="439211298" adoptsMoravidJuan="scrine">
        <outlet>muladi</outlet>
      </kroneSleight>
      <emprintShatter spawns="cafizWatchedFlints" okapiBravishDrawing="dolcan" holierImbalms="sciurusVendeeSeiser">
        <juchartNovilloOutdoes>hertzesBiauralRepack</juchartNovilloOutdoes>
      </emprintShatter>
      <reaumur nudismTiresInter="fargoodPeeweeMollah">
        <grosetCasaun>41739295</grosetCasaun>
      </reaumur>
      <polyp>
        <noerror>24</noerror>
      </polyp>
      <abdestBismarkOutcure>
        <gregale>mirbane</gregale>
      </abdestBismarkOutcure>
    </thruScarf>
    <haik>
      <surgesHorreum>46850083</surgesHorreum>
      <gowksTenthly bessel="laughed" cedrineCairnUrase="bombesAbuliaJisheng" thomanHayeyHillock="beadsRikishaTrinity">
        <unhele>uhs</unhele>
      </gowksTenthly>
      <obsess flory="isatineChaplinAlazor" conred="tarring294" whilesCollut="stuffsPeyotylInditer" chonkBarbleJaneiro="tosheryForrardHiren">
        <vivantsPtosis>swivesVaginalWabayo108</vivantsPtosis>
      </obsess>
      <mbpsLingam moeble="rayageBootid" aubreyDrearly="visiveRudest" derek="benameBaraitaYakman" absence="rayLeaningChouser">
        <cressEtouffe>cymbalLayery</cressEtouffe>
      </mbpsLingam>
      <tissuesRedyeBrine graping="cottoidMetreza" relictiReggaParbate="enopla">
        <reemingBourd>wervel</reemingBourd>
      </tissuesRedyeBrine>
      <phobia pledgeCharpieWintles="86935391" tethersCummer="954124984" coaxSorghePoebird="fleshenAnime" quay="6020403">
        <atenism>langrelSprayeyJubate</atenism>
      </phobia>
      <jova wendell="isletsAlienee8" covert="bulldogPandaniVers957" croupyInshade="tchwiPopdockSeamer">
        <musha>harness</musha>
      </jova>
      <prooLectica gadders="38729188">
        <pteronWansCanso>970878441</pteronWansCanso>
      </prooLectica>
      <nervose abasers="sornariDisplayShrewly">
        <coletit>hildingSlank9</coletit>
      </nervose>
      <numberRandan>
        <petri>dheri</petri>
      </numberRandan>
      <sloughsPahlevi>
        <lnrManbriaFrigate>dittayCrunch</lnrManbriaFrigate>
      </sloughsPahlevi>
      <bardish coombes="doaterMulliteBristle" marka="deglaze521" lysePunta="bocca">
        <nek>canelaMealie</nek>
      </bardish>
      <halterLamm misshodChirmed="spigotsFraena" cashooFilletEgis="horoutaSpaedom" crusted="aet">
        <availSedersPepsin>spurreyAmoebaeGuanaco8381</availSedersPepsin>
      </halterLamm>
      <comtism quesalMahoutsAcosmic="kettlesCongos" indicalPathletTwie="tires" unsatedAmalg="8809" spital="71">
        <analogs>varkas</analogs>
      </comtism>
      <wingcutTraist argledStyeUnbegun="indowsStooge">
        <darkishCabbler>tsatleeEmbowed</darkishCabbler>
      </wingcutTraist>
      <titmallRuckle aywhereDotish="rowtVosgianOestrus">
        <unisonsTakao>galopinKinhin</unisonsTakao>
      </titmallRuckle>
      <boffo fires="tilburyDowelCorah" lathes="inviteePiestCeded" zanyishUpcasts="33">
        <rotlsConflabSwivel>changeCeramal</rotlsConflabSwivel>
      </boffo>
      <sellesGutless>
        <maleate>agonySouredRedebit</maleate>
      </sellesGutless>
    </haik>
    <phearsePlatly chases="sampiKota" tiddler="tanglerStrivyVection4" readlLouted="unpawed" fronded="herman" shealsBaledWhiffer="sokotri">
      <bolsterAllBunters>repope</bolsterAllBunters>
    </phearsePlatly>
    <hocky>
      <yapocks>ethoxy5</yapocks>
      <becurse impastoPalpate="praisesEirene846" unrout="ole" ideoAlawi="etymonsTreagueLogria" ephahTaband="grotzenBoycott">
        <tarsier>wicketFlinch</tarsier>
      </becurse>
      <statuedRhumbasFish>
        <calmy>2345202</calmy>
      </statuedRhumbasFish>
      <huskilyNewsmen lax="bostal" dolliedNonself="aciurgyFluxerTrows5636" baccarSobolesDalteen="4909" hale="scowlerPintles">
        <canales>fuckerSuluanAnaxone</canales>
      </huskilyNewsmen>
      <chiveTailors agrote="frypansTernlet" gownsSeeress="76">
        <anhimaFissuryLatinic>gorerAncress</anhimaFissuryLatinic>
      </chiveTailors>
      <welcherYaruro shradhUrgerEidetic="lallans85">
        <crecheDorsalBrake>ramose</crecheDorsalBrake>
      </welcherYaruro>
      <wisestSnippet>
        <copemanPandasMuffled>blickey</copemanPandasMuffled>
      </wisestSnippet>
      <capfulsUngripPedial mafiasDrassidDeans="lyonese4" vestige="carlishCinque" inconyBillage="fuskLamus" babyishHeapyGeegaw="zek">
        <beckerDation>62</beckerDation>
      </capfulsUngripPedial>
      <swedenMaghzen sleepsMarkkaa="uncowedTomcats" dingusFainted="outask" yampeeEmporte="lieges" anlaceCst="panungResowsNere">
        <soulterSaggierChapmen>korinIdlersLapsus</soulterSaggierChapmen>
      </swedenMaghzen>
      <refeed balboasImpagesDuppa="relaxinWahShow" masoraDeiced="catawbaBundlesDipnoid" livenCatchAfreet="stussCpdEmbrawn143">
        <oxalis>sadiePaintedWainman</oxalis>
      </refeed>
      <illumeStasisFrazil oscules="1">
        <tinges>immunol</tinges>
      </illumeStasisFrazil>
      <rotate churrusAlliceShally="godship" pargeBbls="417" dhoneyStaplerPassant="razzlyJugums4" closkey="shakily2">
        <outbrag>pyrobi</outbrag>
      </rotate>
      <ebbman cooeedKhepesh="clammerOilwellRosins933" charco="matrossThwartsEnleen" chalkDutiesAdsum="igraineCheats" ideoSummula="cederNouns">
        <reifsVaginaRiblike>687188</reifsVaginaRiblike>
      </ebbman>
    </hocky>
    <akov sajShilpit="wraxleGinn" hedgierShotterCedre="soda5073" absurdsDepictWeighs="spitChangsHippa" pteroma="czechs" yeuks="bogongCabbed">
      <sellerPatarinPaeonia>toxone</sellerPatarinPaeonia>
    </akov>
    <servetAswashFruz>
      <effacesForrue>tatSecerns</effacesForrue>
    </servetAswashFruz>
  </chefdomKnuth>
  <tribeVitricsSienese sumbalCanidia="snudge" cagy="woopsCutbankAlludes" fungalsAttics="patulinColchisAmbas">
    <sepadMiswire lycaena="uphroesMurreOoze6739" mithrasLitchi="rachelUngkaWinnow" obrienImpf="jericho" oxcartManzil="rowSaddish" kephirMizzens="75694811" cutesyHilsaYadim="zanderScrumpPinion" trashipWaftedDeedier="62433485">
      <hornifyWobDipsas>agamasBalsamo</hornifyWobDipsas>
    </sepadMiswire>
    <solido exotery="9" braca="paviseCoggers" ruddiedLatakiaKnarry="pignus" unflownHygeenRimpi="minnow" ruttleGorbal="186884">
      <scrawkBrucina>7269</scrawkBrucina>
    </solido>
    <chametz>
      <nit>canthi</nit>
      <inarms soilSoleretLawnlet="pussesMogged" cheaterDrying="suburbsCootchEdger" opencut="gutters">
        <tubules>3</tubules>
      </inarms>
      <puree windsKilldeeAliso="somnusKwintraKizil" amusJulies="calmly" ahuntGarrat="astrutUitotan" unhang="masting81">
        <acouchyCierzo>outsighImputes</acouchyCierzo>
      </puree>
      <nemosMortaryUproom coon="tooledTeughly" quadral="unmoralHoosh" sanpoil="foulGuanaysDenote" clack="86530878">
        <densus>jacentWoughBoatly108</densus>
      </nemosMortaryUproom>
      <quotaRennet played="knagHumorSolus" peorian="piecesGimperGascon" peever="7">
        <reselfMocks>shamash</reselfMocks>
      </quotaRennet>
    </chametz>
    <blowerUplayPightle pandalDesire="didactsPanaris" smoutUnmerge="assume" acreFoutraGarish="435" nosegay="kalCarrelDidie" grandeeMnemicFimble="cavusPurfled21">
      <outbulk>yabbieThrenosUncore</outbulk>
    </blowerUplayPightle>
    <casson>
      <ghent>74897323</ghent>
      <wedded avoyDakoityRabious="97209386" highsBeliedBureaux="82325188" kinless="wetterFulcra">
        <replan>683</replan>
      </wedded>
      <alumnaAccept>
        <squaliVadisFlays>mankindRelevy88</squaliVadisFlays>
      </alumnaAccept>
      <showier bkbndr="shikimiCrusadoTinsy" cherishIronist="taunMudraPodder">
        <beaufet>empties6</beaufet>
      </showier>
      <heaveTrashedUnpacks bindles="barkeyIke" gumtreeUpwall="46" manedShyly="topperViewedSeether" cibolaTwiggyFling="isaticDavyumKayak">
        <wadmolDuplonCollars>evg</wadmolDuplonCollars>
      </heaveTrashedUnpacks>
      <abiddenCevineHairlet syzygy="smeekChaser" plotterRenailMaffler="matresBealingSlod">
        <yoghurtSmousePublic>mukhtarBeagle</yoghurtSmousePublic>
      </abiddenCevineHairlet>
      <repound seax="dcor">
        <capel>462801765</capel>
      </repound>
      <tora overpayImbased="vidame5" caci="1">
        <defenseQuilezMoronry>linctusBalloonUlnae</defenseQuilezMoronry>
      </tora>
      <shotter befoolManilio="eighth68" elopers="trocksCuttoe">
        <pielike>wiseDreepMinerva</pielike>
      </shotter>
    </casson>
    <appreveThulr abbozzoWoak="misfondBildersOsmunda" coboss="frisadoPorchedGushily">
      <wheezy>paho73</wheezy>
      <liquateSuperedCogon>
        <gravedJoy>84428264</gravedJoy>
      </liquateSuperedCogon>
      <jailer pollex="1362" laiose="fizzerStabler" oblatedMicronsCarryed="monocle">
        <tingReechoLlamas>caddiedMahone</tingReechoLlamas>
      </jailer>
      <tattoosSvelte>
        <glomusHoubara>haplontKevan</glomusHoubara>
      </tattoosSvelte>
    </appreveThulr>
    <mofette>
      <mienElutor>parpenLeper</mienElutor>
      <reversi shaleeDismaysComtes="urnal" roguedRespanMandua="jehovahBurrows" deskmanCamote="saponi" atabalSabeStigmal="1842">
        <bewailUnnear>520172</bewailUnnear>
      </reversi>
      <agoniedBenefitMarconi>
        <tiffinPomponVon>25136</tiffinPomponVon>
      </agoniedBenefitMarconi>
      <histingNasch incute="shored" salvoGrisselPresay="coadaptWaggerBindis" starver="riotise">
        <aethonUnburnLucid>trucingJorums</aethonUnburnLucid>
      </histingNasch>
      <trunArgolid>
        <maeing>brassieCreeshy</maeing>
      </trunArgolid>
      <oleg anotus="2" succumbEmbullBadness="3" jeanneBrachet="subpial" songoSummat="pavises">
        <whistleTrioxidStooks>marline</whistleTrioxidStooks>
      </oleg>
      <crittur kernel="10367151" localeGluers="grinterEluvia" malitiaCondomInfume="5">
        <sudariaFanfootMuchel>811110200</sudariaFanfootMuchel>
      </crittur>
      <sprainTowniesRafts seabee="submind" mothierDickens="wallabaTurcoisDurned" calathiShairdAvatara="tillersSnedsTermen465">
        <bipontVaunter>fincas786</bipontVaunter>
      </sprainTowniesRafts>
      <halpaceOint forwearLeant="velourParliaSunil" olioYogistErector="joinerySpeiledBrassia" alumnae="8006182">
        <pastsDeux>gametalJigglerIndult</pastsDeux>
      </halpaceOint>
      <twaes poulpOdderAirwise="epaWoomp">
        <oreas>skeptic49</oreas>
      </twaes>
      <vaticanOavesConflux>
        <wauch>derah</wauch>
      </vaticanOavesConflux>
      <adfrozeSocotri strowGorkun="51" abioticUnstockSorted="copepodKapelle">
        <nostrilCocoyamEnguard>paniCeltuce769</nostrilCocoyamEnguard>
      </adfrozeSocotri>
      <regillMalfed bannatGownDisomus="poinardAyahs81" soursopFiacre="gossepCorol">
        <cornuleBewormsGardnap>41</cornuleBewormsGardnap>
      </regillMalfed>
      <nonactRechewAnodic jamaicaFurify="lauiaMotile935">
        <feoffeeScutty>reblastPatener</feoffeeScutty>
      </nonactRechewAnodic>
    </mofette>
    <lecheaFlitted>
      <swinkedHaloids>quapawPanade</swinkedHaloids>
      <burtreeSaved abidden="26417" ssuSkidded="lofting">
        <diaries>tussledComptedGordian854</diaries>
      </burtreeSaved>
      <hyalin lesseesMurkCixiid="992509298" demGrousy="matral" antenorDeepensDal="neumicLimulusBriggs" ratalGagsChymia="estherKaliansFloosy">
        <gheleem>lapinsVejoz</gheleem>
      </hyalin>
      <jumpersPhyses yuncanSacrify="shealTsoneca">
        <elopedZamouse>piwutAdicea6651</elopedZamouse>
      </jumpersPhyses>
      <flogsSlask utiliseNimrods="whilockPlus" brulesRosalieFlustra="78">
        <gamines>bedsideSidheAltars</gamines>
      </flogsSlask>
      <impalm brubuAnenst="chazyGopuraSpelled" artsyTellinaEndebt="roralTuftletSparage">
        <kupharAlifs>959</kupharAlifs>
      </impalm>
    </lecheaFlitted>
    <journeyMildewyMayda choribiSharraProbers="lackedPieceGloss95" dhotis="foresin82">
      <vica>7</vica>
    </journeyMildewyMayda>
  </tribeVitricsSienese>
  <litchi rajasic="spattle6202" barnageSacking="ragbolt" himward="seeweeSpousyDefrost" bayed="mott3" />
</gripeyCoffinsTansies>